entry_time,exit_time,pnl_usd,position,n_bars,won,session,dow,hour
2024-01-20 03:00:00+00:00,2024-01-20 03:45:00+00:00,-2.6400146484375,1,4,False,Asia    (00-07),Saturday,3
2024-01-20 04:00:00+00:00,2024-01-20 04:15:00+00:00,-2.540048828125,-1,2,False,Asia    (00-07),Saturday,4
2024-01-20 04:30:00+00:00,2024-01-20 08:00:00+00:00,-4.365,1,15,False,Asia    (00-07),Saturday,4
2024-01-20 08:15:00+00:00,2024-01-20 17:15:00+00:00,5.4000146484375,-1,37,True,London  (07-12),Saturday,8
2024-01-20 17:30:00+00:00,2024-01-20 18:15:00+00:00,-4.3299658203125,1,4,False,NY      (16-22),Saturday,17
2024-01-20 18:30:00+00:00,2024-01-20 19:30:00+00:00,-3.8700048828125,-1,5,False,NY      (16-22),Saturday,18
2024-01-20 19:45:00+00:00,2024-01-21 11:15:00+00:00,6.36498046875,1,63,True,NY      (16-22),Saturday,19
2024-01-21 11:30:00+00:00,2024-01-21 16:15:00+00:00,3.1050927734375,-1,20,True,London  (07-12),Sunday,11
2024-01-21 16:30:00+00:00,2024-01-21 18:15:00+00:00,2.5650537109375,1,8,True,NY      (16-22),Sunday,16
2024-01-21 18:30:00+00:00,2024-01-21 19:00:00+00:00,0.030019531249999787,-1,3,True,NY      (16-22),Sunday,18
2024-01-21 19:15:00+00:00,2024-01-21 20:00:00+00:00,-1.5649511718750002,1,4,False,NY      (16-22),Sunday,19
2024-01-21 20:15:00+00:00,2024-01-22 05:15:00+00:00,23.160024414062498,-1,37,True,NY      (16-22),Sunday,20
2024-01-22 05:30:00+00:00,2024-01-22 06:45:00+00:00,1.0899560546874998,1,6,True,Asia    (00-07),Monday,5
2024-01-22 07:00:00+00:00,2024-01-22 07:30:00+00:00,0.5899560546874998,-1,3,True,London  (07-12),Monday,7
2024-01-22 07:45:00+00:00,2024-01-22 08:00:00+00:00,-7.30005859375,1,2,False,London  (07-12),Monday,7
2024-01-22 08:15:00+00:00,2024-01-22 12:00:00+00:00,18.399892578124998,-1,16,True,London  (07-12),Monday,8
2024-01-22 12:15:00+00:00,2024-01-22 13:45:00+00:00,5.1299951171875,1,7,True,Overlap (12-16),Monday,12
2024-01-22 14:00:00+00:00,2024-01-22 15:15:00+00:00,11.935048828125,-1,6,True,Overlap (12-16),Monday,14
2024-01-22 15:30:00+00:00,2024-01-22 17:00:00+00:00,4.709951171875,1,7,True,Overlap (12-16),Monday,15
2024-01-22 17:15:00+00:00,2024-01-22 22:30:00+00:00,28.849965820312498,-1,22,True,NY      (16-22),Monday,17
2024-01-22 22:45:00+00:00,2024-01-22 23:15:00+00:00,0.7000634765624998,1,3,True,Off     (22-00),Monday,22
2024-01-22 23:30:00+00:00,2024-01-22 23:45:00+00:00,-1.0399267578125002,-1,2,False,Off     (22-00),Monday,23
2024-01-23 00:00:00+00:00,2024-01-23 08:00:00+00:00,-3.284921875,1,33,False,Asia    (00-07),Tuesday,0
2024-01-23 08:15:00+00:00,2024-01-23 09:15:00+00:00,37.7549951171875,-1,5,True,London  (07-12),Tuesday,8
2024-01-23 09:30:00+00:00,2024-01-23 16:15:00+00:00,-15.760019531250002,1,28,False,London  (07-12),Tuesday,9
2024-01-23 16:30:00+00:00,2024-01-23 20:00:00+00:00,1.1299951171874998,-1,15,True,NY      (16-22),Tuesday,16
2024-01-23 20:15:00+00:00,2024-01-24 02:00:00+00:00,11.6749169921875,1,24,True,NY      (16-22),Tuesday,20
2024-01-24 02:15:00+00:00,2024-01-24 03:45:00+00:00,4.1199853515625,-1,7,True,Asia    (00-07),Wednesday,2
2024-01-24 04:00:00+00:00,2024-01-24 18:15:00+00:00,-0.3099462890625002,1,58,False,Asia    (00-07),Wednesday,4
2024-01-24 18:30:00+00:00,2024-01-25 04:45:00+00:00,-0.2749121093750002,-1,42,False,NY      (16-22),Wednesday,18
2024-01-25 05:00:00+00:00,2024-01-25 12:00:00+00:00,3.9200341796875,1,29,True,Asia    (00-07),Thursday,5
2024-01-25 12:15:00+00:00,2024-01-25 14:30:00+00:00,7.51,-1,10,True,Overlap (12-16),Thursday,12
2024-01-25 14:45:00+00:00,2024-01-25 15:00:00+00:00,-1.9049169921875002,1,2,False,Overlap (12-16),Thursday,14
2024-01-25 15:15:00+00:00,2024-01-25 15:45:00+00:00,7.19505859375,-1,3,True,Overlap (12-16),Thursday,15
2024-01-25 16:00:00+00:00,2024-01-26 04:00:00+00:00,15.3449609375,1,49,True,NY      (16-22),Thursday,16
2024-01-26 04:15:00+00:00,2024-01-26 06:45:00+00:00,2.7249658203125,-1,11,True,Asia    (00-07),Friday,4
2024-01-26 07:00:00+00:00,2024-01-27 00:30:00+00:00,29.270009765624998,1,71,True,London  (07-12),Friday,7
2024-01-27 00:45:00+00:00,2024-01-27 01:00:00+00:00,-1.1450292968750002,-1,2,False,Asia    (00-07),Saturday,0
2024-01-27 01:15:00+00:00,2024-01-27 01:30:00+00:00,-2.125009765625,1,2,False,Asia    (00-07),Saturday,1
2024-01-27 01:45:00+00:00,2024-01-27 02:15:00+00:00,-0.6749365234375002,-1,3,False,Asia    (00-07),Saturday,1
2024-01-27 02:30:00+00:00,2024-01-27 07:15:00+00:00,-9.34498046875,1,20,False,Asia    (00-07),Saturday,2
2024-01-27 07:30:00+00:00,2024-01-27 09:00:00+00:00,-3.165048828125,-1,7,False,London  (07-12),Saturday,7
2024-01-27 09:15:00+00:00,2024-01-27 15:15:00+00:00,4.5999658203125,1,25,True,London  (07-12),Saturday,9
2024-01-27 15:30:00+00:00,2024-01-27 16:45:00+00:00,1.9649560546874998,-1,6,True,Overlap (12-16),Saturday,15
2024-01-27 17:00:00+00:00,2024-01-27 20:00:00+00:00,1.3199365234374998,1,13,True,NY      (16-22),Saturday,17
2024-01-27 20:15:00+00:00,2024-01-28 01:00:00+00:00,-3.790048828125,-1,20,False,NY      (16-22),Saturday,20
2024-01-28 01:15:00+00:00,2024-01-28 05:45:00+00:00,5.7650048828125,1,19,True,Asia    (00-07),Sunday,1
2024-01-28 06:00:00+00:00,2024-01-28 06:30:00+00:00,0.5450341796874998,-1,3,True,Asia    (00-07),Sunday,6
2024-01-28 06:45:00+00:00,2024-01-28 06:45:00+00:00,-1.0150244140625002,1,1,False,Asia    (00-07),Sunday,6
2024-01-28 07:00:00+00:00,2024-01-28 07:45:00+00:00,-0.10499023437500021,-1,4,False,London  (07-12),Sunday,7
2024-01-28 08:00:00+00:00,2024-01-28 10:30:00+00:00,3.76,1,11,True,London  (07-12),Sunday,8
2024-01-28 10:45:00+00:00,2024-01-28 14:45:00+00:00,11.2899072265625,-1,17,True,London  (07-12),Sunday,10
2024-01-28 15:00:00+00:00,2024-01-28 17:00:00+00:00,-2.38501953125,1,9,False,Overlap (12-16),Sunday,15
2024-01-28 17:15:00+00:00,2024-01-28 20:45:00+00:00,0.6249902343749998,-1,15,True,NY      (16-22),Sunday,17
2024-01-28 21:00:00+00:00,2024-01-29 04:00:00+00:00,2.635,1,29,True,NY      (16-22),Sunday,21
2024-01-29 04:15:00+00:00,2024-01-29 06:30:00+00:00,0.5550439453124998,-1,10,True,Asia    (00-07),Monday,4
2024-01-29 06:45:00+00:00,2024-01-29 07:15:00+00:00,-0.6750585937500002,1,3,False,Asia    (00-07),Monday,6
2024-01-29 07:30:00+00:00,2024-01-29 08:00:00+00:00,4.1849267578125,-1,3,True,London  (07-12),Monday,7
2024-01-29 08:15:00+00:00,2024-01-29 11:00:00+00:00,6.9300439453125,1,12,True,London  (07-12),Monday,8
2024-01-29 11:15:00+00:00,2024-01-29 12:00:00+00:00,1.8150537109374998,-1,4,True,London  (07-12),Monday,11
2024-01-29 12:15:00+00:00,2024-01-29 21:15:00+00:00,18.874990234374998,1,37,True,Overlap (12-16),Monday,12
2024-01-29 21:30:00+00:00,2024-01-29 21:30:00+00:00,-1.0550634765625002,-1,1,False,NY      (16-22),Monday,21
2024-01-29 21:45:00+00:00,2024-01-30 02:30:00+00:00,7.3299462890625,1,20,True,NY      (16-22),Monday,21
2024-01-30 02:45:00+00:00,2024-01-30 03:45:00+00:00,4.8150537109375,-1,5,True,Asia    (00-07),Tuesday,2
2024-01-30 04:00:00+00:00,2024-01-30 04:00:00+00:00,-1.8848974609375002,1,1,False,Asia    (00-07),Tuesday,4
2024-01-30 04:15:00+00:00,2024-01-30 04:15:00+00:00,-1.0349218750000002,-1,1,False,Asia    (00-07),Tuesday,4
2024-01-30 04:30:00+00:00,2024-01-30 05:00:00+00:00,-1.8049414062500002,1,3,False,Asia    (00-07),Tuesday,4
2024-01-30 05:15:00+00:00,2024-01-30 06:30:00+00:00,1.5800683593749998,-1,6,True,Asia    (00-07),Tuesday,5
2024-01-30 06:45:00+00:00,2024-01-30 20:15:00+00:00,36.6700341796875,1,55,True,Asia    (00-07),Tuesday,6
2024-01-30 20:30:00+00:00,2024-01-31 02:15:00+00:00,19.915029296874998,-1,24,True,NY      (16-22),Tuesday,20
2024-01-31 02:30:00+00:00,2024-01-31 08:00:00+00:00,-2.7049658203125,1,23,False,Asia    (00-07),Wednesday,2
2024-01-31 08:15:00+00:00,2024-01-31 11:15:00+00:00,19.655019531249998,-1,13,True,London  (07-12),Wednesday,8
2024-01-31 11:30:00+00:00,2024-01-31 17:00:00+00:00,21.224965820312498,1,23,True,London  (07-12),Wednesday,11
2024-01-31 17:15:00+00:00,2024-02-01 03:45:00+00:00,38.479970703125,-1,43,True,NY      (16-22),Wednesday,17
2024-02-01 04:00:00+00:00,2024-02-01 11:00:00+00:00,3.7000634765625,1,29,True,Asia    (00-07),Thursday,4
2024-02-01 11:15:00+00:00,2024-02-01 12:30:00+00:00,-4.169931640625,-1,6,False,London  (07-12),Thursday,11
2024-02-01 12:45:00+00:00,2024-02-01 22:00:00+00:00,12.76,1,38,True,Overlap (12-16),Thursday,12
2024-02-01 22:15:00+00:00,2024-02-02 04:00:00+00:00,-1.3900244140625002,-1,24,False,Off     (22-00),Thursday,22
2024-02-02 04:15:00+00:00,2024-02-02 13:00:00+00:00,3.57005859375,1,36,True,Asia    (00-07),Friday,4
2024-02-02 13:15:00+00:00,2024-02-02 17:45:00+00:00,7.73509765625,-1,19,True,Overlap (12-16),Friday,13
2024-02-02 18:00:00+00:00,2024-02-02 18:15:00+00:00,-2.0599462890625,1,2,False,NY      (16-22),Friday,18
2024-02-02 18:30:00+00:00,2024-02-02 18:30:00+00:00,-2.020029296875,-1,1,False,NY      (16-22),Friday,18
2024-02-02 18:45:00+00:00,2024-02-02 18:45:00+00:00,-1.4950048828125002,1,1,False,NY      (16-22),Friday,18
2024-02-02 19:00:00+00:00,2024-02-02 20:30:00+00:00,-4.4749853515625,-1,7,False,NY      (16-22),Friday,19
2024-02-02 20:45:00+00:00,2024-02-03 04:00:00+00:00,9.189931640625,1,30,True,NY      (16-22),Friday,20
2024-02-03 04:15:00+00:00,2024-02-03 05:30:00+00:00,-2.270029296875,-1,6,False,Asia    (00-07),Saturday,4
2024-02-03 05:45:00+00:00,2024-02-03 07:45:00+00:00,-6.1550390625,1,9,False,Asia    (00-07),Saturday,5
2024-02-03 08:00:00+00:00,2024-02-03 08:15:00+00:00,-1.2850439453125002,-1,2,False,London  (07-12),Saturday,8
2024-02-03 08:30:00+00:00,2024-02-03 08:30:00+00:00,-2.250009765625,1,1,False,London  (07-12),Saturday,8
2024-02-03 08:45:00+00:00,2024-02-03 08:45:00+00:00,-0.4150488281250002,-1,1,False,London  (07-12),Saturday,8
2024-02-03 09:00:00+00:00,2024-02-03 10:45:00+00:00,0.4150292968749998,1,8,True,London  (07-12),Saturday,9
2024-02-03 11:00:00+00:00,2024-02-03 15:00:00+00:00,4.6700341796875,-1,17,True,London  (07-12),Saturday,11
2024-02-03 15:15:00+00:00,2024-02-03 18:00:00+00:00,1.4899804687499998,1,12,True,Overlap (12-16),Saturday,15
2024-02-03 18:15:00+00:00,2024-02-03 19:00:00+00:00,1.1950585937499998,-1,4,True,NY      (16-22),Saturday,18
2024-02-03 19:15:00+00:00,2024-02-03 20:00:00+00:00,-1.5649511718750002,1,4,False,NY      (16-22),Saturday,19
2024-02-03 20:15:00+00:00,2024-02-03 20:15:00+00:00,-2.4349462890625,-1,1,False,NY      (16-22),Saturday,20
2024-02-03 20:30:00+00:00,2024-02-04 06:00:00+00:00,-2.67994140625,1,39,False,NY      (16-22),Saturday,20
2024-02-04 06:15:00+00:00,2024-02-04 08:30:00+00:00,2.48998046875,-1,10,True,Asia    (00-07),Sunday,6
2024-02-04 08:45:00+00:00,2024-02-04 14:15:00+00:00,5.189931640625,1,23,True,London  (07-12),Sunday,8
2024-02-04 14:30:00+00:00,2024-02-04 20:15:00+00:00,12.4449365234375,-1,24,True,Overlap (12-16),Sunday,14
2024-02-04 20:30:00+00:00,2024-02-05 12:00:00+00:00,24.369985351562498,1,63,True,NY      (16-22),Sunday,20
2024-02-05 12:15:00+00:00,2024-02-05 16:15:00+00:00,16.545034179687498,-1,17,True,Overlap (12-16),Monday,12
2024-02-05 16:30:00+00:00,2024-02-05 16:45:00+00:00,1.8150537109374998,1,2,True,NY      (16-22),Monday,16
2024-02-05 17:00:00+00:00,2024-02-05 17:00:00+00:00,-3.1500341796875,-1,1,False,NY      (16-22),Monday,17
2024-02-05 17:15:00+00:00,2024-02-05 19:00:00+00:00,-1.3350927734375002,1,8,False,NY      (16-22),Monday,17
2024-02-05 19:15:00+00:00,2024-02-05 19:30:00+00:00,-2.1099951171875,-1,2,False,NY      (16-22),Monday,19
2024-02-05 19:45:00+00:00,2024-02-05 20:45:00+00:00,-7.3848974609375,1,5,False,NY      (16-22),Monday,19
2024-02-05 21:00:00+00:00,2024-02-06 03:15:00+00:00,-16.089975585937502,-1,26,False,NY      (16-22),Monday,21
2024-02-06 03:30:00+00:00,2024-02-06 10:00:00+00:00,1.0699365234374998,1,27,True,Asia    (00-07),Tuesday,3
2024-02-06 10:15:00+00:00,2024-02-06 13:00:00+00:00,-0.7000830078125002,-1,12,False,London  (07-12),Tuesday,10
2024-02-06 13:15:00+00:00,2024-02-06 21:00:00+00:00,25.134999999999998,1,32,True,Overlap (12-16),Tuesday,13
2024-02-06 21:15:00+00:00,2024-02-07 02:45:00+00:00,-0.2149755859375002,-1,23,False,NY      (16-22),Tuesday,21
2024-02-07 03:00:00+00:00,2024-02-07 04:45:00+00:00,-10.1500341796875,1,8,False,Asia    (00-07),Wednesday,3
2024-02-07 05:00:00+00:00,2024-02-07 08:00:00+00:00,-1.7950537109375002,-1,13,False,Asia    (00-07),Wednesday,5
2024-02-07 08:15:00+00:00,2024-02-07 08:30:00+00:00,-0.3400976562500002,1,2,False,London  (07-12),Wednesday,8
2024-02-07 08:45:00+00:00,2024-02-07 12:00:00+00:00,-2.9050390625,-1,14,False,London  (07-12),Wednesday,8
2024-02-07 12:15:00+00:00,2024-02-08 00:45:00+00:00,32.8000390625,1,51,True,Overlap (12-16),Wednesday,12
2024-02-08 01:00:00+00:00,2024-02-08 01:30:00+00:00,-2.375009765625,-1,3,False,Asia    (00-07),Thursday,1
2024-02-08 01:45:00+00:00,2024-02-08 03:15:00+00:00,-3.6300146484375,1,7,False,Asia    (00-07),Thursday,1
2024-02-08 03:30:00+00:00,2024-02-08 07:00:00+00:00,4.624990234375,-1,15,True,Asia    (00-07),Thursday,3
2024-02-08 07:15:00+00:00,2024-02-08 16:00:00+00:00,12.679921874999998,1,36,True,London  (07-12),Thursday,7
2024-02-08 16:15:00+00:00,2024-02-08 16:45:00+00:00,9.5399072265625,-1,3,True,NY      (16-22),Thursday,16
2024-02-08 17:00:00+00:00,2024-02-08 17:30:00+00:00,1.8049218749999998,1,3,True,NY      (16-22),Thursday,17
2024-02-08 17:45:00+00:00,2024-02-08 19:45:00+00:00,3.3399560546875,-1,9,True,NY      (16-22),Thursday,17
2024-02-08 20:00:00+00:00,2024-02-08 20:15:00+00:00,0.1700341796874998,1,2,True,NY      (16-22),Thursday,20
2024-02-08 20:30:00+00:00,2024-02-08 21:15:00+00:00,-2.9950048828125,-1,4,False,NY      (16-22),Thursday,20
2024-02-08 21:30:00+00:00,2024-02-09 06:45:00+00:00,8.0150048828125,1,38,True,NY      (16-22),Thursday,21
2024-02-09 07:00:00+00:00,2024-02-09 08:15:00+00:00,-8.05494140625,-1,6,False,London  (07-12),Friday,7
2024-02-09 08:30:00+00:00,2024-02-09 13:15:00+00:00,26.140004882812498,1,20,True,London  (07-12),Friday,8
2024-02-09 13:30:00+00:00,2024-02-09 16:45:00+00:00,12.7549951171875,-1,14,True,Overlap (12-16),Friday,13
2024-02-09 17:00:00+00:00,2024-02-09 19:00:00+00:00,0.6199853515624998,1,9,True,NY      (16-22),Friday,17
2024-02-09 19:15:00+00:00,2024-02-09 19:30:00+00:00,-0.07996582031250021,-1,2,False,NY      (16-22),Friday,19
2024-02-09 19:45:00+00:00,2024-02-09 20:15:00+00:00,-0.6449072265625002,1,3,False,NY      (16-22),Friday,19
2024-02-09 20:30:00+00:00,2024-02-10 01:00:00+00:00,0.5450341796874998,-1,19,True,NY      (16-22),Friday,20
2024-02-10 01:15:00+00:00,2024-02-10 04:00:00+00:00,11.2249658203125,1,12,True,Asia    (00-07),Saturday,1
2024-02-10 04:15:00+00:00,2024-02-10 07:45:00+00:00,6.5150048828125,-1,15,True,Asia    (00-07),Saturday,4
2024-02-10 08:00:00+00:00,2024-02-10 08:45:00+00:00,-7.4499609375,1,4,False,London  (07-12),Saturday,8
2024-02-10 09:00:00+00:00,2024-02-10 11:15:00+00:00,-0.5899755859375002,-1,10,False,London  (07-12),Saturday,9
2024-02-10 11:30:00+00:00,2024-02-10 11:45:00+00:00,-1.6849462890625002,1,2,False,London  (07-12),Saturday,11
2024-02-10 12:00:00+00:00,2024-02-10 13:00:00+00:00,-3.8700048828125,-1,5,False,Overlap (12-16),Saturday,12
2024-02-10 13:15:00+00:00,2024-02-11 05:00:00+00:00,14.6849267578125,1,64,True,Overlap (12-16),Saturday,13
2024-02-11 05:15:00+00:00,2024-02-11 07:45:00+00:00,-6.145029296875,-1,11,False,Asia    (00-07),Sunday,5
2024-02-11 08:00:00+00:00,2024-02-11 12:45:00+00:00,-5.1400244140625,1,20,False,London  (07-12),Sunday,8
2024-02-11 13:00:00+00:00,2024-02-11 13:45:00+00:00,3.2750146484375,-1,4,True,Overlap (12-16),Sunday,13
2024-02-11 14:00:00+00:00,2024-02-11 14:15:00+00:00,-2.5699560546875,1,2,False,Overlap (12-16),Sunday,14
2024-02-11 14:30:00+00:00,2024-02-11 16:15:00+00:00,-1.8850195312500002,-1,8,False,Overlap (12-16),Sunday,14
2024-02-11 16:30:00+00:00,2024-02-11 16:45:00+00:00,-2.9400732421875,1,2,False,NY      (16-22),Sunday,16
2024-02-11 17:00:00+00:00,2024-02-12 06:30:00+00:00,6.23998046875,-1,55,True,NY      (16-22),Sunday,17
2024-02-12 06:45:00+00:00,2024-02-12 08:15:00+00:00,3.4500634765625,1,7,True,Asia    (00-07),Monday,6
2024-02-12 08:30:00+00:00,2024-02-12 10:45:00+00:00,8.645009765625,-1,10,True,London  (07-12),Monday,8
2024-02-12 11:00:00+00:00,2024-02-12 11:45:00+00:00,1.3049218749999998,1,4,True,London  (07-12),Monday,11
2024-02-12 12:00:00+00:00,2024-02-12 12:00:00+00:00,-1.4950048828125002,-1,1,False,Overlap (12-16),Monday,12
2024-02-12 12:15:00+00:00,2024-02-13 12:00:00+00:00,96.48998046874999,1,96,True,Overlap (12-16),Monday,12
2024-02-13 12:15:00+00:00,2024-02-13 13:30:00+00:00,20.694936523437498,-1,6,True,Overlap (12-16),Tuesday,12
2024-02-13 13:45:00+00:00,2024-02-13 14:45:00+00:00,-4.74,1,5,False,Overlap (12-16),Tuesday,13
2024-02-13 15:00:00+00:00,2024-02-13 16:00:00+00:00,0.9350488281249998,-1,5,True,Overlap (12-16),Tuesday,15
2024-02-13 16:15:00+00:00,2024-02-13 16:15:00+00:00,0.5300195312499998,1,1,True,NY      (16-22),Tuesday,16
2024-02-13 16:30:00+00:00,2024-02-13 16:30:00+00:00,7.51,-1,1,True,NY      (16-22),Tuesday,16
2024-02-13 16:45:00+00:00,2024-02-13 17:45:00+00:00,1.1099755859374998,1,5,True,NY      (16-22),Tuesday,16
2024-02-13 18:00:00+00:00,2024-02-13 18:00:00+00:00,-3.74,-1,1,False,NY      (16-22),Tuesday,18
2024-02-13 18:15:00+00:00,2024-02-13 19:15:00+00:00,1.7000634765624998,1,5,True,NY      (16-22),Tuesday,18
2024-02-13 19:30:00+00:00,2024-02-13 20:15:00+00:00,4.915029296875,-1,4,True,NY      (16-22),Tuesday,19
2024-02-13 20:30:00+00:00,2024-02-14 00:00:00+00:00,6.9649560546875,1,15,True,NY      (16-22),Tuesday,20
2024-02-14 00:15:00+00:00,2024-02-14 02:00:00+00:00,3.709951171875,-1,8,True,Asia    (00-07),Wednesday,0
2024-02-14 02:15:00+00:00,2024-02-14 02:45:00+00:00,3.2349755859375,1,3,True,Asia    (00-07),Wednesday,2
2024-02-14 03:00:00+00:00,2024-02-14 03:00:00+00:00,-5.5850927734375,-1,1,False,Asia    (00-07),Wednesday,3
2024-02-14 03:15:00+00:00,2024-02-14 13:15:00+00:00,53.104970703125,1,41,True,Asia    (00-07),Wednesday,3
2024-02-14 13:30:00+00:00,2024-02-14 16:00:00+00:00,1.4550683593749998,-1,11,True,Overlap (12-16),Wednesday,13
2024-02-14 16:15:00+00:00,2024-02-15 07:15:00+00:00,17.460073242187498,1,61,True,NY      (16-22),Wednesday,16
2024-02-15 07:30:00+00:00,2024-02-15 11:30:00+00:00,-5.4499609375,-1,17,False,London  (07-12),Thursday,7
2024-02-15 11:45:00+00:00,2024-02-15 17:15:00+00:00,17.499990234374998,1,23,True,London  (07-12),Thursday,11
2024-02-15 17:30:00+00:00,2024-02-15 17:45:00+00:00,4.499990234375,-1,2,True,NY      (16-22),Thursday,17
2024-02-15 18:00:00+00:00,2024-02-15 21:15:00+00:00,3.209951171875,1,14,True,NY      (16-22),Thursday,18
2024-02-15 21:30:00+00:00,2024-02-16 02:30:00+00:00,-10.4300634765625,-1,21,False,NY      (16-22),Thursday,21
2024-02-16 02:45:00+00:00,2024-02-16 04:00:00+00:00,-1.4150488281250002,1,6,False,Asia    (00-07),Friday,2
2024-02-16 04:15:00+00:00,2024-02-16 08:45:00+00:00,11.669912109375,-1,19,True,Asia    (00-07),Friday,4
2024-02-16 09:00:00+00:00,2024-02-16 14:15:00+00:00,-1.9300634765625002,1,22,False,London  (07-12),Friday,9
2024-02-16 14:30:00+00:00,2024-02-16 14:45:00+00:00,7.3199365234375,-1,2,True,Overlap (12-16),Friday,14
2024-02-16 15:00:00+00:00,2024-02-16 16:30:00+00:00,-6.229990234375,1,7,False,Overlap (12-16),Friday,15
2024-02-16 16:45:00+00:00,2024-02-16 18:15:00+00:00,3.32005859375,-1,7,True,NY      (16-22),Friday,16
2024-02-16 18:30:00+00:00,2024-02-16 19:00:00+00:00,-2.0899755859375,1,3,False,NY      (16-22),Friday,18
2024-02-16 19:15:00+00:00,2024-02-16 20:00:00+00:00,1.0099999999999998,-1,4,True,NY      (16-22),Friday,19
2024-02-16 20:15:00+00:00,2024-02-17 01:00:00+00:00,8.7650048828125,1,20,True,NY      (16-22),Friday,20
2024-02-17 01:15:00+00:00,2024-02-17 03:15:00+00:00,1.3350732421874998,-1,9,True,Asia    (00-07),Saturday,1
2024-02-17 03:30:00+00:00,2024-02-17 03:45:00+00:00,0.6299951171874998,1,2,True,Asia    (00-07),Saturday,3
2024-02-17 04:00:00+00:00,2024-02-17 06:15:00+00:00,0.3799951171874998,-1,10,True,Asia    (00-07),Saturday,4
2024-02-17 06:30:00+00:00,2024-02-17 12:00:00+00:00,-7.034921875,1,23,False,Asia    (00-07),Saturday,6
2024-02-17 12:15:00+00:00,2024-02-17 14:00:00+00:00,13.61498046875,-1,8,True,Overlap (12-16),Saturday,12
2024-02-17 14:15:00+00:00,2024-02-17 14:30:00+00:00,-10.96509765625,1,2,False,Overlap (12-16),Saturday,14
2024-02-17 14:45:00+00:00,2024-02-17 15:00:00+00:00,-5.88501953125,-1,2,False,Overlap (12-16),Saturday,14
2024-02-17 15:15:00+00:00,2024-02-18 02:00:00+00:00,17.410024414062498,1,44,True,Overlap (12-16),Saturday,15
2024-02-18 02:15:00+00:00,2024-02-18 04:00:00+00:00,-9.1949560546875,-1,8,False,Asia    (00-07),Sunday,2
2024-02-18 04:15:00+00:00,2024-02-19 03:00:00+00:00,46.9300439453125,1,92,True,Asia    (00-07),Sunday,4
2024-02-19 03:15:00+00:00,2024-02-19 04:45:00+00:00,-6.4749853515625,-1,7,False,Asia    (00-07),Monday,3
2024-02-19 05:00:00+00:00,2024-02-19 08:00:00+00:00,9.3449609375,1,13,True,Asia    (00-07),Monday,5
2024-02-19 08:15:00+00:00,2024-02-19 09:45:00+00:00,3.5198876953125,-1,7,True,London  (07-12),Monday,8
2024-02-19 10:00:00+00:00,2024-02-19 10:45:00+00:00,-0.9250585937500002,1,4,False,London  (07-12),Monday,10
2024-02-19 11:00:00+00:00,2024-02-19 11:00:00+00:00,-0.8000585937500002,-1,1,False,London  (07-12),Monday,11
2024-02-19 11:15:00+00:00,2024-02-19 13:00:00+00:00,-1.7050878906250002,1,8,False,London  (07-12),Monday,11
2024-02-19 13:15:00+00:00,2024-02-19 14:15:00+00:00,3.669912109375,-1,5,True,Overlap (12-16),Monday,13
2024-02-19 14:30:00+00:00,2024-02-19 14:30:00+00:00,0.2499902343749998,1,1,True,Overlap (12-16),Monday,14
2024-02-19 14:45:00+00:00,2024-02-19 14:45:00+00:00,-1.7049658203125002,-1,1,False,Overlap (12-16),Monday,14
2024-02-19 15:00:00+00:00,2024-02-19 18:15:00+00:00,16.680043945312498,1,14,True,Overlap (12-16),Monday,15
2024-02-19 18:30:00+00:00,2024-02-20 04:15:00+00:00,8.410024414062498,-1,40,True,NY      (16-22),Monday,18
2024-02-20 04:30:00+00:00,2024-02-20 12:30:00+00:00,7.979970703125,1,33,True,Asia    (00-07),Tuesday,4
2024-02-20 12:45:00+00:00,2024-02-20 17:00:00+00:00,10.920034179687498,-1,18,True,Overlap (12-16),Tuesday,12
2024-02-20 17:15:00+00:00,2024-02-21 04:30:00+00:00,38.435048828125,1,46,True,NY      (16-22),Tuesday,17
2024-02-21 04:45:00+00:00,2024-02-21 10:30:00+00:00,37.6750390625,-1,24,True,Asia    (00-07),Wednesday,4
2024-02-21 10:45:00+00:00,2024-02-21 11:15:00+00:00,-3.4050390625,1,3,False,London  (07-12),Wednesday,10
2024-02-21 11:30:00+00:00,2024-02-21 12:45:00+00:00,-7.5250341796875,-1,6,False,London  (07-12),Wednesday,11
2024-02-21 13:00:00+00:00,2024-02-21 17:15:00+00:00,-5.2349951171875,1,18,False,Overlap (12-16),Wednesday,13
2024-02-21 17:30:00+00:00,2024-02-21 19:15:00+00:00,2.78001953125,-1,8,True,NY      (16-22),Wednesday,17
2024-02-21 19:30:00+00:00,2024-02-22 00:15:00+00:00,21.980092773437498,1,20,True,NY      (16-22),Wednesday,19
2024-02-22 00:30:00+00:00,2024-02-22 00:30:00+00:00,2.7200830078125,-1,1,True,Asia    (00-07),Thursday,0
2024-02-22 00:45:00+00:00,2024-02-22 00:45:00+00:00,-3.84498046875,1,1,False,Asia    (00-07),Thursday,0
2024-02-22 01:00:00+00:00,2024-02-22 02:30:00+00:00,5.959951171875,-1,7,True,Asia    (00-07),Thursday,1
2024-02-22 02:45:00+00:00,2024-02-22 09:15:00+00:00,42.6199853515625,1,27,True,Asia    (00-07),Thursday,2
2024-02-22 09:30:00+00:00,2024-02-22 11:15:00+00:00,12.6199853515625,-1,8,True,London  (07-12),Thursday,9
2024-02-22 11:30:00+00:00,2024-02-22 11:45:00+00:00,0.8699853515624998,1,2,True,London  (07-12),Thursday,11
2024-02-22 12:00:00+00:00,2024-02-23 03:00:00+00:00,19.800039062499998,-1,61,True,Overlap (12-16),Thursday,12
2024-02-23 03:15:00+00:00,2024-02-23 07:15:00+00:00,-4.0999853515625,1,17,False,Asia    (00-07),Friday,3
2024-02-23 07:30:00+00:00,2024-02-23 08:30:00+00:00,6.5049951171875,-1,5,True,London  (07-12),Friday,7
2024-02-23 08:45:00+00:00,2024-02-23 14:15:00+00:00,10.885,1,23,True,London  (07-12),Friday,8
2024-02-23 14:30:00+00:00,2024-02-23 16:00:00+00:00,18.555043945312498,-1,7,True,Overlap (12-16),Friday,14
2024-02-23 16:15:00+00:00,2024-02-23 20:15:00+00:00,12.749990234374998,1,17,True,NY      (16-22),Friday,16
2024-02-23 20:30:00+00:00,2024-02-23 22:30:00+00:00,4.7650048828125,-1,9,True,NY      (16-22),Friday,20
2024-02-23 22:45:00+00:00,2024-02-24 13:45:00+00:00,18.030019531249998,1,61,True,Off     (22-00),Friday,22
2024-02-24 14:00:00+00:00,2024-02-24 16:30:00+00:00,-0.8399755859375002,-1,11,False,Overlap (12-16),Saturday,14
2024-02-24 16:45:00+00:00,2024-02-25 07:30:00+00:00,31.805043945312498,1,60,True,NY      (16-22),Saturday,16
2024-02-25 07:45:00+00:00,2024-02-25 09:15:00+00:00,4.76,-1,7,True,London  (07-12),Sunday,7
2024-02-25 09:30:00+00:00,2024-02-25 13:15:00+00:00,7.3699853515625,1,16,True,London  (07-12),Sunday,9
2024-02-25 13:30:00+00:00,2024-02-25 16:45:00+00:00,-4.01001953125,-1,14,False,Overlap (12-16),Sunday,13
2024-02-25 17:00:00+00:00,2024-02-26 03:15:00+00:00,26.425039062499998,1,42,True,NY      (16-22),Sunday,17
2024-02-26 03:30:00+00:00,2024-02-26 09:15:00+00:00,18.075063476562498,-1,24,True,Asia    (00-07),Monday,3
2024-02-26 09:30:00+00:00,2024-02-26 12:45:00+00:00,0.7800195312499998,1,14,True,London  (07-12),Monday,9
2024-02-26 13:00:00+00:00,2024-02-26 13:00:00+00:00,-8.55005859375,-1,1,False,Overlap (12-16),Monday,13
2024-02-26 13:15:00+00:00,2024-02-26 20:15:00+00:00,48.709951171875,1,29,True,Overlap (12-16),Monday,13
2024-02-26 20:30:00+00:00,2024-02-26 20:45:00+00:00,-4.5050146484375,-1,2,False,NY      (16-22),Monday,20
2024-02-26 21:00:00+00:00,2024-02-26 21:00:00+00:00,-1.3100683593750002,1,1,False,NY      (16-22),Monday,21
2024-02-26 21:15:00+00:00,2024-02-26 23:30:00+00:00,4.3299462890625,-1,10,True,NY      (16-22),Monday,21
2024-02-26 23:45:00+00:00,2024-02-26 23:45:00+00:00,0.10997558593749979,1,1,True,Off     (22-00),Monday,23
2024-02-27 00:00:00+00:00,2024-02-27 00:00:00+00:00,-3.2650244140625,-1,1,False,Asia    (00-07),Tuesday,0
2024-02-27 00:15:00+00:00,2024-02-27 03:15:00+00:00,27.160024414062498,1,13,True,Asia    (00-07),Tuesday,0
2024-02-27 03:30:00+00:00,2024-02-27 03:45:00+00:00,7.624990234375,-1,2,True,Asia    (00-07),Tuesday,3
2024-02-27 04:00:00+00:00,2024-02-27 11:00:00+00:00,20.400014648437498,1,29,True,Asia    (00-07),Tuesday,4
2024-02-27 11:15:00+00:00,2024-02-27 14:30:00+00:00,2.53001953125,-1,14,True,London  (07-12),Tuesday,11
2024-02-27 14:45:00+00:00,2024-02-27 15:30:00+00:00,-5.63501953125,1,4,False,Overlap (12-16),Tuesday,14
2024-02-27 15:45:00+00:00,2024-02-27 16:45:00+00:00,1.8250634765624998,-1,5,True,Overlap (12-16),Tuesday,15
2024-02-27 17:00:00+00:00,2024-02-27 20:00:00+00:00,3.6750390625,1,13,True,NY      (16-22),Tuesday,17
2024-02-27 20:15:00+00:00,2024-02-28 02:00:00+00:00,4.0699365234375,-1,24,True,NY      (16-22),Tuesday,20
2024-02-28 02:15:00+00:00,2024-02-28 09:45:00+00:00,58.999990234375,1,31,True,Asia    (00-07),Wednesday,2
2024-02-28 10:00:00+00:00,2024-02-28 12:30:00+00:00,21.100087890624998,-1,11,True,London  (07-12),Wednesday,10
2024-02-28 12:45:00+00:00,2024-02-28 17:15:00+00:00,53.16002441406249,1,19,True,Overlap (12-16),Wednesday,12
2024-02-28 17:30:00+00:00,2024-02-28 20:00:00+00:00,71.04991699218749,-1,11,True,NY      (16-22),Wednesday,17
2024-02-28 20:15:00+00:00,2024-02-28 22:15:00+00:00,30.609975585937498,1,9,True,NY      (16-22),Wednesday,20
2024-02-28 22:30:00+00:00,2024-02-29 01:00:00+00:00,-43.3399755859375,-1,11,False,Off     (22-00),Wednesday,22
2024-02-29 01:15:00+00:00,2024-02-29 03:45:00+00:00,-11.1700537109375,1,11,False,Asia    (00-07),Thursday,1
2024-02-29 04:00:00+00:00,2024-02-29 04:15:00+00:00,-8.7750341796875,-1,2,False,Asia    (00-07),Thursday,4
2024-02-29 04:30:00+00:00,2024-02-29 12:15:00+00:00,24.680043945312498,1,32,True,Asia    (00-07),Thursday,4
2024-02-29 12:30:00+00:00,2024-03-01 00:15:00+00:00,49.7950341796875,-1,48,True,Overlap (12-16),Thursday,12
2024-03-01 00:30:00+00:00,2024-03-01 05:00:00+00:00,4.334951171875,1,19,True,Asia    (00-07),Friday,0
2024-03-01 05:15:00+00:00,2024-03-01 08:00:00+00:00,6.26,-1,12,True,Asia    (00-07),Friday,5
2024-03-01 08:15:00+00:00,2024-03-01 12:45:00+00:00,26.680043945312498,1,19,True,London  (07-12),Friday,8
2024-03-01 13:00:00+00:00,2024-03-01 15:30:00+00:00,8.0150048828125,-1,11,True,Overlap (12-16),Friday,13
2024-03-01 15:45:00+00:00,2024-03-01 15:45:00+00:00,-8.59498046875,1,1,False,Overlap (12-16),Friday,15
2024-03-01 16:00:00+00:00,2024-03-01 17:15:00+00:00,-13.0450537109375,-1,6,False,NY      (16-22),Friday,16
2024-03-01 17:30:00+00:00,2024-03-01 23:00:00+00:00,14.024892578125,1,23,True,NY      (16-22),Friday,17
2024-03-01 23:15:00+00:00,2024-03-02 01:30:00+00:00,1.4599511718749998,-1,10,True,Off     (22-00),Friday,23
2024-03-02 01:45:00+00:00,2024-03-02 02:45:00+00:00,-2.1500341796875,1,5,False,Asia    (00-07),Saturday,1
2024-03-02 03:00:00+00:00,2024-03-02 12:30:00+00:00,4.749990234375,-1,39,True,Asia    (00-07),Saturday,3
2024-03-02 12:45:00+00:00,2024-03-02 21:00:00+00:00,-9.3399755859375,1,34,False,Overlap (12-16),Saturday,12
2024-03-02 21:15:00+00:00,2024-03-03 03:15:00+00:00,-10.209970703125,-1,25,False,NY      (16-22),Saturday,21
2024-03-03 03:30:00+00:00,2024-03-03 05:00:00+00:00,3.7950341796875,1,7,True,Asia    (00-07),Sunday,3
2024-03-03 05:15:00+00:00,2024-03-03 07:00:00+00:00,10.9300439453125,-1,8,True,Asia    (00-07),Sunday,5
2024-03-03 07:15:00+00:00,2024-03-03 07:15:00+00:00,-17.719980468750002,1,1,False,London  (07-12),Sunday,7
2024-03-03 07:30:00+00:00,2024-03-03 08:00:00+00:00,-1.7950537109375002,-1,3,False,London  (07-12),Sunday,7
2024-03-03 08:15:00+00:00,2024-03-04 00:30:00+00:00,69.47496582031249,1,66,True,London  (07-12),Sunday,8
2024-03-04 00:45:00+00:00,2024-03-04 04:15:00+00:00,19.425039062499998,-1,15,True,Asia    (00-07),Monday,0
2024-03-04 04:30:00+00:00,2024-03-04 05:00:00+00:00,-2.9249365234375,1,3,False,Asia    (00-07),Monday,4
2024-03-04 05:15:00+00:00,2024-03-04 05:15:00+00:00,2.4000146484375,-1,1,True,Asia    (00-07),Monday,5
2024-03-04 05:30:00+00:00,2024-03-04 19:00:00+00:00,58.374990234375,1,55,True,Asia    (00-07),Monday,5
2024-03-04 19:15:00+00:00,2024-03-04 20:15:00+00:00,2.6400048828125,-1,5,True,NY      (16-22),Monday,19
2024-03-04 20:30:00+00:00,2024-03-04 20:45:00+00:00,-0.6749365234375002,1,2,False,NY      (16-22),Monday,20
2024-03-04 21:00:00+00:00,2024-03-04 22:15:00+00:00,1.7599999999999998,-1,6,True,NY      (16-22),Monday,21
2024-03-04 22:30:00+00:00,2024-03-05 04:15:00+00:00,67.62999511718749,1,24,True,Off     (22-00),Monday,22
2024-03-05 04:30:00+00:00,2024-03-05 07:30:00+00:00,12.165029296875,-1,13,True,Asia    (00-07),Tuesday,4
2024-03-05 07:45:00+00:00,2024-03-05 08:00:00+00:00,-4.38501953125,1,2,False,London  (07-12),Tuesday,7
2024-03-05 08:15:00+00:00,2024-03-05 08:15:00+00:00,-4.165048828125,-1,1,False,London  (07-12),Tuesday,8
2024-03-05 08:30:00+00:00,2024-03-05 16:00:00+00:00,5.124990234374998,1,31,True,London  (07-12),Tuesday,8
2024-03-05 16:15:00+00:00,2024-03-05 16:45:00+00:00,3.770009765625,-1,3,True,NY      (16-22),Tuesday,16
2024-03-05 17:00:00+00:00,2024-03-05 18:00:00+00:00,-13.354990234375002,1,5,False,NY      (16-22),Tuesday,17
2024-03-05 18:15:00+00:00,2024-03-05 20:45:00+00:00,136.78001953125,-1,11,True,NY      (16-22),Tuesday,18
2024-03-05 21:00:00+00:00,2024-03-05 22:00:00+00:00,56.33495117187499,1,5,True,NY      (16-22),Tuesday,21
2024-03-05 22:15:00+00:00,2024-03-05 22:15:00+00:00,6.3499658203125,-1,1,True,Off     (22-00),Tuesday,22
2024-03-05 22:30:00+00:00,2024-03-06 02:15:00+00:00,11.624990234375,1,16,True,Off     (22-00),Tuesday,22
2024-03-06 02:30:00+00:00,2024-03-06 03:15:00+00:00,-10.8900244140625,-1,4,False,Asia    (00-07),Wednesday,2
2024-03-06 03:30:00+00:00,2024-03-06 12:00:00+00:00,169.7850244140625,1,35,True,Asia    (00-07),Wednesday,3
2024-03-06 12:15:00+00:00,2024-03-06 16:30:00+00:00,42.97508789062499,-1,18,True,Overlap (12-16),Wednesday,12
2024-03-06 16:45:00+00:00,2024-03-06 20:30:00+00:00,32.0500390625,1,16,True,NY      (16-22),Wednesday,16
2024-03-06 20:45:00+00:00,2024-03-07 00:15:00+00:00,22.704946289062498,-1,15,True,NY      (16-22),Wednesday,20
2024-03-07 00:30:00+00:00,2024-03-07 02:00:00+00:00,3.044912109374998,1,7,True,Asia    (00-07),Thursday,0
2024-03-07 02:15:00+00:00,2024-03-07 04:45:00+00:00,15.564931640625,-1,11,True,Asia    (00-07),Thursday,2
2024-03-07 05:00:00+00:00,2024-03-07 09:15:00+00:00,0.6299951171874998,1,18,True,Asia    (00-07),Thursday,5
2024-03-07 09:30:00+00:00,2024-03-07 11:30:00+00:00,0.6700341796874998,-1,9,True,London  (07-12),Thursday,9
2024-03-07 11:45:00+00:00,2024-03-07 22:00:00+00:00,49.645009765625,1,42,True,London  (07-12),Thursday,11
2024-03-07 22:15:00+00:00,2024-03-08 00:00:00+00:00,4.709951171874998,-1,8,True,Off     (22-00),Thursday,22
2024-03-08 00:15:00+00:00,2024-03-08 05:00:00+00:00,9.679921874999998,1,20,True,Asia    (00-07),Friday,0
2024-03-08 05:15:00+00:00,2024-03-08 08:00:00+00:00,-13.084970703125002,-1,12,False,Asia    (00-07),Friday,5
2024-03-08 08:15:00+00:00,2024-03-08 14:30:00+00:00,27.340078124999998,1,26,True,London  (07-12),Friday,8
2024-03-08 14:45:00+00:00,2024-03-08 17:15:00+00:00,20.979970703124998,-1,11,True,Overlap (12-16),Friday,14
2024-03-08 17:30:00+00:00,2024-03-08 20:15:00+00:00,-2.51001953125,1,12,False,NY      (16-22),Friday,17
2024-03-08 20:30:00+00:00,2024-03-09 00:30:00+00:00,11.850087890625,-1,17,True,NY      (16-22),Friday,20
2024-03-09 00:45:00+00:00,2024-03-09 04:30:00+00:00,9.86009765625,1,16,True,Asia    (00-07),Saturday,0
2024-03-09 04:45:00+00:00,2024-03-09 20:00:00+00:00,16.215078124999998,-1,62,True,Asia    (00-07),Saturday,4
2024-03-09 20:15:00+00:00,2024-03-10 09:30:00+00:00,27.275014648437498,1,54,True,NY      (16-22),Saturday,20
2024-03-10 09:45:00+00:00,2024-03-10 12:00:00+00:00,-0.1500341796875002,-1,10,False,London  (07-12),Sunday,9
2024-03-10 12:15:00+00:00,2024-03-10 12:15:00+00:00,-4.290048828125,1,1,False,Overlap (12-16),Sunday,12
2024-03-10 12:30:00+00:00,2024-03-10 18:45:00+00:00,19.819936523437498,-1,26,True,Overlap (12-16),Sunday,12
2024-03-10 19:00:00+00:00,2024-03-10 20:15:00+00:00,-1.9100439453125002,1,6,False,NY      (16-22),Sunday,19
2024-03-10 20:30:00+00:00,2024-03-11 04:00:00+00:00,15.214956054687498,-1,31,True,NY      (16-22),Sunday,20
2024-03-11 04:15:00+00:00,2024-03-11 13:00:00+00:00,91.90001464843749,1,36,True,Asia    (00-07),Monday,4
2024-03-11 13:15:00+00:00,2024-03-11 13:45:00+00:00,10.100087890625,-1,3,True,Overlap (12-16),Monday,13
2024-03-11 14:00:00+00:00,2024-03-11 15:00:00+00:00,9.4500634765625,1,5,True,Overlap (12-16),Monday,14
2024-03-11 15:15:00+00:00,2024-03-11 18:00:00+00:00,1.8150537109374998,-1,12,True,Overlap (12-16),Monday,15
2024-03-11 18:15:00+00:00,2024-03-11 19:00:00+00:00,7.0450341796875,1,4,True,NY      (16-22),Monday,18
2024-03-11 19:15:00+00:00,2024-03-11 21:45:00+00:00,-1.3149511718750002,-1,11,False,NY      (16-22),Monday,19
2024-03-11 22:00:00+00:00,2024-03-12 00:30:00+00:00,9.0650537109375,1,11,True,Off     (22-00),Monday,22
2024-03-12 00:45:00+00:00,2024-03-12 04:30:00+00:00,16.440053710937498,-1,16,True,Asia    (00-07),Tuesday,0
2024-03-12 04:45:00+00:00,2024-03-12 07:45:00+00:00,-8.875009765625002,1,13,False,Asia    (00-07),Tuesday,4
2024-03-12 08:00:00+00:00,2024-03-12 08:15:00+00:00,23.234975585937498,-1,2,True,London  (07-12),Tuesday,8
2024-03-12 08:30:00+00:00,2024-03-12 08:45:00+00:00,2.3699853515625,1,2,True,London  (07-12),Tuesday,8
2024-03-12 09:00:00+00:00,2024-03-12 16:15:00+00:00,28.134999999999998,-1,30,True,London  (07-12),Tuesday,9
2024-03-12 16:30:00+00:00,2024-03-12 18:00:00+00:00,6.930043945312498,1,7,True,NY      (16-22),Tuesday,16
2024-03-12 18:15:00+00:00,2024-03-12 23:00:00+00:00,-1.7600195312500002,-1,20,False,NY      (16-22),Tuesday,18
2024-03-12 23:15:00+00:00,2024-03-13 14:30:00+00:00,15.754995117187498,1,62,True,Off     (22-00),Tuesday,23
2024-03-13 14:45:00+00:00,2024-03-13 14:45:00+00:00,3.61498046875,-1,1,True,Overlap (12-16),Wednesday,14
2024-03-13 15:00:00+00:00,2024-03-14 00:00:00+00:00,15.499990234374998,1,37,True,Overlap (12-16),Wednesday,15
2024-03-14 00:15:00+00:00,2024-03-14 13:30:00+00:00,52.9200341796875,-1,54,True,Asia    (00-07),Thursday,0
2024-03-14 13:45:00+00:00,2024-03-14 15:00:00+00:00,0.3599755859374998,1,6,True,Overlap (12-16),Thursday,13
2024-03-14 15:15:00+00:00,2024-03-14 16:00:00+00:00,27.289907226562498,-1,4,True,Overlap (12-16),Thursday,15
2024-03-14 16:15:00+00:00,2024-03-14 17:00:00+00:00,21.034902343749998,1,4,True,NY      (16-22),Thursday,16
2024-03-14 17:15:00+00:00,2024-03-14 20:30:00+00:00,14.334951171874991,-1,14,True,NY      (16-22),Thursday,17
2024-03-14 20:45:00+00:00,2024-03-15 01:15:00+00:00,18.464956054687498,1,19,True,NY      (16-22),Thursday,20
2024-03-15 01:30:00+00:00,2024-03-15 05:30:00+00:00,108.50999999999999,-1,17,True,Asia    (00-07),Friday,1
2024-03-15 05:45:00+00:00,2024-03-15 08:15:00+00:00,15.400014648437498,1,11,True,Asia    (00-07),Friday,5
2024-03-15 08:30:00+00:00,2024-03-15 11:00:00+00:00,25.089956054687498,-1,11,True,London  (07-12),Friday,8
2024-03-15 11:15:00+00:00,2024-03-15 12:30:00+00:00,14.739980468749998,1,6,True,London  (07-12),Friday,11
2024-03-15 12:45:00+00:00,2024-03-15 16:00:00+00:00,6.604970703124998,-1,14,True,Overlap (12-16),Friday,12
2024-03-15 16:15:00+00:00,2024-03-15 19:15:00+00:00,49.3499658203125,1,13,True,NY      (16-22),Friday,16
2024-03-15 19:30:00+00:00,2024-03-15 22:00:00+00:00,43.3799951171875,-1,11,True,NY      (16-22),Friday,19
2024-03-15 22:15:00+00:00,2024-03-16 00:15:00+00:00,39.185048828125,1,9,True,Off     (22-00),Friday,22
2024-03-16 00:30:00+00:00,2024-03-16 03:15:00+00:00,11.76,-1,12,True,Asia    (00-07),Saturday,0
2024-03-16 03:30:00+00:00,2024-03-16 10:00:00+00:00,-15.320078125,1,27,False,Asia    (00-07),Saturday,3
2024-03-16 10:15:00+00:00,2024-03-16 14:15:00+00:00,25.434926757812498,-1,17,True,London  (07-12),Saturday,10
2024-03-16 14:30:00+00:00,2024-03-16 16:00:00+00:00,6.78490234375,1,7,True,Overlap (12-16),Saturday,14
2024-03-16 16:15:00+00:00,2024-03-16 18:30:00+00:00,38.1099755859375,-1,10,True,NY      (16-22),Saturday,16
2024-03-16 18:45:00+00:00,2024-03-16 21:00:00+00:00,6.82005859375,1,10,True,NY      (16-22),Saturday,18
2024-03-16 21:15:00+00:00,2024-03-17 00:30:00+00:00,34.520009765625,-1,14,True,NY      (16-22),Saturday,21
2024-03-17 00:45:00+00:00,2024-03-17 04:15:00+00:00,13.204946289062498,1,15,True,Asia    (00-07),Sunday,0
2024-03-17 04:30:00+00:00,2024-03-17 08:00:00+00:00,47.7249658203125,-1,15,True,Asia    (00-07),Sunday,4
2024-03-17 08:15:00+00:00,2024-03-18 08:45:00+00:00,63.73497558593749,1,99,True,London  (07-12),Sunday,8
2024-03-18 09:00:00+00:00,2024-03-18 20:00:00+00:00,47.2549951171875,-1,45,True,London  (07-12),Monday,9
2024-03-18 20:15:00+00:00,2024-03-19 00:00:00+00:00,13.7549951171875,1,16,True,NY      (16-22),Monday,20
2024-03-19 00:15:00+00:00,2024-03-19 02:15:00+00:00,48.4949853515625,-1,9,True,Asia    (00-07),Tuesday,0
2024-03-19 02:30:00+00:00,2024-03-19 02:45:00+00:00,-13.4100439453125,1,2,False,Asia    (00-07),Tuesday,2
2024-03-19 03:00:00+00:00,2024-03-19 03:15:00+00:00,-4.570078125,-1,2,False,Asia    (00-07),Tuesday,3
2024-03-19 03:30:00+00:00,2024-03-19 04:15:00+00:00,-0.2400000000000002,1,4,False,Asia    (00-07),Tuesday,3
2024-03-19 04:30:00+00:00,2024-03-19 06:30:00+00:00,28.509999999999998,-1,9,True,Asia    (00-07),Tuesday,4
2024-03-19 06:45:00+00:00,2024-03-19 08:00:00+00:00,-13.0350439453125,1,6,False,Asia    (00-07),Tuesday,6
2024-03-19 08:15:00+00:00,2024-03-19 12:00:00+00:00,24.579946289062498,-1,16,True,London  (07-12),Tuesday,8
2024-03-19 12:15:00+00:00,2024-03-19 20:00:00+00:00,6.890004882812498,1,32,True,Overlap (12-16),Tuesday,12
2024-03-19 20:15:00+00:00,2024-03-20 00:45:00+00:00,28.619985351562498,-1,19,True,NY      (16-22),Tuesday,20
2024-03-20 01:00:00+00:00,2024-03-20 01:15:00+00:00,-25.645029296875002,1,2,False,Asia    (00-07),Wednesday,1
2024-03-20 01:30:00+00:00,2024-03-20 04:30:00+00:00,31.795034179687498,-1,13,True,Asia    (00-07),Wednesday,1
2024-03-20 04:45:00+00:00,2024-03-20 15:15:00+00:00,105.59996582031249,1,43,True,Asia    (00-07),Wednesday,4
2024-03-20 15:30:00+00:00,2024-03-20 16:00:00+00:00,15.474965820312498,-1,3,True,Overlap (12-16),Wednesday,15
2024-03-20 16:15:00+00:00,2024-03-21 01:45:00+00:00,110.29503417968749,1,39,True,NY      (16-22),Wednesday,16
2024-03-21 02:00:00+00:00,2024-03-21 04:30:00+00:00,15.729970703125,-1,11,True,Asia    (00-07),Thursday,2
2024-03-21 04:45:00+00:00,2024-03-21 06:00:00+00:00,14.0049951171875,1,6,True,Asia    (00-07),Thursday,4
2024-03-21 06:15:00+00:00,2024-03-21 07:45:00+00:00,0.7950341796874998,-1,7,True,Asia    (00-07),Thursday,6
2024-03-21 08:00:00+00:00,2024-03-21 12:00:00+00:00,11.910024414062498,1,17,True,London  (07-12),Thursday,8
2024-03-21 12:15:00+00:00,2024-03-21 21:15:00+00:00,33.635,-1,37,True,Overlap (12-16),Thursday,12
2024-03-21 21:30:00+00:00,2024-03-22 04:30:00+00:00,12.799916992187498,1,29,True,NY      (16-22),Thursday,21
2024-03-22 04:45:00+00:00,2024-03-22 09:00:00+00:00,7.395009765625,-1,18,True,Asia    (00-07),Friday,4
2024-03-22 09:15:00+00:00,2024-03-22 09:30:00+00:00,-15.2699072265625,1,2,False,London  (07-12),Friday,9
2024-03-22 09:45:00+00:00,2024-03-22 11:45:00+00:00,23.830068359374998,-1,9,True,London  (07-12),Friday,9
2024-03-22 12:00:00+00:00,2024-03-22 13:00:00+00:00,-4.38501953125,1,5,False,Overlap (12-16),Friday,12
2024-03-22 13:15:00+00:00,2024-03-22 14:15:00+00:00,42.9149072265625,-1,5,True,Overlap (12-16),Friday,13
2024-03-22 14:30:00+00:00,2024-03-22 16:30:00+00:00,-5.805063476562502,1,9,False,Overlap (12-16),Friday,14
2024-03-22 16:45:00+00:00,2024-03-22 21:30:00+00:00,11.3199365234375,-1,20,True,NY      (16-22),Friday,16
2024-03-22 21:45:00+00:00,2024-03-23 03:00:00+00:00,25.094960937499998,1,22,True,NY      (16-22),Friday,21
2024-03-23 03:15:00+00:00,2024-03-23 04:00:00+00:00,7.374990234374998,-1,4,True,Asia    (00-07),Saturday,3
2024-03-23 04:15:00+00:00,2024-03-23 16:00:00+00:00,41.5599267578125,1,48,True,Asia    (00-07),Saturday,4
2024-03-23 16:15:00+00:00,2024-03-23 16:45:00+00:00,-9.870004882812502,-1,3,False,NY      (16-22),Saturday,16
2024-03-23 17:00:00+00:00,2024-03-23 20:15:00+00:00,-14.354990234375002,1,14,False,NY      (16-22),Saturday,17
2024-03-23 20:30:00+00:00,2024-03-24 00:45:00+00:00,14.159902343749998,-1,18,True,NY      (16-22),Saturday,20
2024-03-24 01:00:00+00:00,2024-03-24 01:15:00+00:00,-0.9600927734375002,1,2,False,Asia    (00-07),Sunday,1
2024-03-24 01:30:00+00:00,2024-03-24 02:45:00+00:00,5.8099267578125,-1,6,True,Asia    (00-07),Sunday,1
2024-03-24 03:00:00+00:00,2024-03-24 03:30:00+00:00,-15.599985351562502,1,3,False,Asia    (00-07),Sunday,3
2024-03-24 03:45:00+00:00,2024-03-24 05:00:00+00:00,-3.2899267578125,-1,6,False,Asia    (00-07),Sunday,3
2024-03-24 05:15:00+00:00,2024-03-24 18:30:00+00:00,30.405019531249998,1,54,True,Asia    (00-07),Sunday,5
2024-03-24 18:45:00+00:00,2024-03-24 20:30:00+00:00,-19.469980468750002,-1,8,False,NY      (16-22),Sunday,18
2024-03-24 20:45:00+00:00,2024-03-25 07:15:00+00:00,21.749990234374998,1,43,True,NY      (16-22),Sunday,20
2024-03-25 07:30:00+00:00,2024-03-25 09:00:00+00:00,10.7549951171875,-1,7,True,London  (07-12),Monday,7
2024-03-25 09:15:00+00:00,2024-03-25 09:45:00+00:00,5.330068359375,1,3,True,London  (07-12),Monday,9
2024-03-25 10:00:00+00:00,2024-03-25 12:00:00+00:00,2.2750146484375,-1,9,True,London  (07-12),Monday,10
2024-03-25 12:15:00+00:00,2024-03-25 20:00:00+00:00,91.61498046874999,1,32,True,Overlap (12-16),Monday,12
2024-03-25 20:15:00+00:00,2024-03-26 01:00:00+00:00,8.170034179687498,-1,20,True,NY      (16-22),Monday,20
2024-03-26 01:15:00+00:00,2024-03-26 07:30:00+00:00,22.415029296874998,1,26,True,Asia    (00-07),Tuesday,1
2024-03-26 07:45:00+00:00,2024-03-26 20:45:00+00:00,41.32494140625,-1,53,True,London  (07-12),Tuesday,7
2024-03-26 21:00:00+00:00,2024-03-27 04:00:00+00:00,8.224965820312498,1,29,True,NY      (16-22),Tuesday,21
2024-03-27 04:15:00+00:00,2024-03-27 04:45:00+00:00,0.7700097656249998,-1,3,True,Asia    (00-07),Wednesday,4
2024-03-27 05:00:00+00:00,2024-03-27 07:45:00+00:00,-15.5250341796875,1,12,False,Asia    (00-07),Wednesday,5
2024-03-27 08:00:00+00:00,2024-03-27 08:45:00+00:00,4.51,-1,4,True,London  (07-12),Wednesday,8
2024-03-27 09:00:00+00:00,2024-03-27 13:00:00+00:00,46.6800439453125,1,17,True,London  (07-12),Wednesday,9
2024-03-27 13:15:00+00:00,2024-03-27 16:00:00+00:00,76.12999511718749,-1,12,True,Overlap (12-16),Wednesday,13
2024-03-27 16:15:00+00:00,2024-03-27 16:30:00+00:00,10.064931640625,1,2,True,NY      (16-22),Wednesday,16
2024-03-27 16:45:00+00:00,2024-03-27 20:00:00+00:00,3.329946289062498,-1,14,True,NY      (16-22),Wednesday,16
2024-03-27 20:15:00+00:00,2024-03-28 02:00:00+00:00,0.5749414062499998,1,24,True,NY      (16-22),Wednesday,20
2024-03-28 02:15:00+00:00,2024-03-28 04:00:00+00:00,0.599965820312498,-1,8,True,Asia    (00-07),Thursday,2
2024-03-28 04:15:00+00:00,2024-03-28 13:15:00+00:00,35.5250146484375,1,37,True,Asia    (00-07),Thursday,4
2024-03-28 13:30:00+00:00,2024-03-28 14:00:00+00:00,2.499990234375,-1,3,True,Overlap (12-16),Thursday,13
2024-03-28 14:15:00+00:00,2024-03-28 15:15:00+00:00,-1.5849707031250002,1,5,False,Overlap (12-16),Thursday,14
2024-03-28 15:30:00+00:00,2024-03-28 17:00:00+00:00,4.90501953125,-1,7,True,Overlap (12-16),Thursday,15
2024-03-28 17:15:00+00:00,2024-03-28 17:30:00+00:00,-7.8900244140625,1,2,False,NY      (16-22),Thursday,17
2024-03-28 17:45:00+00:00,2024-03-29 01:00:00+00:00,-16.115000000000002,-1,30,False,NY      (16-22),Thursday,17
2024-03-29 01:15:00+00:00,2024-03-29 04:15:00+00:00,-3.5899755859375,1,13,False,Asia    (00-07),Friday,1
2024-03-29 04:30:00+00:00,2024-03-29 08:30:00+00:00,14.720083007812498,-1,17,True,Asia    (00-07),Friday,4
2024-03-29 08:45:00+00:00,2024-03-29 12:00:00+00:00,-0.6248876953125002,1,14,False,London  (07-12),Friday,8
2024-03-29 12:15:00+00:00,2024-03-29 19:15:00+00:00,23.820058593749998,-1,29,True,Overlap (12-16),Friday,12
2024-03-29 19:30:00+00:00,2024-03-30 00:00:00+00:00,7.145009765625,1,19,True,NY      (16-22),Friday,19
2024-03-30 00:15:00+00:00,2024-03-30 04:00:00+00:00,5.8799951171875,-1,16,True,Asia    (00-07),Saturday,0
2024-03-30 04:15:00+00:00,2024-03-30 14:45:00+00:00,18.469960937499998,1,43,True,Asia    (00-07),Saturday,4
2024-03-30 15:00:00+00:00,2024-03-31 01:30:00+00:00,3.204946289062498,-1,43,True,Overlap (12-16),Saturday,15
2024-03-31 01:45:00+00:00,2024-03-31 08:45:00+00:00,45.020009765625,1,29,True,Asia    (00-07),Sunday,1
2024-03-31 09:00:00+00:00,2024-03-31 13:30:00+00:00,-4.7699072265625,-1,19,False,London  (07-12),Sunday,9
2024-03-31 13:45:00+00:00,2024-04-01 00:00:00+00:00,4.3250634765625,1,42,True,Overlap (12-16),Sunday,13
2024-04-01 00:15:00+00:00,2024-04-01 19:15:00+00:00,81.15501953124999,-1,77,True,Asia    (00-07),Monday,0
2024-04-01 19:30:00+00:00,2024-04-02 00:00:00+00:00,14.455068359374998,1,19,True,NY      (16-22),Monday,19
2024-04-02 00:15:00+00:00,2024-04-02 05:00:00+00:00,70.81505371093749,-1,20,True,Asia    (00-07),Tuesday,0
2024-04-02 05:15:00+00:00,2024-04-02 10:30:00+00:00,-17.714975585937502,1,22,False,Asia    (00-07),Tuesday,5
2024-04-02 10:45:00+00:00,2024-04-02 15:45:00+00:00,40.2200830078125,-1,21,True,London  (07-12),Tuesday,10
2024-04-02 16:00:00+00:00,2024-04-02 23:15:00+00:00,22.745107421874998,1,30,True,NY      (16-22),Tuesday,16
2024-04-02 23:30:00+00:00,2024-04-03 02:30:00+00:00,-7.429941406250002,-1,13,False,Off     (22-00),Tuesday,23
2024-04-03 02:45:00+00:00,2024-04-03 04:30:00+00:00,3.8000390625,1,8,True,Asia    (00-07),Wednesday,2
2024-04-03 04:45:00+00:00,2024-04-03 07:30:00+00:00,-2.30494140625,-1,12,False,Asia    (00-07),Wednesday,4
2024-04-03 07:45:00+00:00,2024-04-03 17:00:00+00:00,13.965078124999998,1,38,True,London  (07-12),Wednesday,7
2024-04-03 17:15:00+00:00,2024-04-03 20:30:00+00:00,22.805043945312498,-1,14,True,NY      (16-22),Wednesday,17
2024-04-03 20:45:00+00:00,2024-04-04 01:00:00+00:00,15.6099755859375,1,18,True,NY      (16-22),Wednesday,20
2024-04-04 01:15:00+00:00,2024-04-04 04:00:00+00:00,30.319936523437498,-1,12,True,Asia    (00-07),Thursday,1
2024-04-04 04:15:00+00:00,2024-04-04 20:45:00+00:00,27.374990234374998,1,67,True,Asia    (00-07),Thursday,4
2024-04-04 21:00:00+00:00,2024-04-05 12:30:00+00:00,40.8250634765625,-1,63,True,NY      (16-22),Thursday,21
2024-04-05 12:45:00+00:00,2024-04-05 21:15:00+00:00,47.665029296875,1,35,True,Overlap (12-16),Friday,12
2024-04-05 21:30:00+00:00,2024-04-06 00:00:00+00:00,8.61498046875,-1,11,True,NY      (16-22),Friday,21
2024-04-06 00:15:00+00:00,2024-04-06 07:00:00+00:00,7.1199853515625,1,28,True,Asia    (00-07),Saturday,0
2024-04-06 07:15:00+00:00,2024-04-06 07:45:00+00:00,0.3200585937499998,-1,3,True,London  (07-12),Saturday,7
2024-04-06 08:00:00+00:00,2024-04-07 06:00:00+00:00,30.065053710937498,1,89,True,London  (07-12),Saturday,8
2024-04-07 06:15:00+00:00,2024-04-07 09:15:00+00:00,1.5550439453124998,-1,13,True,Asia    (00-07),Sunday,6
2024-04-07 09:30:00+00:00,2024-04-07 15:00:00+00:00,11.395009765625,1,23,True,London  (07-12),Sunday,9
2024-04-07 15:15:00+00:00,2024-04-07 20:00:00+00:00,8.624990234375,-1,20,True,Overlap (12-16),Sunday,15
2024-04-07 20:15:00+00:00,2024-04-08 02:00:00+00:00,13.8900048828125,1,24,True,NY      (16-22),Sunday,20
2024-04-08 02:15:00+00:00,2024-04-08 04:00:00+00:00,0.9949853515624998,-1,8,True,Asia    (00-07),Monday,2
2024-04-08 04:15:00+00:00,2024-04-08 15:15:00+00:00,101.47496582031249,1,45,True,Asia    (00-07),Monday,4
2024-04-08 15:30:00+00:00,2024-04-08 15:45:00+00:00,-3.7550146484375,-1,2,False,Overlap (12-16),Monday,15
2024-04-08 16:00:00+00:00,2024-04-08 20:15:00+00:00,25.734975585937498,1,18,True,NY      (16-22),Monday,16
2024-04-08 20:30:00+00:00,2024-04-09 08:15:00+00:00,36.4349267578125,-1,48,True,NY      (16-22),Monday,20
2024-04-09 08:30:00+00:00,2024-04-09 12:00:00+00:00,8.314931640625,1,15,True,London  (07-12),Tuesday,8
2024-04-09 12:15:00+00:00,2024-04-10 00:45:00+00:00,59.01500488281249,-1,51,True,Overlap (12-16),Tuesday,12
2024-04-10 01:00:00+00:00,2024-04-10 02:00:00+00:00,9.0250146484375,1,5,True,Asia    (00-07),Wednesday,1
2024-04-10 02:15:00+00:00,2024-04-10 03:00:00+00:00,19.729970703124998,-1,4,True,Asia    (00-07),Wednesday,2
2024-04-10 03:15:00+00:00,2024-04-10 10:00:00+00:00,13.920034179687498,1,28,True,Asia    (00-07),Wednesday,3
2024-04-10 10:15:00+00:00,2024-04-10 12:30:00+00:00,35.01,-1,10,True,London  (07-12),Wednesday,10
2024-04-10 12:45:00+00:00,2024-04-10 14:15:00+00:00,13.4100244140625,1,7,True,Overlap (12-16),Wednesday,12
2024-04-10 14:30:00+00:00,2024-04-10 16:00:00+00:00,-4.524912109375,-1,7,False,Overlap (12-16),Wednesday,14
2024-04-10 16:15:00+00:00,2024-04-10 20:45:00+00:00,15.175039062499998,1,19,True,NY      (16-22),Wednesday,16
2024-04-10 21:00:00+00:00,2024-04-10 21:00:00+00:00,0.015004882812499787,-1,1,True,NY      (16-22),Wednesday,21
2024-04-10 21:15:00+00:00,2024-04-11 09:00:00+00:00,42.15501953125,1,48,True,NY      (16-22),Wednesday,21
2024-04-11 09:15:00+00:00,2024-04-11 09:45:00+00:00,7.229970703125,-1,3,True,London  (07-12),Thursday,9
2024-04-11 10:00:00+00:00,2024-04-11 10:00:00+00:00,-6.2950537109375,1,1,False,London  (07-12),Thursday,10
2024-04-11 10:15:00+00:00,2024-04-11 11:30:00+00:00,10.385,-1,6,True,London  (07-12),Thursday,10
2024-04-11 11:45:00+00:00,2024-04-11 13:00:00+00:00,6.9500634765625,1,6,True,London  (07-12),Thursday,11
2024-04-11 13:15:00+00:00,2024-04-11 13:45:00+00:00,16.550039062499998,-1,3,True,Overlap (12-16),Thursday,13
2024-04-11 14:00:00+00:00,2024-04-11 14:15:00+00:00,-17.140024414062502,1,2,False,Overlap (12-16),Thursday,14
2024-04-11 14:30:00+00:00,2024-04-12 00:00:00+00:00,-10.084970703125,-1,39,False,Overlap (12-16),Thursday,14
2024-04-12 00:15:00+00:00,2024-04-12 04:15:00+00:00,10.4400537109375,1,17,True,Asia    (00-07),Friday,0
2024-04-12 04:30:00+00:00,2024-04-12 08:00:00+00:00,4.080068359375,-1,15,True,Asia    (00-07),Friday,4
2024-04-12 08:15:00+00:00,2024-04-12 12:00:00+00:00,-1.8449804687500002,1,16,False,London  (07-12),Friday,8
2024-04-12 12:15:00+00:00,2024-04-12 21:15:00+00:00,150.165029296875,-1,37,True,Overlap (12-16),Friday,12
2024-04-12 21:30:00+00:00,2024-04-13 02:30:00+00:00,-7.429941406250002,1,21,False,NY      (16-22),Friday,21
2024-04-13 02:45:00+00:00,2024-04-13 04:15:00+00:00,-15.584970703125,-1,7,False,Asia    (00-07),Saturday,2
2024-04-13 04:30:00+00:00,2024-04-13 17:45:00+00:00,-24.079965820312502,1,54,False,Asia    (00-07),Saturday,4
2024-04-13 18:00:00+00:00,2024-04-13 18:15:00+00:00,-15.084970703125,-1,2,False,NY      (16-22),Saturday,18
2024-04-13 18:30:00+00:00,2024-04-13 19:00:00+00:00,-2.895029296875,1,3,False,NY      (16-22),Saturday,18
2024-04-13 19:15:00+00:00,2024-04-14 00:15:00+00:00,123.19493652343749,-1,21,True,NY      (16-22),Saturday,19
2024-04-14 00:30:00+00:00,2024-04-14 02:00:00+00:00,6.3199365234375,1,7,True,Asia    (00-07),Sunday,0
2024-04-14 02:15:00+00:00,2024-04-14 03:00:00+00:00,32.78490234375,-1,4,True,Asia    (00-07),Sunday,2
2024-04-14 03:15:00+00:00,2024-04-14 08:45:00+00:00,74.76500488281249,1,23,True,Asia    (00-07),Sunday,3
2024-04-14 09:00:00+00:00,2024-04-14 09:30:00+00:00,14.07005859375,-1,3,True,London  (07-12),Sunday,9
2024-04-14 09:45:00+00:00,2024-04-14 10:15:00+00:00,1.5250146484374998,1,3,True,London  (07-12),Sunday,9
2024-04-14 10:30:00+00:00,2024-04-14 11:30:00+00:00,13.5799462890625,-1,5,True,London  (07-12),Sunday,10
2024-04-14 11:45:00+00:00,2024-04-14 15:45:00+00:00,19.694936523437498,1,17,True,London  (07-12),Sunday,11
2024-04-14 16:00:00+00:00,2024-04-14 16:00:00+00:00,-9.8299658203125,-1,1,False,NY      (16-22),Sunday,16
2024-04-14 16:15:00+00:00,2024-04-15 01:00:00+00:00,18.374990234374998,1,36,True,NY      (16-22),Sunday,16
2024-04-15 01:15:00+00:00,2024-04-15 04:30:00+00:00,-15.604990234375002,-1,14,False,Asia    (00-07),Monday,1
2024-04-15 04:45:00+00:00,2024-04-15 12:15:00+00:00,44.9400537109375,1,31,True,Asia    (00-07),Monday,4
2024-04-15 12:30:00+00:00,2024-04-15 13:45:00+00:00,17.315053710937498,-1,6,True,Overlap (12-16),Monday,12
2024-04-15 14:00:00+00:00,2024-04-15 16:00:00+00:00,-16.534921875000002,1,9,False,Overlap (12-16),Monday,14
2024-04-15 16:15:00+00:00,2024-04-15 17:30:00+00:00,31.050039062499998,-1,6,True,NY      (16-22),Monday,16
2024-04-15 17:45:00+00:00,2024-04-15 17:45:00+00:00,6.080068359375,1,1,True,NY      (16-22),Monday,17
2024-04-15 18:00:00+00:00,2024-04-15 21:00:00+00:00,7.879995117187498,-1,13,True,NY      (16-22),Monday,18
2024-04-15 21:15:00+00:00,2024-04-15 23:30:00+00:00,3.479970703125,1,10,True,NY      (16-22),Monday,21
2024-04-15 23:45:00+00:00,2024-04-16 02:15:00+00:00,21.830068359374998,-1,11,True,Off     (22-00),Monday,23
2024-04-16 02:30:00+00:00,2024-04-16 03:00:00+00:00,16.230092773437498,1,3,True,Asia    (00-07),Tuesday,2
2024-04-16 03:15:00+00:00,2024-04-16 04:00:00+00:00,21.655019531249998,-1,4,True,Asia    (00-07),Tuesday,3
2024-04-16 04:15:00+00:00,2024-04-16 08:15:00+00:00,17.910024414062498,1,17,True,Asia    (00-07),Tuesday,4
2024-04-16 08:30:00+00:00,2024-04-16 16:15:00+00:00,33.3900048828125,-1,32,True,London  (07-12),Tuesday,8
2024-04-16 16:30:00+00:00,2024-04-17 02:15:00+00:00,29.129995117187498,1,40,True,NY      (16-22),Tuesday,16
2024-04-17 02:30:00+00:00,2024-04-17 15:00:00+00:00,60.435048828125,-1,51,True,Asia    (00-07),Wednesday,2
2024-04-17 15:15:00+00:00,2024-04-17 20:45:00+00:00,6.839956054687498,1,23,True,Overlap (12-16),Wednesday,15
2024-04-17 21:00:00+00:00,2024-04-18 00:15:00+00:00,0.209951171874998,-1,14,True,NY      (16-22),Wednesday,21
2024-04-18 00:30:00+00:00,2024-04-18 05:00:00+00:00,20.114980468749998,1,19,True,Asia    (00-07),Thursday,0
2024-04-18 05:15:00+00:00,2024-04-18 06:15:00+00:00,17.119985351562498,-1,5,True,Asia    (00-07),Thursday,5
2024-04-18 06:30:00+00:00,2024-04-18 17:15:00+00:00,37.6199853515625,1,44,True,Asia    (00-07),Thursday,6
2024-04-18 17:30:00+00:00,2024-04-19 02:15:00+00:00,85.92503906249999,-1,36,True,NY      (16-22),Thursday,17
2024-04-19 02:30:00+00:00,2024-04-19 03:30:00+00:00,51.830068359375,1,5,True,Asia    (00-07),Friday,2
2024-04-19 03:45:00+00:00,2024-04-19 04:00:00+00:00,-8.6949560546875,-1,2,False,Asia    (00-07),Friday,3
2024-04-19 04:15:00+00:00,2024-04-19 07:45:00+00:00,40.999990234375,1,15,True,Asia    (00-07),Friday,4
2024-04-19 08:00:00+00:00,2024-04-19 08:30:00+00:00,-9.435068359375,-1,3,False,London  (07-12),Friday,8
2024-04-19 08:45:00+00:00,2024-04-19 12:00:00+00:00,0.4150292968749998,1,14,True,London  (07-12),Friday,8
2024-04-19 12:15:00+00:00,2024-04-19 17:00:00+00:00,14.910024414062498,-1,20,True,Overlap (12-16),Friday,12
2024-04-19 17:15:00+00:00,2024-04-19 20:00:00+00:00,7.2199609375,1,12,True,NY      (16-22),Friday,17
2024-04-19 20:15:00+00:00,2024-04-20 01:15:00+00:00,21.175039062499998,-1,21,True,NY      (16-22),Friday,20
2024-04-20 01:30:00+00:00,2024-04-20 08:00:00+00:00,2.1050927734375,1,27,True,Asia    (00-07),Saturday,1
2024-04-20 08:15:00+00:00,2024-04-20 12:30:00+00:00,-8.0899755859375,-1,18,False,London  (07-12),Saturday,8
2024-04-20 12:45:00+00:00,2024-04-20 23:30:00+00:00,44.5500390625,1,44,True,Overlap (12-16),Saturday,12
2024-04-20 23:45:00+00:00,2024-04-21 00:00:00+00:00,1.0950830078124998,-1,2,True,Off     (22-00),Saturday,23
2024-04-21 00:15:00+00:00,2024-04-21 08:15:00+00:00,12.660024414062498,1,33,True,Asia    (00-07),Sunday,0
2024-04-21 08:30:00+00:00,2024-04-21 13:45:00+00:00,14.2049462890625,-1,22,True,London  (07-12),Sunday,8
2024-04-21 14:00:00+00:00,2024-04-21 16:00:00+00:00,-6.6200048828125,1,9,False,Overlap (12-16),Sunday,14
2024-04-21 16:15:00+00:00,2024-04-21 21:30:00+00:00,-7.7249853515625,-1,22,False,NY      (16-22),Sunday,16
2024-04-21 21:45:00+00:00,2024-04-22 10:00:00+00:00,33.4000146484375,1,50,True,NY      (16-22),Sunday,21
2024-04-22 10:15:00+00:00,2024-04-22 12:00:00+00:00,9.2100732421875,-1,8,True,London  (07-12),Monday,10
2024-04-22 12:15:00+00:00,2024-04-22 12:30:00+00:00,0.7050683593749998,1,2,True,Overlap (12-16),Monday,12
2024-04-22 12:45:00+00:00,2024-04-22 16:15:00+00:00,5.57005859375,-1,15,True,Overlap (12-16),Monday,12
2024-04-22 16:30:00+00:00,2024-04-23 00:00:00+00:00,7.1800439453125,1,31,True,NY      (16-22),Monday,16
2024-04-23 00:15:00+00:00,2024-04-23 08:45:00+00:00,15.845083007812498,-1,35,True,Asia    (00-07),Tuesday,0
2024-04-23 09:00:00+00:00,2024-04-24 12:00:00+00:00,53.53001953125,1,109,True,London  (07-12),Tuesday,9
2024-04-24 12:15:00+00:00,2024-04-24 14:15:00+00:00,25.669912109374998,-1,9,True,Overlap (12-16),Wednesday,12
2024-04-24 14:30:00+00:00,2024-04-24 15:00:00+00:00,-11.625009765625002,1,3,False,Overlap (12-16),Wednesday,14
2024-04-24 15:15:00+00:00,2024-04-24 19:00:00+00:00,32.2100732421875,-1,16,True,Overlap (12-16),Wednesday,15
2024-04-24 19:15:00+00:00,2024-04-24 19:45:00+00:00,-3.750009765625,1,3,False,NY      (16-22),Wednesday,19
2024-04-24 20:00:00+00:00,2024-04-24 21:00:00+00:00,-0.3750097656250002,-1,5,False,NY      (16-22),Wednesday,20
2024-04-24 21:15:00+00:00,2024-04-25 06:00:00+00:00,14.119985351562498,1,36,True,NY      (16-22),Wednesday,21
2024-04-25 06:15:00+00:00,2024-04-25 12:15:00+00:00,14.794912109375,-1,25,True,Asia    (00-07),Thursday,6
2024-04-25 12:30:00+00:00,2024-04-25 20:45:00+00:00,19.969960937499998,1,34,True,Overlap (12-16),Thursday,12
2024-04-25 21:00:00+00:00,2024-04-26 11:00:00+00:00,20.665029296874998,-1,57,True,NY      (16-22),Thursday,21
2024-04-26 11:15:00+00:00,2024-04-26 12:15:00+00:00,2.0650537109375,1,5,True,London  (07-12),Friday,11
2024-04-26 12:30:00+00:00,2024-04-26 16:15:00+00:00,5.504995117187498,-1,16,True,Overlap (12-16),Friday,12
2024-04-26 16:30:00+00:00,2024-04-27 00:00:00+00:00,6.0999658203125,1,31,True,NY      (16-22),Friday,16
2024-04-27 00:15:00+00:00,2024-04-27 03:15:00+00:00,5.739980468749998,-1,13,True,Asia    (00-07),Saturday,0
2024-04-27 03:30:00+00:00,2024-04-28 00:15:00+00:00,66.98998046874999,1,84,True,Asia    (00-07),Saturday,3
2024-04-28 00:30:00+00:00,2024-04-28 02:00:00+00:00,-6.24,-1,7,False,Asia    (00-07),Sunday,0
2024-04-28 02:15:00+00:00,2024-04-28 07:00:00+00:00,29.864980468749998,1,20,True,Asia    (00-07),Sunday,2
2024-04-28 07:15:00+00:00,2024-04-28 10:00:00+00:00,14.2249658203125,-1,12,True,London  (07-12),Sunday,7
2024-04-28 10:15:00+00:00,2024-04-28 11:00:00+00:00,-5.99,1,4,False,London  (07-12),Sunday,10
2024-04-28 11:15:00+00:00,2024-04-28 12:15:00+00:00,-1.4549658203125002,-1,5,False,London  (07-12),Sunday,11
2024-04-28 12:30:00+00:00,2024-04-28 16:00:00+00:00,13.8050439453125,1,15,True,Overlap (12-16),Sunday,12
2024-04-28 16:15:00+00:00,2024-04-29 04:45:00+00:00,58.165029296875,-1,51,True,NY      (16-22),Sunday,16
2024-04-29 05:00:00+00:00,2024-04-29 08:30:00+00:00,-17.334970703125002,1,15,False,Asia    (00-07),Monday,5
2024-04-29 08:45:00+00:00,2024-04-29 12:00:00+00:00,-0.4900000000000002,-1,14,False,London  (07-12),Monday,8
2024-04-29 12:15:00+00:00,2024-04-29 16:00:00+00:00,4.3799951171875,1,16,True,Overlap (12-16),Monday,12
2024-04-29 16:15:00+00:00,2024-04-29 17:00:00+00:00,6.2750146484375,-1,4,True,NY      (16-22),Monday,16
2024-04-29 17:15:00+00:00,2024-04-30 01:15:00+00:00,28.124990234374998,1,33,True,NY      (16-22),Monday,17
2024-04-30 01:30:00+00:00,2024-04-30 06:30:00+00:00,24.009999999999998,-1,21,True,Asia    (00-07),Tuesday,1
2024-04-30 06:45:00+00:00,2024-04-30 09:15:00+00:00,-54.63501953125,1,11,False,Asia    (00-07),Tuesday,6
2024-04-30 09:30:00+00:00,2024-04-30 20:15:00+00:00,52.09996582031249,-1,44,True,London  (07-12),Tuesday,9
2024-04-30 20:30:00+00:00,2024-05-01 02:45:00+00:00,12.03001953125,1,26,True,NY      (16-22),Tuesday,20
2024-05-01 03:00:00+00:00,2024-05-01 03:15:00+00:00,-4.24,-1,2,False,Asia    (00-07),Wednesday,3
2024-05-01 03:30:00+00:00,2024-05-01 05:00:00+00:00,3.0899560546875,1,7,True,Asia    (00-07),Wednesday,3
2024-05-01 05:15:00+00:00,2024-05-01 08:00:00+00:00,64.97496582031249,-1,12,True,Asia    (00-07),Wednesday,5
2024-05-01 08:15:00+00:00,2024-05-01 13:00:00+00:00,19.954946289062498,1,20,True,London  (07-12),Wednesday,8
2024-05-01 13:15:00+00:00,2024-05-01 16:15:00+00:00,1.3649804687499998,-1,13,True,Overlap (12-16),Wednesday,13
2024-05-01 16:30:00+00:00,2024-05-02 01:15:00+00:00,16.830068359374998,1,36,True,NY      (16-22),Wednesday,16
2024-05-02 01:30:00+00:00,2024-05-02 01:30:00+00:00,16.210073242187498,-1,1,True,Asia    (00-07),Thursday,1
2024-05-02 01:45:00+00:00,2024-05-02 21:15:00+00:00,41.5250146484375,1,79,True,Asia    (00-07),Thursday,1
2024-05-02 21:30:00+00:00,2024-05-03 01:30:00+00:00,-11.4950048828125,-1,17,False,NY      (16-22),Thursday,21
2024-05-03 01:45:00+00:00,2024-05-03 04:00:00+00:00,-1.8599951171875002,1,10,False,Asia    (00-07),Friday,1
2024-05-03 04:15:00+00:00,2024-05-03 08:00:00+00:00,17.734975585937498,-1,16,True,Asia    (00-07),Friday,4
2024-05-03 08:15:00+00:00,2024-05-03 22:30:00+00:00,65.64500976562499,1,58,True,London  (07-12),Friday,8
2024-05-03 22:45:00+00:00,2024-05-03 22:45:00+00:00,-0.9499609375000002,-1,1,False,Off     (22-00),Friday,22
2024-05-03 23:00:00+00:00,2024-05-04 06:15:00+00:00,3.0250146484375,1,30,True,Off     (22-00),Friday,23
2024-05-04 06:30:00+00:00,2024-05-04 07:30:00+00:00,5.8000390625,-1,5,True,Asia    (00-07),Saturday,6
2024-05-04 07:45:00+00:00,2024-05-04 12:30:00+00:00,20.020009765624998,1,20,True,London  (07-12),Saturday,7
2024-05-04 12:45:00+00:00,2024-05-04 16:00:00+00:00,9.3599755859375,-1,14,True,Overlap (12-16),Saturday,12
2024-05-04 16:15:00+00:00,2024-05-04 20:15:00+00:00,7.11498046875,1,17,True,NY      (16-22),Saturday,16
2024-05-04 20:30:00+00:00,2024-05-05 06:15:00+00:00,21.900014648437498,-1,40,True,NY      (16-22),Saturday,20
2024-05-05 06:30:00+00:00,2024-05-05 16:00:00+00:00,34.354970703125,1,39,True,Asia    (00-07),Sunday,6
2024-05-05 16:15:00+00:00,2024-05-06 04:30:00+00:00,12.114980468749998,-1,50,True,NY      (16-22),Sunday,16
2024-05-06 04:45:00+00:00,2024-05-06 09:00:00+00:00,30.075063476562498,1,18,True,Asia    (00-07),Monday,4
2024-05-06 09:15:00+00:00,2024-05-06 10:30:00+00:00,24.515004882812498,-1,6,True,London  (07-12),Monday,9
2024-05-06 10:45:00+00:00,2024-05-06 11:15:00+00:00,0.05492187499999979,1,3,True,London  (07-12),Monday,10
2024-05-06 11:30:00+00:00,2024-05-06 11:30:00+00:00,1.1799218749999998,-1,1,True,London  (07-12),Monday,11
2024-05-06 11:45:00+00:00,2024-05-06 12:45:00+00:00,-23.795053710937502,1,5,False,London  (07-12),Monday,11
2024-05-06 13:00:00+00:00,2024-05-06 15:00:00+00:00,15.2349755859375,-1,9,True,Overlap (12-16),Monday,13
2024-05-06 15:15:00+00:00,2024-05-06 15:45:00+00:00,8.3900048828125,1,3,True,Overlap (12-16),Monday,15
2024-05-06 16:00:00+00:00,2024-05-07 03:15:00+00:00,23.239980468749998,-1,46,True,NY      (16-22),Monday,16
2024-05-07 03:30:00+00:00,2024-05-07 10:30:00+00:00,28.134999999999998,1,29,True,Asia    (00-07),Tuesday,3
2024-05-07 10:45:00+00:00,2024-05-07 12:00:00+00:00,10.4500634765625,-1,6,True,London  (07-12),Tuesday,10
2024-05-07 12:15:00+00:00,2024-05-07 16:00:00+00:00,-1.7598974609375002,1,16,False,Overlap (12-16),Tuesday,12
2024-05-07 16:15:00+00:00,2024-05-08 00:00:00+00:00,25.765004882812498,-1,32,True,NY      (16-22),Tuesday,16
2024-05-08 00:15:00+00:00,2024-05-08 04:00:00+00:00,4.94994140625,1,16,True,Asia    (00-07),Wednesday,0
2024-05-08 04:15:00+00:00,2024-05-08 08:00:00+00:00,15.7549951171875,-1,16,True,Asia    (00-07),Wednesday,4
2024-05-08 08:15:00+00:00,2024-05-08 20:00:00+00:00,-7.734995117187502,1,48,False,London  (07-12),Wednesday,8
2024-05-08 20:15:00+00:00,2024-05-09 12:30:00+00:00,-3.9100439453125,-1,66,False,NY      (16-22),Wednesday,20
2024-05-09 12:45:00+00:00,2024-05-10 00:30:00+00:00,16.504995117187498,1,48,True,Overlap (12-16),Thursday,12
2024-05-10 00:45:00+00:00,2024-05-10 04:30:00+00:00,-3.9149267578125,-1,16,False,Asia    (00-07),Friday,0
2024-05-10 04:45:00+00:00,2024-05-10 10:00:00+00:00,-3.0899755859375,1,22,False,Asia    (00-07),Friday,4
2024-05-10 10:15:00+00:00,2024-05-10 20:30:00+00:00,64.55504394531249,-1,42,True,London  (07-12),Friday,10
2024-05-10 20:45:00+00:00,2024-05-11 10:30:00+00:00,4.3150537109375,1,56,True,NY      (16-22),Friday,20
2024-05-11 10:45:00+00:00,2024-05-11 13:00:00+00:00,-3.42994140625,-1,10,False,London  (07-12),Saturday,10
2024-05-11 13:15:00+00:00,2024-05-11 20:00:00+00:00,6.9600732421875,1,28,True,Overlap (12-16),Saturday,13
2024-05-11 20:15:00+00:00,2024-05-12 00:15:00+00:00,1.3050439453124998,-1,17,True,NY      (16-22),Saturday,20
2024-05-12 00:30:00+00:00,2024-05-12 01:00:00+00:00,-3.020029296875,1,3,False,Asia    (00-07),Sunday,0
2024-05-12 01:15:00+00:00,2024-05-12 02:30:00+00:00,-2.21509765625,-1,6,False,Asia    (00-07),Sunday,1
2024-05-12 02:45:00+00:00,2024-05-12 05:45:00+00:00,0.6799218749999998,1,13,True,Asia    (00-07),Sunday,2
2024-05-12 06:00:00+00:00,2024-05-12 08:45:00+00:00,2.57494140625,-1,12,True,Asia    (00-07),Sunday,6
2024-05-12 09:00:00+00:00,2024-05-12 16:00:00+00:00,10.135,1,29,True,London  (07-12),Sunday,9
2024-05-12 16:15:00+00:00,2024-05-12 21:00:00+00:00,6.1400048828125,-1,20,True,NY      (16-22),Sunday,16
2024-05-12 21:15:00+00:00,2024-05-13 01:00:00+00:00,0.9150292968749998,1,16,True,NY      (16-22),Sunday,21
2024-05-13 01:15:00+00:00,2024-05-13 05:00:00+00:00,16.035024414062498,-1,16,True,Asia    (00-07),Monday,1
2024-05-13 05:15:00+00:00,2024-05-13 05:30:00+00:00,-7.38501953125,1,2,False,Asia    (00-07),Monday,5
2024-05-13 05:45:00+00:00,2024-05-13 06:00:00+00:00,-3.729990234375,-1,2,False,Asia    (00-07),Monday,5
2024-05-13 06:15:00+00:00,2024-05-13 12:45:00+00:00,37.2449853515625,1,27,True,Asia    (00-07),Monday,6
2024-05-13 13:00:00+00:00,2024-05-14 18:00:00+00:00,38.270009765625,-1,117,True,Overlap (12-16),Monday,13
2024-05-14 18:15:00+00:00,2024-05-14 22:00:00+00:00,2.9500634765625,1,16,True,NY      (16-22),Tuesday,18
2024-05-14 22:15:00+00:00,2024-05-15 00:45:00+00:00,10.249990234375,-1,11,True,Off     (22-00),Tuesday,22
2024-05-15 01:00:00+00:00,2024-05-15 10:15:00+00:00,21.719960937499998,1,38,True,Asia    (00-07),Wednesday,1
2024-05-15 10:30:00+00:00,2024-05-15 12:00:00+00:00,4.86498046875,-1,7,True,London  (07-12),Wednesday,10
2024-05-15 12:15:00+00:00,2024-05-16 01:15:00+00:00,54.459951171875,1,53,True,Overlap (12-16),Wednesday,12
2024-05-16 01:30:00+00:00,2024-05-16 14:30:00+00:00,27.339956054687498,-1,53,True,Asia    (00-07),Thursday,1
2024-05-16 14:45:00+00:00,2024-05-16 16:00:00+00:00,-4.51001953125,1,6,False,Overlap (12-16),Thursday,14
2024-05-16 16:15:00+00:00,2024-05-16 22:00:00+00:00,11.1600244140625,-1,24,True,NY      (16-22),Thursday,16
2024-05-16 22:15:00+00:00,2024-05-17 09:00:00+00:00,51.5049951171875,1,44,True,Off     (22-00),Thursday,22
2024-05-17 09:15:00+00:00,2024-05-17 13:45:00+00:00,-15.135019531250002,-1,19,False,London  (07-12),Friday,9
2024-05-17 14:00:00+00:00,2024-05-17 16:15:00+00:00,20.520009765624998,1,10,True,Overlap (12-16),Friday,14
2024-05-17 16:30:00+00:00,2024-05-17 18:00:00+00:00,13.979970703125,-1,7,True,NY      (16-22),Friday,16
2024-05-17 18:15:00+00:00,2024-05-17 18:30:00+00:00,1.2249658203124998,1,2,True,NY      (16-22),Friday,18
2024-05-17 18:45:00+00:00,2024-05-17 19:15:00+00:00,-4.7450048828125,-1,3,False,NY      (16-22),Friday,18
2024-05-17 19:30:00+00:00,2024-05-17 19:30:00+00:00,-1.0000097656250002,1,1,False,NY      (16-22),Friday,19
2024-05-17 19:45:00+00:00,2024-05-18 00:30:00+00:00,-4.209970703125,-1,20,False,NY      (16-22),Friday,19
2024-05-18 00:45:00+00:00,2024-05-18 12:15:00+00:00,16.725087890624998,1,47,True,Asia    (00-07),Saturday,0
2024-05-18 12:30:00+00:00,2024-05-18 12:45:00+00:00,3.3900048828125,-1,2,True,Overlap (12-16),Saturday,12
2024-05-18 13:00:00+00:00,2024-05-18 14:30:00+00:00,-11.1900732421875,1,7,False,Overlap (12-16),Saturday,13
2024-05-18 14:45:00+00:00,2024-05-18 15:30:00+00:00,-8.895029296875,-1,4,False,Overlap (12-16),Saturday,14
2024-05-18 15:45:00+00:00,2024-05-18 20:15:00+00:00,1.1049707031249998,1,19,True,Overlap (12-16),Saturday,15
2024-05-18 20:30:00+00:00,2024-05-18 23:15:00+00:00,-2.46998046875,-1,12,False,NY      (16-22),Saturday,20
2024-05-18 23:30:00+00:00,2024-05-18 23:45:00+00:00,-1.0949804687500002,1,2,False,Off     (22-00),Saturday,23
2024-05-19 00:00:00+00:00,2024-05-19 00:45:00+00:00,2.4949853515625,-1,4,True,Asia    (00-07),Sunday,0
2024-05-19 01:00:00+00:00,2024-05-19 04:00:00+00:00,2.624990234375,1,13,True,Asia    (00-07),Sunday,1
2024-05-19 04:15:00+00:00,2024-05-19 13:00:00+00:00,20.214956054687498,-1,36,True,Asia    (00-07),Sunday,4
2024-05-19 13:15:00+00:00,2024-05-19 14:00:00+00:00,-0.1400244140625002,1,4,False,Overlap (12-16),Sunday,13
2024-05-19 14:15:00+00:00,2024-05-19 20:45:00+00:00,1.2349755859374998,-1,27,True,Overlap (12-16),Sunday,14
2024-05-19 21:00:00+00:00,2024-05-21 12:30:00+00:00,349.07494140625,1,159,True,NY      (16-22),Sunday,21
2024-05-21 12:45:00+00:00,2024-05-21 14:45:00+00:00,-1.405039062500002,-1,9,False,Overlap (12-16),Tuesday,12
2024-05-21 15:00:00+00:00,2024-05-21 15:15:00+00:00,9.0250146484375,1,2,True,Overlap (12-16),Tuesday,15
2024-05-21 15:30:00+00:00,2024-05-21 17:00:00+00:00,29.469960937499998,-1,7,True,Overlap (12-16),Tuesday,15
2024-05-21 17:15:00+00:00,2024-05-21 17:30:00+00:00,-1.7050878906250002,1,2,False,NY      (16-22),Tuesday,17
2024-05-21 17:45:00+00:00,2024-05-22 12:30:00+00:00,27.939931640624998,-1,76,True,NY      (16-22),Tuesday,17
2024-05-22 12:45:00+00:00,2024-05-22 17:00:00+00:00,38.0949609375,1,18,True,Overlap (12-16),Wednesday,12
2024-05-22 17:15:00+00:00,2024-05-22 21:00:00+00:00,12.0350244140625,-1,16,True,NY      (16-22),Wednesday,17
2024-05-22 21:15:00+00:00,2024-05-22 22:15:00+00:00,13.340078124999998,1,5,True,NY      (16-22),Wednesday,21
2024-05-22 22:30:00+00:00,2024-05-23 00:45:00+00:00,-3.209970703125,-1,10,False,Off     (22-00),Wednesday,22
2024-05-23 01:00:00+00:00,2024-05-23 12:15:00+00:00,83.94493652343749,1,46,True,Asia    (00-07),Thursday,1
2024-05-23 12:30:00+00:00,2024-05-23 13:45:00+00:00,73.65990234374999,-1,6,True,Overlap (12-16),Thursday,12
2024-05-23 14:00:00+00:00,2024-05-23 14:15:00+00:00,9.804921874999998,1,2,True,Overlap (12-16),Thursday,14
2024-05-23 14:30:00+00:00,2024-05-23 14:45:00+00:00,18.614980468749998,-1,2,True,Overlap (12-16),Thursday,14
2024-05-23 15:00:00+00:00,2024-05-23 15:15:00+00:00,24.690053710937498,1,2,True,Overlap (12-16),Thursday,15
2024-05-23 15:30:00+00:00,2024-05-24 08:15:00+00:00,86.83006835937499,-1,68,True,Overlap (12-16),Thursday,15
2024-05-24 08:30:00+00:00,2024-05-24 12:00:00+00:00,38.060048828125,1,15,True,London  (07-12),Friday,8
2024-05-24 12:15:00+00:00,2024-05-24 17:00:00+00:00,18.259999999999998,-1,20,True,Overlap (12-16),Friday,12
2024-05-24 17:15:00+00:00,2024-05-24 23:00:00+00:00,25.499990234374998,1,24,True,NY      (16-22),Friday,17
2024-05-24 23:15:00+00:00,2024-05-25 03:30:00+00:00,-3.4449560546875,-1,18,False,Off     (22-00),Friday,23
2024-05-25 03:45:00+00:00,2024-05-25 06:15:00+00:00,7.415029296875,1,11,True,Asia    (00-07),Saturday,3
2024-05-25 06:30:00+00:00,2024-05-25 14:15:00+00:00,7.1099755859375,-1,32,True,Asia    (00-07),Saturday,6
2024-05-25 14:30:00+00:00,2024-05-25 20:00:00+00:00,5.69994140625,1,23,True,Overlap (12-16),Saturday,14
2024-05-25 20:15:00+00:00,2024-05-26 01:00:00+00:00,-2.2000830078125,-1,20,False,NY      (16-22),Saturday,20
2024-05-26 01:15:00+00:00,2024-05-26 15:15:00+00:00,56.69994140625,1,57,True,Asia    (00-07),Sunday,1
2024-05-26 15:30:00+00:00,2024-05-26 16:00:00+00:00,9.999990234374998,-1,3,True,Overlap (12-16),Sunday,15
2024-05-26 16:15:00+00:00,2024-05-26 20:15:00+00:00,5.8499658203125,1,17,True,NY      (16-22),Sunday,16
2024-05-26 20:30:00+00:00,2024-05-27 00:00:00+00:00,11.834951171874998,-1,15,True,NY      (16-22),Sunday,20
2024-05-27 00:15:00+00:00,2024-05-27 06:00:00+00:00,35.8699853515625,1,24,True,Asia    (00-07),Monday,0
2024-05-27 06:15:00+00:00,2024-05-27 06:45:00+00:00,6.3250634765625,-1,3,True,Asia    (00-07),Monday,6
2024-05-27 07:00:00+00:00,2024-05-27 08:00:00+00:00,12.8050439453125,1,5,True,London  (07-12),Monday,7
2024-05-27 08:15:00+00:00,2024-05-27 12:00:00+00:00,12.1199853515625,-1,16,True,London  (07-12),Monday,8
2024-05-27 12:15:00+00:00,2024-05-27 16:00:00+00:00,32.8050439453125,1,16,True,Overlap (12-16),Monday,12
2024-05-27 16:15:00+00:00,2024-05-27 19:45:00+00:00,43.9300439453125,-1,15,True,NY      (16-22),Monday,16
2024-05-27 20:00:00+00:00,2024-05-28 00:00:00+00:00,4.145009765625,1,17,True,NY      (16-22),Monday,20
2024-05-28 00:15:00+00:00,2024-05-28 03:30:00+00:00,22.634999999999998,-1,14,True,Asia    (00-07),Tuesday,0
2024-05-28 03:45:00+00:00,2024-05-28 04:45:00+00:00,-2.3299658203125,1,5,False,Asia    (00-07),Tuesday,3
2024-05-28 05:00:00+00:00,2024-05-28 08:00:00+00:00,-14.01490234375,-1,13,False,Asia    (00-07),Tuesday,5
2024-05-28 08:15:00+00:00,2024-05-28 12:30:00+00:00,16.080068359374998,1,18,True,London  (07-12),Tuesday,8
2024-05-28 12:45:00+00:00,2024-05-28 14:15:00+00:00,10.40501953125,-1,7,True,Overlap (12-16),Tuesday,12
2024-05-28 14:30:00+00:00,2024-05-28 16:00:00+00:00,-8.645029296875002,1,7,False,Overlap (12-16),Tuesday,14
2024-05-28 16:15:00+00:00,2024-05-29 02:30:00+00:00,2.879995117187498,-1,42,True,NY      (16-22),Tuesday,16
2024-05-29 02:45:00+00:00,2024-05-29 05:15:00+00:00,8.020009765625,1,11,True,Asia    (00-07),Wednesday,2
2024-05-29 05:30:00+00:00,2024-05-29 14:15:00+00:00,45.9749658203125,-1,36,True,Asia    (00-07),Wednesday,5
2024-05-29 14:30:00+00:00,2024-05-29 14:45:00+00:00,0.5999658203124998,1,2,True,Overlap (12-16),Wednesday,14
2024-05-29 15:00:00+00:00,2024-05-29 20:30:00+00:00,9.5699365234375,-1,23,True,Overlap (12-16),Wednesday,15
2024-05-29 20:45:00+00:00,2024-05-30 04:30:00+00:00,16.099965820312498,1,32,True,NY      (16-22),Wednesday,20
2024-05-30 04:45:00+00:00,2024-05-30 08:00:00+00:00,41.830068359375,-1,14,True,Asia    (00-07),Thursday,4
2024-05-30 08:15:00+00:00,2024-05-30 17:15:00+00:00,52.69505859375,1,37,True,London  (07-12),Thursday,8
2024-05-30 17:30:00+00:00,2024-05-31 01:45:00+00:00,29.765004882812498,-1,34,True,NY      (16-22),Thursday,17
2024-05-31 02:00:00+00:00,2024-05-31 13:00:00+00:00,34.23998046875,1,45,True,Asia    (00-07),Friday,2
2024-05-31 13:15:00+00:00,2024-05-31 16:00:00+00:00,44.65501953125,-1,12,True,Overlap (12-16),Friday,13
2024-05-31 16:15:00+00:00,2024-05-31 21:00:00+00:00,30.494985351562498,1,20,True,NY      (16-22),Friday,16
2024-05-31 21:15:00+00:00,2024-06-01 02:00:00+00:00,9.834951171875,-1,20,True,NY      (16-22),Friday,21
2024-06-01 02:15:00+00:00,2024-06-01 06:00:00+00:00,7.0049951171875,1,16,True,Asia    (00-07),Saturday,2
2024-06-01 06:15:00+00:00,2024-06-01 08:00:00+00:00,3.6700341796875,-1,8,True,Asia    (00-07),Saturday,6
2024-06-01 08:15:00+00:00,2024-06-02 03:15:00+00:00,11.430043945312498,1,77,True,London  (07-12),Saturday,8
2024-06-02 03:30:00+00:00,2024-06-02 03:45:00+00:00,-4.3099462890625,-1,2,False,Asia    (00-07),Sunday,3
2024-06-02 04:00:00+00:00,2024-06-02 04:00:00+00:00,-2.8698828125,1,1,False,Asia    (00-07),Sunday,4
2024-06-02 04:15:00+00:00,2024-06-02 07:45:00+00:00,4.03001953125,-1,15,True,Asia    (00-07),Sunday,4
2024-06-02 08:00:00+00:00,2024-06-02 13:15:00+00:00,-2.250009765625,1,22,False,London  (07-12),Sunday,8
2024-06-02 13:30:00+00:00,2024-06-03 01:00:00+00:00,0.9150292968749998,-1,47,True,Overlap (12-16),Sunday,13
2024-06-03 01:15:00+00:00,2024-06-03 09:00:00+00:00,13.2650048828125,1,32,True,Asia    (00-07),Monday,1
2024-06-03 09:15:00+00:00,2024-06-03 22:00:00+00:00,24.509999999999998,-1,52,True,London  (07-12),Monday,9
2024-06-03 22:15:00+00:00,2024-06-03 23:15:00+00:00,1.4549462890624998,1,5,True,Off     (22-00),Monday,22
2024-06-03 23:30:00+00:00,2024-06-04 01:00:00+00:00,3.2049462890625,-1,7,True,Off     (22-00),Monday,23
2024-06-04 01:15:00+00:00,2024-06-04 04:30:00+00:00,2.7549951171875,1,14,True,Asia    (00-07),Tuesday,1
2024-06-04 04:45:00+00:00,2024-06-04 04:45:00+00:00,1.0099999999999998,-1,1,True,Asia    (00-07),Tuesday,4
2024-06-04 05:00:00+00:00,2024-06-04 09:00:00+00:00,-4.4000341796875,1,17,False,Asia    (00-07),Tuesday,5
2024-06-04 09:15:00+00:00,2024-06-04 12:00:00+00:00,-1.3800146484375002,-1,12,False,London  (07-12),Tuesday,9
2024-06-04 12:15:00+00:00,2024-06-04 17:00:00+00:00,31.935048828124998,1,20,True,Overlap (12-16),Tuesday,12
2024-06-04 17:15:00+00:00,2024-06-04 20:30:00+00:00,8.560048828124998,-1,14,True,NY      (16-22),Tuesday,17
2024-06-04 20:45:00+00:00,2024-06-05 02:00:00+00:00,-2.88501953125,1,22,False,NY      (16-22),Tuesday,20
2024-06-05 02:15:00+00:00,2024-06-05 12:15:00+00:00,-4.0300390625,-1,41,False,Asia    (00-07),Wednesday,2
2024-06-05 12:30:00+00:00,2024-06-05 22:45:00+00:00,19.140004882812498,1,42,True,Overlap (12-16),Wednesday,12
2024-06-05 23:00:00+00:00,2024-06-06 20:00:00+00:00,32.5949609375,-1,85,True,Off     (22-00),Wednesday,23
2024-06-06 20:15:00+00:00,2024-06-06 21:30:00+00:00,6.5399072265625,1,6,True,NY      (16-22),Thursday,20
2024-06-06 21:45:00+00:00,2024-06-06 22:00:00+00:00,-6.0350439453125,-1,2,False,NY      (16-22),Thursday,21
2024-06-06 22:15:00+00:00,2024-06-07 00:15:00+00:00,-0.6250097656250002,1,9,False,Off     (22-00),Thursday,22
2024-06-07 00:30:00+00:00,2024-06-07 04:45:00+00:00,-5.6099951171875,-1,18,False,Asia    (00-07),Friday,0
2024-06-07 05:00:00+00:00,2024-06-07 13:45:00+00:00,-2.84498046875,1,36,False,Asia    (00-07),Friday,5
2024-06-07 14:00:00+00:00,2024-06-07 19:45:00+00:00,61.32494140625,-1,24,True,Overlap (12-16),Friday,14
2024-06-07 20:00:00+00:00,2024-06-07 21:30:00+00:00,-0.8601171875000002,1,7,False,NY      (16-22),Friday,20
2024-06-07 21:45:00+00:00,2024-06-08 02:15:00+00:00,-0.6800634765625002,-1,19,False,NY      (16-22),Friday,21
2024-06-08 02:30:00+00:00,2024-06-08 09:15:00+00:00,0.5849511718749998,1,28,True,Asia    (00-07),Saturday,2
2024-06-08 09:30:00+00:00,2024-06-08 13:15:00+00:00,8.385,-1,16,True,London  (07-12),Saturday,9
2024-06-08 13:30:00+00:00,2024-06-08 15:00:00+00:00,8.705068359375,1,7,True,Overlap (12-16),Saturday,13
2024-06-08 15:15:00+00:00,2024-06-08 23:00:00+00:00,6.40501953125,-1,32,True,Overlap (12-16),Saturday,15
2024-06-08 23:15:00+00:00,2024-06-09 02:15:00+00:00,-2.9950048828125,1,13,False,Off     (22-00),Saturday,23
2024-06-09 02:30:00+00:00,2024-06-09 03:00:00+00:00,0.009999999999999787,-1,3,True,Asia    (00-07),Sunday,2
2024-06-09 03:15:00+00:00,2024-06-09 14:15:00+00:00,5.5350244140625,1,45,True,Asia    (00-07),Sunday,3
2024-06-09 14:30:00+00:00,2024-06-09 15:15:00+00:00,-4.294931640625,-1,4,False,Overlap (12-16),Sunday,14
2024-06-09 15:30:00+00:00,2024-06-10 00:45:00+00:00,-0.5549414062500002,1,38,False,Overlap (12-16),Sunday,15
2024-06-10 01:00:00+00:00,2024-06-10 07:30:00+00:00,10.0949609375,-1,27,True,Asia    (00-07),Monday,1
2024-06-10 07:45:00+00:00,2024-06-10 16:15:00+00:00,7.599965820312498,1,35,True,London  (07-12),Monday,7
2024-06-10 16:30:00+00:00,2024-06-11 05:00:00+00:00,62.094960937500005,-1,51,True,NY      (16-22),Monday,16
2024-06-11 05:15:00+00:00,2024-06-11 12:00:00+00:00,-10.870004882812502,1,28,False,Asia    (00-07),Tuesday,5
2024-06-11 12:15:00+00:00,2024-06-11 17:00:00+00:00,40.1151025390625,-1,20,True,Overlap (12-16),Tuesday,12
2024-06-11 17:15:00+00:00,2024-06-12 11:15:00+00:00,40.9100244140625,1,73,True,NY      (16-22),Tuesday,17
2024-06-12 11:30:00+00:00,2024-06-12 12:00:00+00:00,2.6500146484375,-1,3,True,London  (07-12),Wednesday,11
2024-06-12 12:15:00+00:00,2024-06-12 17:30:00+00:00,35.86009765625,1,22,True,Overlap (12-16),Wednesday,12
2024-06-12 17:45:00+00:00,2024-06-12 19:15:00+00:00,25.220083007812498,-1,7,True,NY      (16-22),Wednesday,17
2024-06-12 19:30:00+00:00,2024-06-12 19:45:00+00:00,-15.584970703125,1,2,False,NY      (16-22),Wednesday,19
2024-06-12 20:00:00+00:00,2024-06-12 21:00:00+00:00,-19.535043945312502,-1,5,False,NY      (16-22),Wednesday,20
2024-06-12 21:15:00+00:00,2024-06-13 01:30:00+00:00,-10.979990234375,1,18,False,NY      (16-22),Wednesday,21
2024-06-13 01:45:00+00:00,2024-06-13 01:45:00+00:00,0.9550683593749998,-1,1,True,Asia    (00-07),Thursday,1
2024-06-13 02:00:00+00:00,2024-06-13 02:30:00+00:00,-12.0350439453125,1,3,False,Asia    (00-07),Thursday,2
2024-06-13 02:45:00+00:00,2024-06-13 03:45:00+00:00,6.0799462890625,-1,5,True,Asia    (00-07),Thursday,2
2024-06-13 04:00:00+00:00,2024-06-13 07:30:00+00:00,-2.6849462890625,1,15,False,Asia    (00-07),Thursday,4
2024-06-13 07:45:00+00:00,2024-06-13 18:00:00+00:00,11.920034179687498,-1,42,True,London  (07-12),Thursday,7
2024-06-13 18:15:00+00:00,2024-06-13 22:15:00+00:00,0.6199853515624998,1,17,True,NY      (16-22),Thursday,18
2024-06-13 22:30:00+00:00,2024-06-14 00:30:00+00:00,2.209951171875,-1,9,True,Off     (22-00),Thursday,22
2024-06-14 00:45:00+00:00,2024-06-14 03:45:00+00:00,7.65990234375,1,13,True,Asia    (00-07),Friday,0
2024-06-14 04:00:00+00:00,2024-06-14 05:00:00+00:00,-8.4000341796875,-1,5,False,Asia    (00-07),Friday,4
2024-06-14 05:15:00+00:00,2024-06-14 12:00:00+00:00,6.3599755859375,1,28,True,Asia    (00-07),Friday,5
2024-06-14 12:15:00+00:00,2024-06-14 18:00:00+00:00,73.8599755859375,-1,24,True,Overlap (12-16),Friday,12
2024-06-14 18:15:00+00:00,2024-06-14 18:30:00+00:00,8.44505859375,1,2,True,NY      (16-22),Friday,18
2024-06-14 18:45:00+00:00,2024-06-15 00:15:00+00:00,-54.189951171875,-1,23,False,NY      (16-22),Friday,18
2024-06-15 00:30:00+00:00,2024-06-15 15:30:00+00:00,36.2850244140625,1,61,True,Asia    (00-07),Saturday,0
2024-06-15 15:45:00+00:00,2024-06-16 04:15:00+00:00,8.8499658203125,-1,51,True,Overlap (12-16),Saturday,15
2024-06-16 04:30:00+00:00,2024-06-16 11:15:00+00:00,3.40990234375,1,28,True,Asia    (00-07),Sunday,4
2024-06-16 11:30:00+00:00,2024-06-16 12:00:00+00:00,-0.1550390625000002,-1,3,False,London  (07-12),Sunday,11
2024-06-16 12:15:00+00:00,2024-06-17 02:30:00+00:00,16.234975585937498,1,58,True,Overlap (12-16),Sunday,12
2024-06-17 02:45:00+00:00,2024-06-17 05:45:00+00:00,6.7349755859375,-1,13,True,Asia    (00-07),Monday,2
2024-06-17 06:00:00+00:00,2024-06-17 06:45:00+00:00,-13.604990234375,1,4,False,Asia    (00-07),Monday,6
2024-06-17 07:00:00+00:00,2024-06-17 17:00:00+00:00,8.895009765624998,-1,41,True,London  (07-12),Monday,7
2024-06-17 17:15:00+00:00,2024-06-17 18:00:00+00:00,16.810048828124998,1,4,True,NY      (16-22),Monday,17
2024-06-17 18:15:00+00:00,2024-06-17 19:00:00+00:00,5.9400537109375,-1,4,True,NY      (16-22),Monday,18
2024-06-17 19:15:00+00:00,2024-06-17 20:15:00+00:00,-12.704965820312502,1,5,False,NY      (16-22),Monday,19
2024-06-17 20:30:00+00:00,2024-06-18 02:00:00+00:00,59.97508789062499,-1,23,True,NY      (16-22),Monday,20
2024-06-18 02:15:00+00:00,2024-06-18 09:00:00+00:00,16.215078124999998,1,28,True,Asia    (00-07),Tuesday,2
2024-06-18 09:15:00+00:00,2024-06-18 12:15:00+00:00,24.969960937499998,-1,13,True,London  (07-12),Tuesday,9
2024-06-18 12:30:00+00:00,2024-06-19 04:00:00+00:00,92.72997070312499,1,63,True,Overlap (12-16),Tuesday,12
2024-06-19 04:15:00+00:00,2024-06-19 14:15:00+00:00,27.859975585937498,-1,41,True,Asia    (00-07),Wednesday,4
2024-06-19 14:30:00+00:00,2024-06-19 22:30:00+00:00,22.894887695312498,1,33,True,Overlap (12-16),Wednesday,14
2024-06-19 22:45:00+00:00,2024-06-19 22:45:00+00:00,3.1949365234375,-1,1,True,Off     (22-00),Wednesday,22
2024-06-19 23:00:00+00:00,2024-06-20 12:00:00+00:00,18.369985351562498,1,53,True,Off     (22-00),Wednesday,23
2024-06-20 12:15:00+00:00,2024-06-20 13:45:00+00:00,31.194936523437498,-1,7,True,Overlap (12-16),Thursday,12
2024-06-20 14:00:00+00:00,2024-06-20 14:30:00+00:00,-10.63501953125,1,3,False,Overlap (12-16),Thursday,14
2024-06-20 14:45:00+00:00,2024-06-20 15:30:00+00:00,-9.939951171875,-1,4,False,Overlap (12-16),Thursday,14
2024-06-20 15:45:00+00:00,2024-06-20 20:30:00+00:00,-5.3249609375,1,20,False,Overlap (12-16),Thursday,15
2024-06-20 20:45:00+00:00,2024-06-20 22:30:00+00:00,0.9050195312499998,-1,8,True,NY      (16-22),Thursday,20
2024-06-20 22:45:00+00:00,2024-06-20 23:15:00+00:00,-5.0450537109375,1,3,False,Off     (22-00),Thursday,22
2024-06-20 23:30:00+00:00,2024-06-21 00:00:00+00:00,3.804921875,-1,3,True,Off     (22-00),Thursday,23
2024-06-21 00:15:00+00:00,2024-06-21 02:15:00+00:00,8.36498046875,1,9,True,Asia    (00-07),Friday,0
2024-06-21 02:30:00+00:00,2024-06-21 03:15:00+00:00,6.0949609375,-1,4,True,Asia    (00-07),Friday,2
2024-06-21 03:30:00+00:00,2024-06-21 04:15:00+00:00,1.9399316406249998,1,4,True,Asia    (00-07),Friday,3
2024-06-21 04:30:00+00:00,2024-06-21 09:15:00+00:00,7.759999999999998,-1,20,True,Asia    (00-07),Friday,4
2024-06-21 09:30:00+00:00,2024-06-21 12:15:00+00:00,-3.9349462890625,1,12,False,London  (07-12),Friday,9
2024-06-21 12:30:00+00:00,2024-06-21 17:00:00+00:00,-6.24,-1,19,False,Overlap (12-16),Friday,12
2024-06-21 17:15:00+00:00,2024-06-21 20:00:00+00:00,14.405019531249998,1,12,True,NY      (16-22),Friday,17
2024-06-21 20:15:00+00:00,2024-06-22 08:15:00+00:00,21.759999999999998,-1,49,True,NY      (16-22),Friday,20
2024-06-22 08:30:00+00:00,2024-06-22 19:45:00+00:00,1.9249169921874998,1,46,True,London  (07-12),Saturday,8
2024-06-22 20:00:00+00:00,2024-06-22 20:45:00+00:00,-4.834970703125,-1,4,False,NY      (16-22),Saturday,20
2024-06-22 21:00:00+00:00,2024-06-22 22:30:00+00:00,2.120107421875,1,7,True,NY      (16-22),Saturday,21
2024-06-22 22:45:00+00:00,2024-06-23 00:00:00+00:00,-0.2149755859375002,-1,6,False,Off     (22-00),Saturday,22
2024-06-23 00:15:00+00:00,2024-06-23 04:00:00+00:00,6.8449609375,1,16,True,Asia    (00-07),Sunday,0
2024-06-23 04:15:00+00:00,2024-06-23 15:15:00+00:00,15.36498046875,-1,45,True,Asia    (00-07),Sunday,4
2024-06-23 15:30:00+00:00,2024-06-23 15:30:00+00:00,-4.6999609375,1,1,False,Overlap (12-16),Sunday,15
2024-06-23 15:45:00+00:00,2024-06-24 04:00:00+00:00,43.080068359375,-1,50,True,Overlap (12-16),Sunday,15
2024-06-24 04:15:00+00:00,2024-06-24 05:00:00+00:00,-0.7949316406250002,1,4,False,Asia    (00-07),Monday,4
2024-06-24 05:15:00+00:00,2024-06-24 10:30:00+00:00,35.2000634765625,-1,22,True,Asia    (00-07),Monday,5
2024-06-24 10:45:00+00:00,2024-06-24 11:45:00+00:00,-9.765625000213163e-06,1,5,False,London  (07-12),Monday,10
2024-06-24 12:00:00+00:00,2024-06-24 17:15:00+00:00,23.614980468749998,-1,22,True,Overlap (12-16),Monday,12
2024-06-24 17:30:00+00:00,2024-06-25 06:45:00+00:00,48.3900048828125,1,54,True,NY      (16-22),Monday,17
2024-06-25 07:00:00+00:00,2024-06-25 08:00:00+00:00,0.5550439453124998,-1,5,True,London  (07-12),Tuesday,7
2024-06-25 08:15:00+00:00,2024-06-25 16:00:00+00:00,20.240102539062498,1,32,True,London  (07-12),Tuesday,8
2024-06-25 16:15:00+00:00,2024-06-25 23:00:00+00:00,3.885,-1,28,True,NY      (16-22),Tuesday,16
2024-06-25 23:15:00+00:00,2024-06-26 08:30:00+00:00,-7.3350927734375,1,38,False,Off     (22-00),Tuesday,23
2024-06-26 08:45:00+00:00,2024-06-26 15:00:00+00:00,15.439931640625,-1,26,True,London  (07-12),Wednesday,8
2024-06-26 15:15:00+00:00,2024-06-26 15:45:00+00:00,2.44994140625,1,3,True,Overlap (12-16),Wednesday,15
2024-06-26 16:00:00+00:00,2024-06-26 17:00:00+00:00,11.249990234375,-1,5,True,NY      (16-22),Wednesday,16
2024-06-26 17:15:00+00:00,2024-06-26 20:30:00+00:00,22.660024414062498,1,14,True,NY      (16-22),Wednesday,17
2024-06-26 20:45:00+00:00,2024-06-27 01:00:00+00:00,2.86498046875,-1,18,True,NY      (16-22),Wednesday,20
2024-06-27 01:15:00+00:00,2024-06-27 04:00:00+00:00,3.3599755859375,1,12,True,Asia    (00-07),Thursday,1
2024-06-27 04:15:00+00:00,2024-06-27 06:00:00+00:00,5.8900048828125,-1,8,True,Asia    (00-07),Thursday,4
2024-06-27 06:15:00+00:00,2024-06-27 14:00:00+00:00,50.86498046875,1,32,True,Asia    (00-07),Thursday,6
2024-06-27 14:15:00+00:00,2024-06-27 20:30:00+00:00,11.7449853515625,-1,26,True,Overlap (12-16),Thursday,14
2024-06-27 20:45:00+00:00,2024-06-28 04:00:00+00:00,2.0049951171875,1,30,True,NY      (16-22),Thursday,20
2024-06-28 04:15:00+00:00,2024-06-28 08:30:00+00:00,10.4200341796875,-1,18,True,Asia    (00-07),Friday,4
2024-06-28 08:45:00+00:00,2024-06-28 12:00:00+00:00,10.4400537109375,1,14,True,London  (07-12),Friday,8
2024-06-28 12:15:00+00:00,2024-06-28 20:15:00+00:00,30.479970703124998,-1,33,True,Overlap (12-16),Friday,12
2024-06-28 20:30:00+00:00,2024-06-29 12:00:00+00:00,1.5099999999999998,1,63,True,NY      (16-22),Friday,20
2024-06-29 12:15:00+00:00,2024-06-30 04:00:00+00:00,11.4849755859375,-1,64,True,Overlap (12-16),Saturday,12
2024-06-30 04:15:00+00:00,2024-06-30 11:15:00+00:00,8.554921875,1,29,True,Asia    (00-07),Sunday,4
2024-06-30 11:30:00+00:00,2024-06-30 13:00:00+00:00,-0.7099707031250002,-1,7,False,London  (07-12),Sunday,11
2024-06-30 13:15:00+00:00,2024-06-30 23:15:00+00:00,25.945058593749998,1,41,True,Overlap (12-16),Sunday,13
2024-06-30 23:30:00+00:00,2024-07-01 01:00:00+00:00,-24.969980468750002,-1,7,False,Off     (22-00),Sunday,23
2024-07-01 01:15:00+00:00,2024-07-01 06:15:00+00:00,-4.8599951171875,1,21,False,Asia    (00-07),Monday,1
2024-07-01 06:30:00+00:00,2024-07-01 12:45:00+00:00,4.1700341796875,-1,26,True,Asia    (00-07),Monday,6
2024-07-01 13:00:00+00:00,2024-07-01 15:00:00+00:00,0.2750146484374998,1,9,True,Overlap (12-16),Monday,13
2024-07-01 15:15:00+00:00,2024-07-02 01:15:00+00:00,13.5699365234375,-1,41,True,Overlap (12-16),Monday,15
2024-07-02 01:30:00+00:00,2024-07-02 07:45:00+00:00,-5.9050390625,1,26,False,Asia    (00-07),Tuesday,1
2024-07-02 08:00:00+00:00,2024-07-02 08:00:00+00:00,-0.6550390625000002,-1,1,False,London  (07-12),Tuesday,8
2024-07-02 08:15:00+00:00,2024-07-02 12:15:00+00:00,4.2249658203125,1,17,True,London  (07-12),Tuesday,8
2024-07-02 12:30:00+00:00,2024-07-02 20:15:00+00:00,11.3299462890625,-1,32,True,Overlap (12-16),Tuesday,12
2024-07-02 20:30:00+00:00,2024-07-02 23:00:00+00:00,0.7499902343749998,1,11,True,NY      (16-22),Tuesday,20
2024-07-02 23:15:00+00:00,2024-07-03 02:30:00+00:00,24.890004882812498,-1,14,True,Off     (22-00),Tuesday,23
2024-07-03 02:45:00+00:00,2024-07-03 06:45:00+00:00,-3.2100927734375,1,17,False,Asia    (00-07),Wednesday,2
2024-07-03 07:00:00+00:00,2024-07-03 19:45:00+00:00,50.064931640625,-1,52,True,London  (07-12),Wednesday,7
2024-07-03 20:00:00+00:00,2024-07-04 00:45:00+00:00,18.069936523437498,1,20,True,NY      (16-22),Wednesday,20
2024-07-04 01:00:00+00:00,2024-07-04 08:30:00+00:00,68.89500976562499,-1,31,True,Asia    (00-07),Thursday,1
2024-07-04 08:45:00+00:00,2024-07-04 12:00:00+00:00,-11.3099462890625,1,14,False,London  (07-12),Thursday,8
2024-07-04 12:15:00+00:00,2024-07-05 02:45:00+00:00,105.96996093749999,-1,59,True,Overlap (12-16),Thursday,12
2024-07-05 03:00:00+00:00,2024-07-05 03:15:00+00:00,-2.4100439453125,1,2,False,Asia    (00-07),Friday,3
2024-07-05 03:30:00+00:00,2024-07-05 05:15:00+00:00,23.295034179687498,-1,8,True,Asia    (00-07),Friday,3
2024-07-05 05:30:00+00:00,2024-07-07 01:45:00+00:00,84.85509277343749,1,178,True,Asia    (00-07),Friday,5
2024-07-07 02:00:00+00:00,2024-07-07 09:15:00+00:00,15.185048828124998,-1,30,True,Asia    (00-07),Sunday,2
2024-07-07 09:30:00+00:00,2024-07-07 14:00:00+00:00,-29.290048828125002,1,19,False,London  (07-12),Sunday,9
2024-07-07 14:15:00+00:00,2024-07-07 15:30:00+00:00,-6.2850439453125,-1,6,False,Overlap (12-16),Sunday,14
2024-07-07 15:45:00+00:00,2024-07-07 15:45:00+00:00,-2.9950048828125,1,1,False,Overlap (12-16),Sunday,15
2024-07-07 16:00:00+00:00,2024-07-07 23:30:00+00:00,18.724965820312498,-1,31,True,NY      (16-22),Sunday,16
2024-07-07 23:45:00+00:00,2024-07-08 00:00:00+00:00,0.03502441406249979,1,2,True,Off     (22-00),Sunday,23
2024-07-08 00:15:00+00:00,2024-07-08 01:00:00+00:00,41.330068359375,-1,4,True,Asia    (00-07),Monday,0
2024-07-08 01:15:00+00:00,2024-07-08 01:45:00+00:00,2.9949853515625,1,3,True,Asia    (00-07),Monday,1
2024-07-08 02:00:00+00:00,2024-07-08 02:00:00+00:00,-2.8250830078125,-1,1,False,Asia    (00-07),Monday,2
2024-07-08 02:15:00+00:00,2024-07-08 12:15:00+00:00,93.89989257812499,1,41,True,Asia    (00-07),Monday,2
2024-07-08 12:30:00+00:00,2024-07-08 18:15:00+00:00,31.404897460937498,-1,24,True,Overlap (12-16),Monday,12
2024-07-08 18:30:00+00:00,2024-07-09 04:00:00+00:00,39.929921875,1,39,True,NY      (16-22),Monday,18
2024-07-09 04:15:00+00:00,2024-07-09 08:00:00+00:00,-2.070078125,-1,16,False,Asia    (00-07),Tuesday,4
2024-07-09 08:15:00+00:00,2024-07-09 12:00:00+00:00,6.4048974609375,1,16,True,London  (07-12),Tuesday,8
2024-07-09 12:15:00+00:00,2024-07-09 15:30:00+00:00,13.499990234374998,-1,14,True,Overlap (12-16),Tuesday,12
2024-07-09 15:45:00+00:00,2024-07-09 16:15:00+00:00,9.340078125,1,3,True,Overlap (12-16),Tuesday,15
2024-07-09 16:30:00+00:00,2024-07-09 22:00:00+00:00,9.8450830078125,-1,23,True,NY      (16-22),Tuesday,16
2024-07-09 22:15:00+00:00,2024-07-10 14:15:00+00:00,30.195058593749998,1,65,True,Off     (22-00),Tuesday,22
2024-07-10 14:30:00+00:00,2024-07-10 15:00:00+00:00,3.2950341796875,-1,3,True,Overlap (12-16),Wednesday,14
2024-07-10 15:15:00+00:00,2024-07-10 16:45:00+00:00,4.915029296874998,1,7,True,Overlap (12-16),Wednesday,15
2024-07-10 17:00:00+00:00,2024-07-11 05:15:00+00:00,13.315053710937498,-1,50,True,NY      (16-22),Wednesday,17
2024-07-11 05:30:00+00:00,2024-07-11 13:00:00+00:00,39.215078125,1,31,True,Asia    (00-07),Thursday,5
2024-07-11 13:15:00+00:00,2024-07-11 17:00:00+00:00,19.710073242187498,-1,16,True,Overlap (12-16),Thursday,13
2024-07-11 17:15:00+00:00,2024-07-11 17:15:00+00:00,3.4700830078125,1,1,True,NY      (16-22),Thursday,17
2024-07-11 17:30:00+00:00,2024-07-11 20:00:00+00:00,22.180043945312498,-1,11,True,NY      (16-22),Thursday,17
2024-07-11 20:15:00+00:00,2024-07-11 20:30:00+00:00,7.1199853515625,1,2,True,NY      (16-22),Thursday,20
2024-07-11 20:45:00+00:00,2024-07-12 08:15:00+00:00,15.415029296874998,-1,47,True,NY      (16-22),Thursday,20
2024-07-12 08:30:00+00:00,2024-07-12 09:00:00+00:00,-1.2598974609375002,1,3,False,London  (07-12),Friday,8
2024-07-12 09:15:00+00:00,2024-07-12 11:00:00+00:00,2.9600732421875,-1,8,True,London  (07-12),Friday,9
2024-07-12 11:15:00+00:00,2024-07-12 11:45:00+00:00,0.030019531249999787,1,3,True,London  (07-12),Friday,11
2024-07-12 12:00:00+00:00,2024-07-12 12:30:00+00:00,-0.4399511718750002,-1,3,False,Overlap (12-16),Friday,12
2024-07-12 12:45:00+00:00,2024-07-12 16:45:00+00:00,34.060048828125,1,17,True,Overlap (12-16),Friday,12
2024-07-12 17:00:00+00:00,2024-07-12 20:00:00+00:00,10.6900537109375,-1,13,True,NY      (16-22),Friday,17
2024-07-12 20:15:00+00:00,2024-07-12 22:45:00+00:00,4.830068359375,1,11,True,NY      (16-22),Friday,20
2024-07-12 23:00:00+00:00,2024-07-13 00:15:00+00:00,-3.959970703125,-1,6,False,Off     (22-00),Friday,23
2024-07-13 00:30:00+00:00,2024-07-13 03:00:00+00:00,-3.8599951171875,1,11,False,Asia    (00-07),Saturday,0
2024-07-13 03:15:00+00:00,2024-07-13 04:15:00+00:00,3.5949609375,-1,5,True,Asia    (00-07),Saturday,3
2024-07-13 04:30:00+00:00,2024-07-13 23:30:00+00:00,29.714956054687498,1,77,True,Asia    (00-07),Saturday,4
2024-07-13 23:45:00+00:00,2024-07-14 04:00:00+00:00,-1.7299902343750002,-1,18,False,Off     (22-00),Saturday,23
2024-07-14 04:15:00+00:00,2024-07-14 12:00:00+00:00,5.19505859375,1,32,True,Asia    (00-07),Sunday,4
2024-07-14 12:15:00+00:00,2024-07-14 20:15:00+00:00,-3.709970703125,-1,33,False,Overlap (12-16),Sunday,12
2024-07-14 20:30:00+00:00,2024-07-15 08:00:00+00:00,79.19994140624999,1,47,True,NY      (16-22),Sunday,20
2024-07-15 08:15:00+00:00,2024-07-15 13:00:00+00:00,2.314931640625,-1,20,True,London  (07-12),Monday,8
2024-07-15 13:15:00+00:00,2024-07-16 00:00:00+00:00,64.30992675781249,1,44,True,Overlap (12-16),Monday,13
2024-07-16 00:15:00+00:00,2024-07-16 08:00:00+00:00,47.19994140625,-1,32,True,Asia    (00-07),Tuesday,0
2024-07-16 08:15:00+00:00,2024-07-16 16:00:00+00:00,42.6600244140625,1,32,True,London  (07-12),Tuesday,8
2024-07-16 16:15:00+00:00,2024-07-16 21:00:00+00:00,18.864980468749998,-1,20,True,NY      (16-22),Tuesday,16
2024-07-16 21:15:00+00:00,2024-07-16 22:45:00+00:00,-3.9500830078125,1,7,False,NY      (16-22),Tuesday,21
2024-07-16 23:00:00+00:00,2024-07-17 02:00:00+00:00,-33.1550390625,-1,13,False,Off     (22-00),Tuesday,23
2024-07-17 02:15:00+00:00,2024-07-17 08:45:00+00:00,-7.084970703125002,1,27,False,Asia    (00-07),Wednesday,2
2024-07-17 09:00:00+00:00,2024-07-17 13:15:00+00:00,14.635,-1,18,True,London  (07-12),Wednesday,9
2024-07-17 13:30:00+00:00,2024-07-17 13:45:00+00:00,8.1299951171875,1,2,True,Overlap (12-16),Wednesday,13
2024-07-17 14:00:00+00:00,2024-07-18 00:15:00+00:00,32.4100244140625,-1,42,True,Overlap (12-16),Wednesday,14
2024-07-18 00:30:00+00:00,2024-07-18 07:00:00+00:00,19.229970703124998,1,27,True,Asia    (00-07),Thursday,0
2024-07-18 07:15:00+00:00,2024-07-18 08:00:00+00:00,-3.479990234375,-1,4,False,London  (07-12),Thursday,7
2024-07-18 08:15:00+00:00,2024-07-18 12:30:00+00:00,8.7200830078125,1,18,True,London  (07-12),Thursday,8
2024-07-18 12:45:00+00:00,2024-07-18 17:00:00+00:00,23.435048828124998,-1,18,True,Overlap (12-16),Thursday,12
2024-07-18 17:15:00+00:00,2024-07-19 04:00:00+00:00,3.2950341796875,1,44,True,NY      (16-22),Thursday,17
2024-07-19 04:15:00+00:00,2024-07-19 08:15:00+00:00,18.239980468749998,-1,17,True,Asia    (00-07),Friday,4
2024-07-19 08:30:00+00:00,2024-07-19 21:15:00+00:00,64.06493164062499,1,52,True,London  (07-12),Friday,8
2024-07-19 21:30:00+00:00,2024-07-20 02:45:00+00:00,9.249990234375,-1,22,True,NY      (16-22),Friday,21
2024-07-20 03:00:00+00:00,2024-07-21 00:15:00+00:00,12.135,1,86,True,Asia    (00-07),Saturday,3
2024-07-21 00:30:00+00:00,2024-07-21 08:45:00+00:00,14.7049462890625,-1,34,True,Asia    (00-07),Sunday,0
2024-07-21 09:00:00+00:00,2024-07-21 12:00:00+00:00,4.8699853515625,1,13,True,London  (07-12),Sunday,9
2024-07-21 12:15:00+00:00,2024-07-21 19:30:00+00:00,8.460073242187498,-1,30,True,Overlap (12-16),Sunday,12
2024-07-21 19:45:00+00:00,2024-07-22 00:30:00+00:00,29.470083007812498,1,20,True,NY      (16-22),Sunday,19
2024-07-22 00:45:00+00:00,2024-07-22 08:45:00+00:00,32.5750634765625,-1,33,True,Asia    (00-07),Monday,0
2024-07-22 09:00:00+00:00,2024-07-22 11:45:00+00:00,10.0650537109375,1,12,True,London  (07-12),Monday,9
2024-07-22 12:00:00+00:00,2024-07-22 15:45:00+00:00,19.090078124999998,-1,16,True,Overlap (12-16),Monday,12
2024-07-22 16:00:00+00:00,2024-07-22 20:30:00+00:00,11.960073242187498,1,19,True,NY      (16-22),Monday,16
2024-07-22 20:45:00+00:00,2024-07-23 00:15:00+00:00,17.884999999999998,-1,15,True,NY      (16-22),Monday,20
2024-07-23 00:30:00+00:00,2024-07-23 04:00:00+00:00,16.114980468749998,1,15,True,Asia    (00-07),Tuesday,0
2024-07-23 04:15:00+00:00,2024-07-23 09:00:00+00:00,-20.979990234375002,-1,20,False,Asia    (00-07),Tuesday,4
2024-07-23 09:15:00+00:00,2024-07-23 10:00:00+00:00,0.4999902343749998,1,4,True,London  (07-12),Tuesday,9
2024-07-23 10:15:00+00:00,2024-07-23 12:30:00+00:00,11.2349755859375,-1,10,True,London  (07-12),Tuesday,10
2024-07-23 12:45:00+00:00,2024-07-23 12:45:00+00:00,1.6349999999999998,1,1,True,Overlap (12-16),Tuesday,12
2024-07-23 13:00:00+00:00,2024-07-23 16:45:00+00:00,48.9000146484375,-1,16,True,Overlap (12-16),Tuesday,13
2024-07-23 17:00:00+00:00,2024-07-24 01:00:00+00:00,29.089956054687498,1,33,True,NY      (16-22),Tuesday,17
2024-07-24 01:15:00+00:00,2024-07-24 09:00:00+00:00,3.794912109375,-1,32,True,Asia    (00-07),Wednesday,1
2024-07-24 09:15:00+00:00,2024-07-24 13:15:00+00:00,2.5499169921875,1,17,True,London  (07-12),Wednesday,9
2024-07-24 13:30:00+00:00,2024-07-24 18:45:00+00:00,37.9949853515625,-1,22,True,Overlap (12-16),Wednesday,13
2024-07-24 19:00:00+00:00,2024-07-24 19:00:00+00:00,1.9700830078124998,1,1,True,NY      (16-22),Wednesday,19
2024-07-24 19:15:00+00:00,2024-07-25 03:00:00+00:00,109.34007812499999,-1,32,True,NY      (16-22),Wednesday,19
2024-07-25 03:15:00+00:00,2024-07-25 03:30:00+00:00,-5.4749853515625,1,2,False,Asia    (00-07),Thursday,3
2024-07-25 03:45:00+00:00,2024-07-25 04:00:00+00:00,-2.7800390625,-1,2,False,Asia    (00-07),Thursday,3
2024-07-25 04:15:00+00:00,2024-07-25 12:00:00+00:00,5.780019531249998,1,32,True,Asia    (00-07),Thursday,4
2024-07-25 12:15:00+00:00,2024-07-25 14:00:00+00:00,25.180043945312498,-1,8,True,Overlap (12-16),Thursday,12
2024-07-25 14:15:00+00:00,2024-07-25 15:00:00+00:00,19.384999999999998,1,4,True,Overlap (12-16),Thursday,14
2024-07-25 15:15:00+00:00,2024-07-25 19:00:00+00:00,22.204946289062498,-1,16,True,Overlap (12-16),Thursday,15
2024-07-25 19:15:00+00:00,2024-07-25 20:30:00+00:00,2.499990234375,1,6,True,NY      (16-22),Thursday,19
2024-07-25 20:45:00+00:00,2024-07-26 01:15:00+00:00,-28.354990234375002,-1,19,False,NY      (16-22),Thursday,20
2024-07-26 01:30:00+00:00,2024-07-27 16:15:00+00:00,49.9849755859375,1,156,True,Asia    (00-07),Friday,1
2024-07-27 16:30:00+00:00,2024-07-27 22:45:00+00:00,2.5550439453125,-1,26,True,NY      (16-22),Saturday,16
2024-07-27 23:00:00+00:00,2024-07-27 23:00:00+00:00,-12.1200048828125,1,1,False,Off     (22-00),Saturday,23
2024-07-27 23:15:00+00:00,2024-07-28 08:15:00+00:00,14.729970703125,-1,37,True,Off     (22-00),Saturday,23
2024-07-28 08:30:00+00:00,2024-07-28 20:00:00+00:00,21.599965820312498,1,47,True,London  (07-12),Sunday,8
2024-07-28 20:15:00+00:00,2024-07-29 02:00:00+00:00,-10.955087890625,-1,24,False,NY      (16-22),Sunday,20
2024-07-29 02:15:00+00:00,2024-07-29 12:00:00+00:00,39.459951171875,1,40,True,Asia    (00-07),Monday,2
2024-07-29 12:15:00+00:00,2024-07-29 13:30:00+00:00,4.1750390625,-1,6,True,Overlap (12-16),Monday,12
2024-07-29 13:45:00+00:00,2024-07-29 14:45:00+00:00,-18.135019531250002,1,5,False,Overlap (12-16),Monday,13
2024-07-29 15:00:00+00:00,2024-07-29 15:00:00+00:00,-1.7550146484375002,-1,1,False,Overlap (12-16),Monday,15
2024-07-29 15:15:00+00:00,2024-07-29 15:15:00+00:00,-11.6949560546875,1,1,False,Overlap (12-16),Monday,15
2024-07-29 15:30:00+00:00,2024-07-29 16:15:00+00:00,8.8000390625,-1,4,True,Overlap (12-16),Monday,15
2024-07-29 16:30:00+00:00,2024-07-30 01:00:00+00:00,23.105092773437498,1,35,True,NY      (16-22),Monday,16
2024-07-30 01:15:00+00:00,2024-07-30 01:30:00+00:00,7.6600244140625,-1,2,True,Asia    (00-07),Tuesday,1
2024-07-30 01:45:00+00:00,2024-07-30 08:00:00+00:00,15.604970703125,1,26,True,Asia    (00-07),Tuesday,1
2024-07-30 08:15:00+00:00,2024-07-30 21:00:00+00:00,35.19505859375,-1,52,True,London  (07-12),Tuesday,8
2024-07-30 21:15:00+00:00,2024-07-31 04:15:00+00:00,-0.1599218750000002,1,29,False,NY      (16-22),Tuesday,21
2024-07-31 04:30:00+00:00,2024-07-31 04:45:00+00:00,-1.5200292968750002,-1,2,False,Asia    (00-07),Wednesday,4
2024-07-31 05:00:00+00:00,2024-07-31 14:00:00+00:00,23.454946289062498,1,37,True,Asia    (00-07),Wednesday,5
2024-07-31 14:15:00+00:00,2024-08-01 02:15:00+00:00,69.04002929687499,-1,49,True,Overlap (12-16),Wednesday,14
2024-08-01 02:30:00+00:00,2024-08-01 02:45:00+00:00,3.0150048828125,1,2,True,Asia    (00-07),Thursday,2
2024-08-01 03:00:00+00:00,2024-08-01 04:45:00+00:00,22.559926757812498,-1,8,True,Asia    (00-07),Thursday,3
2024-08-01 05:00:00+00:00,2024-08-01 05:15:00+00:00,11.429921875,1,2,True,Asia    (00-07),Thursday,5
2024-08-01 05:30:00+00:00,2024-08-01 08:00:00+00:00,0.06493164062499979,-1,11,True,Asia    (00-07),Thursday,5
2024-08-01 08:15:00+00:00,2024-08-01 13:30:00+00:00,7.2149560546875,1,22,True,London  (07-12),Thursday,8
2024-08-01 13:45:00+00:00,2024-08-02 02:15:00+00:00,20.124990234374998,-1,51,True,Overlap (12-16),Thursday,13
2024-08-02 02:30:00+00:00,2024-08-02 05:00:00+00:00,4.395009765625,1,11,True,Asia    (00-07),Friday,2
2024-08-02 05:15:00+00:00,2024-08-02 08:30:00+00:00,-1.3700048828125002,-1,14,False,Asia    (00-07),Friday,5
2024-08-02 08:45:00+00:00,2024-08-02 11:00:00+00:00,-1.3000585937500002,1,10,False,London  (07-12),Friday,8
2024-08-02 11:15:00+00:00,2024-08-02 14:30:00+00:00,28.209951171874998,-1,14,True,London  (07-12),Friday,11
2024-08-02 14:45:00+00:00,2024-08-02 15:45:00+00:00,-31.500009765625002,1,5,False,Overlap (12-16),Friday,14
2024-08-02 16:00:00+00:00,2024-08-02 23:30:00+00:00,25.464956054687498,-1,31,True,NY      (16-22),Friday,16
2024-08-02 23:45:00+00:00,2024-08-03 00:15:00+00:00,1.7949121093749998,1,3,True,Off     (22-00),Friday,23
2024-08-03 00:30:00+00:00,2024-08-03 01:00:00+00:00,27.640004882812498,-1,3,True,Asia    (00-07),Saturday,0
2024-08-03 01:15:00+00:00,2024-08-03 02:00:00+00:00,14.120107421875,1,4,True,Asia    (00-07),Saturday,1
2024-08-03 02:15:00+00:00,2024-08-03 02:15:00+00:00,-0.7899267578125002,-1,1,False,Asia    (00-07),Saturday,2
2024-08-03 02:30:00+00:00,2024-08-03 02:30:00+00:00,-0.8349707031250002,1,1,False,Asia    (00-07),Saturday,2
2024-08-03 02:45:00+00:00,2024-08-03 05:45:00+00:00,-7.979990234375,-1,13,False,Asia    (00-07),Saturday,2
2024-08-03 06:00:00+00:00,2024-08-03 14:15:00+00:00,15.11498046875,1,34,True,Asia    (00-07),Saturday,6
2024-08-03 14:30:00+00:00,2024-08-03 18:30:00+00:00,47.4449365234375,-1,17,True,Overlap (12-16),Saturday,14
2024-08-03 18:45:00+00:00,2024-08-03 19:45:00+00:00,-11.145029296875,1,5,False,NY      (16-22),Saturday,18
2024-08-03 20:00:00+00:00,2024-08-03 21:00:00+00:00,6.729970703125,-1,5,True,NY      (16-22),Saturday,20
2024-08-03 21:15:00+00:00,2024-08-04 04:00:00+00:00,17.329946289062498,1,28,True,NY      (16-22),Saturday,21
2024-08-04 04:15:00+00:00,2024-08-04 08:30:00+00:00,-0.010019531250000213,-1,18,False,Asia    (00-07),Sunday,4
2024-08-04 08:45:00+00:00,2024-08-04 13:30:00+00:00,1.9599511718749998,1,20,True,London  (07-12),Sunday,8
2024-08-04 13:45:00+00:00,2024-08-04 17:30:00+00:00,130.61498046875,-1,16,True,Overlap (12-16),Sunday,13
2024-08-04 17:45:00+00:00,2024-08-04 19:00:00+00:00,37.61498046875,1,6,True,NY      (16-22),Sunday,17
2024-08-04 19:15:00+00:00,2024-08-05 04:30:00+00:00,187.48998046875,-1,38,True,NY      (16-22),Sunday,19
2024-08-05 04:45:00+00:00,2024-08-05 08:00:00+00:00,-11.464975585937509,1,14,False,Asia    (00-07),Monday,4
2024-08-05 08:15:00+00:00,2024-08-05 13:00:00+00:00,53.6900537109375,-1,20,True,London  (07-12),Monday,8
2024-08-05 13:15:00+00:00,2024-08-05 17:30:00+00:00,123.06004882812499,1,18,True,Overlap (12-16),Monday,13
2024-08-05 17:45:00+00:00,2024-08-05 20:15:00+00:00,19.489980468749998,-1,11,True,NY      (16-22),Monday,17
2024-08-05 20:30:00+00:00,2024-08-06 08:00:00+00:00,35.90501953125,1,47,True,NY      (16-22),Monday,20
2024-08-06 08:15:00+00:00,2024-08-06 13:00:00+00:00,30.290029296874998,-1,20,True,London  (07-12),Tuesday,8
2024-08-06 13:15:00+00:00,2024-08-06 17:00:00+00:00,43.6750390625,1,16,True,Overlap (12-16),Tuesday,13
2024-08-06 17:15:00+00:00,2024-08-07 00:30:00+00:00,39.9600732421875,-1,30,True,NY      (16-22),Tuesday,17
2024-08-07 00:45:00+00:00,2024-08-07 13:00:00+00:00,2.045034179687498,1,50,True,Asia    (00-07),Wednesday,0
2024-08-07 13:15:00+00:00,2024-08-07 14:30:00+00:00,35.385,-1,6,True,Overlap (12-16),Wednesday,13
2024-08-07 14:45:00+00:00,2024-08-07 16:00:00+00:00,6.310048828125,1,6,True,Overlap (12-16),Wednesday,14
2024-08-07 16:15:00+00:00,2024-08-07 22:15:00+00:00,34.4700830078125,-1,25,True,NY      (16-22),Wednesday,16
2024-08-07 22:30:00+00:00,2024-08-07 23:00:00+00:00,16.484975585937498,1,3,True,Off     (22-00),Wednesday,22
2024-08-07 23:15:00+00:00,2024-08-08 00:00:00+00:00,7.1199853515625,-1,4,True,Off     (22-00),Wednesday,23
2024-08-08 00:15:00+00:00,2024-08-08 03:15:00+00:00,51.249990234375,1,13,True,Asia    (00-07),Thursday,0
2024-08-08 03:30:00+00:00,2024-08-08 09:00:00+00:00,12.559926757812498,-1,23,True,Asia    (00-07),Thursday,3
2024-08-08 09:15:00+00:00,2024-08-09 07:00:00+00:00,132.249990234375,1,88,True,London  (07-12),Thursday,9
2024-08-09 07:15:00+00:00,2024-08-09 19:30:00+00:00,47.604970703125,-1,50,True,London  (07-12),Friday,7
2024-08-09 19:45:00+00:00,2024-08-09 23:45:00+00:00,1.5999658203124998,1,17,True,NY      (16-22),Friday,19
2024-08-10 00:00:00+00:00,2024-08-10 02:15:00+00:00,-6.500009765625,-1,10,False,Asia    (00-07),Saturday,0
2024-08-10 02:30:00+00:00,2024-08-10 13:00:00+00:00,3.209951171875,1,43,True,Asia    (00-07),Saturday,2
2024-08-10 13:15:00+00:00,2024-08-10 15:45:00+00:00,6.86498046875,-1,11,True,Overlap (12-16),Saturday,13
2024-08-10 16:00:00+00:00,2024-08-10 22:45:00+00:00,0.9500634765624998,1,28,True,NY      (16-22),Saturday,16
2024-08-10 23:00:00+00:00,2024-08-10 23:00:00+00:00,-1.7400000000000002,-1,1,False,Off     (22-00),Saturday,23
2024-08-10 23:15:00+00:00,2024-08-11 08:30:00+00:00,35.3399560546875,1,38,True,Off     (22-00),Saturday,23
2024-08-11 08:45:00+00:00,2024-08-11 10:45:00+00:00,-0.030039062500000213,-1,9,False,London  (07-12),Sunday,8
2024-08-11 11:00:00+00:00,2024-08-11 11:00:00+00:00,-6.8050634765625,1,1,False,London  (07-12),Sunday,11
2024-08-11 11:15:00+00:00,2024-08-11 12:00:00+00:00,17.494985351562498,-1,4,True,London  (07-12),Sunday,11
2024-08-11 12:15:00+00:00,2024-08-11 13:45:00+00:00,3.3699853515625,1,7,True,Overlap (12-16),Sunday,12
2024-08-11 14:00:00+00:00,2024-08-12 05:30:00+00:00,47.1500146484375,-1,63,True,Overlap (12-16),Sunday,14
2024-08-12 05:45:00+00:00,2024-08-12 16:15:00+00:00,66.14500976562499,1,43,True,Asia    (00-07),Monday,5
2024-08-12 16:30:00+00:00,2024-08-12 20:00:00+00:00,0.734975585937498,-1,15,True,NY      (16-22),Monday,16
2024-08-12 20:15:00+00:00,2024-08-13 02:30:00+00:00,17.050039062499998,1,26,True,NY      (16-22),Monday,20
2024-08-13 02:45:00+00:00,2024-08-13 04:15:00+00:00,22.670034179687498,-1,7,True,Asia    (00-07),Tuesday,2
2024-08-13 04:30:00+00:00,2024-08-13 04:45:00+00:00,-1.7500097656250002,1,2,False,Asia    (00-07),Tuesday,4
2024-08-13 05:00:00+00:00,2024-08-13 12:30:00+00:00,7.560048828125,-1,31,True,Asia    (00-07),Tuesday,5
2024-08-13 12:45:00+00:00,2024-08-13 21:45:00+00:00,42.3050439453125,1,37,True,Overlap (12-16),Tuesday,12
2024-08-13 22:00:00+00:00,2024-08-14 05:45:00+00:00,0.4599511718749998,-1,32,True,Off     (22-00),Tuesday,22
2024-08-14 06:00:00+00:00,2024-08-14 12:00:00+00:00,8.654897460937498,1,25,True,Asia    (00-07),Wednesday,6
2024-08-14 12:15:00+00:00,2024-08-14 15:30:00+00:00,34.2149560546875,-1,14,True,Overlap (12-16),Wednesday,12
2024-08-14 15:45:00+00:00,2024-08-14 15:45:00+00:00,-1.8750097656250002,1,1,False,Overlap (12-16),Wednesday,15
2024-08-14 16:00:00+00:00,2024-08-14 16:15:00+00:00,9.6400048828125,-1,2,True,NY      (16-22),Wednesday,16
2024-08-14 16:30:00+00:00,2024-08-14 16:30:00+00:00,-2.7049658203125,1,1,False,NY      (16-22),Wednesday,16
2024-08-14 16:45:00+00:00,2024-08-15 01:45:00+00:00,0.140004882812498,-1,37,True,NY      (16-22),Wednesday,16
2024-08-15 02:00:00+00:00,2024-08-15 04:00:00+00:00,-1.7750341796875002,1,9,False,Asia    (00-07),Thursday,2
2024-08-15 04:15:00+00:00,2024-08-15 08:15:00+00:00,13.7549951171875,-1,17,True,Asia    (00-07),Thursday,4
2024-08-15 08:30:00+00:00,2024-08-15 16:15:00+00:00,25.710073242187498,1,32,True,London  (07-12),Thursday,8
2024-08-15 16:30:00+00:00,2024-08-16 00:15:00+00:00,47.8450830078125,-1,32,True,NY      (16-22),Thursday,16
2024-08-16 00:30:00+00:00,2024-08-16 12:00:00+00:00,14.680043945312498,1,47,True,Asia    (00-07),Friday,0
2024-08-16 12:15:00+00:00,2024-08-16 17:00:00+00:00,7.770009765625,-1,20,True,Overlap (12-16),Friday,12
2024-08-16 17:15:00+00:00,2024-08-16 21:30:00+00:00,8.300039062499998,1,18,True,NY      (16-22),Friday,17
2024-08-16 21:45:00+00:00,2024-08-17 00:30:00+00:00,2.61498046875,-1,12,True,NY      (16-22),Friday,21
2024-08-17 00:45:00+00:00,2024-08-18 01:45:00+00:00,4.76,1,101,True,Asia    (00-07),Saturday,0
2024-08-18 02:00:00+00:00,2024-08-18 02:00:00+00:00,-1.2400000000000002,-1,1,False,Asia    (00-07),Sunday,2
2024-08-18 02:15:00+00:00,2024-08-18 20:00:00+00:00,28.644887695312498,1,72,True,Asia    (00-07),Sunday,2
2024-08-18 20:15:00+00:00,2024-08-18 23:00:00+00:00,11.4949853515625,-1,12,True,NY      (16-22),Sunday,20
2024-08-18 23:15:00+00:00,2024-08-19 02:00:00+00:00,-7.1300146484375,1,12,False,Off     (22-00),Sunday,23
2024-08-19 02:15:00+00:00,2024-08-19 14:15:00+00:00,28.184926757812498,-1,49,True,Asia    (00-07),Monday,2
2024-08-19 14:30:00+00:00,2024-08-20 12:00:00+00:00,40.229970703125,1,87,True,Overlap (12-16),Monday,14
2024-08-20 12:15:00+00:00,2024-08-20 14:30:00+00:00,25.055043945312498,-1,10,True,Overlap (12-16),Tuesday,12
2024-08-20 14:45:00+00:00,2024-08-20 15:30:00+00:00,-14.854990234375002,1,4,False,Overlap (12-16),Tuesday,14
2024-08-20 15:45:00+00:00,2024-08-21 02:45:00+00:00,-10.115000000000002,-1,45,False,Overlap (12-16),Tuesday,15
2024-08-21 03:00:00+00:00,2024-08-21 03:00:00+00:00,-1.1449072265625002,1,1,False,Asia    (00-07),Wednesday,3
2024-08-21 03:15:00+00:00,2024-08-21 06:15:00+00:00,-7.500009765625,-1,13,False,Asia    (00-07),Wednesday,3
2024-08-21 06:30:00+00:00,2024-08-21 08:30:00+00:00,-8.24,1,9,False,Asia    (00-07),Wednesday,6
2024-08-21 08:45:00+00:00,2024-08-21 15:15:00+00:00,-7.299936523437502,-1,27,False,London  (07-12),Wednesday,8
2024-08-21 15:30:00+00:00,2024-08-21 22:30:00+00:00,13.484975585937498,1,29,True,Overlap (12-16),Wednesday,15
2024-08-21 22:45:00+00:00,2024-08-22 03:15:00+00:00,9.8299462890625,-1,19,True,Off     (22-00),Wednesday,22
2024-08-22 03:30:00+00:00,2024-08-22 12:00:00+00:00,10.979970703125,1,35,True,Asia    (00-07),Thursday,3
2024-08-22 12:15:00+00:00,2024-08-22 13:00:00+00:00,5.3150537109375,-1,4,True,Overlap (12-16),Thursday,12
2024-08-22 13:15:00+00:00,2024-08-22 13:30:00+00:00,-2.254892578125,1,2,False,Overlap (12-16),Thursday,13
2024-08-22 13:45:00+00:00,2024-08-22 17:45:00+00:00,5.9100244140625,-1,17,True,Overlap (12-16),Thursday,13
2024-08-22 18:00:00+00:00,2024-08-22 23:15:00+00:00,7.040029296875,1,22,True,NY      (16-22),Thursday,18
2024-08-22 23:30:00+00:00,2024-08-23 00:00:00+00:00,-3.6649267578125,-1,3,False,Off     (22-00),Thursday,23
2024-08-23 00:15:00+00:00,2024-08-24 03:45:00+00:00,58.205068359375,1,111,True,Asia    (00-07),Friday,0
2024-08-24 04:00:00+00:00,2024-08-24 11:45:00+00:00,-7.34498046875,-1,32,False,Asia    (00-07),Saturday,4
2024-08-24 12:00:00+00:00,2024-08-24 20:00:00+00:00,14.020009765624998,1,33,True,Overlap (12-16),Saturday,12
2024-08-24 20:15:00+00:00,2024-08-25 08:00:00+00:00,19.045034179687498,-1,48,True,NY      (16-22),Saturday,20
2024-08-25 08:15:00+00:00,2024-08-25 18:30:00+00:00,10.5150048828125,1,42,True,London  (07-12),Sunday,8
2024-08-25 18:45:00+00:00,2024-08-26 09:15:00+00:00,19.665029296874998,-1,59,True,NY      (16-22),Sunday,18
2024-08-26 09:30:00+00:00,2024-08-26 12:00:00+00:00,4.5150048828125,1,11,True,London  (07-12),Monday,9
2024-08-26 12:15:00+00:00,2024-08-26 21:00:00+00:00,28.420034179687498,-1,36,True,Overlap (12-16),Monday,12
2024-08-26 21:15:00+00:00,2024-08-27 09:00:00+00:00,1.0300195312499998,1,48,True,NY      (16-22),Monday,21
2024-08-27 09:15:00+00:00,2024-08-27 11:00:00+00:00,25.259999999999998,-1,8,True,London  (07-12),Tuesday,9
2024-08-27 11:15:00+00:00,2024-08-27 13:15:00+00:00,-6.24,1,9,False,London  (07-12),Tuesday,11
2024-08-27 13:30:00+00:00,2024-08-27 17:00:00+00:00,22.390004882812498,-1,15,True,Overlap (12-16),Tuesday,13
2024-08-27 17:15:00+00:00,2024-08-27 20:45:00+00:00,1.1700341796874998,1,15,True,NY      (16-22),Tuesday,17
2024-08-27 21:00:00+00:00,2024-08-28 01:15:00+00:00,73.57494140624999,-1,18,True,NY      (16-22),Tuesday,21
2024-08-28 01:30:00+00:00,2024-08-28 01:30:00+00:00,0.4249169921874998,1,1,True,Asia    (00-07),Wednesday,1
2024-08-28 01:45:00+00:00,2024-08-28 01:45:00+00:00,-6.4400732421875,-1,1,False,Asia    (00-07),Wednesday,1
2024-08-28 02:00:00+00:00,2024-08-28 04:15:00+00:00,15.2249658203125,1,10,True,Asia    (00-07),Wednesday,2
2024-08-28 04:30:00+00:00,2024-08-28 08:30:00+00:00,7.4300439453125,-1,17,True,Asia    (00-07),Wednesday,4
2024-08-28 08:45:00+00:00,2024-08-28 13:00:00+00:00,28.600087890624998,1,18,True,London  (07-12),Wednesday,8
2024-08-28 13:15:00+00:00,2024-08-28 14:45:00+00:00,6.295034179687498,-1,7,True,Overlap (12-16),Wednesday,13
2024-08-28 15:00:00+00:00,2024-08-28 19:15:00+00:00,4.0699365234375,1,18,True,Overlap (12-16),Wednesday,15
2024-08-28 19:30:00+00:00,2024-08-28 20:00:00+00:00,-2.34498046875,-1,3,False,NY      (16-22),Wednesday,19
2024-08-28 20:15:00+00:00,2024-08-29 01:00:00+00:00,3.03001953125,1,20,True,NY      (16-22),Wednesday,20
2024-08-29 01:15:00+00:00,2024-08-29 04:45:00+00:00,-1.3950292968750002,-1,15,False,Asia    (00-07),Thursday,1
2024-08-29 05:00:00+00:00,2024-08-29 16:00:00+00:00,26.805043945312498,1,45,True,Asia    (00-07),Thursday,5
2024-08-29 16:15:00+00:00,2024-08-30 03:15:00+00:00,31.425039062499998,-1,45,True,NY      (16-22),Thursday,16
2024-08-30 03:30:00+00:00,2024-08-30 08:30:00+00:00,-0.2199804687500002,1,21,False,Asia    (00-07),Friday,3
2024-08-30 08:45:00+00:00,2024-08-30 14:30:00+00:00,14.69505859375,-1,24,True,London  (07-12),Friday,8
2024-08-30 14:45:00+00:00,2024-08-31 00:00:00+00:00,16.759999999999998,1,38,True,Overlap (12-16),Friday,14
2024-08-31 00:15:00+00:00,2024-08-31 08:30:00+00:00,-0.7650244140625002,-1,34,False,Asia    (00-07),Saturday,0
2024-08-31 08:45:00+00:00,2024-08-31 12:30:00+00:00,-0.3449804687500002,1,16,False,London  (07-12),Saturday,8
2024-08-31 12:45:00+00:00,2024-08-31 17:15:00+00:00,6.9000146484375,-1,19,True,Overlap (12-16),Saturday,12
2024-08-31 17:30:00+00:00,2024-08-31 18:00:00+00:00,-3.9649755859375,1,3,False,NY      (16-22),Saturday,17
2024-08-31 18:15:00+00:00,2024-08-31 20:15:00+00:00,-0.7999365234375002,-1,9,False,NY      (16-22),Saturday,18
2024-08-31 20:30:00+00:00,2024-08-31 20:45:00+00:00,0.8200585937499998,1,2,True,NY      (16-22),Saturday,20
2024-08-31 21:00:00+00:00,2024-08-31 21:30:00+00:00,-8.5300390625,-1,3,False,NY      (16-22),Saturday,21
2024-08-31 21:45:00+00:00,2024-08-31 22:30:00+00:00,-2.5350439453125,1,4,False,NY      (16-22),Saturday,21
2024-08-31 22:45:00+00:00,2024-09-01 04:00:00+00:00,14.849965820312498,-1,22,True,Off     (22-00),Saturday,22
2024-09-01 04:15:00+00:00,2024-09-01 09:00:00+00:00,-4.1500341796875,1,20,False,Asia    (00-07),Sunday,4
2024-09-01 09:15:00+00:00,2024-09-01 12:00:00+00:00,-0.7850439453125002,-1,12,False,London  (07-12),Sunday,9
2024-09-01 12:15:00+00:00,2024-09-01 20:30:00+00:00,11.814931640625,1,34,True,Overlap (12-16),Sunday,12
2024-09-01 20:45:00+00:00,2024-09-02 00:30:00+00:00,32.209951171875,-1,16,True,NY      (16-22),Sunday,20
2024-09-02 00:45:00+00:00,2024-09-02 02:00:00+00:00,1.4599511718749998,1,6,True,Asia    (00-07),Monday,0
2024-09-02 02:15:00+00:00,2024-09-02 08:15:00+00:00,-12.9000341796875,-1,25,False,Asia    (00-07),Monday,2
2024-09-02 08:30:00+00:00,2024-09-02 13:00:00+00:00,24.944936523437498,1,19,True,London  (07-12),Monday,8
2024-09-02 13:15:00+00:00,2024-09-02 16:15:00+00:00,2.1649072265625,-1,13,True,Overlap (12-16),Monday,13
2024-09-02 16:30:00+00:00,2024-09-02 21:15:00+00:00,16.270009765624998,1,20,True,NY      (16-22),Monday,16
2024-09-02 21:30:00+00:00,2024-09-03 03:45:00+00:00,13.810048828125,-1,26,True,NY      (16-22),Monday,21
2024-09-03 04:00:00+00:00,2024-09-03 04:30:00+00:00,-0.2400000000000002,1,3,False,Asia    (00-07),Tuesday,4
2024-09-03 04:45:00+00:00,2024-09-03 08:30:00+00:00,8.44994140625,-1,16,True,Asia    (00-07),Tuesday,4
2024-09-03 08:45:00+00:00,2024-09-03 08:45:00+00:00,-1.7650244140625002,1,1,False,London  (07-12),Tuesday,8
2024-09-03 09:00:00+00:00,2024-09-03 09:00:00+00:00,-1.7400000000000002,-1,1,False,London  (07-12),Tuesday,9
2024-09-03 09:15:00+00:00,2024-09-03 09:45:00+00:00,0.3249414062499998,1,3,True,London  (07-12),Tuesday,9
2024-09-03 10:00:00+00:00,2024-09-04 01:00:00+00:00,78.10997558593749,-1,61,True,London  (07-12),Tuesday,10
2024-09-04 01:15:00+00:00,2024-09-04 01:30:00+00:00,12.57494140625,1,2,True,Asia    (00-07),Wednesday,1
2024-09-04 01:45:00+00:00,2024-09-04 02:15:00+00:00,3.6398828125,-1,3,True,Asia    (00-07),Wednesday,1
2024-09-04 02:30:00+00:00,2024-09-04 17:15:00+00:00,47.2199609375,1,60,True,Asia    (00-07),Wednesday,2
2024-09-04 17:30:00+00:00,2024-09-05 18:15:00+00:00,31.759999999999998,-1,100,True,NY      (16-22),Wednesday,17
2024-09-05 18:30:00+00:00,2024-09-05 18:30:00+00:00,-3.5350439453125,1,1,False,NY      (16-22),Thursday,18
2024-09-05 18:45:00+00:00,2024-09-05 19:30:00+00:00,15.9100244140625,-1,4,True,NY      (16-22),Thursday,18
2024-09-05 19:45:00+00:00,2024-09-06 04:00:00+00:00,18.940053710937498,1,34,True,NY      (16-22),Thursday,19
2024-09-06 04:15:00+00:00,2024-09-06 09:30:00+00:00,18.185048828124998,-1,22,True,Asia    (00-07),Friday,4
2024-09-06 09:45:00+00:00,2024-09-06 12:30:00+00:00,16.675039062499998,1,12,True,London  (07-12),Friday,9
2024-09-06 12:45:00+00:00,2024-09-06 21:15:00+00:00,95.64000488281249,-1,35,True,Overlap (12-16),Friday,12
2024-09-06 21:30:00+00:00,2024-09-07 16:30:00+00:00,44.9250390625,1,77,True,NY      (16-22),Friday,21
2024-09-07 16:45:00+00:00,2024-09-08 00:15:00+00:00,7.935048828125,-1,31,True,NY      (16-22),Saturday,16
2024-09-08 00:30:00+00:00,2024-09-08 12:45:00+00:00,0.8799951171874998,1,50,True,Asia    (00-07),Sunday,0
2024-09-08 13:00:00+00:00,2024-09-08 17:45:00+00:00,-4.8499853515625,-1,20,False,Overlap (12-16),Sunday,13
2024-09-08 18:00:00+00:00,2024-09-09 12:00:00+00:00,11.925039062499998,1,73,True,NY      (16-22),Sunday,18
2024-09-09 12:15:00+00:00,2024-09-09 15:45:00+00:00,6.6099755859375,-1,15,True,Overlap (12-16),Monday,12
2024-09-09 16:00:00+00:00,2024-09-10 03:45:00+00:00,21.655019531249998,1,48,True,NY      (16-22),Monday,16
2024-09-10 04:00:00+00:00,2024-09-10 05:00:00+00:00,-2.4049169921875,-1,5,False,Asia    (00-07),Tuesday,4
2024-09-10 05:15:00+00:00,2024-09-10 08:15:00+00:00,6.1700341796875,1,13,True,Asia    (00-07),Tuesday,5
2024-09-10 08:30:00+00:00,2024-09-10 10:00:00+00:00,6.0949609375,-1,7,True,London  (07-12),Tuesday,8
2024-09-10 10:15:00+00:00,2024-09-10 11:45:00+00:00,2.5999658203125,1,7,True,London  (07-12),Tuesday,10
2024-09-10 12:00:00+00:00,2024-09-10 16:30:00+00:00,4.459951171875,-1,19,True,Overlap (12-16),Tuesday,12
2024-09-10 16:45:00+00:00,2024-09-10 19:30:00+00:00,20.974965820312498,1,12,True,NY      (16-22),Tuesday,16
2024-09-10 19:45:00+00:00,2024-09-10 20:00:00+00:00,-2.2800390625,-1,2,False,NY      (16-22),Tuesday,19
2024-09-10 20:15:00+00:00,2024-09-10 20:30:00+00:00,0.4048974609374998,1,2,True,NY      (16-22),Tuesday,20
2024-09-10 20:45:00+00:00,2024-09-10 21:00:00+00:00,1.7099511718749998,-1,2,True,NY      (16-22),Tuesday,20
2024-09-10 21:15:00+00:00,2024-09-11 00:00:00+00:00,-0.7900488281250002,1,12,False,NY      (16-22),Tuesday,21
2024-09-11 00:15:00+00:00,2024-09-11 10:45:00+00:00,31.469960937499998,-1,43,True,Asia    (00-07),Wednesday,0
2024-09-11 11:00:00+00:00,2024-09-11 11:45:00+00:00,3.0650537109375,1,4,True,London  (07-12),Wednesday,11
2024-09-11 12:00:00+00:00,2024-09-11 14:15:00+00:00,15.004995117187498,-1,10,True,Overlap (12-16),Wednesday,12
2024-09-11 14:30:00+00:00,2024-09-11 21:00:00+00:00,22.999990234374998,1,27,True,Overlap (12-16),Wednesday,14
2024-09-11 21:15:00+00:00,2024-09-12 00:15:00+00:00,-7.2999365234375,-1,13,False,NY      (16-22),Wednesday,21
2024-09-12 00:30:00+00:00,2024-09-12 04:15:00+00:00,8.7200830078125,1,16,True,Asia    (00-07),Thursday,0
2024-09-12 04:30:00+00:00,2024-09-12 16:15:00+00:00,18.905019531249998,-1,48,True,Asia    (00-07),Thursday,4
2024-09-12 16:30:00+00:00,2024-09-12 23:30:00+00:00,12.9149072265625,1,29,True,NY      (16-22),Thursday,16
2024-09-12 23:45:00+00:00,2024-09-13 08:15:00+00:00,5.354970703125,-1,35,True,Off     (22-00),Thursday,23
2024-09-13 08:30:00+00:00,2024-09-14 08:45:00+00:00,31.305043945312498,1,98,True,London  (07-12),Friday,8
2024-09-14 09:00:00+00:00,2024-09-14 11:15:00+00:00,-0.9849951171875002,-1,10,False,London  (07-12),Saturday,9
2024-09-14 11:30:00+00:00,2024-09-14 12:00:00+00:00,1.9050195312499998,1,3,True,London  (07-12),Saturday,11
2024-09-14 12:15:00+00:00,2024-09-15 02:00:00+00:00,-3.125009765625,-1,56,False,Overlap (12-16),Saturday,12
2024-09-15 02:15:00+00:00,2024-09-15 03:00:00+00:00,-1.0000097656250002,1,4,False,Asia    (00-07),Sunday,2
2024-09-15 03:15:00+00:00,2024-09-15 14:00:00+00:00,8.19505859375,-1,44,True,Asia    (00-07),Sunday,3
2024-09-15 14:15:00+00:00,2024-09-15 15:00:00+00:00,-0.5899755859375002,1,4,False,Overlap (12-16),Sunday,14
2024-09-15 15:15:00+00:00,2024-09-15 18:30:00+00:00,18.224965820312498,-1,14,True,Overlap (12-16),Sunday,15
2024-09-15 18:45:00+00:00,2024-09-15 18:45:00+00:00,4.53001953125,1,1,True,NY      (16-22),Sunday,18
2024-09-15 19:00:00+00:00,2024-09-16 03:00:00+00:00,52.810048828125,-1,33,True,NY      (16-22),Sunday,19
2024-09-16 03:15:00+00:00,2024-09-16 12:00:00+00:00,18.185048828124998,1,36,True,Asia    (00-07),Monday,3
2024-09-16 12:15:00+00:00,2024-09-16 15:15:00+00:00,6.495107421875,-1,13,True,Overlap (12-16),Monday,12
2024-09-16 15:30:00+00:00,2024-09-16 16:00:00+00:00,-4.6849462890625,1,3,False,Overlap (12-16),Monday,15
2024-09-16 16:15:00+00:00,2024-09-16 18:00:00+00:00,-0.08497070312500021,-1,8,False,NY      (16-22),Monday,16
2024-09-16 18:15:00+00:00,2024-09-16 18:30:00+00:00,-1.8499853515625002,1,2,False,NY      (16-22),Monday,18
2024-09-16 18:45:00+00:00,2024-09-16 20:15:00+00:00,3.459951171875,-1,7,True,NY      (16-22),Monday,18
2024-09-16 20:30:00+00:00,2024-09-16 22:00:00+00:00,2.8499658203125,1,7,True,NY      (16-22),Monday,20
2024-09-16 22:15:00+00:00,2024-09-17 04:00:00+00:00,-2.6949560546875,-1,24,False,Off     (22-00),Monday,22
2024-09-17 04:15:00+00:00,2024-09-17 16:00:00+00:00,46.3250634765625,1,48,True,Asia    (00-07),Tuesday,4
2024-09-17 16:15:00+00:00,2024-09-17 19:45:00+00:00,12.1099755859375,-1,15,True,NY      (16-22),Tuesday,16
2024-09-17 20:00:00+00:00,2024-09-17 20:15:00+00:00,0.08495117187499979,1,2,True,NY      (16-22),Tuesday,20
2024-09-17 20:30:00+00:00,2024-09-18 00:30:00+00:00,18.040029296874998,-1,17,True,NY      (16-22),Tuesday,20
2024-09-18 00:45:00+00:00,2024-09-18 08:00:00+00:00,0.04503417968749979,1,30,True,Asia    (00-07),Wednesday,0
2024-09-18 08:15:00+00:00,2024-09-18 10:00:00+00:00,16.440053710937498,-1,8,True,London  (07-12),Wednesday,8
2024-09-18 10:15:00+00:00,2024-09-18 11:00:00+00:00,8.65501953125,1,4,True,London  (07-12),Wednesday,10
2024-09-18 11:15:00+00:00,2024-09-18 15:30:00+00:00,4.4849755859375,-1,18,True,London  (07-12),Wednesday,11
2024-09-18 15:45:00+00:00,2024-09-18 19:15:00+00:00,14.445058593749998,1,15,True,Overlap (12-16),Wednesday,15
2024-09-18 19:30:00+00:00,2024-09-18 19:30:00+00:00,2.635,-1,1,True,NY      (16-22),Wednesday,19
2024-09-18 19:45:00+00:00,2024-09-18 22:15:00+00:00,10.645009765625,1,11,True,NY      (16-22),Wednesday,19
2024-09-18 22:30:00+00:00,2024-09-18 22:30:00+00:00,1.0950830078124998,-1,1,True,Off     (22-00),Wednesday,22
2024-09-18 22:45:00+00:00,2024-09-19 10:00:00+00:00,45.1099755859375,1,46,True,Off     (22-00),Wednesday,22
2024-09-19 10:15:00+00:00,2024-09-19 13:45:00+00:00,-3.4100439453125,-1,15,False,London  (07-12),Thursday,10
2024-09-19 14:00:00+00:00,2024-09-19 14:15:00+00:00,-2.2249853515625,1,2,False,Overlap (12-16),Thursday,14
2024-09-19 14:30:00+00:00,2024-09-19 16:00:00+00:00,-4.5749609375,-1,7,False,Overlap (12-16),Thursday,14
2024-09-19 16:15:00+00:00,2024-09-19 20:15:00+00:00,10.700063476562498,1,17,True,NY      (16-22),Thursday,16
2024-09-19 20:30:00+00:00,2024-09-19 22:00:00+00:00,-0.5799658203125002,-1,7,False,NY      (16-22),Thursday,20
2024-09-19 22:15:00+00:00,2024-09-19 23:30:00+00:00,1.6950585937499998,1,6,True,Off     (22-00),Thursday,22
2024-09-19 23:45:00+00:00,2024-09-20 02:00:00+00:00,5.080068359375,-1,10,True,Off     (22-00),Thursday,23
2024-09-20 02:15:00+00:00,2024-09-20 08:00:00+00:00,46.4200341796875,1,24,True,Asia    (00-07),Friday,2
2024-09-20 08:15:00+00:00,2024-09-20 12:00:00+00:00,-0.5549414062500002,-1,16,False,London  (07-12),Friday,8
2024-09-20 12:15:00+00:00,2024-09-20 12:45:00+00:00,1.0049951171874998,1,3,True,Overlap (12-16),Friday,12
2024-09-20 13:00:00+00:00,2024-09-20 13:15:00+00:00,7.1649072265625,-1,2,True,Overlap (12-16),Friday,13
2024-09-20 13:30:00+00:00,2024-09-20 16:15:00+00:00,11.635,1,12,True,Overlap (12-16),Friday,13
2024-09-20 16:30:00+00:00,2024-09-20 23:00:00+00:00,4.8350732421875,-1,27,True,NY      (16-22),Friday,16
2024-09-20 23:15:00+00:00,2024-09-21 01:15:00+00:00,3.4000146484375,1,9,True,Off     (22-00),Friday,23
2024-09-21 01:30:00+00:00,2024-09-21 07:00:00+00:00,0.8050439453124998,-1,23,True,Asia    (00-07),Saturday,1
2024-09-21 07:15:00+00:00,2024-09-21 08:00:00+00:00,-1.7949316406250002,1,4,False,London  (07-12),Saturday,7
2024-09-21 08:15:00+00:00,2024-09-21 12:30:00+00:00,-2.2899267578125,-1,18,False,London  (07-12),Saturday,8
2024-09-21 12:45:00+00:00,2024-09-21 14:30:00+00:00,5.1299951171875,1,8,True,Overlap (12-16),Saturday,12
2024-09-21 14:45:00+00:00,2024-09-21 17:00:00+00:00,-0.4250585937500002,-1,10,False,Overlap (12-16),Saturday,14
2024-09-21 17:15:00+00:00,2024-09-22 03:00:00+00:00,17.155019531249998,1,40,True,NY      (16-22),Saturday,17
2024-09-22 03:15:00+00:00,2024-09-22 16:15:00+00:00,17.400014648437498,-1,53,True,Asia    (00-07),Sunday,3
2024-09-22 16:30:00+00:00,2024-09-22 18:30:00+00:00,4.8449609375,1,9,True,NY      (16-22),Sunday,16
2024-09-22 18:45:00+00:00,2024-09-22 19:00:00+00:00,1.8499658203124998,-1,2,True,NY      (16-22),Sunday,18
2024-09-22 19:15:00+00:00,2024-09-22 20:00:00+00:00,1.9649560546874998,1,4,True,NY      (16-22),Sunday,19
2024-09-22 20:15:00+00:00,2024-09-22 21:45:00+00:00,13.65990234375,-1,7,True,NY      (16-22),Sunday,20
2024-09-22 22:00:00+00:00,2024-09-22 23:45:00+00:00,14.204946289062498,1,8,True,Off     (22-00),Sunday,22
2024-09-23 00:00:00+00:00,2024-09-23 00:00:00+00:00,8.415029296875,-1,1,True,Asia    (00-07),Monday,0
2024-09-23 00:15:00+00:00,2024-09-23 04:15:00+00:00,49.26,1,17,True,Asia    (00-07),Monday,0
2024-09-23 04:30:00+00:00,2024-09-23 13:45:00+00:00,7.15501953125,-1,38,True,Asia    (00-07),Monday,4
2024-09-23 14:00:00+00:00,2024-09-23 16:00:00+00:00,18.879995117187498,1,9,True,Overlap (12-16),Monday,14
2024-09-23 16:15:00+00:00,2024-09-23 17:30:00+00:00,9.86498046875,-1,6,True,NY      (16-22),Monday,16
2024-09-23 17:45:00+00:00,2024-09-23 19:00:00+00:00,4.9000146484375,1,6,True,NY      (16-22),Monday,17
2024-09-23 19:15:00+00:00,2024-09-24 01:15:00+00:00,22.459951171874998,-1,25,True,NY      (16-22),Monday,19
2024-09-24 01:30:00+00:00,2024-09-24 03:00:00+00:00,-2.05005859375,1,7,False,Asia    (00-07),Tuesday,1
2024-09-24 03:15:00+00:00,2024-09-24 03:15:00+00:00,0.3099267578124998,-1,1,True,Asia    (00-07),Tuesday,3
2024-09-24 03:30:00+00:00,2024-09-24 09:15:00+00:00,11.209951171875,1,24,True,Asia    (00-07),Tuesday,3
2024-09-24 09:30:00+00:00,2024-09-24 11:00:00+00:00,1.6349999999999998,-1,7,True,London  (07-12),Tuesday,9
2024-09-24 11:15:00+00:00,2024-09-24 12:00:00+00:00,-4.8299658203125,1,4,False,London  (07-12),Tuesday,11
2024-09-24 12:15:00+00:00,2024-09-24 16:30:00+00:00,5.374990234375,-1,18,True,Overlap (12-16),Tuesday,12
2024-09-24 16:45:00+00:00,2024-09-24 23:00:00+00:00,16.390004882812498,1,26,True,NY      (16-22),Tuesday,16
2024-09-24 23:15:00+00:00,2024-09-25 11:00:00+00:00,16.265004882812498,-1,48,True,Off     (22-00),Tuesday,23
2024-09-25 11:15:00+00:00,2024-09-25 12:00:00+00:00,-0.4600927734375002,1,4,False,London  (07-12),Wednesday,11
2024-09-25 12:15:00+00:00,2024-09-25 13:00:00+00:00,2.2698876953125,-1,4,True,Overlap (12-16),Wednesday,12
2024-09-25 13:15:00+00:00,2024-09-25 15:00:00+00:00,1.8149316406249998,1,8,True,Overlap (12-16),Wednesday,13
2024-09-25 15:15:00+00:00,2024-09-25 18:30:00+00:00,19.569936523437498,-1,14,True,Overlap (12-16),Wednesday,15
2024-09-25 18:45:00+00:00,2024-09-25 18:45:00+00:00,-0.8900244140625002,1,1,False,NY      (16-22),Wednesday,18
2024-09-25 19:00:00+00:00,2024-09-25 19:45:00+00:00,3.57005859375,-1,4,True,NY      (16-22),Wednesday,19
2024-09-25 20:00:00+00:00,2024-09-26 17:00:00+00:00,40.8250634765625,1,85,True,NY      (16-22),Wednesday,20
2024-09-26 17:15:00+00:00,2024-09-26 18:15:00+00:00,8.6800439453125,-1,5,True,NY      (16-22),Thursday,17
2024-09-26 18:30:00+00:00,2024-09-26 19:30:00+00:00,7.4649560546875,1,5,True,NY      (16-22),Thursday,18
2024-09-26 19:45:00+00:00,2024-09-27 03:00:00+00:00,14.0150048828125,-1,30,True,NY      (16-22),Thursday,19
2024-09-27 03:15:00+00:00,2024-09-27 21:15:00+00:00,35.165029296875,1,73,True,Asia    (00-07),Friday,3
2024-09-27 21:30:00+00:00,2024-09-28 08:45:00+00:00,13.104970703125,-1,46,True,NY      (16-22),Friday,21
2024-09-28 09:00:00+00:00,2024-09-28 13:30:00+00:00,-3.99,1,19,False,London  (07-12),Saturday,9
2024-09-28 13:45:00+00:00,2024-09-28 18:45:00+00:00,-8.67505859375,-1,21,False,Overlap (12-16),Saturday,13
2024-09-28 19:00:00+00:00,2024-09-28 20:15:00+00:00,-0.7850439453125002,1,6,False,NY      (16-22),Saturday,19
2024-09-28 20:30:00+00:00,2024-09-28 21:30:00+00:00,2.3900048828125,-1,5,True,NY      (16-22),Saturday,20
2024-09-28 21:45:00+00:00,2024-09-28 21:45:00+00:00,-1.6550390625000002,1,1,False,NY      (16-22),Saturday,21
2024-09-28 22:00:00+00:00,2024-09-29 03:00:00+00:00,-2.145029296875,-1,21,False,Off     (22-00),Saturday,22
2024-09-29 03:15:00+00:00,2024-09-29 03:15:00+00:00,-0.7850439453125002,1,1,False,Asia    (00-07),Sunday,3
2024-09-29 03:30:00+00:00,2024-09-29 07:45:00+00:00,13.9949853515625,-1,18,True,Asia    (00-07),Sunday,3
2024-09-29 08:00:00+00:00,2024-09-29 23:45:00+00:00,6.100087890624998,1,64,True,London  (07-12),Sunday,8
2024-09-30 00:00:00+00:00,2024-09-30 07:30:00+00:00,8.57005859375,-1,31,True,Asia    (00-07),Monday,0
2024-09-30 07:45:00+00:00,2024-09-30 09:15:00+00:00,-3.0599462890625,1,7,False,London  (07-12),Monday,7
2024-09-30 09:30:00+00:00,2024-10-01 00:30:00+00:00,8.790029296874998,-1,61,True,London  (07-12),Monday,9
2024-10-01 00:45:00+00:00,2024-10-01 09:00:00+00:00,14.040029296875,1,34,True,Asia    (00-07),Tuesday,0
2024-10-01 09:15:00+00:00,2024-10-02 08:00:00+00:00,80.26500488281249,-1,92,True,London  (07-12),Tuesday,9
2024-10-02 08:15:00+00:00,2024-10-02 08:30:00+00:00,-0.9950048828125002,1,2,False,London  (07-12),Wednesday,8
2024-10-02 08:45:00+00:00,2024-10-02 13:00:00+00:00,23.020009765624998,-1,18,True,London  (07-12),Wednesday,8
2024-10-02 13:15:00+00:00,2024-10-02 16:45:00+00:00,8.270009765625,1,15,True,Overlap (12-16),Wednesday,13
2024-10-02 17:00:00+00:00,2024-10-02 22:15:00+00:00,43.0650537109375,-1,22,True,NY      (16-22),Wednesday,17
2024-10-02 22:30:00+00:00,2024-10-03 04:00:00+00:00,13.714956054687498,1,23,True,Off     (22-00),Wednesday,22
2024-10-03 04:15:00+00:00,2024-10-03 14:45:00+00:00,35.804921875,-1,43,True,Asia    (00-07),Thursday,4
2024-10-03 15:00:00+00:00,2024-10-03 15:45:00+00:00,9.03001953125,1,4,True,Overlap (12-16),Thursday,15
2024-10-03 16:00:00+00:00,2024-10-03 17:00:00+00:00,1.4050195312499998,-1,5,True,NY      (16-22),Thursday,16
2024-10-03 17:15:00+00:00,2024-10-04 02:00:00+00:00,17.665029296874998,1,36,True,NY      (16-22),Thursday,17
2024-10-04 02:15:00+00:00,2024-10-04 02:15:00+00:00,-1.4049169921875002,-1,1,False,Asia    (00-07),Friday,2
2024-10-04 02:30:00+00:00,2024-10-04 20:00:00+00:00,26.020009765624998,1,71,True,Asia    (00-07),Friday,2
2024-10-04 20:15:00+00:00,2024-10-05 04:00:00+00:00,12.624990234375,-1,32,True,NY      (16-22),Friday,20
2024-10-05 04:15:00+00:00,2024-10-05 10:00:00+00:00,11.1750390625,1,24,True,Asia    (00-07),Saturday,4
2024-10-05 10:15:00+00:00,2024-10-05 11:30:00+00:00,1.3150537109374998,-1,6,True,London  (07-12),Saturday,10
2024-10-05 11:45:00+00:00,2024-10-05 13:15:00+00:00,-2.294931640625,1,7,False,London  (07-12),Saturday,11
2024-10-05 13:30:00+00:00,2024-10-05 20:45:00+00:00,10.2549951171875,-1,30,True,Overlap (12-16),Saturday,13
2024-10-05 21:00:00+00:00,2024-10-06 00:45:00+00:00,6.5699365234375,1,16,True,NY      (16-22),Saturday,21
2024-10-06 01:00:00+00:00,2024-10-06 04:00:00+00:00,-5.3499853515625,-1,13,False,Asia    (00-07),Sunday,1
2024-10-06 04:15:00+00:00,2024-10-06 13:45:00+00:00,4.94505859375,1,39,True,Asia    (00-07),Sunday,4
2024-10-06 14:00:00+00:00,2024-10-06 14:00:00+00:00,-2.8299658203125,-1,1,False,Overlap (12-16),Sunday,14
2024-10-06 14:15:00+00:00,2024-10-06 16:15:00+00:00,1.6900537109374998,1,9,True,Overlap (12-16),Sunday,14
2024-10-06 16:30:00+00:00,2024-10-07 02:30:00+00:00,-33.9499609375,-1,41,False,NY      (16-22),Sunday,16
2024-10-07 02:45:00+00:00,2024-10-07 03:00:00+00:00,0.7149560546874998,1,2,True,Asia    (00-07),Monday,2
2024-10-07 03:15:00+00:00,2024-10-07 03:30:00+00:00,5.229970703125,-1,2,True,Asia    (00-07),Monday,3
2024-10-07 03:45:00+00:00,2024-10-07 08:00:00+00:00,-6.9849951171875,1,18,False,Asia    (00-07),Monday,3
2024-10-07 08:15:00+00:00,2024-10-07 19:15:00+00:00,21.864980468749998,-1,45,True,London  (07-12),Monday,8
2024-10-07 19:30:00+00:00,2024-10-07 20:15:00+00:00,0.9200341796874998,1,4,True,NY      (16-22),Monday,19
2024-10-07 20:30:00+00:00,2024-10-08 02:00:00+00:00,2.895009765624998,-1,23,True,NY      (16-22),Monday,20
2024-10-08 02:15:00+00:00,2024-10-08 04:15:00+00:00,3.1949365234375,1,9,True,Asia    (00-07),Tuesday,2
2024-10-08 04:30:00+00:00,2024-10-08 08:00:00+00:00,7.679921875,-1,15,True,Asia    (00-07),Tuesday,4
2024-10-08 08:15:00+00:00,2024-10-08 12:00:00+00:00,4.0399072265625,1,16,True,London  (07-12),Tuesday,8
2024-10-08 12:15:00+00:00,2024-10-08 13:00:00+00:00,3.729970703125,-1,4,True,Overlap (12-16),Tuesday,12
2024-10-08 13:15:00+00:00,2024-10-08 18:00:00+00:00,10.9500634765625,1,20,True,Overlap (12-16),Tuesday,13
2024-10-08 18:15:00+00:00,2024-10-08 18:15:00+00:00,-0.024912109375000213,-1,1,False,NY      (16-22),Tuesday,18
2024-10-08 18:30:00+00:00,2024-10-09 04:00:00+00:00,-2.959970703125,1,39,False,NY      (16-22),Tuesday,18
2024-10-09 04:15:00+00:00,2024-10-09 08:00:00+00:00,1.5049951171874998,-1,16,True,Asia    (00-07),Wednesday,4
2024-10-09 08:15:00+00:00,2024-10-09 16:15:00+00:00,-3.6600439453125,1,33,False,London  (07-12),Wednesday,8
2024-10-09 16:30:00+00:00,2024-10-10 05:30:00+00:00,15.069936523437498,-1,53,True,NY      (16-22),Wednesday,16
2024-10-10 05:45:00+00:00,2024-10-10 12:00:00+00:00,-0.4599707031250002,1,26,False,Asia    (00-07),Thursday,5
2024-10-10 12:15:00+00:00,2024-10-10 14:15:00+00:00,11.580068359375,-1,9,True,Overlap (12-16),Thursday,12
2024-10-10 14:30:00+00:00,2024-10-10 14:30:00+00:00,-1.0899755859375002,1,1,False,Overlap (12-16),Thursday,14
2024-10-10 14:45:00+00:00,2024-10-10 21:00:00+00:00,4.3900048828125,-1,26,True,Overlap (12-16),Thursday,14
2024-10-10 21:15:00+00:00,2024-10-11 05:45:00+00:00,18.384999999999998,1,35,True,NY      (16-22),Thursday,21
2024-10-11 06:00:00+00:00,2024-10-11 08:15:00+00:00,-2.6949560546875,-1,10,False,Asia    (00-07),Friday,6
2024-10-11 08:30:00+00:00,2024-10-11 20:30:00+00:00,24.840078124999998,1,49,True,London  (07-12),Friday,8
2024-10-11 20:45:00+00:00,2024-10-12 04:15:00+00:00,5.465078125,-1,31,True,NY      (16-22),Friday,20
2024-10-12 04:30:00+00:00,2024-10-12 17:15:00+00:00,15.3350732421875,1,52,True,Asia    (00-07),Saturday,4
2024-10-12 17:30:00+00:00,2024-10-13 04:45:00+00:00,6.28001953125,-1,46,True,NY      (16-22),Saturday,17
2024-10-13 05:00:00+00:00,2024-10-13 12:15:00+00:00,-1.0050146484375002,1,30,False,Asia    (00-07),Sunday,5
2024-10-13 12:30:00+00:00,2024-10-13 16:15:00+00:00,6.65501953125,-1,16,True,Overlap (12-16),Sunday,12
2024-10-13 16:30:00+00:00,2024-10-14 08:00:00+00:00,36.0250146484375,1,63,True,NY      (16-22),Sunday,16
2024-10-14 08:15:00+00:00,2024-10-14 12:00:00+00:00,-13.939951171875,-1,16,False,London  (07-12),Monday,8
2024-10-14 12:15:00+00:00,2024-10-14 16:15:00+00:00,34.020009765625,1,17,True,Overlap (12-16),Monday,12
2024-10-14 16:30:00+00:00,2024-10-14 23:45:00+00:00,-6.805063476562502,-1,30,False,NY      (16-22),Monday,16
2024-10-15 00:00:00+00:00,2024-10-15 03:30:00+00:00,-8.625009765625,1,15,False,Asia    (00-07),Tuesday,0
2024-10-15 03:45:00+00:00,2024-10-15 17:00:00+00:00,12.815053710937498,-1,54,True,Asia    (00-07),Tuesday,3
2024-10-15 17:15:00+00:00,2024-10-16 06:45:00+00:00,9.660024414062498,1,55,True,NY      (16-22),Tuesday,17
2024-10-16 07:00:00+00:00,2024-10-16 09:00:00+00:00,-3.7149755859375,-1,9,False,London  (07-12),Wednesday,7
2024-10-16 09:15:00+00:00,2024-10-16 13:00:00+00:00,4.735097656249998,1,16,True,London  (07-12),Wednesday,9
2024-10-16 13:15:00+00:00,2024-10-16 16:30:00+00:00,8.57005859375,-1,14,True,Overlap (12-16),Wednesday,13
2024-10-16 16:45:00+00:00,2024-10-16 20:15:00+00:00,5.6750390625,1,15,True,NY      (16-22),Wednesday,16
2024-10-16 20:30:00+00:00,2024-10-17 01:15:00+00:00,-0.4749853515625002,-1,20,False,NY      (16-22),Wednesday,20
2024-10-17 01:30:00+00:00,2024-10-17 04:45:00+00:00,2.2950341796875,1,14,True,Asia    (00-07),Thursday,1
2024-10-17 05:00:00+00:00,2024-10-17 12:00:00+00:00,9.9400537109375,-1,29,True,Asia    (00-07),Thursday,5
2024-10-17 12:15:00+00:00,2024-10-17 16:15:00+00:00,5.26,1,17,True,Overlap (12-16),Thursday,12
2024-10-17 16:30:00+00:00,2024-10-17 23:00:00+00:00,4.26,-1,27,True,NY      (16-22),Thursday,16
2024-10-17 23:15:00+00:00,2024-10-18 08:15:00+00:00,14.915029296874998,1,37,True,Off     (22-00),Thursday,23
2024-10-18 08:30:00+00:00,2024-10-18 12:45:00+00:00,9.1099755859375,-1,18,True,London  (07-12),Friday,8
2024-10-18 13:00:00+00:00,2024-10-18 16:45:00+00:00,14.94994140625,1,16,True,Overlap (12-16),Friday,13
2024-10-18 17:00:00+00:00,2024-10-19 02:00:00+00:00,3.749990234375,-1,37,True,NY      (16-22),Friday,17
2024-10-19 02:15:00+00:00,2024-10-19 04:30:00+00:00,-1.0150244140625002,1,10,False,Asia    (00-07),Saturday,2
2024-10-19 04:45:00+00:00,2024-10-19 14:00:00+00:00,-1.3050634765625002,-1,38,False,Asia    (00-07),Saturday,4
2024-10-19 14:15:00+00:00,2024-10-19 16:30:00+00:00,-1.2800390625000002,1,10,False,Overlap (12-16),Saturday,14
2024-10-19 16:45:00+00:00,2024-10-19 21:45:00+00:00,-3.1400244140625,-1,21,False,NY      (16-22),Saturday,16
2024-10-19 22:00:00+00:00,2024-10-19 23:00:00+00:00,1.5200097656249998,1,5,True,Off     (22-00),Saturday,22
2024-10-19 23:15:00+00:00,2024-10-19 23:45:00+00:00,-0.9249365234375002,-1,3,False,Off     (22-00),Saturday,23
2024-10-20 00:00:00+00:00,2024-10-20 00:15:00+00:00,-3.0749609375,1,2,False,Asia    (00-07),Sunday,0
2024-10-20 00:30:00+00:00,2024-10-20 01:00:00+00:00,0.7750146484374998,-1,3,True,Asia    (00-07),Sunday,0
2024-10-20 01:15:00+00:00,2024-10-20 01:15:00+00:00,-1.0000097656250002,1,1,False,Asia    (00-07),Sunday,1
2024-10-20 01:30:00+00:00,2024-10-20 05:45:00+00:00,-0.8950292968750002,-1,18,False,Asia    (00-07),Sunday,1
2024-10-20 06:00:00+00:00,2024-10-20 16:15:00+00:00,27.609975585937498,1,42,True,Asia    (00-07),Sunday,6
2024-10-20 16:30:00+00:00,2024-10-20 20:00:00+00:00,-3.7049658203125,-1,15,False,NY      (16-22),Sunday,16
2024-10-20 20:15:00+00:00,2024-10-21 02:15:00+00:00,17.905019531249998,1,25,True,NY      (16-22),Sunday,20
2024-10-21 02:30:00+00:00,2024-10-21 04:00:00+00:00,4.554921875,-1,7,True,Asia    (00-07),Monday,2
2024-10-21 04:15:00+00:00,2024-10-21 04:30:00+00:00,-1.1150000000000002,1,2,False,Asia    (00-07),Monday,4
2024-10-21 04:45:00+00:00,2024-10-21 15:15:00+00:00,32.040029296875,-1,43,True,Asia    (00-07),Monday,4
2024-10-21 15:30:00+00:00,2024-10-21 15:45:00+00:00,5.5699365234375,1,2,True,Overlap (12-16),Monday,15
2024-10-21 16:00:00+00:00,2024-10-22 00:45:00+00:00,18.174916992187498,-1,36,True,NY      (16-22),Monday,16
2024-10-22 01:00:00+00:00,2024-10-22 01:15:00+00:00,1.0499169921874998,1,2,True,Asia    (00-07),Tuesday,1
2024-10-22 01:30:00+00:00,2024-10-22 04:00:00+00:00,-9.765625000213163e-06,-1,11,False,Asia    (00-07),Tuesday,1
2024-10-22 04:15:00+00:00,2024-10-22 07:30:00+00:00,5.2200830078125,1,14,True,Asia    (00-07),Tuesday,4
2024-10-22 07:45:00+00:00,2024-10-22 14:15:00+00:00,16.805043945312498,-1,27,True,London  (07-12),Tuesday,7
2024-10-22 14:30:00+00:00,2024-10-22 15:00:00+00:00,6.2149560546875,1,3,True,Overlap (12-16),Tuesday,14
2024-10-22 15:15:00+00:00,2024-10-22 17:15:00+00:00,3.0499169921875,-1,9,True,Overlap (12-16),Tuesday,15
2024-10-22 17:30:00+00:00,2024-10-23 01:00:00+00:00,-5.67505859375,1,31,False,NY      (16-22),Tuesday,17
2024-10-23 01:15:00+00:00,2024-10-23 20:45:00+00:00,48.26,-1,79,True,Asia    (00-07),Wednesday,1
2024-10-23 21:00:00+00:00,2024-10-24 14:15:00+00:00,-1.3349707031250002,1,70,False,NY      (16-22),Wednesday,21
2024-10-24 14:30:00+00:00,2024-10-24 16:00:00+00:00,-1.0449316406250002,-1,7,False,Overlap (12-16),Thursday,14
2024-10-24 16:15:00+00:00,2024-10-24 18:30:00+00:00,4.3550927734375,1,10,True,NY      (16-22),Thursday,16
2024-10-24 18:45:00+00:00,2024-10-24 19:00:00+00:00,-1.0098974609375002,-1,2,False,NY      (16-22),Thursday,18
2024-10-24 19:15:00+00:00,2024-10-24 20:45:00+00:00,3.6299951171875,1,7,True,NY      (16-22),Thursday,19
2024-10-24 21:00:00+00:00,2024-10-25 08:00:00+00:00,24.349965820312498,-1,45,True,NY      (16-22),Thursday,21
2024-10-25 08:15:00+00:00,2024-10-25 12:45:00+00:00,24.479970703124998,1,19,True,London  (07-12),Friday,8
2024-10-25 13:00:00+00:00,2024-10-25 17:30:00+00:00,13.1299951171875,-1,19,True,Overlap (12-16),Friday,13
2024-10-25 17:45:00+00:00,2024-10-25 18:15:00+00:00,-3.7999365234375,1,3,False,NY      (16-22),Friday,17
2024-10-25 18:30:00+00:00,2024-10-26 03:00:00+00:00,25.775014648437498,-1,35,True,NY      (16-22),Friday,18
2024-10-26 03:15:00+00:00,2024-10-26 12:00:00+00:00,11.0150048828125,1,36,True,Asia    (00-07),Saturday,3
2024-10-26 12:15:00+00:00,2024-10-26 15:45:00+00:00,6.0949609375,-1,15,True,Overlap (12-16),Saturday,12
2024-10-26 16:00:00+00:00,2024-10-26 20:15:00+00:00,21.759999999999998,1,18,True,NY      (16-22),Saturday,16
2024-10-26 20:30:00+00:00,2024-10-27 01:00:00+00:00,14.2650048828125,-1,19,True,NY      (16-22),Saturday,20
2024-10-27 01:15:00+00:00,2024-10-27 02:00:00+00:00,0.7299707031249998,1,4,True,Asia    (00-07),Sunday,1
2024-10-27 02:15:00+00:00,2024-10-27 03:15:00+00:00,-2.6949560546875,-1,5,False,Asia    (00-07),Sunday,2
2024-10-27 03:30:00+00:00,2024-10-27 09:00:00+00:00,-8.1099951171875,1,23,False,Asia    (00-07),Sunday,3
2024-10-27 09:15:00+00:00,2024-10-27 12:00:00+00:00,-4.9000341796875,-1,12,False,London  (07-12),Sunday,9
2024-10-27 12:15:00+00:00,2024-10-28 01:00:00+00:00,11.895009765625,1,52,True,Overlap (12-16),Sunday,12
2024-10-28 01:15:00+00:00,2024-10-28 08:15:00+00:00,-9.354990234375,-1,29,False,Asia    (00-07),Monday,1
2024-10-28 08:30:00+00:00,2024-10-28 12:30:00+00:00,3.4200341796875,1,17,True,London  (07-12),Monday,8
2024-10-28 12:45:00+00:00,2024-10-28 16:45:00+00:00,8.6700341796875,-1,17,True,Overlap (12-16),Monday,12
2024-10-28 17:00:00+00:00,2024-10-29 01:30:00+00:00,37.2950341796875,1,35,True,NY      (16-22),Monday,17
2024-10-29 01:45:00+00:00,2024-10-29 01:45:00+00:00,-1.7349951171875002,-1,1,False,Asia    (00-07),Tuesday,1
2024-10-29 02:00:00+00:00,2024-10-29 16:45:00+00:00,40.679921875,1,60,True,Asia    (00-07),Tuesday,2
2024-10-29 17:00:00+00:00,2024-10-29 22:15:00+00:00,15.650014648437498,-1,22,True,NY      (16-22),Tuesday,17
2024-10-29 22:30:00+00:00,2024-10-30 00:30:00+00:00,-5.8949072265625,1,9,False,Off     (22-00),Tuesday,22
2024-10-30 00:45:00+00:00,2024-10-30 04:00:00+00:00,-9.909921875,-1,14,False,Asia    (00-07),Wednesday,0
2024-10-30 04:15:00+00:00,2024-10-30 08:00:00+00:00,16.030019531249998,1,16,True,Asia    (00-07),Wednesday,4
2024-10-30 08:15:00+00:00,2024-10-30 11:30:00+00:00,3.354970703125,-1,14,True,London  (07-12),Wednesday,8
2024-10-30 11:45:00+00:00,2024-10-30 15:00:00+00:00,8.369985351562498,1,14,True,London  (07-12),Wednesday,11
2024-10-30 15:15:00+00:00,2024-10-31 14:30:00+00:00,62.895009765625,-1,94,True,Overlap (12-16),Wednesday,15
2024-10-31 14:45:00+00:00,2024-10-31 15:15:00+00:00,4.330068359375,1,3,True,Overlap (12-16),Thursday,14
2024-10-31 15:30:00+00:00,2024-11-01 04:00:00+00:00,29.925039062499998,-1,51,True,Overlap (12-16),Thursday,15
2024-11-01 04:15:00+00:00,2024-11-01 20:45:00+00:00,4.6800439453125,1,67,True,Asia    (00-07),Friday,4
2024-11-01 21:00:00+00:00,2024-11-02 04:30:00+00:00,6.32005859375,-1,31,True,NY      (16-22),Friday,21
2024-11-02 04:45:00+00:00,2024-11-02 07:00:00+00:00,0.5700585937499998,1,10,True,Asia    (00-07),Saturday,4
2024-11-02 07:15:00+00:00,2024-11-02 14:15:00+00:00,10.2650048828125,-1,29,True,London  (07-12),Saturday,7
2024-11-02 14:30:00+00:00,2024-11-02 14:45:00+00:00,0.8499658203124998,1,2,True,Overlap (12-16),Saturday,14
2024-11-02 15:00:00+00:00,2024-11-02 16:00:00+00:00,-0.5300390625000002,-1,5,False,Overlap (12-16),Saturday,15
2024-11-02 16:15:00+00:00,2024-11-03 00:00:00+00:00,2.3199365234375,1,32,True,NY      (16-22),Saturday,16
2024-11-03 00:15:00+00:00,2024-11-03 04:30:00+00:00,17.624990234374998,-1,18,True,Asia    (00-07),Sunday,0
2024-11-03 04:45:00+00:00,2024-11-03 11:15:00+00:00,-0.9100439453125002,1,27,False,Asia    (00-07),Sunday,4
2024-11-03 11:30:00+00:00,2024-11-03 11:30:00+00:00,-1.4500830078125002,-1,1,False,London  (07-12),Sunday,11
2024-11-03 11:45:00+00:00,2024-11-03 12:30:00+00:00,-0.8750097656250002,1,4,False,London  (07-12),Sunday,11
2024-11-03 12:45:00+00:00,2024-11-03 15:15:00+00:00,15.2449853515625,-1,11,True,Overlap (12-16),Sunday,12
2024-11-03 15:30:00+00:00,2024-11-04 07:15:00+00:00,21.424916992187498,1,64,True,Overlap (12-16),Sunday,15
2024-11-04 07:30:00+00:00,2024-11-04 09:30:00+00:00,6.624990234375,-1,9,True,London  (07-12),Monday,7
2024-11-04 09:45:00+00:00,2024-11-04 13:00:00+00:00,10.9400537109375,1,14,True,London  (07-12),Monday,9
2024-11-04 13:15:00+00:00,2024-11-05 00:00:00+00:00,36.104970703125,-1,44,True,Overlap (12-16),Monday,13
2024-11-05 00:15:00+00:00,2024-11-05 00:15:00+00:00,-1.2950537109375002,1,1,False,Asia    (00-07),Tuesday,0
2024-11-05 00:30:00+00:00,2024-11-05 00:30:00+00:00,-1.1600439453125002,-1,1,False,Asia    (00-07),Tuesday,0
2024-11-05 00:45:00+00:00,2024-11-05 16:30:00+00:00,23.009999999999998,1,64,True,Asia    (00-07),Tuesday,0
2024-11-05 16:45:00+00:00,2024-11-06 00:00:00+00:00,8.2200830078125,-1,30,True,NY      (16-22),Tuesday,16
2024-11-06 00:15:00+00:00,2024-11-06 12:15:00+00:00,98.77501464843749,1,49,True,Asia    (00-07),Wednesday,0
2024-11-06 12:30:00+00:00,2024-11-06 15:45:00+00:00,-1.7349951171875002,-1,14,False,Overlap (12-16),Wednesday,12
2024-11-06 16:00:00+00:00,2024-11-06 21:00:00+00:00,29.970083007812498,1,21,True,NY      (16-22),Wednesday,16
2024-11-06 21:15:00+00:00,2024-11-06 21:15:00+00:00,4.2650048828125,-1,1,True,NY      (16-22),Wednesday,21
2024-11-06 21:30:00+00:00,2024-11-06 23:15:00+00:00,17.724965820312498,1,8,True,NY      (16-22),Wednesday,21
2024-11-06 23:30:00+00:00,2024-11-07 00:00:00+00:00,3.499990234375,-1,3,True,Off     (22-00),Wednesday,23
2024-11-07 00:15:00+00:00,2024-11-07 00:45:00+00:00,3.334951171875,1,3,True,Asia    (00-07),Thursday,0
2024-11-07 01:00:00+00:00,2024-11-07 01:00:00+00:00,-28.334970703125002,-1,1,False,Asia    (00-07),Thursday,1
2024-11-07 01:15:00+00:00,2024-11-07 06:00:00+00:00,14.565053710937498,1,20,True,Asia    (00-07),Thursday,1
2024-11-07 06:15:00+00:00,2024-11-07 14:45:00+00:00,6.94994140625,-1,35,True,Asia    (00-07),Thursday,6
2024-11-07 15:00:00+00:00,2024-11-07 22:45:00+00:00,41.9048974609375,1,32,True,Overlap (12-16),Thursday,15
2024-11-07 23:00:00+00:00,2024-11-08 01:45:00+00:00,-22.990000000000002,-1,12,False,Off     (22-00),Thursday,23
2024-11-08 02:00:00+00:00,2024-11-08 02:30:00+00:00,-18.194956054687502,1,3,False,Asia    (00-07),Friday,2
2024-11-08 02:45:00+00:00,2024-11-08 03:15:00+00:00,-5.2950537109375,-1,3,False,Asia    (00-07),Friday,2
2024-11-08 03:30:00+00:00,2024-11-08 10:45:00+00:00,10.9649560546875,1,30,True,Asia    (00-07),Friday,3
2024-11-08 11:00:00+00:00,2024-11-08 12:15:00+00:00,2.11498046875,-1,6,True,London  (07-12),Friday,11
2024-11-08 12:30:00+00:00,2024-11-08 16:00:00+00:00,5.229970703125,1,15,True,Overlap (12-16),Friday,12
2024-11-08 16:15:00+00:00,2024-11-08 23:15:00+00:00,-15.829965820312502,-1,29,False,NY      (16-22),Friday,16
2024-11-08 23:30:00+00:00,2024-11-09 07:45:00+00:00,34.4849755859375,1,34,True,Off     (22-00),Friday,23
2024-11-09 08:00:00+00:00,2024-11-09 16:15:00+00:00,-1.3300878906250002,-1,34,False,London  (07-12),Saturday,8
2024-11-09 16:30:00+00:00,2024-11-10 03:15:00+00:00,54.729970703125,1,44,True,NY      (16-22),Saturday,16
2024-11-10 03:30:00+00:00,2024-11-10 04:00:00+00:00,-2.9349462890625,-1,3,False,Asia    (00-07),Sunday,3
2024-11-10 04:15:00+00:00,2024-11-10 13:00:00+00:00,25.715078124999998,1,36,True,Asia    (00-07),Sunday,4
2024-11-10 13:15:00+00:00,2024-11-10 22:30:00+00:00,17.374990234374998,-1,38,True,Overlap (12-16),Sunday,13
2024-11-10 22:45:00+00:00,2024-11-11 04:30:00+00:00,5.07494140625,1,24,True,Off     (22-00),Sunday,22
2024-11-11 04:45:00+00:00,2024-11-11 08:15:00+00:00,17.275014648437498,-1,15,True,Asia    (00-07),Monday,4
2024-11-11 08:30:00+00:00,2024-11-11 20:15:00+00:00,91.53001953124999,1,48,True,London  (07-12),Monday,8
2024-11-11 20:30:00+00:00,2024-11-11 20:45:00+00:00,-17.525034179687502,-1,2,False,NY      (16-22),Monday,20
2024-11-11 21:00:00+00:00,2024-11-11 23:15:00+00:00,3.059926757812498,1,10,True,NY      (16-22),Monday,21
2024-11-11 23:30:00+00:00,2024-11-12 02:45:00+00:00,26.929921874999998,-1,14,True,Off     (22-00),Monday,23
2024-11-12 03:00:00+00:00,2024-11-12 09:15:00+00:00,43.32494140625,1,26,True,Asia    (00-07),Tuesday,3
2024-11-12 09:30:00+00:00,2024-11-12 20:15:00+00:00,57.9000146484375,-1,44,True,London  (07-12),Tuesday,9
2024-11-12 20:30:00+00:00,2024-11-12 20:45:00+00:00,2.0650537109375,1,2,True,NY      (16-22),Tuesday,20
2024-11-12 21:00:00+00:00,2024-11-13 05:45:00+00:00,70.05504394531249,-1,36,True,NY      (16-22),Tuesday,21
2024-11-13 06:00:00+00:00,2024-11-13 16:00:00+00:00,91.24999023437499,1,41,True,Asia    (00-07),Wednesday,6
2024-11-13 16:15:00+00:00,2024-11-14 01:15:00+00:00,77.33995605468749,-1,37,True,NY      (16-22),Wednesday,16
2024-11-14 01:30:00+00:00,2024-11-14 05:00:00+00:00,22.249990234374998,1,15,True,Asia    (00-07),Thursday,1
2024-11-14 05:15:00+00:00,2024-11-14 07:45:00+00:00,-2.195078125,-1,11,False,Asia    (00-07),Thursday,5
2024-11-14 08:00:00+00:00,2024-11-14 08:15:00+00:00,-5.070078125,1,2,False,London  (07-12),Thursday,8
2024-11-14 08:30:00+00:00,2024-11-14 16:15:00+00:00,45.6400048828125,-1,32,True,London  (07-12),Thursday,8
2024-11-14 16:30:00+00:00,2024-11-14 20:00:00+00:00,-8.194956054687502,1,15,False,NY      (16-22),Thursday,16
2024-11-14 20:15:00+00:00,2024-11-15 00:15:00+00:00,8.604970703124998,-1,17,True,NY      (16-22),Thursday,20
2024-11-15 00:30:00+00:00,2024-11-15 01:45:00+00:00,-11.630014648437502,1,6,False,Asia    (00-07),Friday,0
2024-11-15 02:00:00+00:00,2024-11-15 02:00:00+00:00,-2.5299169921875,-1,1,False,Asia    (00-07),Friday,2
2024-11-15 02:15:00+00:00,2024-11-15 04:00:00+00:00,1.6349999999999998,1,8,True,Asia    (00-07),Friday,2
2024-11-15 04:15:00+00:00,2024-11-15 08:15:00+00:00,14.749990234374998,-1,17,True,Asia    (00-07),Friday,4
2024-11-15 08:30:00+00:00,2024-11-15 12:45:00+00:00,30.265004882812498,1,18,True,London  (07-12),Friday,8
2024-11-15 13:00:00+00:00,2024-11-15 20:00:00+00:00,21.280019531249998,-1,29,True,Overlap (12-16),Friday,13
2024-11-15 20:15:00+00:00,2024-11-16 12:45:00+00:00,57.36009765625,1,67,True,NY      (16-22),Friday,20
2024-11-16 13:00:00+00:00,2024-11-16 16:15:00+00:00,10.5450341796875,-1,14,True,Overlap (12-16),Saturday,13
2024-11-16 16:30:00+00:00,2024-11-16 20:45:00+00:00,-2.314951171875,1,18,False,NY      (16-22),Saturday,16
2024-11-16 21:00:00+00:00,2024-11-17 04:00:00+00:00,31.960073242187498,-1,29,True,NY      (16-22),Saturday,21
2024-11-17 04:15:00+00:00,2024-11-17 08:00:00+00:00,30.910024414062498,1,16,True,Asia    (00-07),Sunday,4
2024-11-17 08:15:00+00:00,2024-11-17 11:30:00+00:00,13.770009765625,-1,14,True,London  (07-12),Sunday,8
2024-11-17 11:45:00+00:00,2024-11-17 13:00:00+00:00,-2.2750341796875,1,6,False,London  (07-12),Sunday,11
2024-11-17 13:15:00+00:00,2024-11-17 14:15:00+00:00,15.169912109375,-1,5,True,Overlap (12-16),Sunday,13
2024-11-17 14:30:00+00:00,2024-11-17 14:45:00+00:00,1.3399560546874998,1,2,True,Overlap (12-16),Sunday,14
2024-11-17 15:00:00+00:00,2024-11-17 16:30:00+00:00,-0.04493164062500021,-1,7,False,Overlap (12-16),Sunday,15
2024-11-17 16:45:00+00:00,2024-11-17 21:00:00+00:00,-7.624887695312502,1,18,False,NY      (16-22),Sunday,16
2024-11-17 21:15:00+00:00,2024-11-17 23:00:00+00:00,6.8150537109375,-1,8,True,NY      (16-22),Sunday,21
2024-11-17 23:15:00+00:00,2024-11-18 00:30:00+00:00,26.359975585937498,1,6,True,Off     (22-00),Sunday,23
2024-11-18 00:45:00+00:00,2024-11-18 01:15:00+00:00,-2.8050634765625,-1,3,False,Asia    (00-07),Monday,0
2024-11-18 01:30:00+00:00,2024-11-18 02:15:00+00:00,-4.4100439453125,1,4,False,Asia    (00-07),Monday,1
2024-11-18 02:30:00+00:00,2024-11-18 06:00:00+00:00,-6.49,-1,15,False,Asia    (00-07),Monday,2
2024-11-18 06:15:00+00:00,2024-11-18 08:00:00+00:00,8.1099755859375,1,8,True,Asia    (00-07),Monday,6
2024-11-18 08:15:00+00:00,2024-11-18 12:00:00+00:00,38.604970703125,-1,16,True,London  (07-12),Monday,8
2024-11-18 12:15:00+00:00,2024-11-18 18:00:00+00:00,63.999990234375,1,24,True,Overlap (12-16),Monday,12
2024-11-18 18:15:00+00:00,2024-11-18 20:00:00+00:00,25.004995117187498,-1,8,True,NY      (16-22),Monday,18
2024-11-18 20:15:00+00:00,2024-11-19 02:15:00+00:00,10.315053710937498,1,25,True,NY      (16-22),Monday,20
2024-11-19 02:30:00+00:00,2024-11-19 08:30:00+00:00,22.195058593749998,-1,25,True,Asia    (00-07),Tuesday,2
2024-11-19 08:45:00+00:00,2024-11-19 13:00:00+00:00,7.1500146484375,1,18,True,London  (07-12),Tuesday,8
2024-11-19 13:15:00+00:00,2024-11-19 16:30:00+00:00,7.310048828124998,-1,14,True,Overlap (12-16),Tuesday,13
2024-11-19 16:45:00+00:00,2024-11-19 20:00:00+00:00,7.060048828125,1,14,True,NY      (16-22),Tuesday,16
2024-11-19 20:15:00+00:00,2024-11-20 03:15:00+00:00,22.484975585937498,-1,29,True,NY      (16-22),Tuesday,20
2024-11-20 03:30:00+00:00,2024-11-20 09:00:00+00:00,21.869985351562498,1,23,True,Asia    (00-07),Wednesday,3
2024-11-20 09:15:00+00:00,2024-11-20 13:00:00+00:00,11.19505859375,-1,16,True,London  (07-12),Wednesday,9
2024-11-20 13:15:00+00:00,2024-11-20 16:00:00+00:00,2.950063476562498,1,12,True,Overlap (12-16),Wednesday,13
2024-11-20 16:15:00+00:00,2024-11-20 23:30:00+00:00,15.180043945312498,-1,30,True,NY      (16-22),Wednesday,16
2024-11-20 23:45:00+00:00,2024-11-22 05:15:00+00:00,151.4600732421875,1,119,True,Off     (22-00),Wednesday,23
2024-11-22 05:30:00+00:00,2024-11-22 21:00:00+00:00,47.1900537109375,-1,63,True,Asia    (00-07),Friday,5
2024-11-22 21:15:00+00:00,2024-11-22 22:00:00+00:00,9.2650048828125,1,4,True,NY      (16-22),Friday,21
2024-11-22 22:15:00+00:00,2024-11-23 00:00:00+00:00,-12.1999609375,-1,8,False,Off     (22-00),Friday,22
2024-11-23 00:15:00+00:00,2024-11-23 06:15:00+00:00,5.51,1,25,True,Asia    (00-07),Saturday,0
2024-11-23 06:30:00+00:00,2024-11-23 08:15:00+00:00,-31.219980468750002,-1,8,False,Asia    (00-07),Saturday,6
2024-11-23 08:30:00+00:00,2024-11-23 16:00:00+00:00,25.070058593749998,1,31,True,London  (07-12),Saturday,8
2024-11-23 16:15:00+00:00,2024-11-24 00:45:00+00:00,16.759999999999998,-1,35,True,NY      (16-22),Saturday,16
2024-11-24 01:00:00+00:00,2024-11-24 08:00:00+00:00,1.4250390624999998,1,29,True,Asia    (00-07),Sunday,1
2024-11-24 08:15:00+00:00,2024-11-24 17:00:00+00:00,59.715078125,-1,36,True,London  (07-12),Sunday,8
2024-11-24 17:15:00+00:00,2024-11-25 02:00:00+00:00,15.364980468749998,1,36,True,NY      (16-22),Sunday,17
2024-11-25 02:15:00+00:00,2024-11-25 03:15:00+00:00,-9.0450537109375,-1,5,False,Asia    (00-07),Monday,2
2024-11-25 03:30:00+00:00,2024-11-25 13:15:00+00:00,57.560048828125,1,40,True,Asia    (00-07),Monday,3
2024-11-25 13:30:00+00:00,2024-11-25 15:00:00+00:00,37.124990234375,-1,7,True,Overlap (12-16),Monday,13
2024-11-25 15:15:00+00:00,2024-11-25 16:30:00+00:00,37.90489746093749,1,6,True,Overlap (12-16),Monday,15
2024-11-25 16:45:00+00:00,2024-11-25 22:30:00+00:00,34.4349267578125,-1,24,True,NY      (16-22),Monday,16
2024-11-25 22:45:00+00:00,2024-11-25 23:15:00+00:00,21.229970703124998,1,3,True,Off     (22-00),Monday,22
2024-11-25 23:30:00+00:00,2024-11-26 00:45:00+00:00,7.2549951171875,-1,6,True,Off     (22-00),Monday,23
2024-11-26 01:00:00+00:00,2024-11-26 07:30:00+00:00,-14.6600439453125,1,27,False,Asia    (00-07),Tuesday,1
2024-11-26 07:45:00+00:00,2024-11-26 11:15:00+00:00,51.979970703125,-1,15,True,London  (07-12),Tuesday,7
2024-11-26 11:30:00+00:00,2024-11-26 12:15:00+00:00,13.280019531249998,1,4,True,London  (07-12),Tuesday,11
2024-11-26 12:30:00+00:00,2024-11-26 19:00:00+00:00,11.614980468749998,-1,27,True,Overlap (12-16),Tuesday,12
2024-11-26 19:15:00+00:00,2024-11-27 00:00:00+00:00,21.650014648437498,1,20,True,NY      (16-22),Tuesday,19
2024-11-27 00:15:00+00:00,2024-11-27 02:00:00+00:00,8.330068359375,-1,8,True,Asia    (00-07),Wednesday,0
2024-11-27 02:15:00+00:00,2024-11-28 01:30:00+00:00,148.729970703125,1,94,True,Asia    (00-07),Wednesday,2
2024-11-28 01:45:00+00:00,2024-11-28 02:15:00+00:00,-9.080087890625,-1,3,False,Asia    (00-07),Thursday,1
2024-11-28 02:30:00+00:00,2024-11-28 04:00:00+00:00,-28.535043945312502,1,7,False,Asia    (00-07),Thursday,2
2024-11-28 04:15:00+00:00,2024-11-28 08:00:00+00:00,-3.120004882812502,-1,16,False,Asia    (00-07),Thursday,4
2024-11-28 08:15:00+00:00,2024-11-28 12:00:00+00:00,17.224965820312498,1,16,True,London  (07-12),Thursday,8
2024-11-28 12:15:00+00:00,2024-11-28 13:30:00+00:00,10.9699609375,-1,6,True,Overlap (12-16),Thursday,12
2024-11-28 13:45:00+00:00,2024-11-28 13:45:00+00:00,-8.1749365234375,1,1,False,Overlap (12-16),Thursday,13
2024-11-28 14:00:00+00:00,2024-11-28 14:00:00+00:00,-2.3399755859375,-1,1,False,Overlap (12-16),Thursday,14
2024-11-28 14:15:00+00:00,2024-11-28 15:30:00+00:00,-20.240000000000002,1,6,False,Overlap (12-16),Thursday,14
2024-11-28 15:45:00+00:00,2024-11-29 00:15:00+00:00,-10.630014648437502,-1,35,False,Overlap (12-16),Thursday,15
2024-11-29 00:30:00+00:00,2024-11-29 03:00:00+00:00,7.959951171875,1,11,True,Asia    (00-07),Friday,0
2024-11-29 03:15:00+00:00,2024-11-29 07:15:00+00:00,19.175039062499998,-1,17,True,Asia    (00-07),Friday,3
2024-11-29 07:30:00+00:00,2024-11-29 16:00:00+00:00,27.160024414062498,1,35,True,London  (07-12),Friday,7
2024-11-29 16:15:00+00:00,2024-11-30 01:00:00+00:00,8.074941406249998,-1,36,True,NY      (16-22),Friday,16
2024-11-30 01:15:00+00:00,2024-12-01 00:15:00+00:00,66.24999023437499,1,93,True,Asia    (00-07),Saturday,1
2024-12-01 00:30:00+00:00,2024-12-01 13:30:00+00:00,2.890004882812498,-1,53,True,Asia    (00-07),Sunday,0
2024-12-01 13:45:00+00:00,2024-12-01 16:00:00+00:00,6.15501953125,1,10,True,Overlap (12-16),Sunday,13
2024-12-01 16:15:00+00:00,2024-12-02 12:30:00+00:00,60.68004394531249,-1,82,True,NY      (16-22),Sunday,16
2024-12-02 12:45:00+00:00,2024-12-02 16:00:00+00:00,32.5699365234375,1,14,True,Overlap (12-16),Monday,12
2024-12-02 16:15:00+00:00,2024-12-02 20:30:00+00:00,29.074941406249998,-1,18,True,NY      (16-22),Monday,16
2024-12-02 20:45:00+00:00,2024-12-03 01:00:00+00:00,16.844960937499998,1,18,True,NY      (16-22),Monday,20
2024-12-03 01:15:00+00:00,2024-12-03 09:45:00+00:00,15.844960937499998,-1,35,True,Asia    (00-07),Tuesday,1
2024-12-03 10:00:00+00:00,2024-12-03 13:15:00+00:00,-11.0999853515625,1,14,False,London  (07-12),Tuesday,10
2024-12-03 13:30:00+00:00,2024-12-03 17:00:00+00:00,16.535024414062498,-1,15,True,Overlap (12-16),Tuesday,13
2024-12-03 17:15:00+00:00,2024-12-04 18:30:00+00:00,122.55003906249999,1,102,True,NY      (16-22),Tuesday,17
2024-12-04 18:45:00+00:00,2024-12-04 19:45:00+00:00,-20.159921875000002,-1,5,False,NY      (16-22),Wednesday,18
2024-12-04 20:00:00+00:00,2024-12-04 21:15:00+00:00,5.050039062499998,1,6,True,NY      (16-22),Wednesday,20
2024-12-04 21:30:00+00:00,2024-12-05 04:45:00+00:00,-2.365000000000002,-1,30,False,NY      (16-22),Wednesday,21
2024-12-05 05:00:00+00:00,2024-12-05 12:15:00+00:00,30.209951171874998,1,30,True,Asia    (00-07),Thursday,5
2024-12-05 12:30:00+00:00,2024-12-05 22:30:00+00:00,61.79991699218749,-1,41,True,Overlap (12-16),Thursday,12
2024-12-05 22:45:00+00:00,2024-12-05 23:30:00+00:00,-10.4950048828125,1,4,False,Off     (22-00),Thursday,22
2024-12-05 23:45:00+00:00,2024-12-06 00:00:00+00:00,-12.84498046875,-1,2,False,Off     (22-00),Thursday,23
2024-12-06 00:15:00+00:00,2024-12-06 04:15:00+00:00,44.0650537109375,1,17,True,Asia    (00-07),Friday,0
2024-12-06 04:30:00+00:00,2024-12-06 12:15:00+00:00,8.325063476562498,-1,32,True,Asia    (00-07),Friday,4
2024-12-06 12:30:00+00:00,2024-12-06 20:15:00+00:00,99.70506835937499,1,32,True,Overlap (12-16),Friday,12
2024-12-06 20:30:00+00:00,2024-12-07 14:00:00+00:00,43.205068359375,-1,71,True,NY      (16-22),Friday,20
2024-12-07 14:15:00+00:00,2024-12-07 16:45:00+00:00,5.1199853515625,1,11,True,Overlap (12-16),Saturday,14
2024-12-07 17:00:00+00:00,2024-12-07 18:00:00+00:00,-4.8299658203125,-1,5,False,NY      (16-22),Saturday,17
2024-12-07 18:15:00+00:00,2024-12-07 20:30:00+00:00,4.5500390625,1,10,True,NY      (16-22),Saturday,18
2024-12-07 20:45:00+00:00,2024-12-08 12:00:00+00:00,21.670034179687498,-1,62,True,NY      (16-22),Saturday,20
2024-12-08 12:15:00+00:00,2024-12-08 16:30:00+00:00,5.0650537109375,1,18,True,Overlap (12-16),Sunday,12
2024-12-08 16:45:00+00:00,2024-12-08 20:00:00+00:00,-3.6200048828125,-1,14,False,NY      (16-22),Sunday,16
2024-12-08 20:15:00+00:00,2024-12-09 01:15:00+00:00,-10.49,1,21,False,NY      (16-22),Sunday,20
2024-12-09 01:30:00+00:00,2024-12-09 04:15:00+00:00,20.454946289062498,-1,12,True,Asia    (00-07),Monday,1
2024-12-09 04:30:00+00:00,2024-12-09 07:45:00+00:00,-4.830087890625002,1,14,False,Asia    (00-07),Monday,4
2024-12-09 08:00:00+00:00,2024-12-10 04:00:00+00:00,127.06993652343749,-1,81,True,London  (07-12),Monday,8
2024-12-10 04:15:00+00:00,2024-12-10 12:00:00+00:00,34.8099267578125,1,32,True,Asia    (00-07),Tuesday,4
2024-12-10 12:15:00+00:00,2024-12-10 18:15:00+00:00,84.07494140624999,-1,25,True,Overlap (12-16),Tuesday,12
2024-12-10 18:30:00+00:00,2024-12-10 21:30:00+00:00,41.32494140625,1,13,True,NY      (16-22),Tuesday,18
2024-12-10 21:45:00+00:00,2024-12-11 00:00:00+00:00,7.020009765625,-1,10,True,NY      (16-22),Tuesday,21
2024-12-11 00:15:00+00:00,2024-12-11 07:00:00+00:00,18.970083007812498,1,28,True,Asia    (00-07),Wednesday,0
2024-12-11 07:15:00+00:00,2024-12-11 09:15:00+00:00,-11.729990234375,-1,9,False,London  (07-12),Wednesday,7
2024-12-11 09:30:00+00:00,2024-12-12 07:00:00+00:00,118.10997558593749,1,87,True,London  (07-12),Wednesday,9
2024-12-12 07:15:00+00:00,2024-12-12 08:45:00+00:00,7.5150048828125,-1,7,True,London  (07-12),Thursday,7
2024-12-12 09:00:00+00:00,2024-12-12 16:00:00+00:00,25.765004882812498,1,29,True,London  (07-12),Thursday,9
2024-12-12 16:15:00+00:00,2024-12-13 01:15:00+00:00,51.4200341796875,-1,37,True,NY      (16-22),Thursday,16
2024-12-13 01:30:00+00:00,2024-12-13 04:15:00+00:00,30.410024414062498,1,12,True,Asia    (00-07),Friday,1
2024-12-13 04:30:00+00:00,2024-12-13 09:00:00+00:00,15.329946289062498,-1,19,True,Asia    (00-07),Friday,4
2024-12-13 09:15:00+00:00,2024-12-13 15:00:00+00:00,33.2049462890625,1,24,True,London  (07-12),Friday,9
2024-12-13 15:15:00+00:00,2024-12-13 16:45:00+00:00,22.624990234374998,-1,7,True,Overlap (12-16),Friday,15
2024-12-13 17:00:00+00:00,2024-12-14 02:45:00+00:00,-2.184946289062502,1,40,False,NY      (16-22),Friday,17
2024-12-14 03:00:00+00:00,2024-12-14 06:15:00+00:00,-10.8099462890625,-1,14,False,Asia    (00-07),Saturday,3
2024-12-14 06:30:00+00:00,2024-12-14 09:15:00+00:00,-9.500009765625,1,12,False,Asia    (00-07),Saturday,6
2024-12-14 09:30:00+00:00,2024-12-14 18:15:00+00:00,34.770009765625,-1,36,True,London  (07-12),Saturday,9
2024-12-14 18:30:00+00:00,2024-12-14 18:30:00+00:00,-1.5899755859375002,1,1,False,NY      (16-22),Saturday,18
2024-12-14 18:45:00+00:00,2024-12-14 19:15:00+00:00,-6.540048828125,-1,3,False,NY      (16-22),Saturday,18
2024-12-14 19:30:00+00:00,2024-12-15 04:00:00+00:00,15.3449609375,1,35,True,NY      (16-22),Saturday,19
2024-12-15 04:15:00+00:00,2024-12-15 09:15:00+00:00,14.354970703124998,-1,21,True,Asia    (00-07),Sunday,4
2024-12-15 09:30:00+00:00,2024-12-16 01:15:00+00:00,73.91991210937499,1,64,True,London  (07-12),Sunday,9
2024-12-16 01:30:00+00:00,2024-12-16 04:00:00+00:00,23.819936523437498,-1,11,True,Asia    (00-07),Monday,1
2024-12-16 04:15:00+00:00,2024-12-16 09:15:00+00:00,-4.3399755859375,1,21,False,Asia    (00-07),Monday,4
2024-12-16 09:30:00+00:00,2024-12-16 12:15:00+00:00,12.050039062499998,-1,12,True,London  (07-12),Monday,9
2024-12-16 12:30:00+00:00,2024-12-16 20:00:00+00:00,64.81004882812499,1,31,True,Overlap (12-16),Monday,12
2024-12-16 20:15:00+00:00,2024-12-17 00:00:00+00:00,38.6151025390625,-1,16,True,NY      (16-22),Monday,20
2024-12-17 00:15:00+00:00,2024-12-17 01:30:00+00:00,4.9300439453125,1,6,True,Asia    (00-07),Tuesday,0
2024-12-17 01:45:00+00:00,2024-12-17 02:30:00+00:00,-19.775034179687502,-1,4,False,Asia    (00-07),Tuesday,1
2024-12-17 02:45:00+00:00,2024-12-17 03:15:00+00:00,2.604970703125,1,3,True,Asia    (00-07),Tuesday,2
2024-12-17 03:30:00+00:00,2024-12-17 15:45:00+00:00,43.9200341796875,-1,50,True,Asia    (00-07),Tuesday,3
2024-12-17 16:00:00+00:00,2024-12-17 20:00:00+00:00,-6.579965820312502,1,17,False,NY      (16-22),Tuesday,16
2024-12-17 20:15:00+00:00,2024-12-18 09:00:00+00:00,30.930043945312498,-1,52,True,NY      (16-22),Tuesday,20
2024-12-18 09:15:00+00:00,2024-12-18 12:00:00+00:00,10.3250634765625,1,12,True,London  (07-12),Wednesday,9
2024-12-18 12:15:00+00:00,2024-12-19 02:30:00+00:00,145.6400048828125,-1,58,True,Overlap (12-16),Wednesday,12
2024-12-19 02:45:00+00:00,2024-12-19 12:00:00+00:00,53.709951171875,1,38,True,Asia    (00-07),Thursday,2
2024-12-19 12:15:00+00:00,2024-12-20 02:00:00+00:00,149.3799951171875,-1,56,True,Overlap (12-16),Thursday,12
2024-12-20 02:15:00+00:00,2024-12-20 08:00:00+00:00,-29.260019531250002,1,24,False,Asia    (00-07),Friday,2
2024-12-20 08:15:00+00:00,2024-12-20 12:00:00+00:00,93.19994140624999,-1,16,True,London  (07-12),Friday,8
2024-12-20 12:15:00+00:00,2024-12-21 08:45:00+00:00,161.124990234375,1,83,True,Overlap (12-16),Friday,12
2024-12-21 09:00:00+00:00,2024-12-21 19:15:00+00:00,68.24999023437499,-1,42,True,London  (07-12),Saturday,9
2024-12-21 19:30:00+00:00,2024-12-21 23:15:00+00:00,-8.13501953125,1,16,False,NY      (16-22),Saturday,19
2024-12-21 23:30:00+00:00,2024-12-22 00:15:00+00:00,-12.38501953125,-1,4,False,Off     (22-00),Saturday,23
2024-12-22 00:30:00+00:00,2024-12-22 06:30:00+00:00,-7.155039062500002,1,25,False,Asia    (00-07),Sunday,0
2024-12-22 06:45:00+00:00,2024-12-22 08:00:00+00:00,-6.42505859375,-1,6,False,Asia    (00-07),Sunday,6
2024-12-22 08:15:00+00:00,2024-12-22 12:15:00+00:00,16.294912109374998,1,17,True,London  (07-12),Sunday,8
2024-12-22 12:30:00+00:00,2024-12-22 19:45:00+00:00,67.75499511718749,-1,30,True,Overlap (12-16),Sunday,12
2024-12-22 20:00:00+00:00,2024-12-22 23:15:00+00:00,18.940053710937498,1,14,True,NY      (16-22),Sunday,20
2024-12-22 23:30:00+00:00,2024-12-22 23:45:00+00:00,1.5949609374999998,-1,2,True,Off     (22-00),Sunday,23
2024-12-23 00:00:00+00:00,2024-12-23 04:15:00+00:00,27.704946289062498,1,18,True,Asia    (00-07),Monday,0
2024-12-23 04:30:00+00:00,2024-12-23 08:45:00+00:00,10.280019531249998,-1,18,True,Asia    (00-07),Monday,4
2024-12-23 09:00:00+00:00,2024-12-23 13:15:00+00:00,9.4000146484375,1,18,True,London  (07-12),Monday,9
2024-12-23 13:30:00+00:00,2024-12-23 16:00:00+00:00,28.280019531249998,-1,11,True,Overlap (12-16),Monday,13
2024-12-23 16:15:00+00:00,2024-12-24 16:15:00+00:00,111.71507812499999,1,97,True,NY      (16-22),Monday,16
2024-12-24 16:30:00+00:00,2024-12-24 21:30:00+00:00,10.114980468749998,-1,21,True,NY      (16-22),Tuesday,16
2024-12-24 21:45:00+00:00,2024-12-25 01:15:00+00:00,-5.2800390625,1,15,False,NY      (16-22),Tuesday,21
2024-12-25 01:30:00+00:00,2024-12-25 12:30:00+00:00,-8.674936523437502,-1,45,False,Asia    (00-07),Wednesday,1
2024-12-25 12:45:00+00:00,2024-12-26 00:15:00+00:00,-2.125009765625002,1,47,False,Overlap (12-16),Wednesday,12
2024-12-26 00:30:00+00:00,2024-12-26 08:00:00+00:00,49.635,-1,31,True,Asia    (00-07),Thursday,0
2024-12-26 08:15:00+00:00,2024-12-26 09:30:00+00:00,-4.979990234375,1,6,False,London  (07-12),Thursday,8
2024-12-26 09:45:00+00:00,2024-12-26 15:00:00+00:00,17.664907226562498,-1,22,True,London  (07-12),Thursday,9
2024-12-26 15:15:00+00:00,2024-12-26 17:15:00+00:00,-7.540048828125,1,9,False,Overlap (12-16),Thursday,15
2024-12-26 17:30:00+00:00,2024-12-26 18:15:00+00:00,-4.9849951171875,-1,4,False,NY      (16-22),Thursday,17
2024-12-26 18:30:00+00:00,2024-12-27 04:00:00+00:00,22.670034179687498,1,39,True,NY      (16-22),Thursday,18
2024-12-27 04:15:00+00:00,2024-12-27 08:15:00+00:00,10.6900537109375,-1,17,True,Asia    (00-07),Friday,4
2024-12-27 08:30:00+00:00,2024-12-27 12:00:00+00:00,27.354970703124998,1,15,True,London  (07-12),Friday,8
2024-12-27 12:15:00+00:00,2024-12-27 14:30:00+00:00,35.104970703125,-1,10,True,Overlap (12-16),Friday,12
2024-12-27 14:45:00+00:00,2024-12-27 15:00:00+00:00,-3.0050146484375,1,2,False,Overlap (12-16),Friday,14
2024-12-27 15:15:00+00:00,2024-12-27 15:45:00+00:00,5.5599267578125,-1,3,True,Overlap (12-16),Friday,15
2024-12-27 16:00:00+00:00,2024-12-27 20:30:00+00:00,4.385,1,19,True,NY      (16-22),Friday,16
2024-12-27 20:45:00+00:00,2024-12-28 02:45:00+00:00,3.8699853515625,-1,25,True,NY      (16-22),Friday,20
2024-12-28 03:00:00+00:00,2024-12-29 11:30:00+00:00,37.0399072265625,1,131,True,Asia    (00-07),Saturday,3
2024-12-29 11:45:00+00:00,2024-12-29 15:45:00+00:00,13.804921874999998,-1,17,True,London  (07-12),Sunday,11
2024-12-29 16:00:00+00:00,2024-12-29 16:00:00+00:00,-9.1800634765625,1,1,False,NY      (16-22),Sunday,16
2024-12-29 16:15:00+00:00,2024-12-30 01:30:00+00:00,-31.555063476562502,-1,38,False,NY      (16-22),Sunday,16
2024-12-30 01:45:00+00:00,2024-12-30 02:00:00+00:00,-6.4100439453125,1,2,False,Asia    (00-07),Monday,1
2024-12-30 02:15:00+00:00,2024-12-30 02:15:00+00:00,-1.8850195312500002,-1,1,False,Asia    (00-07),Monday,2
2024-12-30 02:30:00+00:00,2024-12-30 08:45:00+00:00,3.8000390625,1,26,True,Asia    (00-07),Monday,2
2024-12-30 09:00:00+00:00,2024-12-30 11:15:00+00:00,-2.0098974609375,-1,10,False,London  (07-12),Monday,9
2024-12-30 11:30:00+00:00,2024-12-30 12:00:00+00:00,-2.409921875,1,3,False,London  (07-12),Monday,11
2024-12-30 12:15:00+00:00,2024-12-30 15:30:00+00:00,42.26,-1,14,True,Overlap (12-16),Monday,12
2024-12-30 15:45:00+00:00,2024-12-30 20:00:00+00:00,34.124990234375,1,18,True,Overlap (12-16),Monday,15
2024-12-30 20:15:00+00:00,2024-12-31 06:30:00+00:00,25.570058593749998,-1,42,True,NY      (16-22),Monday,20
2024-12-31 06:45:00+00:00,2024-12-31 16:15:00+00:00,27.110097656249998,1,39,True,Asia    (00-07),Tuesday,6
2024-12-31 16:30:00+00:00,2025-01-01 02:15:00+00:00,26.595083007812498,-1,40,True,NY      (16-22),Tuesday,16
2025-01-01 02:30:00+00:00,2025-01-01 08:00:00+00:00,-3.84498046875,1,23,False,Asia    (00-07),Wednesday,2
2025-01-01 08:15:00+00:00,2025-01-01 12:00:00+00:00,0.2149560546874998,-1,16,True,London  (07-12),Wednesday,8
2025-01-01 12:15:00+00:00,2025-01-02 13:00:00+00:00,58.00999999999999,1,100,True,Overlap (12-16),Wednesday,12
2025-01-02 13:15:00+00:00,2025-01-02 14:30:00+00:00,-10.9549658203125,-1,6,False,Overlap (12-16),Thursday,13
2025-01-02 14:45:00+00:00,2025-01-02 15:15:00+00:00,-7.5899755859375,1,3,False,Overlap (12-16),Thursday,14
2025-01-02 15:30:00+00:00,2025-01-02 17:45:00+00:00,7.0550439453125,-1,10,True,Overlap (12-16),Thursday,15
2025-01-02 18:00:00+00:00,2025-01-02 20:00:00+00:00,6.5550439453125,1,9,True,NY      (16-22),Thursday,18
2025-01-02 20:15:00+00:00,2025-01-03 00:15:00+00:00,0.3699853515624998,-1,17,True,NY      (16-22),Thursday,20
2025-01-03 00:30:00+00:00,2025-01-03 02:45:00+00:00,-4.9300634765625,1,10,False,Asia    (00-07),Friday,0
2025-01-03 03:00:00+00:00,2025-01-03 03:00:00+00:00,-2.46998046875,-1,1,False,Asia    (00-07),Friday,3
2025-01-03 03:15:00+00:00,2025-01-03 04:00:00+00:00,1.9700830078124998,1,4,True,Asia    (00-07),Friday,3
2025-01-03 04:15:00+00:00,2025-01-03 08:45:00+00:00,15.8250634765625,-1,19,True,Asia    (00-07),Friday,4
2025-01-03 09:00:00+00:00,2025-01-03 20:30:00+00:00,86.84996582031249,1,47,True,London  (07-12),Friday,9
2025-01-03 20:45:00+00:00,2025-01-03 21:30:00+00:00,-5.875009765625,-1,4,False,NY      (16-22),Friday,20
2025-01-03 21:45:00+00:00,2025-01-03 23:30:00+00:00,-5.6749365234375,1,8,False,NY      (16-22),Friday,21
2025-01-03 23:45:00+00:00,2025-01-04 00:00:00+00:00,-2.4499609375,-1,2,False,Off     (22-00),Friday,23
2025-01-04 00:15:00+00:00,2025-01-04 04:45:00+00:00,-11.354990234375,1,19,False,Asia    (00-07),Saturday,0
2025-01-04 05:00:00+00:00,2025-01-04 10:00:00+00:00,2.9349267578125,-1,21,True,Asia    (00-07),Saturday,5
2025-01-04 10:15:00+00:00,2025-01-04 14:15:00+00:00,27.004995117187498,1,17,True,London  (07-12),Saturday,10
2025-01-04 14:30:00+00:00,2025-01-04 16:15:00+00:00,6.7000634765625,-1,8,True,Overlap (12-16),Saturday,14
2025-01-04 16:30:00+00:00,2025-01-05 05:45:00+00:00,3.2199609375,1,54,True,NY      (16-22),Saturday,16
2025-01-05 06:00:00+00:00,2025-01-05 12:00:00+00:00,7.3099267578125,-1,25,True,Asia    (00-07),Sunday,6
2025-01-05 12:15:00+00:00,2025-01-05 15:15:00+00:00,3.4849755859375,1,13,True,Overlap (12-16),Sunday,12
2025-01-05 15:30:00+00:00,2025-01-05 18:30:00+00:00,-4.8900244140625,-1,13,False,Overlap (12-16),Sunday,15
2025-01-05 18:45:00+00:00,2025-01-05 20:00:00+00:00,2.604970703125,1,6,True,NY      (16-22),Sunday,18
2025-01-05 20:15:00+00:00,2025-01-06 01:15:00+00:00,5.76,-1,21,True,NY      (16-22),Sunday,20
2025-01-06 01:30:00+00:00,2025-01-06 04:00:00+00:00,21.915029296874998,1,11,True,Asia    (00-07),Monday,1
2025-01-06 04:15:00+00:00,2025-01-06 07:15:00+00:00,8.6400048828125,-1,13,True,Asia    (00-07),Monday,4
2025-01-06 07:30:00+00:00,2025-01-06 08:00:00+00:00,0.3599755859374998,1,3,True,London  (07-12),Monday,7
2025-01-06 08:15:00+00:00,2025-01-06 12:45:00+00:00,4.1199853515625,-1,19,True,London  (07-12),Monday,8
2025-01-06 13:00:00+00:00,2025-01-06 16:30:00+00:00,32.7750146484375,1,15,True,Overlap (12-16),Monday,13
2025-01-06 16:45:00+00:00,2025-01-07 20:00:00+00:00,158.44505859375,-1,110,True,NY      (16-22),Monday,16
2025-01-07 20:15:00+00:00,2025-01-07 21:15:00+00:00,2.19505859375,1,5,True,NY      (16-22),Tuesday,20
2025-01-07 21:30:00+00:00,2025-01-07 22:15:00+00:00,8.580068359374998,-1,4,True,NY      (16-22),Tuesday,21
2025-01-07 22:30:00+00:00,2025-01-08 00:15:00+00:00,9.44505859375,1,8,True,Off     (22-00),Tuesday,22
2025-01-08 00:30:00+00:00,2025-01-08 05:45:00+00:00,22.945058593749998,-1,22,True,Asia    (00-07),Wednesday,0
2025-01-08 06:00:00+00:00,2025-01-08 16:00:00+00:00,-9.8848974609375,1,41,False,Asia    (00-07),Wednesday,6
2025-01-08 16:15:00+00:00,2025-01-08 20:15:00+00:00,25.055043945312498,-1,17,True,NY      (16-22),Wednesday,16
2025-01-08 20:30:00+00:00,2025-01-09 05:00:00+00:00,25.405019531249998,1,35,True,NY      (16-22),Wednesday,20
2025-01-09 05:15:00+00:00,2025-01-09 08:00:00+00:00,27.700063476562498,-1,12,True,Asia    (00-07),Thursday,5
2025-01-09 08:15:00+00:00,2025-01-09 16:30:00+00:00,10.795034179687498,1,34,True,London  (07-12),Thursday,8
2025-01-09 16:45:00+00:00,2025-01-09 22:00:00+00:00,53.01,-1,22,True,NY      (16-22),Thursday,16
2025-01-09 22:15:00+00:00,2025-01-10 13:00:00+00:00,55.499990234375,1,60,True,Off     (22-00),Thursday,22
2025-01-10 13:15:00+00:00,2025-01-10 17:00:00+00:00,27.520009765624998,-1,16,True,Overlap (12-16),Friday,13
2025-01-10 17:15:00+00:00,2025-01-10 21:15:00+00:00,9.540029296874998,1,17,True,NY      (16-22),Friday,17
2025-01-10 21:30:00+00:00,2025-01-11 03:00:00+00:00,13.8050439453125,-1,23,True,NY      (16-22),Friday,21
2025-01-11 03:15:00+00:00,2025-01-12 05:15:00+00:00,18.484975585937498,1,105,True,Asia    (00-07),Saturday,3
2025-01-12 05:30:00+00:00,2025-01-12 07:30:00+00:00,5.4249169921875,-1,9,True,Asia    (00-07),Sunday,5
2025-01-12 07:45:00+00:00,2025-01-12 08:00:00+00:00,-0.9900000000000002,1,2,False,London  (07-12),Sunday,7
2025-01-12 08:15:00+00:00,2025-01-12 15:00:00+00:00,-2.2650244140625,-1,28,False,London  (07-12),Sunday,8
2025-01-12 15:15:00+00:00,2025-01-12 17:45:00+00:00,7.48998046875,1,11,True,Overlap (12-16),Sunday,15
2025-01-12 18:00:00+00:00,2025-01-12 22:00:00+00:00,19.150014648437498,-1,17,True,NY      (16-22),Sunday,18
2025-01-12 22:15:00+00:00,2025-01-13 01:45:00+00:00,5.604970703124998,1,15,True,Off     (22-00),Sunday,22
2025-01-13 02:00:00+00:00,2025-01-13 20:00:00+00:00,121.12999511718749,-1,73,True,Asia    (00-07),Monday,2
2025-01-13 20:15:00+00:00,2025-01-14 00:15:00+00:00,58.385,1,17,True,NY      (16-22),Monday,20
2025-01-14 00:30:00+00:00,2025-01-14 00:30:00+00:00,-0.08497070312500021,-1,1,False,Asia    (00-07),Tuesday,0
2025-01-14 00:45:00+00:00,2025-01-14 12:15:00+00:00,24.290029296874998,1,47,True,Asia    (00-07),Tuesday,0
2025-01-14 12:30:00+00:00,2025-01-14 17:00:00+00:00,-12.4349462890625,-1,19,False,Overlap (12-16),Tuesday,12
2025-01-14 17:15:00+00:00,2025-01-15 05:00:00+00:00,5.7000634765625,1,48,True,NY      (16-22),Tuesday,17
2025-01-15 05:15:00+00:00,2025-01-15 12:45:00+00:00,6.7000634765625,-1,31,True,Asia    (00-07),Wednesday,5
2025-01-15 13:00:00+00:00,2025-01-15 23:45:00+00:00,121.95506835937499,1,44,True,Overlap (12-16),Wednesday,13
2025-01-16 00:00:00+00:00,2025-01-16 16:30:00+00:00,54.98497558593749,-1,67,True,Asia    (00-07),Thursday,0
2025-01-16 16:45:00+00:00,2025-01-16 21:30:00+00:00,-6.9950048828125,1,20,False,NY      (16-22),Thursday,16
2025-01-16 21:45:00+00:00,2025-01-17 04:00:00+00:00,-13.279916992187502,-1,26,False,NY      (16-22),Thursday,21
2025-01-17 04:15:00+00:00,2025-01-17 12:00:00+00:00,34.40501953125,1,32,True,Asia    (00-07),Friday,4
2025-01-17 12:15:00+00:00,2025-01-17 16:15:00+00:00,-11.430063476562502,-1,17,False,Overlap (12-16),Friday,12
2025-01-17 16:30:00+00:00,2025-01-18 00:45:00+00:00,20.959951171874998,1,34,True,NY      (16-22),Friday,16
2025-01-18 01:00:00+00:00,2025-01-18 07:00:00+00:00,98.15501953124999,-1,25,True,Asia    (00-07),Saturday,1
2025-01-18 07:15:00+00:00,2025-01-18 07:15:00+00:00,0.5400292968749998,1,1,True,London  (07-12),Saturday,7
2025-01-18 07:30:00+00:00,2025-01-18 09:30:00+00:00,12.40501953125,-1,9,True,London  (07-12),Saturday,7
2025-01-18 09:45:00+00:00,2025-01-18 12:30:00+00:00,9.999990234374998,1,12,True,London  (07-12),Saturday,9
2025-01-18 12:45:00+00:00,2025-01-18 19:00:00+00:00,5.145009765624998,-1,26,True,Overlap (12-16),Saturday,12
2025-01-18 19:15:00+00:00,2025-01-19 04:15:00+00:00,12.590078124999998,1,37,True,NY      (16-22),Saturday,19
2025-01-19 04:30:00+00:00,2025-01-19 05:00:00+00:00,17.310048828124998,-1,3,True,Asia    (00-07),Sunday,4
2025-01-19 05:15:00+00:00,2025-01-19 06:15:00+00:00,14.7249658203125,1,5,True,Asia    (00-07),Sunday,5
2025-01-19 06:30:00+00:00,2025-01-19 12:15:00+00:00,58.0949609375,-1,24,True,Asia    (00-07),Sunday,6
2025-01-19 12:30:00+00:00,2025-01-19 20:00:00+00:00,115.40001464843749,1,31,True,Overlap (12-16),Sunday,12
2025-01-19 20:15:00+00:00,2025-01-19 21:15:00+00:00,79.77000976562499,-1,5,True,NY      (16-22),Sunday,20
2025-01-19 21:30:00+00:00,2025-01-19 22:00:00+00:00,3.4250390625,1,3,True,NY      (16-22),Sunday,21
2025-01-19 22:15:00+00:00,2025-01-20 00:00:00+00:00,20.590078124999998,-1,8,True,Off     (22-00),Sunday,22
2025-01-20 00:15:00+00:00,2025-01-20 13:45:00+00:00,62.43004394531249,1,55,True,Asia    (00-07),Monday,0
2025-01-20 14:00:00+00:00,2025-01-20 16:15:00+00:00,-5.500009765625,-1,10,False,Overlap (12-16),Monday,14
2025-01-20 16:30:00+00:00,2025-01-20 20:00:00+00:00,-11.535043945312502,1,15,False,NY      (16-22),Monday,16
2025-01-20 20:15:00+00:00,2025-01-21 06:30:00+00:00,53.4149072265625,-1,42,True,NY      (16-22),Monday,20
2025-01-21 06:45:00+00:00,2025-01-21 14:00:00+00:00,44.169912109375,1,30,True,Asia    (00-07),Tuesday,6
2025-01-21 14:15:00+00:00,2025-01-21 16:45:00+00:00,-3.200083007812502,-1,11,False,Overlap (12-16),Tuesday,14
2025-01-21 17:00:00+00:00,2025-01-21 19:30:00+00:00,3.724965820312498,1,11,True,NY      (16-22),Tuesday,17
2025-01-21 19:45:00+00:00,2025-01-22 00:00:00+00:00,-6.500009765625,-1,18,False,NY      (16-22),Tuesday,19
2025-01-22 00:15:00+00:00,2025-01-22 05:00:00+00:00,-1.0200292968750002,1,20,False,Asia    (00-07),Wednesday,0
2025-01-22 05:15:00+00:00,2025-01-22 08:00:00+00:00,19.709951171874998,-1,12,True,Asia    (00-07),Wednesday,5
2025-01-22 08:15:00+00:00,2025-01-22 13:30:00+00:00,2.82494140625,1,22,True,London  (07-12),Wednesday,8
2025-01-22 13:45:00+00:00,2025-01-22 14:45:00+00:00,2.26,-1,5,True,Overlap (12-16),Wednesday,13
2025-01-22 15:00:00+00:00,2025-01-22 15:45:00+00:00,-10.2800390625,1,4,False,Overlap (12-16),Wednesday,15
2025-01-22 16:00:00+00:00,2025-01-22 16:00:00+00:00,4.3099267578125,-1,1,True,NY      (16-22),Wednesday,16
2025-01-22 16:15:00+00:00,2025-01-22 16:45:00+00:00,4.064931640625,1,3,True,NY      (16-22),Wednesday,16
2025-01-22 17:00:00+00:00,2025-01-23 05:00:00+00:00,31.954946289062498,-1,49,True,NY      (16-22),Wednesday,17
2025-01-23 05:15:00+00:00,2025-01-23 11:45:00+00:00,-0.4549658203125002,1,27,False,Asia    (00-07),Thursday,5
2025-01-23 12:00:00+00:00,2025-01-23 12:00:00+00:00,3.4300439453125,-1,1,True,Overlap (12-16),Thursday,12
2025-01-23 12:15:00+00:00,2025-01-23 16:00:00+00:00,40.249990234375,1,16,True,Overlap (12-16),Thursday,12
2025-01-23 16:15:00+00:00,2025-01-23 22:00:00+00:00,6.249990234374998,-1,24,True,NY      (16-22),Thursday,16
2025-01-23 22:15:00+00:00,2025-01-24 00:00:00+00:00,27.724965820312498,1,8,True,Off     (22-00),Thursday,22
2025-01-24 00:15:00+00:00,2025-01-24 04:00:00+00:00,9.454946289062498,-1,16,True,Asia    (00-07),Friday,0
2025-01-24 04:15:00+00:00,2025-01-24 16:00:00+00:00,39.229970703125,1,48,True,Asia    (00-07),Friday,4
2025-01-24 16:15:00+00:00,2025-01-25 03:45:00+00:00,32.4000146484375,-1,47,True,NY      (16-22),Friday,16
2025-01-25 04:00:00+00:00,2025-01-25 04:30:00+00:00,-8.6400244140625,1,3,False,Asia    (00-07),Saturday,4
2025-01-25 04:45:00+00:00,2025-01-25 07:00:00+00:00,5.929921875,-1,10,True,Asia    (00-07),Saturday,4
2025-01-25 07:15:00+00:00,2025-01-25 20:00:00+00:00,23.499990234374998,1,52,True,London  (07-12),Saturday,7
2025-01-25 20:15:00+00:00,2025-01-26 00:30:00+00:00,7.0550439453125,-1,18,True,NY      (16-22),Saturday,20
2025-01-26 00:45:00+00:00,2025-01-26 06:00:00+00:00,8.3450830078125,1,22,True,Asia    (00-07),Sunday,0
2025-01-26 06:15:00+00:00,2025-01-26 14:00:00+00:00,20.009999999999998,-1,32,True,Asia    (00-07),Sunday,6
2025-01-26 14:15:00+00:00,2025-01-26 20:00:00+00:00,16.619985351562498,1,24,True,Overlap (12-16),Sunday,14
2025-01-26 20:15:00+00:00,2025-01-27 07:15:00+00:00,152.8699853515625,-1,45,True,NY      (16-22),Sunday,20
2025-01-27 07:30:00+00:00,2025-01-27 07:45:00+00:00,19.229970703124998,1,2,True,London  (07-12),Monday,7
2025-01-27 08:00:00+00:00,2025-01-27 08:30:00+00:00,11.9100244140625,-1,3,True,London  (07-12),Monday,8
2025-01-27 08:45:00+00:00,2025-01-27 16:15:00+00:00,35.8150537109375,1,31,True,London  (07-12),Monday,8
2025-01-27 16:30:00+00:00,2025-01-27 19:15:00+00:00,19.430043945312498,-1,12,True,NY      (16-22),Monday,16
2025-01-27 19:30:00+00:00,2025-01-28 06:15:00+00:00,63.97496582031249,1,44,True,NY      (16-22),Monday,19
2025-01-28 06:30:00+00:00,2025-01-28 12:30:00+00:00,12.8799951171875,-1,25,True,Asia    (00-07),Tuesday,6
2025-01-28 12:45:00+00:00,2025-01-28 16:00:00+00:00,-6.750009765625,1,14,False,Overlap (12-16),Tuesday,12
2025-01-28 16:15:00+00:00,2025-01-28 19:00:00+00:00,17.915029296874998,-1,12,True,NY      (16-22),Tuesday,16
2025-01-28 19:15:00+00:00,2025-01-28 19:45:00+00:00,7.350087890625,1,3,True,NY      (16-22),Tuesday,19
2025-01-28 20:00:00+00:00,2025-01-29 03:00:00+00:00,14.645009765624998,-1,29,True,NY      (16-22),Tuesday,20
2025-01-29 03:15:00+00:00,2025-01-29 08:00:00+00:00,19.119985351562498,1,20,True,Asia    (00-07),Wednesday,3
2025-01-29 08:15:00+00:00,2025-01-29 16:15:00+00:00,30.160024414062498,-1,33,True,London  (07-12),Wednesday,8
2025-01-29 16:30:00+00:00,2025-01-29 21:30:00+00:00,24.055043945312498,1,21,True,NY      (16-22),Wednesday,16
2025-01-29 21:45:00+00:00,2025-01-30 02:30:00+00:00,-3.92994140625,-1,20,False,NY      (16-22),Wednesday,21
2025-01-30 02:45:00+00:00,2025-01-30 05:30:00+00:00,18.270009765624998,1,12,True,Asia    (00-07),Thursday,2
2025-01-30 05:45:00+00:00,2025-01-30 08:30:00+00:00,-3.9400732421875,-1,12,False,Asia    (00-07),Thursday,5
2025-01-30 08:45:00+00:00,2025-01-30 15:00:00+00:00,36.6299951171875,1,26,True,London  (07-12),Thursday,8
2025-01-30 15:15:00+00:00,2025-01-30 16:15:00+00:00,-1.4349462890625002,-1,5,False,Overlap (12-16),Thursday,15
2025-01-30 16:30:00+00:00,2025-01-30 20:00:00+00:00,-3.0999853515625,1,15,False,NY      (16-22),Thursday,16
2025-01-30 20:15:00+00:00,2025-01-31 00:00:00+00:00,10.459951171875,-1,16,True,NY      (16-22),Thursday,20
2025-01-31 00:15:00+00:00,2025-01-31 01:00:00+00:00,8.82494140625,1,4,True,Asia    (00-07),Friday,0
2025-01-31 01:15:00+00:00,2025-01-31 06:00:00+00:00,7.0450341796875,-1,20,True,Asia    (00-07),Friday,1
2025-01-31 06:15:00+00:00,2025-01-31 16:45:00+00:00,77.09508300781249,1,43,True,Asia    (00-07),Friday,6
2025-01-31 17:00:00+00:00,2025-02-02 04:45:00+00:00,150.7750146484375,-1,144,True,NY      (16-22),Friday,17
2025-02-02 05:00:00+00:00,2025-02-02 09:30:00+00:00,4.2650048828125,1,19,True,Asia    (00-07),Sunday,5
2025-02-02 09:45:00+00:00,2025-02-02 13:15:00+00:00,17.410024414062498,-1,15,True,London  (07-12),Sunday,9
2025-02-02 13:30:00+00:00,2025-02-02 16:00:00+00:00,-5.2750341796875,1,11,False,Overlap (12-16),Sunday,13
2025-02-02 16:15:00+00:00,2025-02-02 18:30:00+00:00,65.29503417968749,-1,10,True,NY      (16-22),Sunday,16
2025-02-02 18:45:00+00:00,2025-02-02 20:15:00+00:00,17.630117187499998,1,7,True,NY      (16-22),Sunday,18
2025-02-02 20:30:00+00:00,2025-02-03 02:30:00+00:00,232.935048828125,-1,25,True,NY      (16-22),Sunday,20
2025-02-03 02:45:00+00:00,2025-02-03 08:45:00+00:00,34.6500146484375,1,25,True,Asia    (00-07),Monday,2
2025-02-03 09:00:00+00:00,2025-02-03 12:00:00+00:00,-19.099985351562502,-1,13,False,London  (07-12),Monday,9
2025-02-03 12:15:00+00:00,2025-02-04 02:15:00+00:00,115.74498535156249,1,57,True,Overlap (12-16),Monday,12
2025-02-04 02:30:00+00:00,2025-02-04 08:15:00+00:00,62.315053710937505,-1,24,True,Asia    (00-07),Tuesday,2
2025-02-04 08:30:00+00:00,2025-02-04 19:30:00+00:00,61.82506347656249,1,45,True,London  (07-12),Tuesday,8
2025-02-04 19:45:00+00:00,2025-02-05 00:00:00+00:00,56.249990234375,-1,18,True,NY      (16-22),Tuesday,19
2025-02-05 00:15:00+00:00,2025-02-05 00:15:00+00:00,1.9649560546874998,1,1,True,Asia    (00-07),Wednesday,0
2025-02-05 00:30:00+00:00,2025-02-05 00:30:00+00:00,0.2900292968749998,-1,1,True,Asia    (00-07),Wednesday,0
2025-02-05 00:45:00+00:00,2025-02-05 01:00:00+00:00,4.6900537109375,1,2,True,Asia    (00-07),Wednesday,0
2025-02-05 01:15:00+00:00,2025-02-05 01:30:00+00:00,-0.6550390625000002,-1,2,False,Asia    (00-07),Wednesday,1
2025-02-05 01:45:00+00:00,2025-02-05 14:15:00+00:00,37.5350244140625,1,51,True,Asia    (00-07),Wednesday,1
2025-02-05 14:30:00+00:00,2025-02-05 16:15:00+00:00,30.665029296874998,-1,8,True,Overlap (12-16),Wednesday,14
2025-02-05 16:30:00+00:00,2025-02-06 10:15:00+00:00,42.9249169921875,1,72,True,NY      (16-22),Wednesday,16
2025-02-06 10:30:00+00:00,2025-02-06 14:45:00+00:00,44.5899560546875,-1,18,True,London  (07-12),Thursday,10
2025-02-06 15:00:00+00:00,2025-02-06 15:00:00+00:00,1.6450097656249998,1,1,True,Overlap (12-16),Thursday,15
2025-02-06 15:15:00+00:00,2025-02-06 15:30:00+00:00,19.310048828124998,-1,2,True,Overlap (12-16),Thursday,15
2025-02-06 15:45:00+00:00,2025-02-06 16:15:00+00:00,-5.51490234375,1,3,False,Overlap (12-16),Thursday,15
2025-02-06 16:30:00+00:00,2025-02-06 21:15:00+00:00,5.560048828125,-1,20,True,NY      (16-22),Thursday,16
2025-02-06 21:30:00+00:00,2025-02-06 22:45:00+00:00,2.259999999999998,1,6,True,NY      (16-22),Thursday,21
2025-02-06 23:00:00+00:00,2025-02-07 00:45:00+00:00,3.9300439453125,-1,8,True,Off     (22-00),Thursday,23
2025-02-07 01:00:00+00:00,2025-02-07 14:45:00+00:00,45.11009765625,1,56,True,Asia    (00-07),Friday,1
2025-02-07 15:00:00+00:00,2025-02-07 16:00:00+00:00,34.0950830078125,-1,5,True,Overlap (12-16),Friday,15
2025-02-07 16:15:00+00:00,2025-02-07 18:00:00+00:00,-10.649912109375,1,8,False,NY      (16-22),Friday,16
2025-02-07 18:15:00+00:00,2025-02-08 03:30:00+00:00,24.045034179687498,-1,38,True,NY      (16-22),Friday,18
2025-02-08 03:45:00+00:00,2025-02-08 06:00:00+00:00,-9.7000830078125,1,10,False,Asia    (00-07),Saturday,3
2025-02-08 06:15:00+00:00,2025-02-08 07:15:00+00:00,4.4699609375,-1,5,True,Asia    (00-07),Saturday,6
2025-02-08 07:30:00+00:00,2025-02-08 08:00:00+00:00,3.080068359375,1,3,True,London  (07-12),Saturday,7
2025-02-08 08:15:00+00:00,2025-02-08 16:00:00+00:00,8.4200341796875,-1,32,True,London  (07-12),Saturday,8
2025-02-08 16:15:00+00:00,2025-02-09 11:15:00+00:00,30.074941406249998,1,77,True,NY      (16-22),Saturday,16
2025-02-09 11:30:00+00:00,2025-02-09 13:30:00+00:00,14.28490234375,-1,9,True,London  (07-12),Sunday,11
2025-02-09 13:45:00+00:00,2025-02-09 17:15:00+00:00,6.4549462890625,1,15,True,Overlap (12-16),Sunday,13
2025-02-09 17:30:00+00:00,2025-02-09 20:15:00+00:00,2.060048828125,-1,12,True,NY      (16-22),Sunday,17
2025-02-09 20:30:00+00:00,2025-02-10 03:30:00+00:00,-4.564951171875002,1,29,False,NY      (16-22),Sunday,20
2025-02-10 03:45:00+00:00,2025-02-10 04:15:00+00:00,-0.7400000000000002,-1,3,False,Asia    (00-07),Monday,3
2025-02-10 04:30:00+00:00,2025-02-10 21:00:00+00:00,18.749990234374998,1,67,True,Asia    (00-07),Monday,4
2025-02-10 21:15:00+00:00,2025-02-11 00:00:00+00:00,1.8499658203124998,-1,12,True,NY      (16-22),Monday,21
2025-02-11 00:15:00+00:00,2025-02-11 12:45:00+00:00,6.624990234374998,1,51,True,Asia    (00-07),Tuesday,0
2025-02-11 13:00:00+00:00,2025-02-11 19:00:00+00:00,33.3050439453125,-1,25,True,Overlap (12-16),Tuesday,13
2025-02-11 19:15:00+00:00,2025-02-11 19:45:00+00:00,-14.8599951171875,1,3,False,NY      (16-22),Tuesday,19
2025-02-11 20:00:00+00:00,2025-02-11 21:00:00+00:00,-8.2550146484375,-1,5,False,NY      (16-22),Tuesday,20
2025-02-11 21:15:00+00:00,2025-02-12 00:00:00+00:00,1.9649560546874998,1,12,True,NY      (16-22),Tuesday,21
2025-02-12 00:15:00+00:00,2025-02-12 04:00:00+00:00,5.8299462890625,-1,16,True,Asia    (00-07),Wednesday,0
2025-02-12 04:15:00+00:00,2025-02-12 13:00:00+00:00,17.290029296874998,1,36,True,Asia    (00-07),Wednesday,4
2025-02-12 13:15:00+00:00,2025-02-12 15:45:00+00:00,10.590078124999998,-1,11,True,Overlap (12-16),Wednesday,13
2025-02-12 16:00:00+00:00,2025-02-12 20:45:00+00:00,32.9600732421875,1,20,True,NY      (16-22),Wednesday,16
2025-02-12 21:00:00+00:00,2025-02-12 22:00:00+00:00,-3.784921875,-1,5,False,NY      (16-22),Wednesday,21
2025-02-12 22:15:00+00:00,2025-02-13 04:00:00+00:00,28.190053710937498,1,24,True,Off     (22-00),Wednesday,22
2025-02-13 04:15:00+00:00,2025-02-13 07:45:00+00:00,27.634999999999998,-1,15,True,Asia    (00-07),Thursday,4
2025-02-13 08:00:00+00:00,2025-02-13 12:30:00+00:00,-10.2049658203125,1,19,False,London  (07-12),Thursday,8
2025-02-13 12:45:00+00:00,2025-02-13 19:30:00+00:00,8.890004882812498,-1,28,True,Overlap (12-16),Thursday,12
2025-02-13 19:45:00+00:00,2025-02-14 04:00:00+00:00,29.119985351562498,1,34,True,NY      (16-22),Thursday,19
2025-02-14 04:15:00+00:00,2025-02-14 06:30:00+00:00,3.51,-1,10,True,Asia    (00-07),Friday,4
2025-02-14 06:45:00+00:00,2025-02-14 10:30:00+00:00,5.1500146484375,1,16,True,Asia    (00-07),Friday,6
2025-02-14 10:45:00+00:00,2025-02-14 12:00:00+00:00,10.19505859375,-1,6,True,London  (07-12),Friday,10
2025-02-14 12:15:00+00:00,2025-02-14 20:00:00+00:00,27.790029296874998,1,32,True,Overlap (12-16),Friday,12
2025-02-14 20:15:00+00:00,2025-02-15 08:00:00+00:00,19.604970703124998,-1,48,True,NY      (16-22),Friday,20
2025-02-15 08:15:00+00:00,2025-02-15 13:45:00+00:00,0.6149804687499998,1,23,True,London  (07-12),Saturday,8
2025-02-15 14:00:00+00:00,2025-02-15 18:00:00+00:00,5.3699853515625,-1,17,True,Overlap (12-16),Saturday,14
2025-02-15 18:15:00+00:00,2025-02-15 19:15:00+00:00,4.0599267578125,1,5,True,NY      (16-22),Saturday,18
2025-02-15 19:30:00+00:00,2025-02-15 20:15:00+00:00,6.01,-1,4,True,NY      (16-22),Saturday,19
2025-02-15 20:30:00+00:00,2025-02-16 12:45:00+00:00,6.745107421875,1,66,True,NY      (16-22),Saturday,20
2025-02-16 13:00:00+00:00,2025-02-17 00:30:00+00:00,15.425039062499998,-1,47,True,Overlap (12-16),Sunday,13
2025-02-17 00:45:00+00:00,2025-02-17 10:30:00+00:00,43.540029296875,1,40,True,Asia    (00-07),Monday,0
2025-02-17 10:45:00+00:00,2025-02-17 10:45:00+00:00,3.5850732421875,-1,1,True,London  (07-12),Monday,10
2025-02-17 11:00:00+00:00,2025-02-17 15:00:00+00:00,30.645009765624998,1,17,True,London  (07-12),Monday,11
2025-02-17 15:15:00+00:00,2025-02-17 19:30:00+00:00,50.3699853515625,-1,18,True,Overlap (12-16),Monday,15
2025-02-17 19:45:00+00:00,2025-02-18 02:00:00+00:00,7.209951171875,1,26,True,NY      (16-22),Monday,19
2025-02-18 02:15:00+00:00,2025-02-18 08:45:00+00:00,28.559926757812498,-1,27,True,Asia    (00-07),Tuesday,2
2025-02-18 09:00:00+00:00,2025-02-18 13:45:00+00:00,15.104970703125,1,20,True,London  (07-12),Tuesday,9
2025-02-18 14:00:00+00:00,2025-02-18 17:15:00+00:00,36.6099755859375,-1,14,True,Overlap (12-16),Tuesday,14
2025-02-18 17:30:00+00:00,2025-02-18 18:30:00+00:00,-3.63501953125,1,5,False,NY      (16-22),Tuesday,17
2025-02-18 18:45:00+00:00,2025-02-19 00:45:00+00:00,-26.184946289062502,-1,25,False,NY      (16-22),Tuesday,18
2025-02-19 01:00:00+00:00,2025-02-19 03:45:00+00:00,9.5750634765625,1,12,True,Asia    (00-07),Wednesday,1
2025-02-19 04:00:00+00:00,2025-02-19 05:15:00+00:00,4.57005859375,-1,6,True,Asia    (00-07),Wednesday,4
2025-02-19 05:30:00+00:00,2025-02-19 13:00:00+00:00,13.055043945312498,1,31,True,Asia    (00-07),Wednesday,5
2025-02-19 13:15:00+00:00,2025-02-19 15:30:00+00:00,-0.5000097656250002,-1,10,False,Overlap (12-16),Wednesday,13
2025-02-19 15:45:00+00:00,2025-02-20 13:15:00+00:00,13.749990234374998,1,87,True,Overlap (12-16),Wednesday,15
2025-02-20 13:30:00+00:00,2025-02-20 17:00:00+00:00,5.374990234375,-1,15,True,Overlap (12-16),Thursday,13
2025-02-20 17:15:00+00:00,2025-02-20 20:45:00+00:00,10.474965820312498,1,15,True,NY      (16-22),Thursday,17
2025-02-20 21:00:00+00:00,2025-02-21 04:00:00+00:00,-1.8950292968750002,-1,29,False,NY      (16-22),Thursday,21
2025-02-21 04:15:00+00:00,2025-02-21 07:15:00+00:00,5.8900048828125,1,13,True,Asia    (00-07),Friday,4
2025-02-21 07:30:00+00:00,2025-02-21 08:00:00+00:00,1.0450341796874998,-1,3,True,London  (07-12),Friday,7
2025-02-21 08:15:00+00:00,2025-02-21 12:30:00+00:00,17.895009765624998,1,18,True,London  (07-12),Friday,8
2025-02-21 12:45:00+00:00,2025-02-21 21:30:00+00:00,84.48998046874999,-1,36,True,Overlap (12-16),Friday,12
2025-02-21 21:45:00+00:00,2025-02-22 16:45:00+00:00,72.25999999999999,1,77,True,NY      (16-22),Friday,21
2025-02-22 17:00:00+00:00,2025-02-23 04:00:00+00:00,10.104970703125,-1,45,True,NY      (16-22),Saturday,17
2025-02-23 04:15:00+00:00,2025-02-23 08:15:00+00:00,28.809926757812498,1,17,True,Asia    (00-07),Sunday,4
2025-02-23 08:30:00+00:00,2025-02-23 09:45:00+00:00,-0.3850195312500002,-1,6,False,London  (07-12),Sunday,8
2025-02-23 10:00:00+00:00,2025-02-23 14:00:00+00:00,0.6199853515624998,1,17,True,London  (07-12),Sunday,10
2025-02-23 14:15:00+00:00,2025-02-23 16:15:00+00:00,0.06993652343749979,-1,9,True,Overlap (12-16),Sunday,14
2025-02-23 16:30:00+00:00,2025-02-24 01:30:00+00:00,-10.3900244140625,1,37,False,NY      (16-22),Sunday,16
2025-02-24 01:45:00+00:00,2025-02-24 03:15:00+00:00,24.739980468749998,-1,7,True,Asia    (00-07),Monday,1
2025-02-24 03:30:00+00:00,2025-02-24 08:00:00+00:00,-16.199960937500002,1,19,False,Asia    (00-07),Monday,3
2025-02-24 08:15:00+00:00,2025-02-24 15:15:00+00:00,24.020009765624998,-1,29,True,London  (07-12),Monday,8
2025-02-24 15:30:00+00:00,2025-02-24 16:30:00+00:00,3.76,1,5,True,Overlap (12-16),Monday,15
2025-02-24 16:45:00+00:00,2025-02-25 00:00:00+00:00,98.72508789062499,-1,30,True,NY      (16-22),Monday,16
2025-02-25 00:15:00+00:00,2025-02-25 00:15:00+00:00,15.61009765625,1,1,True,Asia    (00-07),Tuesday,0
2025-02-25 00:30:00+00:00,2025-02-25 02:45:00+00:00,-7.0749609375,-1,10,False,Asia    (00-07),Tuesday,0
2025-02-25 03:00:00+00:00,2025-02-25 03:00:00+00:00,-9.854990234375,1,1,False,Asia    (00-07),Tuesday,3
2025-02-25 03:15:00+00:00,2025-02-25 08:00:00+00:00,52.520009765625,-1,20,True,Asia    (00-07),Tuesday,3
2025-02-25 08:15:00+00:00,2025-02-25 12:15:00+00:00,20.564931640624998,1,17,True,London  (07-12),Tuesday,8
2025-02-25 12:30:00+00:00,2025-02-25 14:30:00+00:00,19.949941406249998,-1,9,True,Overlap (12-16),Tuesday,12
2025-02-25 14:45:00+00:00,2025-02-26 11:00:00+00:00,47.8199365234375,1,82,True,Overlap (12-16),Tuesday,14
2025-02-26 11:15:00+00:00,2025-02-26 21:15:00+00:00,77.82494140624999,-1,41,True,London  (07-12),Wednesday,11
2025-02-26 21:30:00+00:00,2025-02-27 16:00:00+00:00,-1.834970703125002,1,75,False,NY      (16-22),Wednesday,21
2025-02-27 16:15:00+00:00,2025-02-27 17:00:00+00:00,6.6050927734375,-1,4,True,NY      (16-22),Thursday,16
2025-02-27 17:15:00+00:00,2025-02-27 17:30:00+00:00,-1.6599218750000002,1,2,False,NY      (16-22),Thursday,17
2025-02-27 17:45:00+00:00,2025-02-27 23:00:00+00:00,11.140004882812498,-1,22,True,NY      (16-22),Thursday,17
2025-02-27 23:15:00+00:00,2025-02-28 02:00:00+00:00,-38.3499853515625,1,12,False,Off     (22-00),Thursday,23
2025-02-28 02:15:00+00:00,2025-02-28 04:45:00+00:00,37.060048828125,-1,11,True,Asia    (00-07),Friday,2
2025-02-28 05:00:00+00:00,2025-02-28 05:00:00+00:00,-10.0899755859375,1,1,False,Asia    (00-07),Friday,5
2025-02-28 05:15:00+00:00,2025-02-28 05:15:00+00:00,0.6199853515624998,-1,1,True,Asia    (00-07),Friday,5
2025-02-28 05:30:00+00:00,2025-03-01 06:15:00+00:00,58.95995117187499,1,100,True,Asia    (00-07),Friday,5
2025-03-01 06:30:00+00:00,2025-03-01 12:00:00+00:00,28.999990234374998,-1,23,True,Asia    (00-07),Saturday,6
2025-03-01 12:15:00+00:00,2025-03-01 12:45:00+00:00,0.5550439453124998,1,3,True,Overlap (12-16),Saturday,12
2025-03-01 13:00:00+00:00,2025-03-01 16:30:00+00:00,-5.71998046875,-1,15,False,Overlap (12-16),Saturday,13
2025-03-01 16:45:00+00:00,2025-03-01 22:15:00+00:00,13.584951171874998,1,23,True,NY      (16-22),Saturday,16
2025-03-01 22:30:00+00:00,2025-03-02 01:15:00+00:00,-1.8900244140625002,-1,12,False,Off     (22-00),Saturday,22
2025-03-02 01:30:00+00:00,2025-03-02 12:45:00+00:00,4.604970703125,1,46,True,Asia    (00-07),Sunday,1
2025-03-02 13:00:00+00:00,2025-03-02 16:00:00+00:00,-5.229990234375,-1,13,False,Overlap (12-16),Sunday,13
2025-03-02 16:15:00+00:00,2025-03-03 02:00:00+00:00,99.56004882812499,1,40,True,NY      (16-22),Sunday,16
2025-03-03 02:15:00+00:00,2025-03-03 19:45:00+00:00,163.810048828125,-1,71,True,Asia    (00-07),Monday,2
2025-03-03 20:00:00+00:00,2025-03-03 21:30:00+00:00,11.9200341796875,1,7,True,NY      (16-22),Monday,20
2025-03-03 21:45:00+00:00,2025-03-03 21:45:00+00:00,10.94994140625,-1,1,True,NY      (16-22),Monday,21
2025-03-03 22:00:00+00:00,2025-03-04 00:15:00+00:00,15.454946289062498,1,10,True,Off     (22-00),Monday,22
2025-03-04 00:30:00+00:00,2025-03-04 05:00:00+00:00,24.145009765624998,-1,19,True,Asia    (00-07),Tuesday,0
2025-03-04 05:15:00+00:00,2025-03-04 12:30:00+00:00,2.98998046875,1,30,True,Asia    (00-07),Tuesday,5
2025-03-04 12:45:00+00:00,2025-03-04 17:00:00+00:00,10.479970703124998,-1,18,True,Overlap (12-16),Tuesday,12
2025-03-04 17:15:00+00:00,2025-03-05 02:15:00+00:00,45.5250146484375,1,37,True,NY      (16-22),Tuesday,17
2025-03-05 02:30:00+00:00,2025-03-05 06:00:00+00:00,-3.689951171875,-1,15,False,Asia    (00-07),Wednesday,2
2025-03-05 06:15:00+00:00,2025-03-05 14:15:00+00:00,7.955068359375,1,33,True,Asia    (00-07),Wednesday,6
2025-03-05 14:30:00+00:00,2025-03-05 18:00:00+00:00,2.290029296875,-1,15,True,Overlap (12-16),Wednesday,14
2025-03-05 18:15:00+00:00,2025-03-05 23:45:00+00:00,23.695058593749998,1,23,True,NY      (16-22),Wednesday,18
2025-03-06 00:00:00+00:00,2025-03-06 01:30:00+00:00,-12.084970703125,-1,7,False,Asia    (00-07),Thursday,0
2025-03-06 01:45:00+00:00,2025-03-06 06:00:00+00:00,19.515004882812498,1,18,True,Asia    (00-07),Thursday,1
2025-03-06 06:15:00+00:00,2025-03-06 07:45:00+00:00,6.90501953125,-1,7,True,Asia    (00-07),Thursday,6
2025-03-06 08:00:00+00:00,2025-03-06 08:00:00+00:00,-2.7800390625,1,1,False,London  (07-12),Thursday,8
2025-03-06 08:15:00+00:00,2025-03-06 08:15:00+00:00,-6.49,-1,1,False,London  (07-12),Thursday,8
2025-03-06 08:30:00+00:00,2025-03-06 12:30:00+00:00,-13.1549169921875,1,17,False,London  (07-12),Thursday,8
2025-03-06 12:45:00+00:00,2025-03-06 17:45:00+00:00,37.955068359375,-1,21,True,Overlap (12-16),Thursday,12
2025-03-06 18:00:00+00:00,2025-03-06 18:15:00+00:00,1.6600244140624998,1,2,True,NY      (16-22),Thursday,18
2025-03-06 18:30:00+00:00,2025-03-07 00:45:00+00:00,38.40501953125,-1,26,True,NY      (16-22),Thursday,18
2025-03-07 01:00:00+00:00,2025-03-07 09:00:00+00:00,35.7850244140625,1,33,True,Asia    (00-07),Friday,1
2025-03-07 09:15:00+00:00,2025-03-07 10:30:00+00:00,-0.3650000000000002,-1,6,False,London  (07-12),Friday,9
2025-03-07 10:45:00+00:00,2025-03-07 16:00:00+00:00,0.604970703124998,1,22,True,London  (07-12),Friday,10
2025-03-07 16:15:00+00:00,2025-03-08 10:15:00+00:00,26.665029296874998,-1,73,True,NY      (16-22),Friday,16
2025-03-08 10:30:00+00:00,2025-03-08 20:00:00+00:00,40.060048828125,1,39,True,London  (07-12),Saturday,10
2025-03-08 20:15:00+00:00,2025-03-09 04:30:00+00:00,15.290029296875,-1,34,True,NY      (16-22),Saturday,20
2025-03-09 04:45:00+00:00,2025-03-09 07:00:00+00:00,-4.0599462890625,1,10,False,Asia    (00-07),Sunday,4
2025-03-09 07:15:00+00:00,2025-03-10 03:00:00+00:00,64.86498046874999,-1,80,True,London  (07-12),Sunday,7
2025-03-10 03:15:00+00:00,2025-03-10 12:15:00+00:00,27.874990234374998,1,37,True,Asia    (00-07),Monday,3
2025-03-10 12:30:00+00:00,2025-03-10 14:15:00+00:00,42.10503173828125,-1,8,True,Overlap (12-16),Monday,12
2025-03-10 14:30:00+00:00,2025-03-10 15:00:00+00:00,0.6949975585937498,1,3,True,Overlap (12-16),Monday,14
2025-03-10 15:15:00+00:00,2025-03-10 19:15:00+00:00,85.28996826171876,-1,17,True,Overlap (12-16),Monday,15
2025-03-10 19:30:00+00:00,2025-03-11 00:45:00+00:00,-21.475046386718752,1,22,False,NY      (16-22),Monday,19
2025-03-11 01:00:00+00:00,2025-03-11 01:15:00+00:00,-0.3700048828125002,-1,2,False,Asia    (00-07),Tuesday,1
2025-03-11 01:30:00+00:00,2025-03-11 01:30:00+00:00,14.49004150390625,1,1,True,Asia    (00-07),Tuesday,1
2025-03-11 01:45:00+00:00,2025-03-11 04:30:00+00:00,-15.394968261718752,-1,12,False,Asia    (00-07),Tuesday,1
2025-03-11 04:45:00+00:00,2025-03-11 22:30:00+00:00,33.645009765625,1,72,True,Asia    (00-07),Tuesday,4
2025-03-11 22:45:00+00:00,2025-03-12 04:30:00+00:00,39.374990234375,-1,24,True,Off     (22-00),Tuesday,22
2025-03-12 04:45:00+00:00,2025-03-12 13:00:00+00:00,28.794973144531248,1,34,True,Asia    (00-07),Wednesday,4
2025-03-12 13:15:00+00:00,2025-03-12 17:15:00+00:00,13.895009765624998,-1,17,True,Overlap (12-16),Wednesday,13
2025-03-12 17:30:00+00:00,2025-03-13 02:45:00+00:00,-1.4549658203125002,1,38,False,NY      (16-22),Wednesday,17
2025-03-13 03:00:00+00:00,2025-03-13 03:30:00+00:00,-1.4199926757812502,-1,3,False,Asia    (00-07),Thursday,3
2025-03-13 03:45:00+00:00,2025-03-13 06:30:00+00:00,-14.2349951171875,1,12,False,Asia    (00-07),Thursday,3
2025-03-13 06:45:00+00:00,2025-03-13 09:00:00+00:00,-11.8499853515625,-1,10,False,Asia    (00-07),Thursday,6
2025-03-13 09:15:00+00:00,2025-03-13 11:45:00+00:00,6.135,1,11,True,London  (07-12),Thursday,9
2025-03-13 12:00:00+00:00,2025-03-13 18:00:00+00:00,27.319997558593748,-1,25,True,Overlap (12-16),Thursday,12
2025-03-13 18:15:00+00:00,2025-03-13 18:45:00+00:00,3.145009765625,1,3,True,NY      (16-22),Thursday,18
2025-03-13 19:00:00+00:00,2025-03-13 21:00:00+00:00,1.8149926757812498,-1,9,True,NY      (16-22),Thursday,19
2025-03-13 21:15:00+00:00,2025-03-14 21:30:00+00:00,35.8599755859375,1,98,True,NY      (16-22),Thursday,21
2025-03-14 21:45:00+00:00,2025-03-14 23:30:00+00:00,1.2650048828124998,-1,8,True,NY      (16-22),Friday,21
2025-03-14 23:45:00+00:00,2025-03-15 07:00:00+00:00,3.5150048828125,1,30,True,Off     (22-00),Friday,23
2025-03-15 07:15:00+00:00,2025-03-15 08:15:00+00:00,1.3950097656249998,-1,5,True,London  (07-12),Saturday,7
2025-03-15 08:30:00+00:00,2025-03-15 18:00:00+00:00,11.46501708984375,1,39,True,London  (07-12),Saturday,8
2025-03-15 18:15:00+00:00,2025-03-16 11:45:00+00:00,32.81999755859375,-1,71,True,NY      (16-22),Saturday,18
2025-03-16 12:00:00+00:00,2025-03-16 17:00:00+00:00,17.705007324218748,1,21,True,Overlap (12-16),Sunday,12
2025-03-16 17:15:00+00:00,2025-03-16 20:30:00+00:00,8.999990234375,-1,14,True,NY      (16-22),Sunday,17
2025-03-16 20:45:00+00:00,2025-03-17 04:45:00+00:00,4.26,1,33,True,NY      (16-22),Sunday,20
2025-03-17 05:00:00+00:00,2025-03-17 06:15:00+00:00,6.90501953125,-1,6,True,Asia    (00-07),Monday,5
2025-03-17 06:30:00+00:00,2025-03-18 01:00:00+00:00,13.355031738281248,1,75,True,Asia    (00-07),Monday,6
2025-03-18 01:15:00+00:00,2025-03-18 01:30:00+00:00,5.10503173828125,-1,2,True,Asia    (00-07),Tuesday,1
2025-03-18 01:45:00+00:00,2025-03-18 09:00:00+00:00,0.1650292968749998,1,30,True,Asia    (00-07),Tuesday,1
2025-03-18 09:15:00+00:00,2025-03-18 16:00:00+00:00,8.49004150390625,-1,28,True,London  (07-12),Tuesday,9
2025-03-18 16:15:00+00:00,2025-03-19 04:00:00+00:00,22.225026855468748,1,48,True,NY      (16-22),Tuesday,16
2025-03-19 04:15:00+00:00,2025-03-19 08:15:00+00:00,-4.229990234375,-1,17,False,Asia    (00-07),Wednesday,4
2025-03-19 08:30:00+00:00,2025-03-19 16:15:00+00:00,48.8699853515625,1,32,True,London  (07-12),Wednesday,8
2025-03-19 16:30:00+00:00,2025-03-19 20:45:00+00:00,1.210012207031248,-1,18,True,NY      (16-22),Wednesday,16
2025-03-19 21:00:00+00:00,2025-03-20 02:30:00+00:00,-4.2149755859375,1,23,False,NY      (16-22),Wednesday,21
2025-03-20 02:45:00+00:00,2025-03-20 06:45:00+00:00,6.4000146484375,-1,17,True,Asia    (00-07),Thursday,2
2025-03-20 07:00:00+00:00,2025-03-20 09:15:00+00:00,-5.5749609375,1,10,False,London  (07-12),Thursday,7
2025-03-20 09:30:00+00:00,2025-03-20 19:15:00+00:00,15.6600244140625,-1,40,True,London  (07-12),Thursday,9
2025-03-20 19:30:00+00:00,2025-03-21 02:45:00+00:00,6.15501953125,1,30,True,NY      (16-22),Thursday,19
2025-03-21 03:00:00+00:00,2025-03-21 03:30:00+00:00,1.9600122070312498,-1,3,True,Asia    (00-07),Friday,3
2025-03-21 03:45:00+00:00,2025-03-21 06:45:00+00:00,-5.20002197265625,1,13,False,Asia    (00-07),Friday,3
2025-03-21 07:00:00+00:00,2025-03-21 16:00:00+00:00,4.95000244140625,-1,37,True,London  (07-12),Friday,7
2025-03-21 16:15:00+00:00,2025-03-21 20:00:00+00:00,5.21501708984375,1,16,True,NY      (16-22),Friday,16
2025-03-21 20:15:00+00:00,2025-03-22 00:15:00+00:00,-3.145029296875,-1,17,False,NY      (16-22),Friday,20
2025-03-22 00:30:00+00:00,2025-03-22 20:45:00+00:00,6.604970703125,1,82,True,Asia    (00-07),Saturday,0
2025-03-22 21:00:00+00:00,2025-03-23 00:00:00+00:00,3.0350244140625,-1,13,True,NY      (16-22),Saturday,21
2025-03-23 00:15:00+00:00,2025-03-23 08:15:00+00:00,11.685048828125,1,33,True,Asia    (00-07),Sunday,0
2025-03-23 08:30:00+00:00,2025-03-23 10:45:00+00:00,-3.709970703125,-1,10,False,London  (07-12),Sunday,8
2025-03-23 11:00:00+00:00,2025-03-23 11:15:00+00:00,-0.2699682617187502,1,2,False,London  (07-12),Sunday,11
2025-03-23 11:30:00+00:00,2025-03-23 12:45:00+00:00,1.7650048828124998,-1,6,True,London  (07-12),Sunday,11
2025-03-23 13:00:00+00:00,2025-03-23 14:00:00+00:00,0.6249902343749998,1,5,True,Overlap (12-16),Sunday,13
2025-03-23 14:15:00+00:00,2025-03-23 14:30:00+00:00,1.5300195312499998,-1,2,True,Overlap (12-16),Sunday,14
2025-03-23 14:45:00+00:00,2025-03-23 16:00:00+00:00,-2.604990234375,1,6,False,Overlap (12-16),Sunday,14
2025-03-23 16:15:00+00:00,2025-03-24 00:00:00+00:00,0.9500024414062498,-1,32,True,NY      (16-22),Sunday,16
2025-03-24 00:15:00+00:00,2025-03-24 14:00:00+00:00,43.8900048828125,1,56,True,Asia    (00-07),Monday,0
2025-03-24 14:15:00+00:00,2025-03-24 15:00:00+00:00,3.2449853515625,-1,4,True,Overlap (12-16),Monday,14
2025-03-24 15:15:00+00:00,2025-03-24 16:15:00+00:00,-6.6099951171875,1,5,False,Overlap (12-16),Monday,15
2025-03-24 16:30:00+00:00,2025-03-24 23:45:00+00:00,-6.439951171875,-1,30,False,NY      (16-22),Monday,16
2025-03-25 00:00:00+00:00,2025-03-25 01:00:00+00:00,-2.479990234375,1,5,False,Asia    (00-07),Tuesday,0
2025-03-25 01:15:00+00:00,2025-03-25 07:30:00+00:00,12.5799462890625,-1,26,True,Asia    (00-07),Tuesday,1
2025-03-25 07:45:00+00:00,2025-03-25 13:15:00+00:00,8.1099755859375,1,23,True,London  (07-12),Tuesday,7
2025-03-25 13:30:00+00:00,2025-03-25 16:30:00+00:00,1.5250146484374998,-1,13,True,Overlap (12-16),Tuesday,13
2025-03-25 16:45:00+00:00,2025-03-25 20:15:00+00:00,3.32494140625,1,15,True,NY      (16-22),Tuesday,16
2025-03-25 20:30:00+00:00,2025-03-25 22:15:00+00:00,6.1548974609375,-1,8,True,NY      (16-22),Tuesday,20
2025-03-25 22:30:00+00:00,2025-03-26 02:15:00+00:00,-1.1150000000000002,1,16,False,Off     (22-00),Tuesday,22
2025-03-26 02:30:00+00:00,2025-03-26 04:45:00+00:00,1.8799951171874998,-1,10,True,Asia    (00-07),Wednesday,2
2025-03-26 05:00:00+00:00,2025-03-26 09:00:00+00:00,2.774892578125,1,17,True,Asia    (00-07),Wednesday,5
2025-03-26 09:15:00+00:00,2025-03-27 02:15:00+00:00,17.434926757812498,-1,69,True,London  (07-12),Wednesday,9
2025-03-27 02:30:00+00:00,2025-03-27 10:45:00+00:00,-1.6950170898437502,1,34,False,Asia    (00-07),Thursday,2
2025-03-27 11:00:00+00:00,2025-03-27 13:15:00+00:00,6.08501220703125,-1,10,True,London  (07-12),Thursday,11
2025-03-27 13:30:00+00:00,2025-03-27 14:30:00+00:00,4.28001953125,1,5,True,Overlap (12-16),Thursday,13
2025-03-27 14:45:00+00:00,2025-03-27 20:00:00+00:00,6.6400048828125,-1,22,True,Overlap (12-16),Thursday,14
2025-03-27 20:15:00+00:00,2025-03-28 03:30:00+00:00,-4.56501220703125,1,30,False,NY      (16-22),Thursday,20
2025-03-28 03:45:00+00:00,2025-03-28 04:30:00+00:00,28.210012207031248,-1,4,True,Asia    (00-07),Friday,3
2025-03-28 04:45:00+00:00,2025-03-28 07:45:00+00:00,-16.109995117187502,1,13,False,Asia    (00-07),Friday,4
2025-03-28 08:00:00+00:00,2025-03-28 12:45:00+00:00,10.45500732421875,-1,20,True,London  (07-12),Friday,8
2025-03-28 13:00:00+00:00,2025-03-28 14:30:00+00:00,1.8900048828124998,1,7,True,Overlap (12-16),Friday,13
2025-03-28 14:45:00+00:00,2025-03-28 17:00:00+00:00,8.8599755859375,-1,10,True,Overlap (12-16),Friday,14
2025-03-28 17:15:00+00:00,2025-03-29 04:00:00+00:00,12.0150048828125,1,44,True,NY      (16-22),Friday,17
2025-03-29 04:15:00+00:00,2025-03-29 11:45:00+00:00,24.929982910156248,-1,31,True,Asia    (00-07),Saturday,4
2025-03-29 12:00:00+00:00,2025-03-29 15:15:00+00:00,-3.7750341796875,1,14,False,Overlap (12-16),Saturday,12
2025-03-29 15:30:00+00:00,2025-03-29 20:15:00+00:00,7.66997314453125,-1,20,True,Overlap (12-16),Saturday,15
2025-03-29 20:30:00+00:00,2025-03-30 10:00:00+00:00,8.58501220703125,1,55,True,NY      (16-22),Saturday,20
2025-03-30 10:15:00+00:00,2025-03-30 14:45:00+00:00,12.58000732421875,-1,19,True,London  (07-12),Sunday,10
2025-03-30 15:00:00+00:00,2025-03-30 22:45:00+00:00,-6.74,1,32,False,Overlap (12-16),Sunday,15
2025-03-30 23:00:00+00:00,2025-03-30 23:15:00+00:00,3.11504150390625,-1,2,True,Off     (22-00),Sunday,23
2025-03-30 23:30:00+00:00,2025-03-31 00:00:00+00:00,4.81999755859375,1,3,True,Off     (22-00),Sunday,23
2025-03-31 00:15:00+00:00,2025-03-31 04:00:00+00:00,0.7349755859374998,-1,16,True,Asia    (00-07),Monday,0
2025-03-31 04:15:00+00:00,2025-03-31 19:00:00+00:00,18.294973144531248,1,60,True,Asia    (00-07),Monday,4
2025-03-31 19:15:00+00:00,2025-04-01 00:15:00+00:00,5.68999267578125,-1,21,True,NY      (16-22),Monday,19
2025-04-01 00:30:00+00:00,2025-04-01 11:30:00+00:00,14.205007324218748,1,45,True,Asia    (00-07),Tuesday,0
2025-04-01 11:45:00+00:00,2025-04-01 11:45:00+00:00,-3.30500244140625,-1,1,False,London  (07-12),Tuesday,11
2025-04-01 12:00:00+00:00,2025-04-01 16:45:00+00:00,24.230031738281248,1,20,True,Overlap (12-16),Tuesday,12
2025-04-01 17:00:00+00:00,2025-04-02 09:30:00+00:00,16.605031738281248,-1,67,True,NY      (16-22),Tuesday,17
2025-04-02 09:45:00+00:00,2025-04-02 20:00:00+00:00,25.610036621093748,1,42,True,London  (07-12),Wednesday,9
2025-04-02 20:15:00+00:00,2025-04-02 21:00:00+00:00,34.0150048828125,-1,4,True,NY      (16-22),Wednesday,20
2025-04-02 21:15:00+00:00,2025-04-02 21:30:00+00:00,2.2149560546875,1,2,True,NY      (16-22),Wednesday,21
2025-04-02 21:45:00+00:00,2025-04-03 00:15:00+00:00,26.739980468749998,-1,11,True,NY      (16-22),Wednesday,21
2025-04-03 00:30:00+00:00,2025-04-03 01:45:00+00:00,4.7750146484375,1,6,True,Asia    (00-07),Thursday,0
2025-04-03 02:00:00+00:00,2025-04-03 16:00:00+00:00,17.825002441406248,-1,57,True,Asia    (00-07),Thursday,2
2025-04-03 16:15:00+00:00,2025-04-03 19:30:00+00:00,0.2349755859374998,1,14,True,NY      (16-22),Thursday,16
2025-04-03 19:45:00+00:00,2025-04-03 21:00:00+00:00,-7.0250341796875,-1,6,False,NY      (16-22),Thursday,19
2025-04-03 21:15:00+00:00,2025-04-03 22:15:00+00:00,1.7149560546874998,1,5,True,NY      (16-22),Thursday,21
2025-04-03 22:30:00+00:00,2025-04-04 03:15:00+00:00,4.06999755859375,-1,20,True,Off     (22-00),Thursday,22
2025-04-04 03:30:00+00:00,2025-04-05 02:30:00+00:00,9.910024414062498,1,93,True,Asia    (00-07),Friday,3
2025-04-05 02:45:00+00:00,2025-04-05 20:00:00+00:00,14.624990234374998,-1,70,True,Asia    (00-07),Saturday,2
2025-04-05 20:15:00+00:00,2025-04-06 10:00:00+00:00,-0.6150000000000002,1,56,False,NY      (16-22),Saturday,20
2025-04-06 10:15:00+00:00,2025-04-06 14:30:00+00:00,11.555043945312498,-1,18,True,London  (07-12),Sunday,10
2025-04-06 14:45:00+00:00,2025-04-06 15:15:00+00:00,-3.26996826171875,1,3,False,Overlap (12-16),Sunday,14
2025-04-06 15:30:00+00:00,2025-04-06 17:15:00+00:00,27.770009765624998,-1,8,True,Overlap (12-16),Sunday,15
2025-04-06 17:30:00+00:00,2025-04-06 19:15:00+00:00,-42.09498046875,1,8,False,NY      (16-22),Sunday,17
2025-04-06 19:30:00+00:00,2025-04-07 03:45:00+00:00,35.86504150390625,-1,34,True,NY      (16-22),Sunday,19
2025-04-07 04:00:00+00:00,2025-04-07 04:00:00+00:00,-2.36994384765625,1,1,False,Asia    (00-07),Monday,4
2025-04-07 04:15:00+00:00,2025-04-07 07:30:00+00:00,35.9100244140625,-1,14,True,Asia    (00-07),Monday,4
2025-04-07 07:45:00+00:00,2025-04-08 00:15:00+00:00,41.25999999999999,1,67,True,London  (07-12),Monday,7
2025-04-08 00:30:00+00:00,2025-04-08 01:45:00+00:00,-20.834970703125002,-1,6,False,Asia    (00-07),Tuesday,0
2025-04-08 02:00:00+00:00,2025-04-08 04:45:00+00:00,1.2450463867187498,1,12,True,Asia    (00-07),Tuesday,2
2025-04-08 05:00:00+00:00,2025-04-09 04:00:00+00:00,80.84502197265624,-1,93,True,Asia    (00-07),Tuesday,5
2025-04-09 04:15:00+00:00,2025-04-10 00:30:00+00:00,100.249990234375,1,82,True,Asia    (00-07),Wednesday,4
2025-04-10 00:45:00+00:00,2025-04-10 09:15:00+00:00,18.234975585937498,-1,35,True,Asia    (00-07),Thursday,0
2025-04-10 09:30:00+00:00,2025-04-10 12:00:00+00:00,-2.2550146484375,1,11,False,London  (07-12),Thursday,9
2025-04-10 12:15:00+00:00,2025-04-10 16:00:00+00:00,46.020009765625,-1,16,True,Overlap (12-16),Thursday,12
2025-04-10 16:15:00+00:00,2025-04-11 00:15:00+00:00,8.17998291015625,1,33,True,NY      (16-22),Thursday,16
2025-04-11 00:30:00+00:00,2025-04-11 01:15:00+00:00,-5.94501708984375,-1,4,False,Asia    (00-07),Friday,0
2025-04-11 01:30:00+00:00,2025-04-11 04:45:00+00:00,7.33000732421875,1,14,True,Asia    (00-07),Friday,1
2025-04-11 05:00:00+00:00,2025-04-11 05:45:00+00:00,-3.3399755859375,-1,4,False,Asia    (00-07),Friday,5
2025-04-11 06:00:00+00:00,2025-04-12 01:00:00+00:00,3.645009765625,1,77,True,Asia    (00-07),Friday,6
2025-04-12 01:15:00+00:00,2025-04-12 04:15:00+00:00,-1.1400244140625002,-1,13,False,Asia    (00-07),Saturday,1
2025-04-12 04:30:00+00:00,2025-04-12 16:15:00+00:00,46.979970703125,1,48,True,Asia    (00-07),Saturday,4
2025-04-12 16:30:00+00:00,2025-04-13 14:15:00+00:00,36.3599755859375,-1,88,True,NY      (16-22),Saturday,16
2025-04-13 14:30:00+00:00,2025-04-13 14:45:00+00:00,0.5150048828124998,1,2,True,Overlap (12-16),Sunday,14
2025-04-13 15:00:00+00:00,2025-04-13 17:00:00+00:00,-9.57502197265625,-1,9,False,Overlap (12-16),Sunday,15
2025-04-13 17:15:00+00:00,2025-04-13 19:00:00+00:00,9.4699609375,1,8,True,NY      (16-22),Sunday,17
2025-04-13 19:15:00+00:00,2025-04-13 21:45:00+00:00,12.640004882812498,-1,11,True,NY      (16-22),Sunday,19
2025-04-13 22:00:00+00:00,2025-04-14 12:15:00+00:00,37.15501953125,1,58,True,Off     (22-00),Sunday,22
2025-04-14 12:30:00+00:00,2025-04-14 16:15:00+00:00,22.210012207031248,-1,16,True,Overlap (12-16),Monday,12
2025-04-14 16:30:00+00:00,2025-04-14 16:45:00+00:00,-0.3750097656250002,1,2,False,NY      (16-22),Monday,16
2025-04-14 17:00:00+00:00,2025-04-14 19:15:00+00:00,-7.83002685546875,-1,10,False,NY      (16-22),Monday,17
2025-04-14 19:30:00+00:00,2025-04-14 20:30:00+00:00,-7.3900244140625,1,5,False,NY      (16-22),Monday,19
2025-04-14 20:45:00+00:00,2025-04-15 05:45:00+00:00,-7.58503173828125,-1,37,False,NY      (16-22),Monday,20
2025-04-15 06:00:00+00:00,2025-04-15 12:15:00+00:00,-6.31501220703125,1,26,False,Asia    (00-07),Tuesday,6
2025-04-15 12:30:00+00:00,2025-04-15 15:00:00+00:00,-0.2099707031250002,-1,11,False,Overlap (12-16),Tuesday,12
2025-04-15 15:15:00+00:00,2025-04-15 16:15:00+00:00,-3.24,1,5,False,Overlap (12-16),Tuesday,15
2025-04-15 16:30:00+00:00,2025-04-16 01:00:00+00:00,15.144948730468748,-1,35,True,NY      (16-22),Tuesday,16
2025-04-16 01:15:00+00:00,2025-04-16 04:45:00+00:00,-3.8900244140625,1,15,False,Asia    (00-07),Wednesday,1
2025-04-16 05:00:00+00:00,2025-04-16 08:45:00+00:00,3.3900048828125,-1,16,True,Asia    (00-07),Wednesday,5
2025-04-16 09:00:00+00:00,2025-04-16 17:00:00+00:00,7.36498046875,1,33,True,London  (07-12),Wednesday,9
2025-04-16 17:15:00+00:00,2025-04-16 19:30:00+00:00,13.214956054687498,-1,10,True,NY      (16-22),Wednesday,17
2025-04-16 19:45:00+00:00,2025-04-16 20:00:00+00:00,9.06999755859375,1,2,True,NY      (16-22),Wednesday,19
2025-04-16 20:15:00+00:00,2025-04-17 00:15:00+00:00,-0.4799902343750002,-1,17,False,NY      (16-22),Wednesday,20
2025-04-17 00:30:00+00:00,2025-04-17 08:00:00+00:00,7.22002197265625,1,31,True,Asia    (00-07),Thursday,0
2025-04-17 08:15:00+00:00,2025-04-17 16:00:00+00:00,4.32005859375,-1,32,True,London  (07-12),Thursday,8
2025-04-17 16:15:00+00:00,2025-04-17 18:00:00+00:00,8.520009765625,1,8,True,NY      (16-22),Thursday,16
2025-04-17 18:15:00+00:00,2025-04-17 20:00:00+00:00,8.98998046875,-1,8,True,NY      (16-22),Thursday,18
2025-04-17 20:15:00+00:00,2025-04-18 12:30:00+00:00,1.1799829101562498,1,66,True,NY      (16-22),Thursday,20
2025-04-18 12:45:00+00:00,2025-04-18 16:45:00+00:00,1.3549707031249998,-1,17,True,Overlap (12-16),Friday,12
2025-04-18 17:00:00+00:00,2025-04-18 20:45:00+00:00,0.5449731445312498,1,16,True,NY      (16-22),Friday,17
2025-04-18 21:00:00+00:00,2025-04-19 02:30:00+00:00,-1.3850195312500002,-1,23,False,NY      (16-22),Friday,21
2025-04-19 02:45:00+00:00,2025-04-19 11:00:00+00:00,0.5699975585937498,1,34,True,Asia    (00-07),Saturday,2
2025-04-19 11:15:00+00:00,2025-04-19 12:45:00+00:00,-2.39496826171875,-1,7,False,London  (07-12),Saturday,11
2025-04-19 13:00:00+00:00,2025-04-19 23:30:00+00:00,6.59001708984375,1,43,True,Overlap (12-16),Saturday,13
2025-04-19 23:45:00+00:00,2025-04-20 12:45:00+00:00,17.124990234374998,-1,53,True,Off     (22-00),Saturday,23
2025-04-20 13:00:00+00:00,2025-04-20 18:30:00+00:00,-0.5000097656250002,1,23,False,Overlap (12-16),Sunday,13
2025-04-20 18:45:00+00:00,2025-04-20 22:15:00+00:00,-1.1400244140625002,-1,15,False,NY      (16-22),Sunday,18
2025-04-20 22:30:00+00:00,2025-04-21 08:45:00+00:00,33.3900048828125,1,42,True,Off     (22-00),Sunday,22
2025-04-21 09:00:00+00:00,2025-04-21 14:00:00+00:00,11.689992675781248,-1,21,True,London  (07-12),Monday,9
2025-04-21 14:15:00+00:00,2025-04-21 14:30:00+00:00,3.4549462890625,1,2,True,Overlap (12-16),Monday,14
2025-04-21 14:45:00+00:00,2025-04-22 01:45:00+00:00,20.089956054687498,-1,45,True,Overlap (12-16),Monday,14
2025-04-22 02:00:00+00:00,2025-04-22 02:00:00+00:00,-3.66498779296875,1,1,False,Asia    (00-07),Tuesday,2
2025-04-22 02:15:00+00:00,2025-04-22 02:15:00+00:00,3.8050439453125,-1,1,True,Asia    (00-07),Tuesday,2
2025-04-22 02:30:00+00:00,2025-04-22 18:00:00+00:00,60.18498779296875,1,63,True,Asia    (00-07),Tuesday,2
2025-04-22 18:15:00+00:00,2025-04-22 20:15:00+00:00,-3.06000732421875,-1,9,False,NY      (16-22),Tuesday,18
2025-04-22 20:30:00+00:00,2025-04-23 01:15:00+00:00,39.2750146484375,1,20,True,NY      (16-22),Tuesday,20
2025-04-23 01:30:00+00:00,2025-04-23 01:45:00+00:00,7.67497802734375,-1,2,True,Asia    (00-07),Wednesday,1
2025-04-23 02:00:00+00:00,2025-04-23 05:30:00+00:00,19.025014648437498,1,15,True,Asia    (00-07),Wednesday,2
2025-04-23 05:45:00+00:00,2025-04-23 10:00:00+00:00,8.12004638671875,-1,18,True,Asia    (00-07),Wednesday,5
2025-04-23 10:15:00+00:00,2025-04-23 11:15:00+00:00,7.4250390625,1,5,True,London  (07-12),Wednesday,10
2025-04-23 11:30:00+00:00,2025-04-24 12:00:00+00:00,23.950002441406248,-1,99,True,London  (07-12),Wednesday,11
2025-04-24 12:15:00+00:00,2025-04-24 16:15:00+00:00,9.5949609375,1,17,True,Overlap (12-16),Thursday,12
2025-04-24 16:30:00+00:00,2025-04-25 02:30:00+00:00,9.3499658203125,-1,41,True,NY      (16-22),Thursday,16
2025-04-25 02:45:00+00:00,2025-04-25 17:15:00+00:00,25.114980468749998,1,59,True,Asia    (00-07),Friday,2
2025-04-25 17:30:00+00:00,2025-04-26 01:00:00+00:00,3.07500244140625,-1,31,True,NY      (16-22),Friday,17
2025-04-26 01:15:00+00:00,2025-04-26 08:00:00+00:00,1.2100122070312498,1,28,True,Asia    (00-07),Saturday,1
2025-04-26 08:15:00+00:00,2025-04-26 12:00:00+00:00,3.170034179687498,-1,16,True,London  (07-12),Saturday,8
2025-04-26 12:15:00+00:00,2025-04-26 21:30:00+00:00,8.895009765625,1,38,True,Overlap (12-16),Saturday,12
2025-04-26 21:45:00+00:00,2025-04-26 23:00:00+00:00,-2.8599951171875,-1,6,False,NY      (16-22),Saturday,21
2025-04-26 23:15:00+00:00,2025-04-27 01:00:00+00:00,15.290029296875,1,8,True,Off     (22-00),Saturday,23
2025-04-27 01:15:00+00:00,2025-04-27 10:15:00+00:00,19.285024414062498,-1,37,True,Asia    (00-07),Sunday,1
2025-04-27 10:30:00+00:00,2025-04-27 12:00:00+00:00,-4.9849951171875,1,7,False,London  (07-12),Sunday,10
2025-04-27 12:15:00+00:00,2025-04-27 16:15:00+00:00,2.5150048828125,-1,17,True,Overlap (12-16),Sunday,12
2025-04-27 16:30:00+00:00,2025-04-27 20:45:00+00:00,2.65501953125,1,18,True,NY      (16-22),Sunday,16
2025-04-27 21:00:00+00:00,2025-04-28 01:30:00+00:00,19.665029296874998,-1,19,True,NY      (16-22),Sunday,21
2025-04-28 01:45:00+00:00,2025-04-28 01:45:00+00:00,0.3600366210937498,1,1,True,Asia    (00-07),Monday,1
2025-04-28 02:00:00+00:00,2025-04-28 04:15:00+00:00,-17.344980468750002,-1,10,False,Asia    (00-07),Monday,2
2025-04-28 04:30:00+00:00,2025-04-28 07:30:00+00:00,4.32500244140625,1,13,True,Asia    (00-07),Monday,4
2025-04-28 07:45:00+00:00,2025-04-28 07:45:00+00:00,-1.2700292968750002,-1,1,False,London  (07-12),Monday,7
2025-04-28 08:00:00+00:00,2025-04-28 11:30:00+00:00,6.14995361328125,1,15,True,London  (07-12),Monday,8
2025-04-28 11:45:00+00:00,2025-04-28 18:30:00+00:00,23.469960937499998,-1,28,True,London  (07-12),Monday,11
2025-04-28 18:45:00+00:00,2025-04-29 12:45:00+00:00,23.335012207031248,1,73,True,NY      (16-22),Monday,18
2025-04-29 13:00:00+00:00,2025-04-29 17:15:00+00:00,-1.8449804687500002,-1,18,False,Overlap (12-16),Tuesday,13
2025-04-29 17:30:00+00:00,2025-04-29 21:45:00+00:00,-12.46003173828125,1,18,False,NY      (16-22),Tuesday,17
2025-04-29 22:00:00+00:00,2025-04-29 22:15:00+00:00,1.0499780273437498,-1,2,True,Off     (22-00),Tuesday,22
2025-04-29 22:30:00+00:00,2025-04-30 01:15:00+00:00,2.2950341796875,1,12,True,Off     (22-00),Tuesday,22
2025-04-30 01:30:00+00:00,2025-04-30 02:00:00+00:00,0.6400048828124998,-1,3,True,Asia    (00-07),Wednesday,1
2025-04-30 02:15:00+00:00,2025-04-30 05:45:00+00:00,2.16496826171875,1,15,True,Asia    (00-07),Wednesday,2
2025-04-30 06:00:00+00:00,2025-04-30 08:45:00+00:00,2.94499755859375,-1,12,True,Asia    (00-07),Wednesday,6
2025-04-30 09:00:00+00:00,2025-04-30 12:00:00+00:00,5.15501953125,1,13,True,London  (07-12),Wednesday,9
2025-04-30 12:15:00+00:00,2025-04-30 22:15:00+00:00,6.444997558593748,-1,41,True,Overlap (12-16),Wednesday,12
2025-04-30 22:30:00+00:00,2025-05-01 16:00:00+00:00,30.504995117187498,1,71,True,Off     (22-00),Wednesday,22
2025-05-01 16:15:00+00:00,2025-05-02 00:15:00+00:00,3.290029296875,-1,33,True,NY      (16-22),Thursday,16
2025-05-02 00:30:00+00:00,2025-05-02 04:00:00+00:00,-2.7450048828125,1,15,False,Asia    (00-07),Friday,0
2025-05-02 04:15:00+00:00,2025-05-02 07:00:00+00:00,9.95000244140625,-1,12,True,Asia    (00-07),Friday,4
2025-05-02 07:15:00+00:00,2025-05-02 17:00:00+00:00,9.1600244140625,1,40,True,London  (07-12),Friday,7
2025-05-02 17:15:00+00:00,2025-05-02 20:00:00+00:00,-1.7700292968750002,-1,12,False,NY      (16-22),Friday,17
2025-05-02 20:15:00+00:00,2025-05-02 23:00:00+00:00,-4.5300390625,1,12,False,NY      (16-22),Friday,20
2025-05-02 23:15:00+00:00,2025-05-02 23:45:00+00:00,-3.8499853515625,-1,3,False,Off     (22-00),Friday,23
2025-05-03 00:00:00+00:00,2025-05-03 07:15:00+00:00,-10.64997314453125,1,30,False,Asia    (00-07),Saturday,0
2025-05-03 07:30:00+00:00,2025-05-03 12:15:00+00:00,-4.64997314453125,-1,20,False,London  (07-12),Saturday,7
2025-05-03 12:30:00+00:00,2025-05-03 20:00:00+00:00,0.1250512695312498,1,31,True,Overlap (12-16),Saturday,12
2025-05-03 20:15:00+00:00,2025-05-04 05:00:00+00:00,-3.834970703125,-1,36,False,NY      (16-22),Saturday,20
2025-05-04 05:15:00+00:00,2025-05-04 08:00:00+00:00,-2.04999755859375,1,12,False,Asia    (00-07),Sunday,5
2025-05-04 08:15:00+00:00,2025-05-04 13:30:00+00:00,6.1299951171875,-1,22,True,London  (07-12),Sunday,8
2025-05-04 13:45:00+00:00,2025-05-04 16:00:00+00:00,1.6149804687499998,1,10,True,Overlap (12-16),Sunday,13
2025-05-04 16:15:00+00:00,2025-05-04 23:30:00+00:00,9.9649560546875,-1,30,True,NY      (16-22),Sunday,16
2025-05-04 23:45:00+00:00,2025-05-05 00:45:00+00:00,3.01494384765625,1,5,True,Off     (22-00),Sunday,23
2025-05-05 01:00:00+00:00,2025-05-05 01:45:00+00:00,9.635,-1,4,True,Asia    (00-07),Monday,1
2025-05-05 02:00:00+00:00,2025-05-05 08:15:00+00:00,14.9250390625,1,26,True,Asia    (00-07),Monday,2
2025-05-05 08:30:00+00:00,2025-05-05 16:00:00+00:00,9.21001220703125,-1,31,True,London  (07-12),Monday,8
2025-05-05 16:15:00+00:00,2025-05-05 23:15:00+00:00,8.4000146484375,1,29,True,NY      (16-22),Monday,16
2025-05-05 23:30:00+00:00,2025-05-06 12:15:00+00:00,23.650014648437498,-1,52,True,Off     (22-00),Monday,23
2025-05-06 12:30:00+00:00,2025-05-06 19:30:00+00:00,6.80498291015625,1,29,True,Overlap (12-16),Tuesday,12
2025-05-06 19:45:00+00:00,2025-05-06 20:30:00+00:00,5.96001220703125,-1,4,True,NY      (16-22),Tuesday,19
2025-05-06 20:45:00+00:00,2025-05-07 03:30:00+00:00,24.335012207031248,1,28,True,NY      (16-22),Tuesday,20
2025-05-07 03:45:00+00:00,2025-05-07 04:30:00+00:00,-1.5700170898437502,-1,4,False,Asia    (00-07),Wednesday,3
2025-05-07 04:45:00+00:00,2025-05-07 12:15:00+00:00,-0.7700292968750002,1,31,False,Asia    (00-07),Wednesday,4
2025-05-07 12:30:00+00:00,2025-05-07 23:45:00+00:00,6.79997802734375,-1,46,True,Overlap (12-16),Wednesday,12
2025-05-08 00:00:00+00:00,2025-05-09 03:30:00+00:00,200.85002685546874,1,111,True,Asia    (00-07),Thursday,0
2025-05-09 03:45:00+00:00,2025-05-09 05:45:00+00:00,-1.1200048828125002,-1,9,False,Asia    (00-07),Friday,3
2025-05-09 06:00:00+00:00,2025-05-09 10:00:00+00:00,66.31493164062499,1,17,True,Asia    (00-07),Friday,6
2025-05-09 10:15:00+00:00,2025-05-09 17:00:00+00:00,16.219960937499998,-1,28,True,London  (07-12),Friday,10
2025-05-09 17:15:00+00:00,2025-05-09 21:00:00+00:00,6.329946289062498,1,16,True,NY      (16-22),Friday,17
2025-05-09 21:15:00+00:00,2025-05-10 05:00:00+00:00,-5.5450537109375,-1,32,False,NY      (16-22),Friday,21
2025-05-10 05:15:00+00:00,2025-05-10 09:30:00+00:00,31.104970703124998,1,18,True,Asia    (00-07),Saturday,5
2025-05-10 09:45:00+00:00,2025-05-10 12:00:00+00:00,-1.2550146484375002,-1,10,False,London  (07-12),Saturday,9
2025-05-10 12:15:00+00:00,2025-05-11 00:00:00+00:00,85.98998046874999,1,48,True,Overlap (12-16),Saturday,12
2025-05-11 00:15:00+00:00,2025-05-11 02:00:00+00:00,15.054921874999998,-1,8,True,Asia    (00-07),Sunday,0
2025-05-11 02:15:00+00:00,2025-05-11 02:45:00+00:00,-3.49,1,3,False,Asia    (00-07),Sunday,2
2025-05-11 03:00:00+00:00,2025-05-11 09:30:00+00:00,14.215078124999998,-1,27,True,Asia    (00-07),Sunday,3
2025-05-11 09:45:00+00:00,2025-05-11 12:00:00+00:00,4.8550927734375,1,10,True,London  (07-12),Sunday,9
2025-05-11 12:15:00+00:00,2025-05-11 17:15:00+00:00,20.240102539062498,-1,21,True,Overlap (12-16),Sunday,12
2025-05-11 17:30:00+00:00,2025-05-12 01:00:00+00:00,26.190053710937498,1,31,True,NY      (16-22),Sunday,17
2025-05-12 01:15:00+00:00,2025-05-12 04:15:00+00:00,10.354970703125,-1,13,True,Asia    (00-07),Monday,1
2025-05-12 04:30:00+00:00,2025-05-12 09:00:00+00:00,25.804921874999998,1,19,True,Asia    (00-07),Monday,4
2025-05-12 09:15:00+00:00,2025-05-13 08:00:00+00:00,47.47997070312499,-1,92,True,London  (07-12),Monday,9
2025-05-13 08:15:00+00:00,2025-05-13 22:15:00+00:00,112.39000488281249,1,57,True,London  (07-12),Tuesday,8
2025-05-13 22:30:00+00:00,2025-05-14 17:15:00+00:00,62.749990234375,-1,76,True,Off     (22-00),Tuesday,22
2025-05-14 17:30:00+00:00,2025-05-14 19:15:00+00:00,15.6900537109375,1,8,True,NY      (16-22),Wednesday,17
2025-05-14 19:30:00+00:00,2025-05-15 02:30:00+00:00,6.425039062499998,-1,29,True,NY      (16-22),Wednesday,19
2025-05-15 02:45:00+00:00,2025-05-15 04:15:00+00:00,-2.0999853515625,1,7,False,Asia    (00-07),Thursday,2
2025-05-15 04:30:00+00:00,2025-05-15 08:00:00+00:00,19.249990234374998,-1,15,True,Asia    (00-07),Thursday,4
2025-05-15 08:15:00+00:00,2025-05-15 14:30:00+00:00,-27.219980468750002,1,26,False,London  (07-12),Thursday,8
2025-05-15 14:45:00+00:00,2025-05-15 15:00:00+00:00,-12.1099951171875,-1,2,False,Overlap (12-16),Thursday,14
2025-05-15 15:15:00+00:00,2025-05-15 16:30:00+00:00,26.214956054687498,1,6,True,Overlap (12-16),Thursday,15
2025-05-15 16:45:00+00:00,2025-05-15 20:00:00+00:00,21.709951171874998,-1,14,True,NY      (16-22),Thursday,16
2025-05-15 20:15:00+00:00,2025-05-16 12:30:00+00:00,36.9849755859375,1,66,True,NY      (16-22),Thursday,20
2025-05-16 12:45:00+00:00,2025-05-17 07:30:00+00:00,54.0750634765625,-1,76,True,Overlap (12-16),Friday,12
2025-05-17 07:45:00+00:00,2025-05-17 17:45:00+00:00,-11.034921875,1,41,False,London  (07-12),Saturday,7
2025-05-17 18:00:00+00:00,2025-05-17 20:00:00+00:00,0.020009765624999787,-1,9,True,NY      (16-22),Saturday,18
2025-05-17 20:15:00+00:00,2025-05-17 23:45:00+00:00,2.385,1,15,True,NY      (16-22),Saturday,20
2025-05-18 00:00:00+00:00,2025-05-18 02:30:00+00:00,-3.7550146484375,-1,11,False,Asia    (00-07),Sunday,0
2025-05-18 02:45:00+00:00,2025-05-18 16:00:00+00:00,45.354970703125,1,54,True,Asia    (00-07),Sunday,2
2025-05-18 16:15:00+00:00,2025-05-18 19:30:00+00:00,67.78001953124999,-1,14,True,NY      (16-22),Sunday,16
2025-05-18 19:45:00+00:00,2025-05-19 00:15:00+00:00,7.055043945312498,1,19,True,NY      (16-22),Sunday,19
2025-05-19 00:30:00+00:00,2025-05-19 08:15:00+00:00,20.384999999999998,-1,32,True,Asia    (00-07),Monday,0
2025-05-19 08:30:00+00:00,2025-05-20 05:00:00+00:00,79.95494628906249,1,83,True,London  (07-12),Monday,8
2025-05-20 05:15:00+00:00,2025-05-20 18:45:00+00:00,56.6099755859375,-1,55,True,Asia    (00-07),Tuesday,5
2025-05-20 19:00:00+00:00,2025-05-21 08:00:00+00:00,51.37999511718749,1,53,True,NY      (16-22),Tuesday,19
2025-05-21 08:15:00+00:00,2025-05-21 12:15:00+00:00,3.6600244140625,-1,17,True,London  (07-12),Wednesday,8
2025-05-21 12:30:00+00:00,2025-05-21 19:45:00+00:00,-20.209970703125002,1,30,False,Overlap (12-16),Wednesday,12
2025-05-21 20:00:00+00:00,2025-05-22 02:00:00+00:00,-37.9950048828125,-1,25,False,NY      (16-22),Wednesday,20
2025-05-22 02:15:00+00:00,2025-05-22 05:30:00+00:00,24.109975585937498,1,14,True,Asia    (00-07),Thursday,2
2025-05-22 05:45:00+00:00,2025-05-22 07:00:00+00:00,5.01,-1,6,True,Asia    (00-07),Thursday,5
2025-05-22 07:15:00+00:00,2025-05-22 16:00:00+00:00,21.959951171874998,1,36,True,London  (07-12),Thursday,7
2025-05-22 16:15:00+00:00,2025-05-22 20:00:00+00:00,9.73998046875,-1,16,True,NY      (16-22),Thursday,16
2025-05-22 20:15:00+00:00,2025-05-23 04:00:00+00:00,30.945058593749998,1,32,True,NY      (16-22),Thursday,20
2025-05-23 04:15:00+00:00,2025-05-23 12:15:00+00:00,81.350087890625,-1,33,True,Asia    (00-07),Friday,4
2025-05-23 12:30:00+00:00,2025-05-23 20:00:00+00:00,0.7050683593749998,1,31,True,Overlap (12-16),Friday,12
2025-05-23 20:15:00+00:00,2025-05-24 01:00:00+00:00,13.665029296874998,-1,20,True,NY      (16-22),Friday,20
2025-05-24 01:15:00+00:00,2025-05-24 05:00:00+00:00,14.580068359375,1,16,True,Asia    (00-07),Saturday,1
2025-05-24 05:15:00+00:00,2025-05-24 08:15:00+00:00,0.10509277343749979,-1,13,True,Asia    (00-07),Saturday,5
2025-05-24 08:30:00+00:00,2025-05-24 20:30:00+00:00,-0.3199560546875002,1,49,False,London  (07-12),Saturday,8
2025-05-24 20:45:00+00:00,2025-05-25 00:15:00+00:00,6.3599755859375,-1,15,True,NY      (16-22),Saturday,20
2025-05-25 00:30:00+00:00,2025-05-26 08:00:00+00:00,19.170034179687498,1,127,True,Asia    (00-07),Sunday,0
2025-05-26 08:15:00+00:00,2025-05-26 10:00:00+00:00,4.69505859375,-1,8,True,London  (07-12),Monday,8
2025-05-26 10:15:00+00:00,2025-05-26 13:30:00+00:00,-2.05005859375,1,14,False,London  (07-12),Monday,10
2025-05-26 13:45:00+00:00,2025-05-26 18:45:00+00:00,12.6299951171875,-1,21,True,Overlap (12-16),Monday,13
2025-05-26 19:00:00+00:00,2025-05-26 19:00:00+00:00,-0.4399511718750002,1,1,False,NY      (16-22),Monday,19
2025-05-26 19:15:00+00:00,2025-05-26 20:00:00+00:00,-6.334970703125,-1,4,False,NY      (16-22),Monday,19
2025-05-26 20:15:00+00:00,2025-05-27 00:00:00+00:00,8.4400537109375,1,16,True,NY      (16-22),Monday,20
2025-05-27 00:15:00+00:00,2025-05-27 04:00:00+00:00,4.82005859375,-1,16,True,Asia    (00-07),Tuesday,0
2025-05-27 04:15:00+00:00,2025-05-27 18:00:00+00:00,69.58507324218749,1,56,True,Asia    (00-07),Tuesday,4
2025-05-27 18:15:00+00:00,2025-05-28 08:00:00+00:00,30.545034179687498,-1,56,True,NY      (16-22),Tuesday,18
2025-05-28 08:15:00+00:00,2025-05-28 13:15:00+00:00,18.315053710937498,1,21,True,London  (07-12),Wednesday,8
2025-05-28 13:30:00+00:00,2025-05-28 20:15:00+00:00,19.415029296874998,-1,28,True,Overlap (12-16),Wednesday,13
2025-05-28 20:30:00+00:00,2025-05-29 04:00:00+00:00,61.37999511718749,1,31,True,NY      (16-22),Wednesday,20
2025-05-29 04:15:00+00:00,2025-05-29 17:00:00+00:00,54.73998046875,-1,52,True,Asia    (00-07),Thursday,4
2025-05-29 17:15:00+00:00,2025-05-29 21:30:00+00:00,3.474965820312498,1,18,True,NY      (16-22),Thursday,17
2025-05-29 21:45:00+00:00,2025-05-31 02:45:00+00:00,79.90501953124999,-1,117,True,NY      (16-22),Thursday,21
2025-05-31 03:00:00+00:00,2025-05-31 20:15:00+00:00,22.400014648437498,1,70,True,Asia    (00-07),Saturday,3
2025-05-31 20:30:00+00:00,2025-06-01 13:00:00+00:00,22.109975585937498,-1,67,True,NY      (16-22),Saturday,20
2025-06-01 13:15:00+00:00,2025-06-02 01:45:00+00:00,15.224965820312498,1,51,True,Overlap (12-16),Sunday,13
2025-06-02 02:00:00+00:00,2025-06-02 12:00:00+00:00,18.295034179687498,-1,41,True,Asia    (00-07),Monday,2
2025-06-02 12:15:00+00:00,2025-06-02 16:45:00+00:00,28.570058593749998,1,19,True,Overlap (12-16),Monday,12
2025-06-02 17:00:00+00:00,2025-06-02 20:30:00+00:00,0.3549707031249998,-1,15,True,NY      (16-22),Monday,17
2025-06-02 20:45:00+00:00,2025-06-03 03:00:00+00:00,25.864980468749998,1,26,True,NY      (16-22),Monday,20
2025-06-03 03:15:00+00:00,2025-06-03 13:00:00+00:00,-12.7149755859375,-1,40,False,Asia    (00-07),Tuesday,3
2025-06-03 13:15:00+00:00,2025-06-03 15:30:00+00:00,5.1400048828125,1,10,True,Overlap (12-16),Tuesday,13
2025-06-03 15:45:00+00:00,2025-06-04 04:00:00+00:00,-0.09998535156250021,-1,50,False,Overlap (12-16),Tuesday,15
2025-06-04 04:15:00+00:00,2025-06-04 04:15:00+00:00,-2.3599951171875,1,1,False,Asia    (00-07),Wednesday,4
2025-06-04 04:30:00+00:00,2025-06-04 14:00:00+00:00,8.6700341796875,-1,39,True,Asia    (00-07),Wednesday,4
2025-06-04 14:15:00+00:00,2025-06-04 16:30:00+00:00,21.790029296874998,1,10,True,Overlap (12-16),Wednesday,14
2025-06-04 16:45:00+00:00,2025-06-05 00:00:00+00:00,21.354970703124998,-1,30,True,NY      (16-22),Wednesday,16
2025-06-05 00:15:00+00:00,2025-06-05 07:00:00+00:00,-1.2249853515625002,1,28,False,Asia    (00-07),Thursday,0
2025-06-05 07:15:00+00:00,2025-06-05 08:30:00+00:00,0.6400048828124998,-1,6,True,London  (07-12),Thursday,7
2025-06-05 08:45:00+00:00,2025-06-05 13:00:00+00:00,8.709951171875,1,18,True,London  (07-12),Thursday,8
2025-06-05 13:15:00+00:00,2025-06-06 02:30:00+00:00,101.7149560546875,-1,54,True,Overlap (12-16),Thursday,13
2025-06-06 02:45:00+00:00,2025-06-06 17:45:00+00:00,38.3599755859375,1,61,True,Asia    (00-07),Friday,2
2025-06-06 18:00:00+00:00,2025-06-06 23:00:00+00:00,10.4250390625,-1,21,True,NY      (16-22),Friday,18
2025-06-06 23:15:00+00:00,2025-06-06 23:45:00+00:00,-1.2749121093750002,1,3,False,Off     (22-00),Friday,23
2025-06-07 00:00:00+00:00,2025-06-07 00:30:00+00:00,-1.2299902343750002,-1,3,False,Asia    (00-07),Saturday,0
2025-06-07 00:45:00+00:00,2025-06-07 18:00:00+00:00,18.234975585937498,1,70,True,Asia    (00-07),Saturday,0
2025-06-07 18:15:00+00:00,2025-06-07 22:30:00+00:00,-12.875009765625,-1,18,False,NY      (16-22),Saturday,18
2025-06-07 22:45:00+00:00,2025-06-07 23:00:00+00:00,-5.665048828125,1,2,False,Off     (22-00),Saturday,22
2025-06-07 23:15:00+00:00,2025-06-08 06:00:00+00:00,5.6949365234375,-1,28,True,Off     (22-00),Saturday,23
2025-06-08 06:15:00+00:00,2025-06-08 22:00:00+00:00,1.1149804687499998,1,64,True,Asia    (00-07),Sunday,6
2025-06-08 22:15:00+00:00,2025-06-09 03:00:00+00:00,14.5650537109375,-1,20,True,Off     (22-00),Sunday,22
2025-06-09 03:15:00+00:00,2025-06-09 07:45:00+00:00,0.3050439453124998,1,19,True,Asia    (00-07),Monday,3
2025-06-09 08:00:00+00:00,2025-06-09 08:30:00+00:00,-1.5350439453125002,-1,3,False,London  (07-12),Monday,8
2025-06-09 08:45:00+00:00,2025-06-09 12:45:00+00:00,25.284902343749998,1,17,True,London  (07-12),Monday,8
2025-06-09 13:00:00+00:00,2025-06-09 14:15:00+00:00,4.9449365234375,-1,6,True,Overlap (12-16),Monday,13
2025-06-09 14:30:00+00:00,2025-06-10 04:00:00+00:00,75.92992187499999,1,55,True,Overlap (12-16),Monday,14
2025-06-10 04:15:00+00:00,2025-06-10 08:00:00+00:00,4.8699853515625,-1,16,True,Asia    (00-07),Tuesday,4
2025-06-10 08:15:00+00:00,2025-06-10 13:00:00+00:00,47.9800927734375,1,20,True,London  (07-12),Tuesday,8
2025-06-10 13:15:00+00:00,2025-06-10 17:00:00+00:00,13.560048828124998,-1,16,True,Overlap (12-16),Tuesday,13
2025-06-10 17:15:00+00:00,2025-06-10 19:45:00+00:00,13.599965820312498,1,11,True,NY      (16-22),Tuesday,17
2025-06-10 20:00:00+00:00,2025-06-10 20:15:00+00:00,4.4449365234375,-1,2,True,NY      (16-22),Tuesday,20
2025-06-10 20:30:00+00:00,2025-06-11 00:00:00+00:00,28.299916992187498,1,15,True,NY      (16-22),Tuesday,20
2025-06-11 00:15:00+00:00,2025-06-11 12:15:00+00:00,21.749990234374998,-1,49,True,Asia    (00-07),Wednesday,0
2025-06-11 12:30:00+00:00,2025-06-11 16:00:00+00:00,40.1500146484375,1,15,True,Overlap (12-16),Wednesday,12
2025-06-11 16:15:00+00:00,2025-06-11 22:15:00+00:00,46.959951171875,-1,25,True,NY      (16-22),Wednesday,16
2025-06-11 22:30:00+00:00,2025-06-12 05:15:00+00:00,0.8649804687499998,1,28,True,Off     (22-00),Wednesday,22
2025-06-12 05:30:00+00:00,2025-06-13 06:00:00+00:00,129.0999658203125,-1,99,True,Asia    (00-07),Thursday,5
2025-06-13 06:15:00+00:00,2025-06-13 17:00:00+00:00,20.209951171874998,1,44,True,Asia    (00-07),Friday,6
2025-06-13 17:15:00+00:00,2025-06-14 08:15:00+00:00,4.770009765625,-1,61,True,NY      (16-22),Friday,17
2025-06-14 08:30:00+00:00,2025-06-14 12:45:00+00:00,-1.0200292968750002,1,18,False,London  (07-12),Saturday,8
2025-06-14 13:00:00+00:00,2025-06-14 20:00:00+00:00,16.169912109374998,-1,29,True,Overlap (12-16),Saturday,13
2025-06-14 20:15:00+00:00,2025-06-15 02:30:00+00:00,14.209951171875,1,26,True,NY      (16-22),Saturday,20
2025-06-15 02:45:00+00:00,2025-06-15 07:00:00+00:00,-1.9300634765625002,-1,18,False,Asia    (00-07),Sunday,2
2025-06-15 07:15:00+00:00,2025-06-15 09:00:00+00:00,-11.0850927734375,1,8,False,London  (07-12),Sunday,7
2025-06-15 09:15:00+00:00,2025-06-15 12:15:00+00:00,-4.7249853515625,-1,13,False,London  (07-12),Sunday,9
2025-06-15 12:30:00+00:00,2025-06-16 09:00:00+00:00,50.915029296875,1,83,True,Overlap (12-16),Sunday,12
2025-06-16 09:15:00+00:00,2025-06-16 12:45:00+00:00,2.5999658203125,-1,15,True,London  (07-12),Monday,9
2025-06-16 13:00:00+00:00,2025-06-16 21:00:00+00:00,17.435048828124998,1,33,True,Overlap (12-16),Monday,13
2025-06-16 21:15:00+00:00,2025-06-16 22:30:00+00:00,46.5550439453125,-1,6,True,NY      (16-22),Monday,21
2025-06-16 22:45:00+00:00,2025-06-16 23:00:00+00:00,12.7349755859375,1,2,True,Off     (22-00),Monday,22
2025-06-16 23:15:00+00:00,2025-06-17 00:30:00+00:00,10.974965820312498,-1,6,True,Off     (22-00),Monday,23
2025-06-17 00:45:00+00:00,2025-06-17 04:00:00+00:00,20.074941406249998,1,14,True,Asia    (00-07),Tuesday,0
2025-06-17 04:15:00+00:00,2025-06-17 16:00:00+00:00,51.9849755859375,-1,48,True,Asia    (00-07),Tuesday,4
2025-06-17 16:15:00+00:00,2025-06-17 20:00:00+00:00,11.3250634765625,1,16,True,NY      (16-22),Tuesday,16
2025-06-17 20:15:00+00:00,2025-06-18 00:00:00+00:00,0.9999902343749998,-1,16,True,NY      (16-22),Tuesday,20
2025-06-18 00:15:00+00:00,2025-06-18 09:00:00+00:00,6.479970703125,1,36,True,Asia    (00-07),Wednesday,0
2025-06-18 09:15:00+00:00,2025-06-18 11:15:00+00:00,12.28001953125,-1,9,True,London  (07-12),Wednesday,9
2025-06-18 11:30:00+00:00,2025-06-18 12:00:00+00:00,0.5099999999999998,1,3,True,London  (07-12),Wednesday,11
2025-06-18 12:15:00+00:00,2025-06-18 20:00:00+00:00,6.229970703124998,-1,32,True,Overlap (12-16),Wednesday,12
2025-06-18 20:15:00+00:00,2025-06-19 02:45:00+00:00,7.464956054687498,1,27,True,NY      (16-22),Wednesday,20
2025-06-19 03:00:00+00:00,2025-06-19 08:30:00+00:00,-8.604990234375,-1,23,False,Asia    (00-07),Thursday,3
2025-06-19 08:45:00+00:00,2025-06-19 12:00:00+00:00,2.395009765625,1,14,True,London  (07-12),Thursday,8
2025-06-19 12:15:00+00:00,2025-06-19 19:30:00+00:00,14.1099755859375,-1,30,True,Overlap (12-16),Thursday,12
2025-06-19 19:45:00+00:00,2025-06-20 00:30:00+00:00,9.2650048828125,1,20,True,NY      (16-22),Thursday,19
2025-06-20 00:45:00+00:00,2025-06-20 04:45:00+00:00,8.8250634765625,-1,17,True,Asia    (00-07),Friday,0
2025-06-20 05:00:00+00:00,2025-06-20 12:00:00+00:00,20.624990234374998,1,29,True,Asia    (00-07),Friday,5
2025-06-20 12:15:00+00:00,2025-06-20 15:15:00+00:00,24.409902343749998,-1,13,True,Overlap (12-16),Friday,12
2025-06-20 15:30:00+00:00,2025-06-20 16:45:00+00:00,-9.5350439453125,1,6,False,Overlap (12-16),Friday,15
2025-06-20 17:00:00+00:00,2025-06-21 00:00:00+00:00,39.6700341796875,-1,29,True,NY      (16-22),Friday,17
2025-06-21 00:15:00+00:00,2025-06-21 12:45:00+00:00,16.359975585937498,1,51,True,Asia    (00-07),Saturday,0
2025-06-21 13:00:00+00:00,2025-06-21 17:45:00+00:00,15.854970703125,-1,20,True,Overlap (12-16),Saturday,13
2025-06-21 18:00:00+00:00,2025-06-21 18:30:00+00:00,-0.6250097656250002,1,3,False,NY      (16-22),Saturday,18
2025-06-21 18:45:00+00:00,2025-06-22 04:30:00+00:00,60.574941406250005,-1,40,True,NY      (16-22),Saturday,18
2025-06-22 04:45:00+00:00,2025-06-22 12:00:00+00:00,-1.209970703125002,1,30,False,Asia    (00-07),Sunday,4
2025-06-22 12:15:00+00:00,2025-06-22 19:00:00+00:00,46.9500634765625,-1,28,True,Overlap (12-16),Sunday,12
2025-06-22 19:15:00+00:00,2025-06-23 00:45:00+00:00,27.734975585937498,1,23,True,NY      (16-22),Sunday,19
2025-06-23 01:00:00+00:00,2025-06-23 01:00:00+00:00,-0.7700292968750002,-1,1,False,Asia    (00-07),Monday,1
2025-06-23 01:15:00+00:00,2025-06-24 01:30:00+00:00,82.81505371093749,1,98,True,Asia    (00-07),Monday,1
2025-06-24 01:45:00+00:00,2025-06-24 10:30:00+00:00,-4.13990234375,-1,36,False,Asia    (00-07),Tuesday,1
2025-06-24 10:45:00+00:00,2025-06-24 17:30:00+00:00,19.845083007812498,1,28,True,London  (07-12),Tuesday,10
2025-06-24 17:45:00+00:00,2025-06-25 07:45:00+00:00,3.2750146484375,-1,57,True,NY      (16-22),Tuesday,17
2025-06-25 08:00:00+00:00,2025-06-25 09:00:00+00:00,-3.84498046875,1,5,False,London  (07-12),Wednesday,8
2025-06-25 09:15:00+00:00,2025-06-25 18:45:00+00:00,9.225087890625,-1,39,True,London  (07-12),Wednesday,9
2025-06-25 19:00:00+00:00,2025-06-25 22:00:00+00:00,0.4700830078124998,1,13,True,NY      (16-22),Wednesday,19
2025-06-25 22:15:00+00:00,2025-06-26 00:00:00+00:00,-1.7349951171875002,-1,8,False,Off     (22-00),Wednesday,22
2025-06-26 00:15:00+00:00,2025-06-26 08:00:00+00:00,35.354970703125,1,32,True,Asia    (00-07),Thursday,0
2025-06-26 08:15:00+00:00,2025-06-26 10:45:00+00:00,21.195058593749998,-1,11,True,London  (07-12),Thursday,8
2025-06-26 11:00:00+00:00,2025-06-26 14:45:00+00:00,-4.814951171875,1,16,False,London  (07-12),Thursday,11
2025-06-26 15:00:00+00:00,2025-06-27 18:00:00+00:00,19.604970703124998,-1,109,True,Overlap (12-16),Thursday,15
2025-06-27 18:15:00+00:00,2025-06-27 18:15:00+00:00,-4.74,1,1,False,NY      (16-22),Friday,18
2025-06-27 18:30:00+00:00,2025-06-27 18:30:00+00:00,0.3649804687499998,-1,1,True,NY      (16-22),Friday,18
2025-06-27 18:45:00+00:00,2025-06-28 10:45:00+00:00,14.5399072265625,1,65,True,NY      (16-22),Friday,18
2025-06-28 11:00:00+00:00,2025-06-28 12:30:00+00:00,-2.6300146484375,-1,7,False,London  (07-12),Saturday,11
2025-06-28 12:45:00+00:00,2025-06-28 17:00:00+00:00,3.415029296875,1,18,True,Overlap (12-16),Saturday,12
2025-06-28 17:15:00+00:00,2025-06-28 20:00:00+00:00,0.3900048828124998,-1,12,True,NY      (16-22),Saturday,17
2025-06-28 20:15:00+00:00,2025-06-29 01:00:00+00:00,-1.2199804687500002,1,20,False,NY      (16-22),Saturday,20
2025-06-29 01:15:00+00:00,2025-06-29 04:00:00+00:00,-0.4399511718750002,-1,12,False,Asia    (00-07),Sunday,1
2025-06-29 04:15:00+00:00,2025-06-29 12:15:00+00:00,9.0500390625,1,33,True,Asia    (00-07),Sunday,4
2025-06-29 12:30:00+00:00,2025-06-29 16:15:00+00:00,8.0450341796875,-1,16,True,Overlap (12-16),Sunday,12
2025-06-29 16:30:00+00:00,2025-06-30 02:45:00+00:00,31.660024414062498,1,42,True,NY      (16-22),Sunday,16
2025-06-30 03:00:00+00:00,2025-06-30 09:45:00+00:00,22.239980468749998,-1,28,True,Asia    (00-07),Monday,3
2025-06-30 10:00:00+00:00,2025-06-30 20:00:00+00:00,27.180043945312498,1,41,True,London  (07-12),Monday,10
2025-06-30 20:15:00+00:00,2025-07-01 00:45:00+00:00,6.385,-1,19,True,NY      (16-22),Monday,20
2025-07-01 01:00:00+00:00,2025-07-01 02:15:00+00:00,-1.8501074218750002,1,6,False,Asia    (00-07),Tuesday,1
2025-07-01 02:30:00+00:00,2025-07-01 05:30:00+00:00,17.044912109374998,-1,13,True,Asia    (00-07),Tuesday,2
2025-07-01 05:45:00+00:00,2025-07-01 08:00:00+00:00,-1.7950537109375002,1,10,False,Asia    (00-07),Tuesday,5
2025-07-01 08:15:00+00:00,2025-07-01 15:00:00+00:00,16.379995117187498,-1,28,True,London  (07-12),Tuesday,8
2025-07-01 15:15:00+00:00,2025-07-01 16:00:00+00:00,2.729970703125,1,4,True,Overlap (12-16),Tuesday,15
2025-07-01 16:15:00+00:00,2025-07-01 20:00:00+00:00,12.249990234375,-1,16,True,NY      (16-22),Tuesday,16
2025-07-01 20:15:00+00:00,2025-07-02 20:45:00+00:00,92.45506835937499,1,99,True,NY      (16-22),Tuesday,20
2025-07-02 21:00:00+00:00,2025-07-03 00:00:00+00:00,5.374990234375,-1,13,True,NY      (16-22),Wednesday,21
2025-07-03 00:15:00+00:00,2025-07-03 02:45:00+00:00,-5.96998046875,1,11,False,Asia    (00-07),Thursday,0
2025-07-03 03:00:00+00:00,2025-07-03 04:30:00+00:00,-1.8199560546875002,-1,7,False,Asia    (00-07),Thursday,3
2025-07-03 04:45:00+00:00,2025-07-03 08:15:00+00:00,14.3299462890625,1,15,True,Asia    (00-07),Thursday,4
2025-07-03 08:30:00+00:00,2025-07-03 16:00:00+00:00,8.709951171875,-1,31,True,London  (07-12),Thursday,8
2025-07-03 16:15:00+00:00,2025-07-03 22:00:00+00:00,6.124990234375,1,24,True,NY      (16-22),Thursday,16
2025-07-03 22:15:00+00:00,2025-07-04 09:45:00+00:00,19.025014648437498,-1,47,True,Off     (22-00),Thursday,22
2025-07-04 10:00:00+00:00,2025-07-04 13:15:00+00:00,-10.0999853515625,1,14,False,London  (07-12),Friday,10
2025-07-04 13:30:00+00:00,2025-07-04 15:45:00+00:00,15.374990234375,-1,10,True,Overlap (12-16),Friday,13
2025-07-04 16:00:00+00:00,2025-07-04 16:00:00+00:00,-10.375009765625,1,1,False,NY      (16-22),Friday,16
2025-07-04 16:15:00+00:00,2025-07-05 05:30:00+00:00,-18.790048828125002,-1,54,False,NY      (16-22),Friday,16
2025-07-05 05:45:00+00:00,2025-07-05 08:15:00+00:00,-1.2299902343750002,1,11,False,Asia    (00-07),Saturday,5
2025-07-05 08:30:00+00:00,2025-07-05 15:45:00+00:00,3.61009765625,-1,30,True,London  (07-12),Saturday,8
2025-07-05 16:00:00+00:00,2025-07-05 17:15:00+00:00,-5.9349462890625,1,6,False,NY      (16-22),Saturday,16
2025-07-05 17:30:00+00:00,2025-07-05 18:30:00+00:00,0.7100732421874998,-1,5,True,NY      (16-22),Saturday,17
2025-07-05 18:45:00+00:00,2025-07-05 19:45:00+00:00,3.1900537109375,1,5,True,NY      (16-22),Saturday,18
2025-07-05 20:00:00+00:00,2025-07-05 21:15:00+00:00,-6.5050146484375,-1,6,False,NY      (16-22),Saturday,20
2025-07-05 21:30:00+00:00,2025-07-06 08:30:00+00:00,-2.84498046875,1,45,False,NY      (16-22),Saturday,21
2025-07-06 08:45:00+00:00,2025-07-06 09:45:00+00:00,0.3950097656249998,-1,5,True,London  (07-12),Sunday,8
2025-07-06 10:00:00+00:00,2025-07-06 16:00:00+00:00,19.504995117187498,1,25,True,London  (07-12),Sunday,10
2025-07-06 16:15:00+00:00,2025-07-06 22:00:00+00:00,-24.885019531250002,-1,24,False,NY      (16-22),Sunday,16
2025-07-06 22:15:00+00:00,2025-07-06 23:00:00+00:00,-14.0250341796875,1,4,False,Off     (22-00),Sunday,22
2025-07-06 23:15:00+00:00,2025-07-06 23:15:00+00:00,1.5749414062499998,-1,1,True,Off     (22-00),Sunday,23
2025-07-06 23:30:00+00:00,2025-07-07 01:30:00+00:00,-3.74,1,9,False,Off     (22-00),Sunday,23
2025-07-07 01:45:00+00:00,2025-07-07 12:45:00+00:00,4.23509765625,-1,45,True,Asia    (00-07),Monday,1
2025-07-07 13:00:00+00:00,2025-07-07 13:45:00+00:00,6.0550439453125,1,4,True,Overlap (12-16),Monday,13
2025-07-07 14:00:00+00:00,2025-07-07 15:45:00+00:00,13.6099755859375,-1,8,True,Overlap (12-16),Monday,14
2025-07-07 16:00:00+00:00,2025-07-07 18:45:00+00:00,2.7249658203125,1,12,True,NY      (16-22),Monday,16
2025-07-07 19:00:00+00:00,2025-07-08 04:00:00+00:00,2.2249658203125,-1,37,True,NY      (16-22),Monday,19
2025-07-08 04:15:00+00:00,2025-07-08 12:45:00+00:00,21.640004882812498,1,35,True,Asia    (00-07),Tuesday,4
2025-07-08 13:00:00+00:00,2025-07-08 17:00:00+00:00,-17.865000000000002,-1,17,False,Overlap (12-16),Tuesday,13
2025-07-08 17:15:00+00:00,2025-07-08 17:30:00+00:00,-5.7750341796875,1,2,False,NY      (16-22),Tuesday,17
2025-07-08 17:45:00+00:00,2025-07-08 17:45:00+00:00,-7.189951171875,-1,1,False,NY      (16-22),Tuesday,17
2025-07-08 18:00:00+00:00,2025-07-08 19:15:00+00:00,-4.8199560546875,1,6,False,NY      (16-22),Tuesday,18
2025-07-08 19:30:00+00:00,2025-07-08 20:30:00+00:00,-0.3249609375000002,-1,5,False,NY      (16-22),Tuesday,19
2025-07-08 20:45:00+00:00,2025-07-08 23:00:00+00:00,0.6750390624999998,1,10,True,NY      (16-22),Tuesday,20
2025-07-08 23:15:00+00:00,2025-07-09 04:30:00+00:00,4.8399560546875,-1,22,True,Off     (22-00),Tuesday,23
2025-07-09 04:45:00+00:00,2025-07-09 10:00:00+00:00,4.304921875,1,22,True,Asia    (00-07),Wednesday,4
2025-07-09 10:15:00+00:00,2025-07-09 12:00:00+00:00,-22.240000000000002,-1,8,False,London  (07-12),Wednesday,10
2025-07-09 12:15:00+00:00,2025-07-09 22:00:00+00:00,59.5450341796875,1,40,True,Overlap (12-16),Wednesday,12
2025-07-09 22:15:00+00:00,2025-07-10 00:15:00+00:00,2.4250390625,-1,9,True,Off     (22-00),Wednesday,22
2025-07-10 00:30:00+00:00,2025-07-10 04:30:00+00:00,3.4000146484375,1,17,True,Asia    (00-07),Thursday,0
2025-07-10 04:45:00+00:00,2025-07-10 07:45:00+00:00,-8.815073242187502,-1,13,False,Asia    (00-07),Thursday,4
2025-07-10 08:00:00+00:00,2025-07-10 08:00:00+00:00,-5.7850439453125,1,1,False,London  (07-12),Thursday,8
2025-07-10 08:15:00+00:00,2025-07-10 16:15:00+00:00,-13.2750341796875,-1,33,False,London  (07-12),Thursday,8
2025-07-10 16:30:00+00:00,2025-07-11 04:15:00+00:00,76.46996093749999,1,48,True,NY      (16-22),Thursday,16
2025-07-11 04:30:00+00:00,2025-07-11 08:30:00+00:00,-23.675058593750002,-1,17,False,Asia    (00-07),Friday,4
2025-07-11 08:45:00+00:00,2025-07-11 09:30:00+00:00,6.334951171875,1,4,True,London  (07-12),Friday,8
2025-07-11 09:45:00+00:00,2025-07-11 11:45:00+00:00,17.515004882812498,-1,9,True,London  (07-12),Friday,9
2025-07-11 12:00:00+00:00,2025-07-11 12:00:00+00:00,1.6850488281249998,1,1,True,Overlap (12-16),Friday,12
2025-07-11 12:15:00+00:00,2025-07-11 17:15:00+00:00,-1.314951171875002,-1,21,False,Overlap (12-16),Friday,12
2025-07-11 17:30:00+00:00,2025-07-11 20:45:00+00:00,-10.0899755859375,1,14,False,NY      (16-22),Friday,17
2025-07-11 21:00:00+00:00,2025-07-12 15:45:00+00:00,26.884999999999998,-1,76,True,NY      (16-22),Friday,21
2025-07-12 16:00:00+00:00,2025-07-12 20:30:00+00:00,3.729970703125,1,19,True,NY      (16-22),Saturday,16
2025-07-12 20:45:00+00:00,2025-07-12 23:00:00+00:00,-4.979990234375,-1,10,False,NY      (16-22),Saturday,20
2025-07-12 23:15:00+00:00,2025-07-12 23:30:00+00:00,-1.9749853515625002,1,2,False,Off     (22-00),Saturday,23
2025-07-12 23:45:00+00:00,2025-07-13 00:45:00+00:00,-7.6849462890625,-1,5,False,Off     (22-00),Saturday,23
2025-07-13 01:00:00+00:00,2025-07-13 03:30:00+00:00,2.4901025390625,1,11,True,Asia    (00-07),Sunday,1
2025-07-13 03:45:00+00:00,2025-07-13 10:45:00+00:00,0.7100732421874998,-1,29,True,Asia    (00-07),Sunday,3
2025-07-13 11:00:00+00:00,2025-07-13 19:15:00+00:00,24.499990234374998,1,34,True,London  (07-12),Sunday,11
2025-07-13 19:30:00+00:00,2025-07-14 00:30:00+00:00,5.674916992187498,-1,21,True,NY      (16-22),Sunday,19
2025-07-14 00:45:00+00:00,2025-07-14 09:30:00+00:00,35.229970703125,1,36,True,Asia    (00-07),Monday,0
2025-07-14 09:45:00+00:00,2025-07-15 03:30:00+00:00,52.1500146484375,-1,72,True,London  (07-12),Monday,9
2025-07-15 03:45:00+00:00,2025-07-15 09:00:00+00:00,14.5899560546875,1,22,True,Asia    (00-07),Tuesday,3
2025-07-15 09:15:00+00:00,2025-07-15 09:45:00+00:00,4.28001953125,-1,3,True,London  (07-12),Tuesday,9
2025-07-15 10:00:00+00:00,2025-07-15 17:45:00+00:00,59.215078125,1,32,True,London  (07-12),Tuesday,10
2025-07-15 18:00:00+00:00,2025-07-15 20:00:00+00:00,22.210073242187498,-1,9,True,NY      (16-22),Tuesday,18
2025-07-15 20:15:00+00:00,2025-07-16 00:30:00+00:00,41.7950341796875,1,18,True,NY      (16-22),Tuesday,20
2025-07-16 00:45:00+00:00,2025-07-16 05:45:00+00:00,-6.0350439453125,-1,21,False,Asia    (00-07),Wednesday,0
2025-07-16 06:00:00+00:00,2025-07-16 08:15:00+00:00,7.2750146484375,1,10,True,Asia    (00-07),Wednesday,6
2025-07-16 08:30:00+00:00,2025-07-16 11:00:00+00:00,4.060048828125,-1,11,True,London  (07-12),Wednesday,8
2025-07-16 11:15:00+00:00,2025-07-16 20:00:00+00:00,118.96996093749999,1,36,True,London  (07-12),Wednesday,11
2025-07-16 20:15:00+00:00,2025-07-17 05:15:00+00:00,16.224965820312498,-1,37,True,NY      (16-22),Wednesday,20
2025-07-17 05:30:00+00:00,2025-07-17 10:15:00+00:00,54.7000634765625,1,20,True,Asia    (00-07),Thursday,5
2025-07-17 10:30:00+00:00,2025-07-17 21:45:00+00:00,-2.064951171875002,-1,46,False,London  (07-12),Thursday,10
2025-07-17 22:00:00+00:00,2025-07-17 22:00:00+00:00,6.76,1,1,True,Off     (22-00),Thursday,22
2025-07-17 22:15:00+00:00,2025-07-17 22:45:00+00:00,7.44505859375,-1,3,True,Off     (22-00),Thursday,22
2025-07-17 23:00:00+00:00,2025-07-18 14:00:00+00:00,95.82005859374999,1,61,True,Off     (22-00),Thursday,23
2025-07-18 14:15:00+00:00,2025-07-18 20:15:00+00:00,82.84496093749999,-1,25,True,Overlap (12-16),Friday,14
2025-07-18 20:30:00+00:00,2025-07-18 22:15:00+00:00,36.9000146484375,1,8,True,NY      (16-22),Friday,20
2025-07-18 22:30:00+00:00,2025-07-19 00:45:00+00:00,22.085073242187498,-1,10,True,Off     (22-00),Friday,22
2025-07-19 01:00:00+00:00,2025-07-19 04:00:00+00:00,36.2850244140625,1,13,True,Asia    (00-07),Saturday,1
2025-07-19 04:15:00+00:00,2025-07-19 16:00:00+00:00,27.790029296874998,-1,48,True,Asia    (00-07),Saturday,4
2025-07-19 16:15:00+00:00,2025-07-20 17:15:00+00:00,114.81004882812499,1,101,True,NY      (16-22),Saturday,16
2025-07-20 17:30:00+00:00,2025-07-21 04:15:00+00:00,-0.289926757812502,-1,44,False,NY      (16-22),Sunday,17
2025-07-21 04:30:00+00:00,2025-07-21 12:15:00+00:00,20.235097656249998,1,32,True,Asia    (00-07),Monday,4
2025-07-21 12:30:00+00:00,2025-07-21 18:45:00+00:00,36.5650537109375,-1,26,True,Overlap (12-16),Monday,12
2025-07-21 19:00:00+00:00,2025-07-21 19:00:00+00:00,12.2950341796875,1,1,True,NY      (16-22),Monday,19
2025-07-21 19:15:00+00:00,2025-07-22 03:15:00+00:00,17.815053710937498,-1,33,True,NY      (16-22),Monday,19
2025-07-22 03:30:00+00:00,2025-07-22 04:45:00+00:00,-37.659921875,1,6,False,Asia    (00-07),Tuesday,3
2025-07-22 05:00:00+00:00,2025-07-22 08:45:00+00:00,0.195058593749998,-1,16,True,Asia    (00-07),Tuesday,5
2025-07-22 09:00:00+00:00,2025-07-22 15:00:00+00:00,26.015004882812498,1,25,True,London  (07-12),Tuesday,9
2025-07-22 15:15:00+00:00,2025-07-22 15:15:00+00:00,-6.96998046875,-1,1,False,Overlap (12-16),Tuesday,15
2025-07-22 15:30:00+00:00,2025-07-22 16:00:00+00:00,9.385,1,3,True,Overlap (12-16),Tuesday,15
2025-07-22 16:15:00+00:00,2025-07-22 20:45:00+00:00,13.999990234374998,-1,19,True,NY      (16-22),Tuesday,16
2025-07-22 21:00:00+00:00,2025-07-23 09:45:00+00:00,-26.464975585937502,1,52,False,NY      (16-22),Tuesday,21
2025-07-23 10:00:00+00:00,2025-07-23 10:00:00+00:00,6.4500634765625,-1,1,True,London  (07-12),Wednesday,10
2025-07-23 10:15:00+00:00,2025-07-23 10:30:00+00:00,8.6151025390625,1,2,True,London  (07-12),Wednesday,10
2025-07-23 10:45:00+00:00,2025-07-23 21:00:00+00:00,41.6700341796875,-1,42,True,London  (07-12),Wednesday,10
2025-07-23 21:15:00+00:00,2025-07-24 05:00:00+00:00,1.030019531249998,1,32,True,NY      (16-22),Wednesday,21
2025-07-24 05:15:00+00:00,2025-07-24 08:00:00+00:00,-29.709970703125002,-1,12,False,Asia    (00-07),Thursday,5
2025-07-24 08:15:00+00:00,2025-07-24 21:15:00+00:00,38.87999511718749,1,53,True,London  (07-12),Thursday,8
2025-07-24 21:30:00+00:00,2025-07-25 05:00:00+00:00,50.69505859375,-1,31,True,NY      (16-22),Thursday,21
2025-07-25 05:15:00+00:00,2025-07-25 12:15:00+00:00,48.6050927734375,1,29,True,Asia    (00-07),Friday,5
2025-07-25 12:30:00+00:00,2025-07-25 16:15:00+00:00,39.5650537109375,-1,16,True,Overlap (12-16),Friday,12
2025-07-25 16:30:00+00:00,2025-07-26 08:15:00+00:00,63.0500390625,1,64,True,NY      (16-22),Friday,16
2025-07-26 08:30:00+00:00,2025-07-26 18:00:00+00:00,14.974965820312498,-1,39,True,London  (07-12),Saturday,8
2025-07-26 18:15:00+00:00,2025-07-26 20:15:00+00:00,2.774892578125,1,9,True,NY      (16-22),Saturday,18
2025-07-26 20:30:00+00:00,2025-07-27 00:15:00+00:00,-4.5951025390625,-1,16,False,NY      (16-22),Saturday,20
2025-07-27 00:30:00+00:00,2025-07-27 05:00:00+00:00,22.929921874999998,1,19,True,Asia    (00-07),Sunday,0
2025-07-27 05:15:00+00:00,2025-07-27 07:00:00+00:00,5.6849267578125,-1,8,True,Asia    (00-07),Sunday,5
2025-07-27 07:15:00+00:00,2025-07-27 19:00:00+00:00,33.5699365234375,1,48,True,London  (07-12),Sunday,7
2025-07-27 19:15:00+00:00,2025-07-27 20:30:00+00:00,9.0949609375,-1,6,True,NY      (16-22),Sunday,19
2025-07-27 20:45:00+00:00,2025-07-27 20:45:00+00:00,-3.8150732421875,1,1,False,NY      (16-22),Sunday,20
2025-07-27 21:00:00+00:00,2025-07-27 23:00:00+00:00,-12.940073242187502,-1,9,False,NY      (16-22),Sunday,21
2025-07-27 23:15:00+00:00,2025-07-28 03:45:00+00:00,15.765004882812498,1,19,True,Off     (22-00),Sunday,23
2025-07-28 04:00:00+00:00,2025-07-28 06:30:00+00:00,-18.765024414062502,-1,11,False,Asia    (00-07),Monday,4
2025-07-28 06:45:00+00:00,2025-07-28 10:15:00+00:00,-13.665048828125002,1,15,False,Asia    (00-07),Monday,6
2025-07-28 10:30:00+00:00,2025-07-29 05:00:00+00:00,47.7199609375,-1,75,True,London  (07-12),Monday,10
2025-07-29 05:15:00+00:00,2025-07-29 08:15:00+00:00,34.6199853515625,1,13,True,Asia    (00-07),Tuesday,5
2025-07-29 08:30:00+00:00,2025-07-29 11:00:00+00:00,14.4200341796875,-1,11,True,London  (07-12),Tuesday,8
2025-07-29 11:15:00+00:00,2025-07-29 12:15:00+00:00,7.979970703125,1,5,True,London  (07-12),Tuesday,11
2025-07-29 12:30:00+00:00,2025-07-29 14:00:00+00:00,18.074941406249998,-1,7,True,Overlap (12-16),Tuesday,12
2025-07-29 14:15:00+00:00,2025-07-29 14:15:00+00:00,2.885,1,1,True,Overlap (12-16),Tuesday,14
2025-07-29 14:30:00+00:00,2025-07-29 15:00:00+00:00,21.660024414062498,-1,3,True,Overlap (12-16),Tuesday,14
2025-07-29 15:15:00+00:00,2025-07-29 15:30:00+00:00,-8.8399755859375,1,2,False,Overlap (12-16),Tuesday,15
2025-07-29 15:45:00+00:00,2025-07-29 20:00:00+00:00,2.0550439453125,-1,18,True,Overlap (12-16),Tuesday,15
2025-07-29 20:15:00+00:00,2025-07-30 04:00:00+00:00,33.104970703125,1,32,True,NY      (16-22),Tuesday,20
2025-07-30 04:15:00+00:00,2025-07-30 12:00:00+00:00,28.194936523437498,-1,32,True,Asia    (00-07),Wednesday,4
2025-07-30 12:15:00+00:00,2025-07-30 17:00:00+00:00,15.729970703124998,1,20,True,Overlap (12-16),Wednesday,12
2025-07-30 17:15:00+00:00,2025-07-30 20:45:00+00:00,10.550039062499998,-1,15,True,NY      (16-22),Wednesday,17
2025-07-30 21:00:00+00:00,2025-07-31 12:00:00+00:00,31.445058593749998,1,61,True,NY      (16-22),Wednesday,21
2025-07-31 12:15:00+00:00,2025-07-31 14:30:00+00:00,29.759999999999998,-1,10,True,Overlap (12-16),Thursday,12
2025-07-31 14:45:00+00:00,2025-07-31 16:00:00+00:00,6.5250146484375,1,6,True,Overlap (12-16),Thursday,14
2025-07-31 16:15:00+00:00,2025-07-31 23:45:00+00:00,44.3350732421875,-1,31,True,NY      (16-22),Thursday,16
2025-08-01 00:00:00+00:00,2025-08-01 04:15:00+00:00,-7.439951171875002,1,18,False,Asia    (00-07),Friday,0
2025-08-01 04:30:00+00:00,2025-08-01 09:00:00+00:00,27.640004882812498,-1,19,True,Asia    (00-07),Friday,4
2025-08-01 09:15:00+00:00,2025-08-01 13:15:00+00:00,10.275014648437498,1,17,True,London  (07-12),Friday,9
2025-08-01 13:30:00+00:00,2025-08-01 20:30:00+00:00,60.95494628906249,-1,29,True,Overlap (12-16),Friday,13
2025-08-01 20:45:00+00:00,2025-08-01 22:30:00+00:00,-31.460092773437502,1,8,False,NY      (16-22),Friday,20
2025-08-01 22:45:00+00:00,2025-08-02 00:00:00+00:00,-9.0350439453125,-1,6,False,Off     (22-00),Friday,22
2025-08-02 00:15:00+00:00,2025-08-02 13:15:00+00:00,7.939931640625,1,53,True,Asia    (00-07),Saturday,0
2025-08-02 13:30:00+00:00,2025-08-02 20:45:00+00:00,37.03490234375,-1,30,True,Overlap (12-16),Saturday,13
2025-08-02 21:00:00+00:00,2025-08-03 05:00:00+00:00,9.219960937499998,1,33,True,NY      (16-22),Saturday,21
2025-08-03 05:15:00+00:00,2025-08-03 05:45:00+00:00,-1.2349951171875002,-1,3,False,Asia    (00-07),Sunday,5
2025-08-03 06:00:00+00:00,2025-08-03 14:00:00+00:00,16.344960937499998,1,33,True,Asia    (00-07),Sunday,6
2025-08-03 14:15:00+00:00,2025-08-03 15:30:00+00:00,1.7650048828124998,-1,6,True,Overlap (12-16),Sunday,14
2025-08-03 15:45:00+00:00,2025-08-03 23:00:00+00:00,16.560048828124998,1,30,True,Overlap (12-16),Sunday,15
2025-08-03 23:15:00+00:00,2025-08-04 00:00:00+00:00,3.5450341796875,-1,4,True,Off     (22-00),Sunday,23
2025-08-04 00:15:00+00:00,2025-08-05 04:00:00+00:00,80.64500976562499,1,112,True,Asia    (00-07),Monday,0
2025-08-05 04:15:00+00:00,2025-08-05 09:30:00+00:00,1.959951171874998,-1,22,True,Asia    (00-07),Tuesday,4
2025-08-05 09:45:00+00:00,2025-08-05 12:00:00+00:00,8.2349755859375,1,10,True,London  (07-12),Tuesday,9
2025-08-05 12:15:00+00:00,2025-08-05 20:30:00+00:00,46.3599755859375,-1,34,True,Overlap (12-16),Tuesday,12
2025-08-05 20:45:00+00:00,2025-08-06 00:15:00+00:00,3.234975585937498,1,15,True,NY      (16-22),Tuesday,20
2025-08-06 00:30:00+00:00,2025-08-06 04:00:00+00:00,6.8799951171875,-1,15,True,Asia    (00-07),Wednesday,0
2025-08-06 04:15:00+00:00,2025-08-06 07:30:00+00:00,30.180043945312498,1,14,True,Asia    (00-07),Wednesday,4
2025-08-06 07:45:00+00:00,2025-08-06 13:30:00+00:00,18.085073242187498,-1,24,True,London  (07-12),Wednesday,7
2025-08-06 13:45:00+00:00,2025-08-06 22:00:00+00:00,36.9700830078125,1,34,True,Overlap (12-16),Wednesday,13
2025-08-06 22:15:00+00:00,2025-08-07 04:00:00+00:00,4.3651025390625,-1,24,True,Off     (22-00),Wednesday,22
2025-08-07 04:15:00+00:00,2025-08-08 03:15:00+00:00,141.9250390625,1,93,True,Asia    (00-07),Thursday,4
2025-08-08 03:30:00+00:00,2025-08-08 12:00:00+00:00,20.655019531249998,-1,35,True,Asia    (00-07),Friday,3
2025-08-08 12:15:00+00:00,2025-08-08 14:45:00+00:00,36.9100244140625,1,11,True,Overlap (12-16),Friday,12
2025-08-08 15:00:00+00:00,2025-08-08 16:15:00+00:00,6.560048828124998,-1,6,True,Overlap (12-16),Friday,15
2025-08-08 16:30:00+00:00,2025-08-08 20:15:00+00:00,38.9250390625,1,16,True,NY      (16-22),Friday,16
2025-08-08 20:30:00+00:00,2025-08-09 00:15:00+00:00,12.5949609375,-1,16,True,NY      (16-22),Friday,20
2025-08-09 00:30:00+00:00,2025-08-09 21:15:00+00:00,122.53490234374999,1,84,True,Asia    (00-07),Saturday,0
2025-08-09 21:30:00+00:00,2025-08-10 03:00:00+00:00,9.499990234374998,-1,23,True,NY      (16-22),Saturday,21
2025-08-10 03:15:00+00:00,2025-08-10 03:15:00+00:00,-8.46998046875,1,1,False,Asia    (00-07),Sunday,3
2025-08-10 03:30:00+00:00,2025-08-10 12:30:00+00:00,17.080068359374998,-1,37,True,Asia    (00-07),Sunday,3
2025-08-10 12:45:00+00:00,2025-08-10 19:30:00+00:00,24.630117187499998,1,28,True,Overlap (12-16),Sunday,12
2025-08-10 19:45:00+00:00,2025-08-11 02:30:00+00:00,-35.645029296875,-1,28,False,NY      (16-22),Sunday,19
2025-08-11 02:45:00+00:00,2025-08-11 04:00:00+00:00,9.604970703125,1,6,True,Asia    (00-07),Monday,2
2025-08-11 04:15:00+00:00,2025-08-11 22:15:00+00:00,64.94505859374999,-1,73,True,Asia    (00-07),Monday,4
2025-08-11 22:30:00+00:00,2025-08-12 09:00:00+00:00,46.07494140625,1,43,True,Off     (22-00),Monday,22
2025-08-12 09:15:00+00:00,2025-08-12 12:00:00+00:00,7.279775390624998,-1,12,True,London  (07-12),Tuesday,9
2025-08-12 12:15:00+00:00,2025-08-12 21:15:00+00:00,155.98998046875,1,37,True,Overlap (12-16),Tuesday,12
2025-08-12 21:30:00+00:00,2025-08-12 21:45:00+00:00,3.495107421875,-1,2,True,NY      (16-22),Tuesday,21
2025-08-12 22:00:00+00:00,2025-08-13 05:15:00+00:00,28.465078124999998,1,30,True,Off     (22-00),Tuesday,22
2025-08-13 05:30:00+00:00,2025-08-13 09:15:00+00:00,1.1201074218749998,-1,16,True,Asia    (00-07),Wednesday,5
2025-08-13 09:30:00+00:00,2025-08-13 12:00:00+00:00,21.485097656249998,1,11,True,London  (07-12),Wednesday,9
2025-08-13 12:15:00+00:00,2025-08-13 16:30:00+00:00,-1.919931640625002,-1,18,False,Overlap (12-16),Wednesday,12
2025-08-13 16:45:00+00:00,2025-08-13 20:15:00+00:00,9.665029296874998,1,15,True,NY      (16-22),Wednesday,16
2025-08-13 20:30:00+00:00,2025-08-15 01:00:00+00:00,69.78490234374999,-1,115,True,NY      (16-22),Wednesday,20
2025-08-15 01:15:00+00:00,2025-08-15 08:15:00+00:00,41.57982421875,1,29,True,Asia    (00-07),Friday,1
2025-08-15 08:30:00+00:00,2025-08-15 13:30:00+00:00,44.44994140625,-1,21,True,London  (07-12),Friday,8
2025-08-15 13:45:00+00:00,2025-08-15 14:15:00+00:00,-10.209970703125,1,3,False,Overlap (12-16),Friday,13
2025-08-15 14:30:00+00:00,2025-08-15 14:30:00+00:00,6.515126953125,-1,1,True,Overlap (12-16),Friday,14
2025-08-15 14:45:00+00:00,2025-08-15 14:45:00+00:00,-20.154794921875002,1,1,False,Overlap (12-16),Friday,14
2025-08-15 15:00:00+00:00,2025-08-15 15:15:00+00:00,26.075185546874998,-1,2,True,Overlap (12-16),Friday,15
2025-08-15 15:30:00+00:00,2025-08-15 16:00:00+00:00,-25.469980468750002,1,3,False,Overlap (12-16),Friday,15
2025-08-15 16:15:00+00:00,2025-08-15 16:15:00+00:00,-5.185068359375,-1,1,False,NY      (16-22),Friday,16
2025-08-15 16:30:00+00:00,2025-08-15 16:45:00+00:00,7.564931640625,1,2,True,NY      (16-22),Friday,16
2025-08-15 17:00:00+00:00,2025-08-15 20:45:00+00:00,-7.67017578125,-1,16,False,NY      (16-22),Friday,17
2025-08-15 21:00:00+00:00,2025-08-16 08:30:00+00:00,9.789785156249998,1,47,True,NY      (16-22),Friday,21
2025-08-16 08:45:00+00:00,2025-08-16 12:15:00+00:00,26.914785156249998,-1,15,True,London  (07-12),Saturday,8
2025-08-16 12:30:00+00:00,2025-08-17 10:45:00+00:00,85.95482421874999,1,90,True,Overlap (12-16),Saturday,12
2025-08-17 11:00:00+00:00,2025-08-17 13:45:00+00:00,13.820058593749998,-1,12,True,London  (07-12),Sunday,11
2025-08-17 14:00:00+00:00,2025-08-17 16:00:00+00:00,5.61009765625,1,9,True,Overlap (12-16),Sunday,14
2025-08-17 16:15:00+00:00,2025-08-17 21:15:00+00:00,40.0148828125,-1,21,True,NY      (16-22),Sunday,16
2025-08-17 21:30:00+00:00,2025-08-18 01:00:00+00:00,-8.775156250000002,1,15,False,NY      (16-22),Sunday,21
2025-08-18 01:15:00+00:00,2025-08-18 03:30:00+00:00,71.61986328124999,-1,10,True,Asia    (00-07),Monday,1
2025-08-18 03:45:00+00:00,2025-08-18 05:00:00+00:00,16.244863281249998,1,6,True,Asia    (00-07),Monday,3
2025-08-18 05:15:00+00:00,2025-08-18 09:00:00+00:00,49.185048828125,-1,16,True,Asia    (00-07),Monday,5
2025-08-18 09:15:00+00:00,2025-08-18 20:00:00+00:00,60.955068359375,1,44,True,London  (07-12),Monday,9
2025-08-18 20:15:00+00:00,2025-08-18 21:30:00+00:00,16.534902343749998,-1,6,True,NY      (16-22),Monday,20
2025-08-18 21:45:00+00:00,2025-08-18 23:00:00+00:00,1.159902343749998,1,6,True,NY      (16-22),Monday,21
2025-08-18 23:15:00+00:00,2025-08-19 05:00:00+00:00,54.999990234375,-1,24,True,Off     (22-00),Monday,23
2025-08-19 05:15:00+00:00,2025-08-19 12:00:00+00:00,39.65501953125,1,28,True,Asia    (00-07),Tuesday,5
2025-08-19 12:15:00+00:00,2025-08-20 00:00:00+00:00,102.54002929687499,-1,48,True,Overlap (12-16),Tuesday,12
2025-08-20 00:15:00+00:00,2025-08-20 21:15:00+00:00,114.21996093749999,1,85,True,Asia    (00-07),Wednesday,0
2025-08-20 21:30:00+00:00,2025-08-21 05:00:00+00:00,16.819814453124998,-1,31,True,NY      (16-22),Wednesday,21
2025-08-21 05:15:00+00:00,2025-08-21 08:15:00+00:00,1.5849511718749998,1,13,True,Asia    (00-07),Thursday,5
2025-08-21 08:30:00+00:00,2025-08-21 17:15:00+00:00,34.770009765625,-1,36,True,London  (07-12),Thursday,8
2025-08-21 17:30:00+00:00,2025-08-22 10:00:00+00:00,44.54491210937499,1,67,True,NY      (16-22),Thursday,17
2025-08-22 10:15:00+00:00,2025-08-22 12:45:00+00:00,34.26,-1,11,True,London  (07-12),Friday,10
2025-08-22 13:00:00+00:00,2025-08-22 22:00:00+00:00,286.435048828125,1,37,True,Overlap (12-16),Friday,13
2025-08-22 22:15:00+00:00,2025-08-22 23:45:00+00:00,-7.13990234375,-1,7,False,Off     (22-00),Friday,22
2025-08-23 00:00:00+00:00,2025-08-23 01:00:00+00:00,-16.260019531250002,1,5,False,Asia    (00-07),Saturday,0
2025-08-23 01:15:00+00:00,2025-08-23 05:15:00+00:00,29.629873046874998,-1,17,True,Asia    (00-07),Saturday,1
2025-08-23 05:30:00+00:00,2025-08-23 08:45:00+00:00,-13.189951171875002,1,14,False,Asia    (00-07),Saturday,5
2025-08-23 09:00:00+00:00,2025-08-23 13:30:00+00:00,-1.2448828125000002,-1,19,False,London  (07-12),Saturday,9
2025-08-23 13:45:00+00:00,2025-08-23 16:30:00+00:00,12.705068359374998,1,12,True,Overlap (12-16),Saturday,13
2025-08-23 16:45:00+00:00,2025-08-23 22:00:00+00:00,-7.955087890625,-1,22,False,NY      (16-22),Saturday,16
2025-08-23 22:15:00+00:00,2025-08-24 03:30:00+00:00,7.09984375,1,22,True,Off     (22-00),Saturday,22
2025-08-24 03:45:00+00:00,2025-08-24 08:00:00+00:00,0.2700097656249998,-1,18,True,Asia    (00-07),Sunday,3
2025-08-24 08:15:00+00:00,2025-08-24 08:45:00+00:00,0.4499414062499998,1,3,True,London  (07-12),Sunday,8
2025-08-24 09:00:00+00:00,2025-08-24 20:00:00+00:00,15.829824218749991,-1,45,True,London  (07-12),Sunday,9
2025-08-24 20:15:00+00:00,2025-08-24 20:30:00+00:00,32.59984375,1,2,True,NY      (16-22),Sunday,20
2025-08-24 20:45:00+00:00,2025-08-25 09:00:00+00:00,106.604970703125,-1,50,True,NY      (16-22),Sunday,20
2025-08-25 09:15:00+00:00,2025-08-25 17:30:00+00:00,-8.954843750000002,1,34,False,London  (07-12),Monday,9
2025-08-25 17:45:00+00:00,2025-08-25 20:30:00+00:00,100.96507812499999,-1,12,True,NY      (16-22),Monday,17
2025-08-25 20:45:00+00:00,2025-08-26 00:00:00+00:00,-6.715097656250002,1,14,False,NY      (16-22),Monday,20
2025-08-26 00:15:00+00:00,2025-08-26 04:15:00+00:00,-33.000009765625,-1,17,False,Asia    (00-07),Tuesday,0
2025-08-26 04:30:00+00:00,2025-08-26 13:30:00+00:00,27.025136718749998,1,37,True,Asia    (00-07),Tuesday,4
2025-08-26 13:45:00+00:00,2025-08-26 14:00:00+00:00,6.080068359375,-1,2,True,Overlap (12-16),Tuesday,13
2025-08-26 14:15:00+00:00,2025-08-26 22:00:00+00:00,64.12499023437499,1,32,True,Overlap (12-16),Tuesday,14
2025-08-26 22:15:00+00:00,2025-08-27 08:15:00+00:00,16.604970703124998,-1,41,True,Off     (22-00),Tuesday,22
2025-08-27 08:30:00+00:00,2025-08-27 16:00:00+00:00,35.709951171875,1,31,True,London  (07-12),Wednesday,8
2025-08-27 16:15:00+00:00,2025-08-28 01:00:00+00:00,64.34496093749999,-1,36,True,NY      (16-22),Wednesday,16
2025-08-28 01:15:00+00:00,2025-08-28 13:00:00+00:00,43.770009765625,1,48,True,Asia    (00-07),Thursday,1
2025-08-28 13:15:00+00:00,2025-08-28 17:15:00+00:00,51.584951171875,-1,17,True,Overlap (12-16),Thursday,13
2025-08-28 17:30:00+00:00,2025-08-28 17:30:00+00:00,-0.4851171875000002,1,1,False,NY      (16-22),Thursday,17
2025-08-28 17:45:00+00:00,2025-08-28 20:15:00+00:00,13.405019531249998,-1,11,True,NY      (16-22),Thursday,17
2025-08-28 20:30:00+00:00,2025-08-29 00:15:00+00:00,21.670156249999998,1,16,True,NY      (16-22),Thursday,20
2025-08-29 00:30:00+00:00,2025-08-29 08:15:00+00:00,73.16502929687499,-1,32,True,Asia    (00-07),Friday,0
2025-08-29 08:30:00+00:00,2025-08-29 10:00:00+00:00,-6.625009765625002,1,7,False,London  (07-12),Friday,8
2025-08-29 10:15:00+00:00,2025-08-29 16:15:00+00:00,5.804921874999998,-1,25,True,London  (07-12),Friday,10
2025-08-29 16:30:00+00:00,2025-08-29 22:30:00+00:00,6.259999999999998,1,25,True,NY      (16-22),Friday,16
2025-08-29 22:45:00+00:00,2025-08-30 01:45:00+00:00,40.5851953125,-1,13,True,Off     (22-00),Friday,22
2025-08-30 02:00:00+00:00,2025-08-30 13:30:00+00:00,36.56517578125,1,47,True,Asia    (00-07),Saturday,2
2025-08-30 13:45:00+00:00,2025-08-30 14:30:00+00:00,-9.649912109375,-1,4,False,Overlap (12-16),Saturday,13
2025-08-30 14:45:00+00:00,2025-08-30 14:45:00+00:00,0.6398828124999998,1,1,True,Overlap (12-16),Saturday,14
2025-08-30 15:00:00+00:00,2025-08-31 01:00:00+00:00,-43.2800390625,-1,41,False,Overlap (12-16),Saturday,15
2025-08-31 01:15:00+00:00,2025-08-31 15:45:00+00:00,17.465078124999998,1,59,True,Asia    (00-07),Sunday,1
2025-08-31 16:00:00+00:00,2025-08-31 23:15:00+00:00,36.149892578125,-1,30,True,NY      (16-22),Sunday,16
2025-08-31 23:30:00+00:00,2025-09-01 09:00:00+00:00,34.549794921875,1,39,True,Off     (22-00),Sunday,23
2025-09-01 09:15:00+00:00,2025-09-01 13:30:00+00:00,45.040029296875,-1,18,True,London  (07-12),Monday,9
2025-09-01 13:45:00+00:00,2025-09-01 20:15:00+00:00,-21.009775390625002,1,27,False,Overlap (12-16),Monday,13
2025-09-01 20:30:00+00:00,2025-09-02 00:30:00+00:00,25.925039062499998,-1,17,True,NY      (16-22),Monday,20
2025-09-02 00:45:00+00:00,2025-09-02 09:30:00+00:00,49.834951171875,1,36,True,Asia    (00-07),Tuesday,0
2025-09-02 09:45:00+00:00,2025-09-02 20:00:00+00:00,48.560048828125,-1,42,True,London  (07-12),Tuesday,9
2025-09-02 20:15:00+00:00,2025-09-03 07:30:00+00:00,5.449941406249998,1,46,True,NY      (16-22),Tuesday,20
2025-09-03 07:45:00+00:00,2025-09-03 08:30:00+00:00,-9.665048828125,-1,4,False,London  (07-12),Wednesday,7
2025-09-03 08:45:00+00:00,2025-09-03 20:00:00+00:00,70.48509765624999,1,46,True,London  (07-12),Wednesday,8
2025-09-03 20:15:00+00:00,2025-09-04 09:00:00+00:00,41.69505859375,-1,52,True,NY      (16-22),Wednesday,20
2025-09-04 09:15:00+00:00,2025-09-04 13:15:00+00:00,6.419912109375,1,17,True,London  (07-12),Thursday,9
2025-09-04 13:30:00+00:00,2025-09-04 20:00:00+00:00,49.754873046875,-1,27,True,Overlap (12-16),Thursday,13
2025-09-04 20:15:00+00:00,2025-09-05 13:30:00+00:00,79.57005859374999,1,70,True,NY      (16-22),Thursday,20
2025-09-05 13:45:00+00:00,2025-09-06 03:15:00+00:00,67.24999023437499,-1,55,True,Overlap (12-16),Friday,13
2025-09-06 03:30:00+00:00,2025-09-06 08:30:00+00:00,-7.40015625,1,21,False,Asia    (00-07),Saturday,3
2025-09-06 08:45:00+00:00,2025-09-06 20:15:00+00:00,20.834951171874998,-1,47,True,London  (07-12),Saturday,8
2025-09-06 20:30:00+00:00,2025-09-06 22:45:00+00:00,3.899892578125,1,10,True,NY      (16-22),Saturday,20
2025-09-06 23:00:00+00:00,2025-09-07 00:00:00+00:00,-2.870126953125,-1,5,False,Off     (22-00),Saturday,23
2025-09-07 00:15:00+00:00,2025-09-07 16:45:00+00:00,0.2700097656249998,1,67,True,Asia    (00-07),Sunday,0
2025-09-07 17:00:00+00:00,2025-09-07 20:15:00+00:00,-3.250009765625,-1,14,False,NY      (16-22),Sunday,17
2025-09-07 20:30:00+00:00,2025-09-08 05:30:00+00:00,-0.3501074218750002,1,37,False,NY      (16-22),Sunday,20
2025-09-08 05:45:00+00:00,2025-09-08 08:30:00+00:00,-8.560068359375,-1,12,False,Asia    (00-07),Monday,5
2025-09-08 08:45:00+00:00,2025-09-08 16:00:00+00:00,25.715078124999998,1,30,True,London  (07-12),Monday,8
2025-09-08 16:15:00+00:00,2025-09-08 18:15:00+00:00,12.134999999999998,-1,9,True,NY      (16-22),Monday,16
2025-09-08 18:30:00+00:00,2025-09-08 18:30:00+00:00,-3.25513671875,1,1,False,NY      (16-22),Monday,18
2025-09-08 18:45:00+00:00,2025-09-08 20:15:00+00:00,18.199941406249998,-1,7,True,NY      (16-22),Monday,18
2025-09-08 20:30:00+00:00,2025-09-09 10:30:00+00:00,33.8801171875,1,57,True,NY      (16-22),Monday,20
2025-09-09 10:45:00+00:00,2025-09-09 16:15:00+00:00,33.560048828125,-1,23,True,London  (07-12),Tuesday,10
2025-09-09 16:30:00+00:00,2025-09-09 23:15:00+00:00,8.249990234375,1,28,True,NY      (16-22),Tuesday,16
2025-09-09 23:30:00+00:00,2025-09-10 01:15:00+00:00,0.7651269531249998,-1,8,True,Off     (22-00),Tuesday,23
2025-09-10 01:30:00+00:00,2025-09-10 16:15:00+00:00,33.580068359375,1,60,True,Asia    (00-07),Wednesday,1
2025-09-10 16:30:00+00:00,2025-09-10 21:00:00+00:00,14.790029296874998,-1,19,True,NY      (16-22),Wednesday,16
2025-09-10 21:15:00+00:00,2025-09-11 11:30:00+00:00,45.57494140625,1,58,True,NY      (16-22),Wednesday,21
2025-09-11 11:45:00+00:00,2025-09-11 20:45:00+00:00,6.655019531249998,-1,37,True,London  (07-12),Thursday,11
2025-09-11 21:00:00+00:00,2025-09-12 01:00:00+00:00,54.595205078125,1,17,True,NY      (16-22),Thursday,21
2025-09-12 01:15:00+00:00,2025-09-12 01:15:00+00:00,1.9999902343749998,-1,1,True,Asia    (00-07),Friday,1
2025-09-12 01:30:00+00:00,2025-09-12 11:00:00+00:00,-3.265146484375,1,39,False,Asia    (00-07),Friday,1
2025-09-12 11:15:00+00:00,2025-09-12 12:00:00+00:00,1.8200585937499998,-1,4,True,London  (07-12),Friday,11
2025-09-12 12:15:00+00:00,2025-09-12 15:45:00+00:00,12.350087890624998,1,15,True,Overlap (12-16),Friday,12
2025-09-12 16:00:00+00:00,2025-09-12 16:30:00+00:00,-11.13501953125,-1,3,False,NY      (16-22),Friday,16
2025-09-12 16:45:00+00:00,2025-09-13 01:45:00+00:00,68.12010742187499,1,37,True,NY      (16-22),Friday,16
2025-09-13 02:00:00+00:00,2025-09-13 17:00:00+00:00,44.135,-1,61,True,Asia    (00-07),Saturday,2
2025-09-13 17:15:00+00:00,2025-09-13 17:30:00+00:00,10.679921875,1,2,True,NY      (16-22),Saturday,17
2025-09-13 17:45:00+00:00,2025-09-13 23:15:00+00:00,-15.699960937500002,-1,23,False,NY      (16-22),Saturday,17
2025-09-13 23:30:00+00:00,2025-09-14 05:00:00+00:00,1.7800195312499998,1,23,True,Off     (22-00),Saturday,23
2025-09-14 05:15:00+00:00,2025-09-14 16:45:00+00:00,33.36498046875,-1,47,True,Asia    (00-07),Sunday,5
2025-09-14 17:00:00+00:00,2025-09-14 20:30:00+00:00,11.11498046875,1,15,True,NY      (16-22),Sunday,17
2025-09-14 20:45:00+00:00,2025-09-15 00:45:00+00:00,8.689931640625,-1,17,True,NY      (16-22),Sunday,20
2025-09-15 01:00:00+00:00,2025-09-15 06:00:00+00:00,29.665029296874998,1,21,True,Asia    (00-07),Monday,1
2025-09-15 06:15:00+00:00,2025-09-15 07:15:00+00:00,17.780019531249998,-1,5,True,Asia    (00-07),Monday,6
2025-09-15 07:30:00+00:00,2025-09-15 07:30:00+00:00,-11.7800390625,1,1,False,London  (07-12),Monday,7
2025-09-15 07:45:00+00:00,2025-09-15 17:00:00+00:00,52.350087890625,-1,38,True,London  (07-12),Monday,7
2025-09-15 17:15:00+00:00,2025-09-16 06:00:00+00:00,16.400136718749998,1,52,True,NY      (16-22),Monday,17
2025-09-16 06:15:00+00:00,2025-09-16 16:00:00+00:00,35.575185546875,-1,40,True,Asia    (00-07),Tuesday,6
2025-09-16 16:15:00+00:00,2025-09-17 09:30:00+00:00,19.995107421874998,1,70,True,NY      (16-22),Tuesday,16
2025-09-17 09:45:00+00:00,2025-09-17 18:15:00+00:00,0.540029296874998,-1,35,True,London  (07-12),Wednesday,9
2025-09-17 18:30:00+00:00,2025-09-18 06:00:00+00:00,30.090078124999998,1,47,True,NY      (16-22),Wednesday,18
2025-09-18 06:15:00+00:00,2025-09-18 07:00:00+00:00,-10.3249609375,-1,4,False,Asia    (00-07),Thursday,6
2025-09-18 07:15:00+00:00,2025-09-18 07:45:00+00:00,-4.4050390625,1,3,False,London  (07-12),Thursday,7
2025-09-18 08:00:00+00:00,2025-09-18 13:15:00+00:00,-7.669931640625,-1,22,False,London  (07-12),Thursday,8
2025-09-18 13:30:00+00:00,2025-09-18 14:30:00+00:00,4.999990234375,1,5,True,Overlap (12-16),Thursday,13
2025-09-18 14:45:00+00:00,2025-09-18 14:45:00+00:00,-0.6701757812500002,-1,1,False,Overlap (12-16),Thursday,14
2025-09-18 15:00:00+00:00,2025-09-18 16:15:00+00:00,7.399892578125,1,6,True,Overlap (12-16),Thursday,15
2025-09-18 16:30:00+00:00,2025-09-19 04:15:00+00:00,31.020009765624998,-1,48,True,NY      (16-22),Thursday,16
2025-09-19 04:30:00+00:00,2025-09-19 05:00:00+00:00,-0.04004882812500021,1,3,False,Asia    (00-07),Friday,4
2025-09-19 05:15:00+00:00,2025-09-20 04:00:00+00:00,40.49486328125,-1,92,True,Asia    (00-07),Friday,5
2025-09-20 04:15:00+00:00,2025-09-20 08:30:00+00:00,2.15501953125,1,18,True,Asia    (00-07),Saturday,4
2025-09-20 08:45:00+00:00,2025-09-20 12:30:00+00:00,4.229970703125,-1,16,True,London  (07-12),Saturday,8
2025-09-20 12:45:00+00:00,2025-09-20 17:45:00+00:00,8.559804687499998,1,21,True,Overlap (12-16),Saturday,12
2025-09-20 18:00:00+00:00,2025-09-20 22:30:00+00:00,-4.30005859375,-1,19,False,NY      (16-22),Saturday,18
2025-09-20 22:45:00+00:00,2025-09-21 00:45:00+00:00,-3.875009765625,1,9,False,Off     (22-00),Saturday,22
2025-09-21 01:00:00+00:00,2025-09-21 02:45:00+00:00,1.6950585937499998,-1,8,True,Asia    (00-07),Sunday,1
2025-09-21 03:00:00+00:00,2025-09-21 08:00:00+00:00,-4.84498046875,1,21,False,Asia    (00-07),Sunday,3
2025-09-21 08:15:00+00:00,2025-09-21 12:00:00+00:00,1.8498437499999998,-1,16,True,London  (07-12),Sunday,8
2025-09-21 12:15:00+00:00,2025-09-21 20:45:00+00:00,2.549794921875,1,35,True,Overlap (12-16),Sunday,12
2025-09-21 21:00:00+00:00,2025-09-22 08:15:00+00:00,138.135,-1,46,True,NY      (16-22),Sunday,21
2025-09-22 08:30:00+00:00,2025-09-22 09:00:00+00:00,-7.249765625,1,3,False,London  (07-12),Monday,8
2025-09-22 09:15:00+00:00,2025-09-23 02:15:00+00:00,10.250234375,-1,69,True,London  (07-12),Monday,9
2025-09-23 02:30:00+00:00,2025-09-23 02:45:00+00:00,-9.88990234375,1,2,False,Asia    (00-07),Tuesday,2
2025-09-23 03:00:00+00:00,2025-09-23 04:00:00+00:00,-18.889902343750002,-1,5,False,Asia    (00-07),Tuesday,3
2025-09-23 04:15:00+00:00,2025-09-23 09:00:00+00:00,20.285146484374998,1,20,True,Asia    (00-07),Tuesday,4
2025-09-23 09:15:00+00:00,2025-09-23 20:45:00+00:00,20.989980468749998,-1,47,True,London  (07-12),Tuesday,9
2025-09-23 21:00:00+00:00,2025-09-24 00:45:00+00:00,-3.064951171875,1,16,False,NY      (16-22),Tuesday,21
2025-09-24 01:00:00+00:00,2025-09-24 04:00:00+00:00,34.685048828125,-1,13,True,Asia    (00-07),Wednesday,1
2025-09-24 04:15:00+00:00,2025-09-24 13:00:00+00:00,35.419912109375,1,36,True,Asia    (00-07),Wednesday,4
2025-09-24 13:15:00+00:00,2025-09-24 16:00:00+00:00,5.135,-1,12,True,Overlap (12-16),Wednesday,13
2025-09-24 16:15:00+00:00,2025-09-24 21:00:00+00:00,3.11009765625,1,20,True,NY      (16-22),Wednesday,16
2025-09-24 21:15:00+00:00,2025-09-25 11:00:00+00:00,81.03001953124999,-1,56,True,NY      (16-22),Wednesday,21
2025-09-25 11:15:00+00:00,2025-09-25 16:00:00+00:00,-5.615,1,20,False,London  (07-12),Thursday,11
2025-09-25 16:15:00+00:00,2025-09-26 01:15:00+00:00,32.205068359375,-1,37,True,NY      (16-22),Thursday,16
2025-09-26 01:30:00+00:00,2025-09-26 05:00:00+00:00,9.3599755859375,1,15,True,Asia    (00-07),Friday,1
2025-09-26 05:15:00+00:00,2025-09-26 12:45:00+00:00,5.339956054687498,-1,31,True,Asia    (00-07),Friday,5
2025-09-26 13:00:00+00:00,2025-09-26 15:30:00+00:00,4.810048828125,1,11,True,Overlap (12-16),Friday,13
2025-09-26 15:45:00+00:00,2025-09-26 16:30:00+00:00,-17.620004882812502,-1,4,False,Overlap (12-16),Friday,15
2025-09-26 16:45:00+00:00,2025-09-27 11:45:00+00:00,7.544912109375,1,77,True,NY      (16-22),Friday,16
2025-09-27 12:00:00+00:00,2025-09-27 12:15:00+00:00,-0.4100439453125002,-1,2,False,Overlap (12-16),Saturday,12
2025-09-27 12:30:00+00:00,2025-09-27 19:45:00+00:00,-0.2650244140625002,1,30,False,Overlap (12-16),Saturday,12
2025-09-27 20:00:00+00:00,2025-09-27 20:30:00+00:00,-3.4500830078125,-1,3,False,NY      (16-22),Saturday,20
2025-09-27 20:45:00+00:00,2025-09-27 23:00:00+00:00,7.6949365234375,1,10,True,NY      (16-22),Saturday,20
2025-09-27 23:15:00+00:00,2025-09-28 04:00:00+00:00,10.520009765625,-1,20,True,Off     (22-00),Saturday,23
2025-09-28 04:15:00+00:00,2025-09-28 08:15:00+00:00,0.9450585937499998,1,17,True,Asia    (00-07),Sunday,4
2025-09-28 08:30:00+00:00,2025-09-28 12:30:00+00:00,14.4800927734375,-1,17,True,London  (07-12),Sunday,8
2025-09-28 12:45:00+00:00,2025-09-29 04:30:00+00:00,71.90501953124999,1,64,True,Overlap (12-16),Sunday,12
2025-09-29 04:45:00+00:00,2025-09-29 07:15:00+00:00,10.479970703125,-1,11,True,Asia    (00-07),Monday,4
2025-09-29 07:30:00+00:00,2025-09-29 09:00:00+00:00,11.830068359375,1,7,True,London  (07-12),Monday,7
2025-09-29 09:15:00+00:00,2025-09-29 14:30:00+00:00,-37.024912109375,-1,22,False,London  (07-12),Monday,9
2025-09-29 14:45:00+00:00,2025-09-29 15:15:00+00:00,-13.0749609375,1,3,False,Overlap (12-16),Monday,14
2025-09-29 15:30:00+00:00,2025-09-29 17:30:00+00:00,10.060048828125,-1,9,True,Overlap (12-16),Monday,15
2025-09-29 17:45:00+00:00,2025-09-30 02:00:00+00:00,25.015126953124998,1,34,True,NY      (16-22),Monday,17
2025-09-30 02:15:00+00:00,2025-09-30 03:00:00+00:00,-0.6648046875000002,-1,4,False,Asia    (00-07),Tuesday,2
2025-09-30 03:15:00+00:00,2025-09-30 04:00:00+00:00,-3.444833984375,1,4,False,Asia    (00-07),Tuesday,3
2025-09-30 04:15:00+00:00,2025-09-30 09:00:00+00:00,17.120107421874998,-1,20,True,Asia    (00-07),Tuesday,4
2025-09-30 09:15:00+00:00,2025-09-30 10:45:00+00:00,-1.5249121093750002,1,7,False,London  (07-12),Tuesday,9
2025-09-30 11:00:00+00:00,2025-09-30 18:00:00+00:00,18.530019531249998,-1,29,True,London  (07-12),Tuesday,11
2025-09-30 18:15:00+00:00,2025-09-30 21:15:00+00:00,27.254873046874998,1,13,True,NY      (16-22),Tuesday,18
2025-09-30 21:30:00+00:00,2025-10-01 08:00:00+00:00,8.40990234375,-1,43,True,NY      (16-22),Tuesday,21
2025-10-01 08:15:00+00:00,2025-10-02 05:15:00+00:00,116.22997070312499,1,85,True,London  (07-12),Wednesday,8
2025-10-02 05:30:00+00:00,2025-10-02 12:30:00+00:00,-3.17994140625,-1,29,False,Asia    (00-07),Thursday,5
2025-10-02 12:45:00+00:00,2025-10-02 14:15:00+00:00,9.17015625,1,7,True,Overlap (12-16),Thursday,12
2025-10-02 14:30:00+00:00,2025-10-02 15:00:00+00:00,9.175039062499998,-1,3,True,Overlap (12-16),Thursday,14
2025-10-02 15:15:00+00:00,2025-10-02 17:15:00+00:00,30.649892578124998,1,9,True,Overlap (12-16),Thursday,15
2025-10-02 17:30:00+00:00,2025-10-02 20:00:00+00:00,-15.615000000000002,-1,11,False,NY      (16-22),Thursday,17
2025-10-02 20:15:00+00:00,2025-10-02 21:00:00+00:00,-0.8098242187500002,1,4,False,NY      (16-22),Thursday,20
2025-10-02 21:15:00+00:00,2025-10-03 00:45:00+00:00,7.53001953125,-1,15,True,NY      (16-22),Thursday,21
2025-10-03 01:00:00+00:00,2025-10-03 04:00:00+00:00,15.809804687499998,1,13,True,Asia    (00-07),Friday,1
2025-10-03 04:15:00+00:00,2025-10-03 12:15:00+00:00,13.0148828125,-1,33,True,Asia    (00-07),Friday,4
2025-10-03 12:30:00+00:00,2025-10-03 17:45:00+00:00,-3.659921875000002,1,22,False,Overlap (12-16),Friday,12
2025-10-03 18:00:00+00:00,2025-10-04 06:45:00+00:00,-20.044931640625002,-1,52,False,NY      (16-22),Friday,18
2025-10-04 07:00:00+00:00,2025-10-04 08:00:00+00:00,-5.92505859375,1,5,False,London  (07-12),Saturday,7
2025-10-04 08:15:00+00:00,2025-10-04 11:45:00+00:00,5.544912109375,-1,15,True,London  (07-12),Saturday,8
2025-10-04 12:00:00+00:00,2025-10-04 14:30:00+00:00,4.7648828125,1,11,True,Overlap (12-16),Saturday,12
2025-10-04 14:45:00+00:00,2025-10-04 15:45:00+00:00,19.155019531249998,-1,5,True,Overlap (12-16),Saturday,14
2025-10-04 16:00:00+00:00,2025-10-05 08:45:00+00:00,63.75511718749999,1,68,True,NY      (16-22),Saturday,16
2025-10-05 09:00:00+00:00,2025-10-05 09:30:00+00:00,15.584951171875,-1,3,True,London  (07-12),Sunday,9
2025-10-05 09:45:00+00:00,2025-10-05 12:30:00+00:00,-10.555185546875,1,12,False,London  (07-12),Sunday,9
2025-10-05 12:45:00+00:00,2025-10-05 20:45:00+00:00,15.854970703124998,-1,33,True,Overlap (12-16),Sunday,12
2025-10-05 21:00:00+00:00,2025-10-06 07:15:00+00:00,32.54515625,1,42,True,NY      (16-22),Sunday,21
2025-10-06 07:30:00+00:00,2025-10-06 08:00:00+00:00,8.540029296875,-1,3,True,London  (07-12),Monday,7
2025-10-06 08:15:00+00:00,2025-10-06 20:00:00+00:00,83.21996093749999,1,48,True,London  (07-12),Monday,8
2025-10-06 20:15:00+00:00,2025-10-06 22:00:00+00:00,6.8449609375,-1,8,True,NY      (16-22),Monday,20
2025-10-06 22:15:00+00:00,2025-10-06 23:15:00+00:00,-0.1350195312500002,1,5,False,Off     (22-00),Monday,22
2025-10-06 23:30:00+00:00,2025-10-07 09:00:00+00:00,10.070058593749998,-1,39,True,Off     (22-00),Monday,23
2025-10-07 09:15:00+00:00,2025-10-07 15:00:00+00:00,-65.19996093750001,1,24,False,London  (07-12),Tuesday,9
2025-10-07 15:15:00+00:00,2025-10-08 00:15:00+00:00,46.040029296875,-1,37,True,Overlap (12-16),Tuesday,15
2025-10-08 00:30:00+00:00,2025-10-08 02:00:00+00:00,10.294912109375,1,7,True,Asia    (00-07),Wednesday,0
2025-10-08 02:15:00+00:00,2025-10-08 04:00:00+00:00,18.239980468749998,-1,8,True,Asia    (00-07),Wednesday,2
2025-10-08 04:15:00+00:00,2025-10-08 14:00:00+00:00,24.485097656249998,1,40,True,Asia    (00-07),Wednesday,4
2025-10-08 14:15:00+00:00,2025-10-08 15:00:00+00:00,15.600087890624998,-1,4,True,Overlap (12-16),Wednesday,14
2025-10-08 15:15:00+00:00,2025-10-08 15:30:00+00:00,-3.8698828125,1,2,False,Overlap (12-16),Wednesday,15
2025-10-08 15:45:00+00:00,2025-10-08 16:00:00+00:00,-3.504892578125,-1,2,False,Overlap (12-16),Wednesday,15
2025-10-08 16:15:00+00:00,2025-10-09 01:15:00+00:00,9.475087890624998,1,37,True,NY      (16-22),Wednesday,16
2025-10-09 01:30:00+00:00,2025-10-09 17:15:00+00:00,87.42992187499999,-1,64,True,Asia    (00-07),Thursday,1
2025-10-09 17:30:00+00:00,2025-10-09 18:00:00+00:00,11.524892578125,1,3,True,NY      (16-22),Thursday,17
2025-10-09 18:15:00+00:00,2025-10-09 19:15:00+00:00,-4.96998046875,-1,5,False,NY      (16-22),Thursday,18
2025-10-09 19:30:00+00:00,2025-10-10 01:15:00+00:00,26.330068359374998,1,24,True,NY      (16-22),Thursday,19
2025-10-10 01:30:00+00:00,2025-10-10 08:00:00+00:00,31.219960937499998,-1,27,True,Asia    (00-07),Friday,1
2025-10-10 08:15:00+00:00,2025-10-10 12:00:00+00:00,4.07982421875,1,16,True,London  (07-12),Friday,8
2025-10-10 12:15:00+00:00,2025-10-10 13:30:00+00:00,-21.595224609375002,-1,6,False,Overlap (12-16),Friday,12
2025-10-10 13:45:00+00:00,2025-10-10 17:30:00+00:00,-142.660166015625,1,16,False,Overlap (12-16),Friday,13
2025-10-10 17:45:00+00:00,2025-10-10 19:15:00+00:00,69.63499999999999,-1,7,True,NY      (16-22),Friday,17
2025-10-10 19:30:00+00:00,2025-10-10 20:00:00+00:00,23.499990234374998,1,3,True,NY      (16-22),Friday,19
2025-10-10 20:15:00+00:00,2025-10-10 21:30:00+00:00,92.57994628906249,-1,6,True,NY      (16-22),Friday,20
2025-10-10 21:45:00+00:00,2025-10-10 22:15:00+00:00,24.420034179687505,1,3,True,NY      (16-22),Friday,21
2025-10-10 22:30:00+00:00,2025-10-11 08:00:00+00:00,45.71007324218749,-1,39,True,Off     (22-00),Friday,22
2025-10-11 08:15:00+00:00,2025-10-11 16:00:00+00:00,32.955068359375,1,32,True,London  (07-12),Saturday,8
2025-10-11 16:15:00+00:00,2025-10-11 21:00:00+00:00,82.62499023437499,-1,20,True,NY      (16-22),Saturday,16
2025-10-11 21:15:00+00:00,2025-10-11 22:00:00+00:00,30.929921874999998,1,4,True,NY      (16-22),Saturday,21
2025-10-11 22:15:00+00:00,2025-10-11 23:00:00+00:00,-3.195078125,-1,4,False,Off     (22-00),Saturday,22
2025-10-11 23:15:00+00:00,2025-10-12 01:00:00+00:00,-7.8599951171875,1,8,False,Off     (22-00),Saturday,23
2025-10-12 01:15:00+00:00,2025-10-12 02:00:00+00:00,5.145009765625,-1,4,True,Asia    (00-07),Sunday,1
2025-10-12 02:15:00+00:00,2025-10-13 02:15:00+00:00,224.82005859375,1,97,True,Asia    (00-07),Sunday,2
2025-10-13 02:30:00+00:00,2025-10-13 04:00:00+00:00,17.770009765624998,-1,7,True,Asia    (00-07),Monday,2
2025-10-13 04:15:00+00:00,2025-10-13 08:45:00+00:00,21.234853515624998,1,19,True,Asia    (00-07),Monday,4
2025-10-13 09:00:00+00:00,2025-10-13 12:00:00+00:00,34.3000390625,-1,13,True,London  (07-12),Monday,9
2025-10-13 12:15:00+00:00,2025-10-14 05:15:00+00:00,-2.924814453125002,1,69,False,Overlap (12-16),Monday,12
2025-10-14 05:30:00+00:00,2025-10-14 09:45:00+00:00,55.330068359375,-1,18,True,Asia    (00-07),Tuesday,5
2025-10-14 10:00:00+00:00,2025-10-14 10:30:00+00:00,-30.219980468750002,1,3,False,London  (07-12),Tuesday,10
2025-10-14 10:45:00+00:00,2025-10-14 12:45:00+00:00,-8.135019531250002,-1,9,False,London  (07-12),Tuesday,10
2025-10-14 13:00:00+00:00,2025-10-15 03:00:00+00:00,78.61498046874999,1,57,True,Overlap (12-16),Tuesday,13
2025-10-15 03:15:00+00:00,2025-10-15 06:00:00+00:00,-1.1650488281250002,-1,12,False,Asia    (00-07),Wednesday,3
2025-10-15 06:15:00+00:00,2025-10-15 10:00:00+00:00,24.675039062499998,1,16,True,Asia    (00-07),Wednesday,6
2025-10-15 10:15:00+00:00,2025-10-15 10:45:00+00:00,15.6750390625,-1,3,True,London  (07-12),Wednesday,10
2025-10-15 11:00:00+00:00,2025-10-15 11:30:00+00:00,-4.290048828125,1,3,False,London  (07-12),Wednesday,11
2025-10-15 11:45:00+00:00,2025-10-15 15:45:00+00:00,64.55504394531249,-1,17,True,London  (07-12),Wednesday,11
2025-10-15 16:00:00+00:00,2025-10-16 05:00:00+00:00,9.435048828124998,1,53,True,NY      (16-22),Wednesday,16
2025-10-16 05:15:00+00:00,2025-10-16 07:45:00+00:00,-2.229990234375002,-1,11,False,Asia    (00-07),Thursday,5
2025-10-16 08:00:00+00:00,2025-10-16 12:00:00+00:00,19.145009765624998,1,17,True,London  (07-12),Thursday,8
2025-10-16 12:15:00+00:00,2025-10-16 14:00:00+00:00,27.440053710937498,-1,8,True,Overlap (12-16),Thursday,12
2025-10-16 14:15:00+00:00,2025-10-16 14:30:00+00:00,31.155019531249998,1,2,True,Overlap (12-16),Thursday,14
2025-10-16 14:45:00+00:00,2025-10-16 16:15:00+00:00,85.14500976562499,-1,7,True,Overlap (12-16),Thursday,14
2025-10-16 16:30:00+00:00,2025-10-16 17:30:00+00:00,21.224965820312498,1,5,True,NY      (16-22),Thursday,16
2025-10-16 17:45:00+00:00,2025-10-17 08:15:00+00:00,95.38499999999999,-1,59,True,NY      (16-22),Thursday,17
2025-10-17 08:30:00+00:00,2025-10-18 10:30:00+00:00,76.62499023437499,1,105,True,London  (07-12),Friday,8
2025-10-18 10:45:00+00:00,2025-10-18 17:00:00+00:00,7.32494140625,-1,26,True,London  (07-12),Saturday,10
2025-10-18 17:15:00+00:00,2025-10-18 22:30:00+00:00,7.9949853515625,1,22,True,NY      (16-22),Saturday,17
2025-10-18 22:45:00+00:00,2025-10-19 01:30:00+00:00,8.385,-1,12,True,Off     (22-00),Saturday,22
2025-10-19 01:45:00+00:00,2025-10-19 20:45:00+00:00,63.459951171875,1,77,True,Asia    (00-07),Sunday,1
2025-10-19 21:00:00+00:00,2025-10-20 00:15:00+00:00,34.959951171875,-1,14,True,NY      (16-22),Sunday,21
2025-10-20 00:30:00+00:00,2025-10-20 02:45:00+00:00,12.665029296875,1,10,True,Asia    (00-07),Monday,0
2025-10-20 03:00:00+00:00,2025-10-20 03:00:00+00:00,-2.6300146484375,-1,1,False,Asia    (00-07),Monday,3
2025-10-20 03:15:00+00:00,2025-10-20 09:00:00+00:00,43.0350244140625,1,24,True,Asia    (00-07),Monday,3
2025-10-20 09:15:00+00:00,2025-10-20 11:00:00+00:00,13.435048828125,-1,8,True,London  (07-12),Monday,9
2025-10-20 11:15:00+00:00,2025-10-20 12:00:00+00:00,3.9649560546875,1,4,True,London  (07-12),Monday,11
2025-10-20 12:15:00+00:00,2025-10-20 17:00:00+00:00,41.0899560546875,-1,20,True,Overlap (12-16),Monday,12
2025-10-20 17:15:00+00:00,2025-10-20 18:15:00+00:00,6.729970703125,1,5,True,NY      (16-22),Monday,17
2025-10-20 18:30:00+00:00,2025-10-21 03:15:00+00:00,9.609975585937498,-1,36,True,NY      (16-22),Monday,18
2025-10-21 03:30:00+00:00,2025-10-21 05:00:00+00:00,-42.439951171875,1,7,False,Asia    (00-07),Tuesday,3
2025-10-21 05:15:00+00:00,2025-10-21 12:30:00+00:00,-32.0749609375,-1,30,False,Asia    (00-07),Tuesday,5
2025-10-21 12:45:00+00:00,2025-10-21 16:30:00+00:00,84.75499511718749,1,16,True,Overlap (12-16),Tuesday,12
2025-10-21 16:45:00+00:00,2025-10-21 23:30:00+00:00,106.90001464843749,-1,28,True,NY      (16-22),Tuesday,16
2025-10-21 23:45:00+00:00,2025-10-22 02:15:00+00:00,-1.040048828125002,1,11,False,Off     (22-00),Tuesday,23
2025-10-22 02:30:00+00:00,2025-10-22 07:00:00+00:00,13.1849267578125,-1,19,True,Asia    (00-07),Wednesday,2
2025-10-22 07:15:00+00:00,2025-10-22 10:00:00+00:00,-1.4450781250000002,1,12,False,London  (07-12),Wednesday,7
2025-10-22 10:15:00+00:00,2025-10-22 12:15:00+00:00,-2.7351171875,-1,9,False,London  (07-12),Wednesday,10
2025-10-22 12:30:00+00:00,2025-10-22 16:00:00+00:00,-4.880014648437502,1,15,False,Overlap (12-16),Wednesday,12
2025-10-22 16:15:00+00:00,2025-10-22 22:15:00+00:00,48.770009765625,-1,25,True,NY      (16-22),Wednesday,16
2025-10-22 22:30:00+00:00,2025-10-23 10:15:00+00:00,76.22997070312499,1,48,True,Off     (22-00),Wednesday,22
2025-10-23 10:30:00+00:00,2025-10-23 13:00:00+00:00,21.999990234374998,-1,11,True,London  (07-12),Thursday,10
2025-10-23 13:15:00+00:00,2025-10-23 18:00:00+00:00,21.604970703124998,1,20,True,Overlap (12-16),Thursday,13
2025-10-23 18:15:00+00:00,2025-10-23 22:00:00+00:00,24.449941406249998,-1,16,True,NY      (16-22),Thursday,18
2025-10-23 22:15:00+00:00,2025-10-24 12:30:00+00:00,65.84496093749999,1,58,True,Off     (22-00),Thursday,22
2025-10-24 12:45:00+00:00,2025-10-24 14:15:00+00:00,33.4949853515625,-1,7,True,Overlap (12-16),Friday,12
2025-10-24 14:30:00+00:00,2025-10-24 14:45:00+00:00,-4.000009765625,1,2,False,Overlap (12-16),Friday,14
2025-10-24 15:00:00+00:00,2025-10-24 16:15:00+00:00,5.9949853515625,-1,6,True,Overlap (12-16),Friday,15
2025-10-24 16:30:00+00:00,2025-10-24 22:30:00+00:00,23.035024414062498,1,25,True,NY      (16-22),Friday,16
2025-10-24 22:45:00+00:00,2025-10-25 07:45:00+00:00,1.2250878906249998,-1,37,True,Off     (22-00),Friday,22
2025-10-25 08:00:00+00:00,2025-10-25 13:15:00+00:00,2.715078125,1,22,True,London  (07-12),Saturday,8
2025-10-25 13:30:00+00:00,2025-10-25 15:00:00+00:00,2.205068359375,-1,7,True,Overlap (12-16),Saturday,13
2025-10-25 15:15:00+00:00,2025-10-25 21:30:00+00:00,6.850087890625,1,26,True,Overlap (12-16),Saturday,15
2025-10-25 21:45:00+00:00,2025-10-26 01:45:00+00:00,5.2501123046875,-1,17,True,NY      (16-22),Saturday,21
2025-10-26 02:00:00+00:00,2025-10-26 02:15:00+00:00,-0.7949316406250002,1,2,False,Asia    (00-07),Sunday,2
2025-10-26 02:30:00+00:00,2025-10-26 04:00:00+00:00,0.3300683593749998,-1,7,True,Asia    (00-07),Sunday,2
2025-10-26 04:15:00+00:00,2025-10-26 19:00:00+00:00,66.435048828125,1,60,True,Asia    (00-07),Sunday,4
2025-10-26 19:15:00+00:00,2025-10-26 21:45:00+00:00,-8.4200537109375,-1,11,False,NY      (16-22),Sunday,19
2025-10-26 22:00:00+00:00,2025-10-27 04:00:00+00:00,57.439931640625,1,25,True,Off     (22-00),Sunday,22
2025-10-27 04:15:00+00:00,2025-10-27 17:15:00+00:00,-4.189951171875002,-1,53,False,Asia    (00-07),Monday,4
2025-10-27 17:30:00+00:00,2025-10-27 21:00:00+00:00,-40.839853515625,1,15,False,NY      (16-22),Monday,17
2025-10-27 21:15:00+00:00,2025-10-28 04:00:00+00:00,10.785146484374998,-1,28,True,NY      (16-22),Monday,21
2025-10-28 04:15:00+00:00,2025-10-28 08:30:00+00:00,14.075185546875,1,18,True,Asia    (00-07),Tuesday,4
2025-10-28 08:45:00+00:00,2025-10-29 05:00:00+00:00,56.4051416015625,-1,82,True,London  (07-12),Tuesday,8
2025-10-29 05:15:00+00:00,2025-10-29 12:15:00+00:00,-8.1500341796875,1,29,False,Asia    (00-07),Wednesday,5
2025-10-29 12:30:00+00:00,2025-10-30 00:00:00+00:00,46.7999169921875,-1,47,True,Overlap (12-16),Wednesday,12
2025-10-30 00:15:00+00:00,2025-10-30 04:30:00+00:00,-9.400034179687502,1,18,False,Asia    (00-07),Thursday,0
2025-10-30 04:45:00+00:00,2025-10-30 05:15:00+00:00,6.23998046875,-1,3,True,Asia    (00-07),Thursday,4
2025-10-30 05:30:00+00:00,2025-10-30 08:15:00+00:00,22.859975585937498,1,12,True,Asia    (00-07),Thursday,5
2025-10-30 08:30:00+00:00,2025-10-30 13:30:00+00:00,69.04002929687499,-1,21,True,London  (07-12),Thursday,8
2025-10-30 13:45:00+00:00,2025-10-30 15:15:00+00:00,-1.7699072265625002,1,7,False,Overlap (12-16),Thursday,13
2025-10-30 15:30:00+00:00,2025-10-30 20:15:00+00:00,31.345083007812498,-1,20,True,Overlap (12-16),Thursday,15
2025-10-30 20:30:00+00:00,2025-10-31 12:45:00+00:00,57.50999999999999,1,66,True,NY      (16-22),Thursday,20
2025-10-31 13:00:00+00:00,2025-10-31 18:15:00+00:00,3.8900048828125,-1,22,True,Overlap (12-16),Friday,13
2025-10-31 18:30:00+00:00,2025-10-31 22:15:00+00:00,14.379995117187498,1,16,True,NY      (16-22),Friday,18
2025-10-31 22:30:00+00:00,2025-11-01 03:00:00+00:00,-0.3499853515625002,-1,19,False,Off     (22-00),Friday,22
2025-11-01 03:15:00+00:00,2025-11-01 16:15:00+00:00,14.180043945312498,1,53,True,Asia    (00-07),Saturday,3
2025-11-01 16:30:00+00:00,2025-11-02 00:30:00+00:00,5.8299462890625,-1,33,True,NY      (16-22),Saturday,16
2025-11-02 00:45:00+00:00,2025-11-02 08:15:00+00:00,11.924916992187498,1,31,True,Asia    (00-07),Sunday,0
2025-11-02 08:30:00+00:00,2025-11-02 08:30:00+00:00,-2.195078125,-1,1,False,London  (07-12),Sunday,8
2025-11-02 08:45:00+00:00,2025-11-02 08:45:00+00:00,-4.040048828125,1,1,False,London  (07-12),Sunday,8
2025-11-02 09:00:00+00:00,2025-11-02 14:30:00+00:00,20.155019531249998,-1,23,True,London  (07-12),Sunday,9
2025-11-02 14:45:00+00:00,2025-11-02 14:45:00+00:00,-0.7749121093750002,1,1,False,Overlap (12-16),Sunday,14
2025-11-02 15:00:00+00:00,2025-11-02 16:00:00+00:00,0.6000878906249998,-1,5,True,Overlap (12-16),Sunday,15
2025-11-02 16:15:00+00:00,2025-11-02 17:15:00+00:00,3.999990234375,1,5,True,NY      (16-22),Sunday,16
2025-11-02 17:30:00+00:00,2025-11-02 18:00:00+00:00,-0.9450781250000002,-1,3,False,NY      (16-22),Sunday,17
2025-11-02 18:15:00+00:00,2025-11-03 00:45:00+00:00,1.780019531249998,1,27,True,NY      (16-22),Sunday,18
2025-11-03 01:00:00+00:00,2025-11-03 05:45:00+00:00,64.09508300781249,-1,20,True,Asia    (00-07),Monday,1
2025-11-03 06:00:00+00:00,2025-11-03 21:45:00+00:00,-67.42994140625001,1,64,False,Asia    (00-07),Monday,6
2025-11-03 22:00:00+00:00,2025-11-03 23:00:00+00:00,9.7100732421875,-1,5,True,Off     (22-00),Monday,22
2025-11-03 23:15:00+00:00,2025-11-04 04:30:00+00:00,22.720083007812498,1,22,True,Off     (22-00),Monday,23
2025-11-04 04:45:00+00:00,2025-11-04 08:15:00+00:00,66.02501464843749,-1,15,True,Asia    (00-07),Tuesday,4
2025-11-04 08:30:00+00:00,2025-11-04 12:45:00+00:00,7.73998046875,1,18,True,London  (07-12),Tuesday,8
2025-11-04 13:00:00+00:00,2025-11-04 18:15:00+00:00,93.07005859374999,-1,22,True,Overlap (12-16),Tuesday,13
2025-11-04 18:30:00+00:00,2025-11-04 18:45:00+00:00,-11.034921875,1,2,False,NY      (16-22),Tuesday,18
2025-11-04 19:00:00+00:00,2025-11-04 20:15:00+00:00,56.8450830078125,-1,6,True,NY      (16-22),Tuesday,19
2025-11-04 20:30:00+00:00,2025-11-05 03:45:00+00:00,72.61009765624999,1,30,True,NY      (16-22),Tuesday,20
2025-11-05 04:00:00+00:00,2025-11-05 12:00:00+00:00,6.114980468749998,-1,33,True,Asia    (00-07),Wednesday,4
2025-11-05 12:15:00+00:00,2025-11-05 23:00:00+00:00,51.94994140625,1,44,True,Overlap (12-16),Wednesday,12
2025-11-05 23:15:00+00:00,2025-11-06 00:00:00+00:00,4.5799462890625,-1,4,True,Off     (22-00),Wednesday,23
2025-11-06 00:15:00+00:00,2025-11-06 00:30:00+00:00,-9.645029296875,1,2,False,Asia    (00-07),Thursday,0
2025-11-06 00:45:00+00:00,2025-11-06 08:00:00+00:00,5.124990234375,-1,30,True,Asia    (00-07),Thursday,0
2025-11-06 08:15:00+00:00,2025-11-06 13:15:00+00:00,2.664907226562498,1,21,True,London  (07-12),Thursday,8
2025-11-06 13:30:00+00:00,2025-11-06 16:00:00+00:00,47.064931640625,-1,11,True,Overlap (12-16),Thursday,13
2025-11-06 16:15:00+00:00,2025-11-07 01:15:00+00:00,11.520009765624998,1,37,True,NY      (16-22),Thursday,16
2025-11-07 01:30:00+00:00,2025-11-07 01:30:00+00:00,12.26,-1,1,True,Asia    (00-07),Friday,1
2025-11-07 01:45:00+00:00,2025-11-07 08:45:00+00:00,22.259999999999998,1,29,True,Asia    (00-07),Friday,1
2025-11-07 09:00:00+00:00,2025-11-07 11:00:00+00:00,41.330068359375,-1,9,True,London  (07-12),Friday,9
2025-11-07 11:15:00+00:00,2025-11-08 05:15:00+00:00,93.11009765624999,1,73,True,London  (07-12),Friday,11
2025-11-08 05:30:00+00:00,2025-11-08 17:00:00+00:00,36.120107421875,-1,47,True,Asia    (00-07),Saturday,5
2025-11-08 17:15:00+00:00,2025-11-09 01:45:00+00:00,13.78001953125,1,35,True,NY      (16-22),Saturday,17
2025-11-09 02:00:00+00:00,2025-11-09 03:45:00+00:00,10.0699365234375,-1,8,True,Asia    (00-07),Sunday,2
2025-11-09 04:00:00+00:00,2025-11-10 00:45:00+00:00,127.59496093749999,1,84,True,Asia    (00-07),Sunday,4
2025-11-10 01:00:00+00:00,2025-11-10 01:45:00+00:00,0.5450341796874998,-1,4,True,Asia    (00-07),Monday,1
2025-11-10 02:00:00+00:00,2025-11-10 03:30:00+00:00,-0.09498046875000021,1,7,False,Asia    (00-07),Monday,2
2025-11-10 03:45:00+00:00,2025-11-10 09:00:00+00:00,19.109975585937498,-1,22,True,Asia    (00-07),Monday,3
2025-11-10 09:15:00+00:00,2025-11-10 11:30:00+00:00,11.7650048828125,1,10,True,London  (07-12),Monday,9
2025-11-10 11:45:00+00:00,2025-11-10 19:15:00+00:00,36.07494140625,-1,31,True,London  (07-12),Monday,11
2025-11-10 19:30:00+00:00,2025-11-11 04:00:00+00:00,21.454946289062498,1,35,True,NY      (16-22),Monday,19
2025-11-11 04:15:00+00:00,2025-11-11 08:00:00+00:00,15.060048828125,-1,16,True,Asia    (00-07),Tuesday,4
2025-11-11 08:15:00+00:00,2025-11-11 12:00:00+00:00,9.965078125,1,16,True,London  (07-12),Tuesday,8
2025-11-11 12:15:00+00:00,2025-11-11 15:00:00+00:00,38.8050439453125,-1,12,True,Overlap (12-16),Tuesday,12
2025-11-11 15:15:00+00:00,2025-11-11 15:45:00+00:00,-10.92994140625,1,3,False,Overlap (12-16),Tuesday,15
2025-11-11 16:00:00+00:00,2025-11-12 00:45:00+00:00,28.995107421874998,-1,36,True,NY      (16-22),Tuesday,16
2025-11-12 01:00:00+00:00,2025-11-12 05:30:00+00:00,13.695058593749998,1,19,True,Asia    (00-07),Wednesday,1
2025-11-12 05:45:00+00:00,2025-11-12 08:15:00+00:00,-7.05005859375,-1,11,False,Asia    (00-07),Wednesday,5
2025-11-12 08:30:00+00:00,2025-11-12 12:15:00+00:00,42.0499169921875,1,16,True,London  (07-12),Wednesday,8
2025-11-12 12:30:00+00:00,2025-11-12 15:45:00+00:00,57.9349267578125,-1,14,True,Overlap (12-16),Wednesday,12
2025-11-12 16:00:00+00:00,2025-11-12 16:45:00+00:00,-16.765024414062502,1,4,False,NY      (16-22),Wednesday,16
2025-11-12 17:00:00+00:00,2025-11-12 22:00:00+00:00,-1.049936523437502,-1,21,False,NY      (16-22),Wednesday,17
2025-11-12 22:15:00+00:00,2025-11-13 12:00:00+00:00,41.3550927734375,1,56,True,Off     (22-00),Wednesday,22
2025-11-13 12:15:00+00:00,2025-11-13 22:15:00+00:00,131.40501953125,-1,41,True,Overlap (12-16),Thursday,12
2025-11-13 22:30:00+00:00,2025-11-14 00:00:00+00:00,0.869985351562498,1,7,True,Off     (22-00),Thursday,22
2025-11-14 00:15:00+00:00,2025-11-14 13:15:00+00:00,56.93004394531249,-1,53,True,Asia    (00-07),Friday,0
2025-11-14 13:30:00+00:00,2025-11-14 14:30:00+00:00,46.07005859375,1,5,True,Overlap (12-16),Friday,13
2025-11-14 14:45:00+00:00,2025-11-15 09:30:00+00:00,17.320058593749998,-1,76,True,Overlap (12-16),Friday,14
2025-11-15 09:45:00+00:00,2025-11-15 10:30:00+00:00,0.7449853515624998,1,4,True,London  (07-12),Saturday,9
2025-11-15 10:45:00+00:00,2025-11-15 12:00:00+00:00,2.0399072265625,-1,6,True,London  (07-12),Saturday,10
2025-11-15 12:15:00+00:00,2025-11-15 20:00:00+00:00,17.629995117187498,1,32,True,Overlap (12-16),Saturday,12
2025-11-15 20:15:00+00:00,2025-11-16 02:00:00+00:00,18.890004882812498,-1,24,True,NY      (16-22),Saturday,20
2025-11-16 02:15:00+00:00,2025-11-16 09:30:00+00:00,29.739980468749998,1,30,True,Asia    (00-07),Sunday,2
2025-11-16 09:45:00+00:00,2025-11-16 11:30:00+00:00,25.614980468749998,-1,8,True,London  (07-12),Sunday,9
2025-11-16 11:45:00+00:00,2025-11-16 14:30:00+00:00,1.3849999999999998,1,12,True,London  (07-12),Sunday,11
2025-11-16 14:45:00+00:00,2025-11-16 16:45:00+00:00,53.0049951171875,-1,9,True,Overlap (12-16),Sunday,14
2025-11-16 17:00:00+00:00,2025-11-16 18:00:00+00:00,25.274892578124998,1,5,True,NY      (16-22),Sunday,17
2025-11-16 18:15:00+00:00,2025-11-16 21:00:00+00:00,20.029897460937498,-1,12,True,NY      (16-22),Sunday,18
2025-11-16 21:15:00+00:00,2025-11-17 12:00:00+00:00,57.27000976562499,1,60,True,NY      (16-22),Sunday,21
2025-11-17 12:15:00+00:00,2025-11-17 20:15:00+00:00,98.79503417968749,-1,33,True,Overlap (12-16),Monday,12
2025-11-17 20:30:00+00:00,2025-11-18 01:45:00+00:00,11.785024414062498,1,22,True,NY      (16-22),Monday,20
2025-11-18 02:00:00+00:00,2025-11-18 05:30:00+00:00,3.270009765624998,-1,15,True,Asia    (00-07),Tuesday,2
2025-11-18 05:45:00+00:00,2025-11-18 21:30:00+00:00,46.5899560546875,1,64,True,Asia    (00-07),Tuesday,5
2025-11-18 21:45:00+00:00,2025-11-19 05:15:00+00:00,36.6600244140625,-1,31,True,NY      (16-22),Tuesday,21
2025-11-19 05:30:00+00:00,2025-11-19 13:00:00+00:00,30.489980468749998,1,31,True,Asia    (00-07),Wednesday,5
2025-11-19 13:15:00+00:00,2025-11-20 00:45:00+00:00,33.8199365234375,-1,47,True,Overlap (12-16),Wednesday,13
2025-11-20 01:00:00+00:00,2025-11-20 09:30:00+00:00,-6.375009765625,1,35,False,Asia    (00-07),Thursday,1
2025-11-20 09:45:00+00:00,2025-11-21 03:45:00+00:00,98.67003417968749,-1,73,True,London  (07-12),Thursday,9
2025-11-21 04:00:00+00:00,2025-11-21 04:00:00+00:00,-2.7149755859375,1,1,False,Asia    (00-07),Friday,4
2025-11-21 04:15:00+00:00,2025-11-21 08:15:00+00:00,33.6750390625,-1,17,True,Asia    (00-07),Friday,4
2025-11-21 08:30:00+00:00,2025-11-23 04:45:00+00:00,43.19005371093749,1,178,True,London  (07-12),Friday,8
2025-11-23 05:00:00+00:00,2025-11-23 06:30:00+00:00,5.540029296875,-1,7,True,Asia    (00-07),Sunday,5
2025-11-23 06:45:00+00:00,2025-11-23 07:00:00+00:00,-6.2750341796875,1,2,False,Asia    (00-07),Sunday,6
2025-11-23 07:15:00+00:00,2025-11-23 09:30:00+00:00,-10.615,-1,10,False,London  (07-12),Sunday,7
2025-11-23 09:45:00+00:00,2025-11-23 16:00:00+00:00,3.185048828125,1,26,True,London  (07-12),Sunday,9
2025-11-23 16:15:00+00:00,2025-11-23 17:15:00+00:00,9.6750390625,-1,5,True,NY      (16-22),Sunday,16
2025-11-23 17:30:00+00:00,2025-11-23 18:30:00+00:00,0.5600488281249998,1,5,True,NY      (16-22),Sunday,17
2025-11-23 18:45:00+00:00,2025-11-23 18:45:00+00:00,-0.1750585937500002,-1,1,False,NY      (16-22),Sunday,18
2025-11-23 19:00:00+00:00,2025-11-23 23:15:00+00:00,-3.8250830078125,1,18,False,NY      (16-22),Sunday,19
2025-11-23 23:30:00+00:00,2025-11-24 01:45:00+00:00,-2.51001953125,-1,10,False,Off     (22-00),Sunday,23
2025-11-24 02:00:00+00:00,2025-11-24 04:30:00+00:00,8.290029296874998,1,11,True,Asia    (00-07),Monday,2
2025-11-24 04:45:00+00:00,2025-11-24 14:00:00+00:00,7.455068359374998,-1,38,True,Asia    (00-07),Monday,4
2025-11-24 14:15:00+00:00,2025-11-24 23:45:00+00:00,70.24498535156249,1,39,True,Overlap (12-16),Monday,14
2025-11-25 00:00:00+00:00,2025-11-25 00:00:00+00:00,4.429921875,-1,1,True,Asia    (00-07),Tuesday,0
2025-11-25 00:15:00+00:00,2025-11-25 01:00:00+00:00,1.1149804687499998,1,4,True,Asia    (00-07),Tuesday,0
2025-11-25 01:15:00+00:00,2025-11-25 12:45:00+00:00,7.315053710937498,-1,47,True,Asia    (00-07),Tuesday,1
2025-11-25 13:00:00+00:00,2025-11-25 18:15:00+00:00,8.685048828125,1,22,True,Overlap (12-16),Tuesday,13
2025-11-25 18:30:00+00:00,2025-11-25 18:45:00+00:00,10.1500146484375,-1,2,True,NY      (16-22),Tuesday,18
2025-11-25 19:00:00+00:00,2025-11-26 00:00:00+00:00,12.650014648437498,1,21,True,NY      (16-22),Tuesday,19
2025-11-26 00:15:00+00:00,2025-11-26 13:15:00+00:00,17.805043945312498,-1,53,True,Asia    (00-07),Wednesday,0
2025-11-26 13:30:00+00:00,2025-11-26 13:45:00+00:00,7.685048828125,1,2,True,Overlap (12-16),Wednesday,13
2025-11-26 14:00:00+00:00,2025-11-26 15:30:00+00:00,4.0250146484375,-1,7,True,Overlap (12-16),Wednesday,14
2025-11-26 15:45:00+00:00,2025-11-26 18:15:00+00:00,56.0650537109375,1,11,True,Overlap (12-16),Wednesday,15
2025-11-26 18:30:00+00:00,2025-11-26 18:30:00+00:00,8.1900537109375,-1,1,True,NY      (16-22),Wednesday,18
2025-11-26 18:45:00+00:00,2025-11-26 21:15:00+00:00,4.790029296875,1,11,True,NY      (16-22),Wednesday,18
2025-11-26 21:30:00+00:00,2025-11-27 18:00:00+00:00,2.2249658203125,-1,83,True,NY      (16-22),Wednesday,21
2025-11-27 18:15:00+00:00,2025-11-27 19:30:00+00:00,4.399892578125,1,6,True,NY      (16-22),Thursday,18
2025-11-27 19:45:00+00:00,2025-11-28 08:15:00+00:00,6.385,-1,51,True,NY      (16-22),Thursday,19
2025-11-28 08:30:00+00:00,2025-11-28 16:15:00+00:00,3.205068359374998,1,32,True,London  (07-12),Friday,8
2025-11-28 16:30:00+00:00,2025-11-28 22:45:00+00:00,-7.4950048828125,-1,26,False,NY      (16-22),Friday,16
2025-11-28 23:00:00+00:00,2025-11-28 23:15:00+00:00,-3.5749609375,1,2,False,Off     (22-00),Friday,23
2025-11-28 23:30:00+00:00,2025-11-29 03:45:00+00:00,4.8900048828125,-1,18,True,Off     (22-00),Friday,23
2025-11-29 04:00:00+00:00,2025-11-29 05:15:00+00:00,6.274892578125,1,6,True,Asia    (00-07),Saturday,4
2025-11-29 05:30:00+00:00,2025-11-29 07:15:00+00:00,13.28490234375,-1,8,True,Asia    (00-07),Saturday,5
2025-11-29 07:30:00+00:00,2025-11-29 08:15:00+00:00,-3.80005859375,1,4,False,London  (07-12),Saturday,7
2025-11-29 08:30:00+00:00,2025-11-29 12:00:00+00:00,2.959951171875,-1,15,True,London  (07-12),Saturday,8
2025-11-29 12:15:00+00:00,2025-11-29 16:30:00+00:00,0.8950097656249998,1,18,True,Overlap (12-16),Saturday,12
2025-11-29 16:45:00+00:00,2025-11-29 21:00:00+00:00,4.23998046875,-1,18,True,NY      (16-22),Saturday,16
2025-11-29 21:15:00+00:00,2025-11-30 00:15:00+00:00,1.3049218749999998,1,13,True,NY      (16-22),Saturday,21
2025-11-30 00:30:00+00:00,2025-11-30 01:45:00+00:00,-6.9950048828125,-1,6,False,Asia    (00-07),Sunday,0
2025-11-30 02:00:00+00:00,2025-11-30 02:15:00+00:00,-2.479990234375,1,2,False,Asia    (00-07),Sunday,2
2025-11-30 02:30:00+00:00,2025-11-30 02:45:00+00:00,4.5250146484375,-1,2,True,Asia    (00-07),Sunday,2
2025-11-30 03:00:00+00:00,2025-11-30 11:00:00+00:00,6.729970703125,1,33,True,Asia    (00-07),Sunday,3
2025-11-30 11:15:00+00:00,2025-11-30 12:15:00+00:00,-2.5750830078125,-1,5,False,London  (07-12),Sunday,11
2025-11-30 12:30:00+00:00,2025-11-30 20:30:00+00:00,6.3399560546875,1,33,True,Overlap (12-16),Sunday,12
2025-11-30 20:45:00+00:00,2025-11-30 23:30:00+00:00,11.4250390625,-1,12,True,NY      (16-22),Sunday,20
2025-11-30 23:45:00+00:00,2025-12-01 01:15:00+00:00,-78.62500976562501,1,7,False,Off     (22-00),Sunday,23
2025-12-01 01:30:00+00:00,2025-12-01 03:30:00+00:00,5.44994140625,-1,9,True,Asia    (00-07),Monday,1
2025-12-01 03:45:00+00:00,2025-12-01 10:45:00+00:00,3.895009765625,1,29,True,Asia    (00-07),Monday,3
2025-12-01 11:00:00+00:00,2025-12-01 11:00:00+00:00,0.2449853515624998,-1,1,True,London  (07-12),Monday,11
2025-12-01 11:15:00+00:00,2025-12-01 13:15:00+00:00,-10.05005859375,1,9,False,London  (07-12),Monday,11
2025-12-01 13:30:00+00:00,2025-12-01 13:30:00+00:00,4.169912109375,-1,1,True,Overlap (12-16),Monday,13
2025-12-01 13:45:00+00:00,2025-12-01 15:00:00+00:00,-7.0250341796875,1,6,False,Overlap (12-16),Monday,13
2025-12-01 15:15:00+00:00,2025-12-01 20:15:00+00:00,23.415029296874998,-1,21,True,Overlap (12-16),Monday,15
2025-12-01 20:30:00+00:00,2025-12-01 22:30:00+00:00,23.994985351562498,1,9,True,NY      (16-22),Monday,20
2025-12-01 22:45:00+00:00,2025-12-02 00:30:00+00:00,4.4549462890625,-1,8,True,Off     (22-00),Monday,22
2025-12-02 00:45:00+00:00,2025-12-02 21:45:00+00:00,101.07994628906249,1,85,True,Asia    (00-07),Tuesday,0
2025-12-02 22:00:00+00:00,2025-12-03 02:30:00+00:00,-19.849985351562502,-1,19,False,Off     (22-00),Tuesday,22
2025-12-03 02:45:00+00:00,2025-12-04 01:00:00+00:00,100.74999023437499,1,90,True,Asia    (00-07),Wednesday,2
2025-12-04 01:15:00+00:00,2025-12-04 02:15:00+00:00,9.23998046875,-1,5,True,Asia    (00-07),Thursday,1
2025-12-04 02:30:00+00:00,2025-12-04 03:15:00+00:00,-1.5699560546875002,1,4,False,Asia    (00-07),Thursday,2
2025-12-04 03:30:00+00:00,2025-12-04 13:00:00+00:00,22.955068359374998,-1,39,True,Asia    (00-07),Thursday,3
2025-12-04 13:15:00+00:00,2025-12-04 14:30:00+00:00,3.7850244140625,1,6,True,Overlap (12-16),Thursday,13
2025-12-04 14:45:00+00:00,2025-12-04 18:30:00+00:00,16.384999999999998,-1,16,True,Overlap (12-16),Thursday,14
2025-12-04 18:45:00+00:00,2025-12-05 08:00:00+00:00,9.280019531249998,1,54,True,NY      (16-22),Thursday,18
2025-12-05 08:15:00+00:00,2025-12-05 11:30:00+00:00,19.984975585937498,-1,14,True,London  (07-12),Friday,8
2025-12-05 11:45:00+00:00,2025-12-05 12:00:00+00:00,0.8599755859374998,1,2,True,London  (07-12),Friday,11
2025-12-05 12:15:00+00:00,2025-12-05 14:30:00+00:00,12.03001953125,-1,10,True,Overlap (12-16),Friday,12
2025-12-05 14:45:00+00:00,2025-12-05 15:30:00+00:00,15.970083007812498,1,4,True,Overlap (12-16),Friday,14
2025-12-05 15:45:00+00:00,2025-12-05 22:00:00+00:00,57.580068359375,-1,26,True,Overlap (12-16),Friday,15
2025-12-05 22:15:00+00:00,2025-12-06 04:45:00+00:00,9.82005859375,1,27,True,Off     (22-00),Friday,22
2025-12-06 05:00:00+00:00,2025-12-06 08:15:00+00:00,8.0049951171875,-1,14,True,Asia    (00-07),Saturday,5
2025-12-06 08:30:00+00:00,2025-12-06 16:00:00+00:00,14.765004882812498,1,31,True,London  (07-12),Saturday,8
2025-12-06 16:15:00+00:00,2025-12-06 21:00:00+00:00,3.080068359375,-1,20,True,NY      (16-22),Saturday,16
2025-12-06 21:15:00+00:00,2025-12-07 00:00:00+00:00,-4.854990234375,1,12,False,NY      (16-22),Saturday,21
2025-12-07 00:15:00+00:00,2025-12-07 02:15:00+00:00,-8.4849951171875,-1,9,False,Asia    (00-07),Sunday,0
2025-12-07 02:30:00+00:00,2025-12-07 05:45:00+00:00,-3.09498046875,1,14,False,Asia    (00-07),Sunday,2
2025-12-07 06:00:00+00:00,2025-12-07 15:30:00+00:00,33.6400048828125,-1,39,True,Asia    (00-07),Sunday,6
2025-12-07 15:45:00+00:00,2025-12-07 20:45:00+00:00,81.72496582031249,1,21,True,Overlap (12-16),Sunday,15
2025-12-07 21:00:00+00:00,2025-12-08 00:15:00+00:00,39.4449365234375,-1,14,True,NY      (16-22),Sunday,21
2025-12-08 00:30:00+00:00,2025-12-08 13:30:00+00:00,44.2549951171875,1,53,True,Asia    (00-07),Monday,0
2025-12-08 13:45:00+00:00,2025-12-08 20:30:00+00:00,8.525014648437498,-1,28,True,Overlap (12-16),Monday,13
2025-12-08 20:45:00+00:00,2025-12-09 04:15:00+00:00,-3.630014648437502,1,31,False,NY      (16-22),Monday,20
2025-12-09 04:30:00+00:00,2025-12-09 12:00:00+00:00,2.5150048828125,-1,31,True,Asia    (00-07),Tuesday,4
2025-12-09 12:15:00+00:00,2025-12-09 20:00:00+00:00,116.45494628906249,1,32,True,Overlap (12-16),Tuesday,12
2025-12-09 20:15:00+00:00,2025-12-09 22:15:00+00:00,17.994985351562498,-1,9,True,NY      (16-22),Tuesday,20
2025-12-09 22:30:00+00:00,2025-12-09 23:45:00+00:00,-0.1749365234375002,1,6,False,Off     (22-00),Tuesday,22
2025-12-10 00:00:00+00:00,2025-12-10 17:00:00+00:00,-22.615000000000002,-1,69,False,Asia    (00-07),Wednesday,0
2025-12-10 17:15:00+00:00,2025-12-10 20:00:00+00:00,39.15501953125,1,12,True,NY      (16-22),Wednesday,17
2025-12-10 20:15:00+00:00,2025-12-11 03:00:00+00:00,128.040029296875,-1,28,True,NY      (16-22),Wednesday,20
2025-12-11 03:15:00+00:00,2025-12-11 13:00:00+00:00,6.90501953125,1,40,True,Asia    (00-07),Thursday,3
2025-12-11 13:15:00+00:00,2025-12-11 15:30:00+00:00,12.0450341796875,-1,10,True,Overlap (12-16),Thursday,13
2025-12-11 15:45:00+00:00,2025-12-12 10:30:00+00:00,34.874990234375,1,76,True,Overlap (12-16),Thursday,15
2025-12-12 10:45:00+00:00,2025-12-12 20:00:00+00:00,85.34996582031249,-1,38,True,London  (07-12),Friday,10
2025-12-12 20:15:00+00:00,2025-12-13 15:00:00+00:00,22.015004882812498,1,76,True,NY      (16-22),Friday,20
2025-12-13 15:15:00+00:00,2025-12-13 18:45:00+00:00,5.76,-1,15,True,Overlap (12-16),Saturday,15
2025-12-13 19:00:00+00:00,2025-12-14 06:30:00+00:00,2.874990234375,1,47,True,NY      (16-22),Saturday,19
2025-12-14 06:45:00+00:00,2025-12-14 12:45:00+00:00,4.504995117187498,-1,25,True,Asia    (00-07),Sunday,6
2025-12-14 13:00:00+00:00,2025-12-14 20:00:00+00:00,-3.604990234375002,1,29,False,Overlap (12-16),Sunday,13
2025-12-14 20:15:00+00:00,2025-12-14 22:30:00+00:00,13.7000634765625,-1,10,True,NY      (16-22),Sunday,20
2025-12-14 22:45:00+00:00,2025-12-15 12:00:00+00:00,40.0850732421875,1,54,True,Off     (22-00),Sunday,22
2025-12-15 12:15:00+00:00,2025-12-15 14:30:00+00:00,10.6050927734375,-1,10,True,Overlap (12-16),Monday,12
2025-12-15 14:45:00+00:00,2025-12-15 15:45:00+00:00,-58.4549658203125,1,5,False,Overlap (12-16),Monday,14
2025-12-15 16:00:00+00:00,2025-12-15 21:00:00+00:00,41.3399560546875,-1,21,True,NY      (16-22),Monday,16
2025-12-15 21:15:00+00:00,2025-12-16 00:15:00+00:00,22.890004882812498,1,13,True,NY      (16-22),Monday,21
2025-12-16 00:30:00+00:00,2025-12-16 04:30:00+00:00,28.935048828124998,-1,17,True,Asia    (00-07),Tuesday,0
2025-12-16 04:45:00+00:00,2025-12-16 16:30:00+00:00,8.754995117187498,1,48,True,Asia    (00-07),Tuesday,4
2025-12-16 16:45:00+00:00,2025-12-16 18:00:00+00:00,-1.1700537109375002,-1,6,False,NY      (16-22),Tuesday,16
2025-12-16 18:15:00+00:00,2025-12-17 03:15:00+00:00,7.459951171875,1,37,True,NY      (16-22),Tuesday,18
2025-12-17 03:30:00+00:00,2025-12-17 04:30:00+00:00,7.479970703125,-1,5,True,Asia    (00-07),Wednesday,3
2025-12-17 04:45:00+00:00,2025-12-17 12:00:00+00:00,-0.8299658203125002,1,30,False,Asia    (00-07),Wednesday,4
2025-12-17 12:15:00+00:00,2025-12-18 04:00:00+00:00,47.7401025390625,-1,64,True,Overlap (12-16),Wednesday,12
2025-12-18 04:15:00+00:00,2025-12-18 16:00:00+00:00,55.07005859375,1,48,True,Asia    (00-07),Thursday,4
2025-12-18 16:15:00+00:00,2025-12-18 17:30:00+00:00,50.2850244140625,-1,6,True,NY      (16-22),Thursday,16
2025-12-18 17:45:00+00:00,2025-12-18 18:15:00+00:00,-3.5250341796875,1,3,False,NY      (16-22),Thursday,17
2025-12-18 18:30:00+00:00,2025-12-19 01:15:00+00:00,7.5599267578125,-1,28,True,NY      (16-22),Thursday,18
2025-12-19 01:30:00+00:00,2025-12-19 23:30:00+00:00,78.43004394531249,1,89,True,Asia    (00-07),Friday,1
2025-12-19 23:45:00+00:00,2025-12-20 11:00:00+00:00,0.3400781249999998,-1,46,True,Off     (22-00),Friday,23
2025-12-20 11:15:00+00:00,2025-12-20 14:00:00+00:00,-4.9649755859375,1,12,False,London  (07-12),Saturday,11
2025-12-20 14:15:00+00:00,2025-12-20 23:30:00+00:00,-3.814951171875,-1,38,False,Overlap (12-16),Saturday,14
2025-12-20 23:45:00+00:00,2025-12-21 00:00:00+00:00,-1.4049169921875002,1,2,False,Off     (22-00),Saturday,23
2025-12-21 00:15:00+00:00,2025-12-21 12:45:00+00:00,-9.13501953125,-1,51,False,Asia    (00-07),Sunday,0
2025-12-21 13:00:00+00:00,2025-12-21 15:00:00+00:00,-14.145029296875002,1,9,False,Overlap (12-16),Sunday,13
2025-12-21 15:15:00+00:00,2025-12-21 15:15:00+00:00,-1.8349707031250002,-1,1,False,Overlap (12-16),Sunday,15
2025-12-21 15:30:00+00:00,2025-12-21 19:15:00+00:00,10.0049951171875,1,16,True,Overlap (12-16),Sunday,15
2025-12-21 19:30:00+00:00,2025-12-21 21:45:00+00:00,6.1400048828125,-1,10,True,NY      (16-22),Sunday,19
2025-12-21 22:00:00+00:00,2025-12-22 00:15:00+00:00,25.515004882812498,1,10,True,Off     (22-00),Sunday,22
2025-12-22 00:30:00+00:00,2025-12-22 01:15:00+00:00,-5.1200048828125,-1,4,False,Asia    (00-07),Monday,0
2025-12-22 01:30:00+00:00,2025-12-22 13:15:00+00:00,11.51,1,48,True,Asia    (00-07),Monday,1
2025-12-22 13:30:00+00:00,2025-12-22 18:45:00+00:00,21.140004882812498,-1,22,True,Overlap (12-16),Monday,13
2025-12-22 19:00:00+00:00,2025-12-23 01:15:00+00:00,0.1400048828124998,1,26,True,NY      (16-22),Monday,19
2025-12-23 01:30:00+00:00,2025-12-23 16:30:00+00:00,31.405019531249998,-1,61,True,Asia    (00-07),Tuesday,1
2025-12-23 16:45:00+00:00,2025-12-23 19:00:00+00:00,-7.4050390625,1,10,False,NY      (16-22),Tuesday,16
2025-12-23 19:15:00+00:00,2025-12-23 19:30:00+00:00,-0.8000585937500002,-1,2,False,NY      (16-22),Tuesday,19
2025-12-23 19:45:00+00:00,2025-12-24 00:30:00+00:00,10.26,1,20,True,NY      (16-22),Tuesday,19
2025-12-24 00:45:00+00:00,2025-12-24 03:00:00+00:00,16.344960937499998,-1,10,True,Asia    (00-07),Wednesday,0
2025-12-24 03:15:00+00:00,2025-12-24 04:45:00+00:00,1.4649560546874998,1,7,True,Asia    (00-07),Wednesday,3
2025-12-24 05:00:00+00:00,2025-12-24 12:00:00+00:00,0.5350244140624998,-1,29,True,Asia    (00-07),Wednesday,5
2025-12-24 12:15:00+00:00,2025-12-25 11:00:00+00:00,-5.265024414062502,1,92,False,Overlap (12-16),Wednesday,12
2025-12-25 11:15:00+00:00,2025-12-25 14:15:00+00:00,-2.6600439453125,-1,13,False,London  (07-12),Thursday,11
2025-12-25 14:30:00+00:00,2025-12-25 21:30:00+00:00,10.03001953125,1,29,True,Overlap (12-16),Thursday,14
2025-12-25 21:45:00+00:00,2025-12-26 01:45:00+00:00,13.1199853515625,-1,17,True,NY      (16-22),Thursday,21
2025-12-26 02:00:00+00:00,2025-12-26 07:00:00+00:00,30.645009765624998,1,21,True,Asia    (00-07),Friday,2
2025-12-26 07:15:00+00:00,2025-12-26 08:15:00+00:00,8.205068359375,-1,5,True,London  (07-12),Friday,7
2025-12-26 08:30:00+00:00,2025-12-26 12:30:00+00:00,2.135,1,17,True,London  (07-12),Friday,8
2025-12-26 12:45:00+00:00,2025-12-26 18:00:00+00:00,21.410024414062498,-1,22,True,Overlap (12-16),Friday,12
2025-12-26 18:15:00+00:00,2025-12-27 12:00:00+00:00,0.1600244140624998,1,72,True,NY      (16-22),Friday,18
2025-12-27 12:15:00+00:00,2025-12-27 17:15:00+00:00,-0.7800390625000002,-1,21,False,Overlap (12-16),Saturday,12
2025-12-27 17:30:00+00:00,2025-12-28 00:15:00+00:00,6.520009765625,1,28,True,NY      (16-22),Saturday,17
2025-12-28 00:30:00+00:00,2025-12-28 10:00:00+00:00,-1.0749609375000002,-1,39,False,Asia    (00-07),Sunday,0
2025-12-28 10:15:00+00:00,2025-12-28 16:30:00+00:00,-1.4849951171875002,1,26,False,London  (07-12),Sunday,10
2025-12-28 16:45:00+00:00,2025-12-28 22:15:00+00:00,-1.3249609375000002,-1,23,False,NY      (16-22),Sunday,16
2025-12-28 22:30:00+00:00,2025-12-29 05:00:00+00:00,48.0550439453125,1,27,True,Off     (22-00),Sunday,22
2025-12-29 05:15:00+00:00,2025-12-29 19:45:00+00:00,52.5049951171875,-1,59,True,Asia    (00-07),Monday,5
2025-12-29 20:00:00+00:00,2025-12-30 05:30:00+00:00,0.8549707031249998,1,39,True,NY      (16-22),Monday,20
2025-12-30 05:45:00+00:00,2025-12-30 08:15:00+00:00,-21.099985351562502,-1,11,False,Asia    (00-07),Tuesday,5
2025-12-30 08:30:00+00:00,2025-12-30 15:45:00+00:00,4.2000634765625,1,30,True,London  (07-12),Tuesday,8
2025-12-30 16:00:00+00:00,2025-12-31 07:15:00+00:00,4.6900537109375,-1,62,True,NY      (16-22),Tuesday,16
2025-12-31 07:30:00+00:00,2025-12-31 12:45:00+00:00,3.4300439453125,1,22,True,London  (07-12),Wednesday,7
2025-12-31 13:00:00+00:00,2025-12-31 16:30:00+00:00,7.7850244140625,-1,15,True,Overlap (12-16),Wednesday,13
2025-12-31 16:45:00+00:00,2025-12-31 17:45:00+00:00,2.0450341796875,1,5,True,NY      (16-22),Wednesday,16
2025-12-31 18:00:00+00:00,2025-12-31 20:45:00+00:00,-2.439951171875,-1,12,False,NY      (16-22),Wednesday,18
2025-12-31 21:00:00+00:00,2025-12-31 22:15:00+00:00,1.5300195312499998,1,6,True,NY      (16-22),Wednesday,21
2025-12-31 22:30:00+00:00,2025-12-31 22:30:00+00:00,1.1700341796874998,-1,1,True,Off     (22-00),Wednesday,22
2025-12-31 22:45:00+00:00,2026-01-01 06:15:00+00:00,-1.0349218750000002,1,31,False,Off     (22-00),Wednesday,22
2026-01-01 06:30:00+00:00,2026-01-01 08:00:00+00:00,-3.104990234375,-1,7,False,Asia    (00-07),Thursday,6
2026-01-01 08:15:00+00:00,2026-01-02 07:00:00+00:00,22.415029296874998,1,92,True,London  (07-12),Thursday,8
2026-01-02 07:15:00+00:00,2026-01-02 07:45:00+00:00,3.5150048828125,-1,3,True,London  (07-12),Friday,7
2026-01-02 08:00:00+00:00,2026-01-03 02:00:00+00:00,49.3449609375,1,73,True,London  (07-12),Friday,8
2026-01-03 02:15:00+00:00,2026-01-03 05:15:00+00:00,2.270009765625,-1,13,True,Asia    (00-07),Saturday,2
2026-01-03 05:30:00+00:00,2026-01-03 13:15:00+00:00,-6.8199560546875,1,32,False,Asia    (00-07),Saturday,5
2026-01-03 13:30:00+00:00,2026-01-03 16:15:00+00:00,-2.284921875,-1,12,False,Overlap (12-16),Saturday,13
2026-01-03 16:30:00+00:00,2026-01-04 04:00:00+00:00,19.600087890624998,1,47,True,NY      (16-22),Saturday,16
2026-01-04 04:15:00+00:00,2026-01-04 18:30:00+00:00,4.385,-1,58,True,Asia    (00-07),Sunday,4
2026-01-04 18:45:00+00:00,2026-01-04 18:45:00+00:00,-1.8950292968750002,1,1,False,NY      (16-22),Sunday,18
2026-01-04 19:00:00+00:00,2026-01-04 21:30:00+00:00,-4.4050390625,-1,11,False,NY      (16-22),Sunday,19
2026-01-04 21:45:00+00:00,2026-01-04 22:00:00+00:00,-1.3650000000000002,1,2,False,NY      (16-22),Sunday,21
2026-01-04 22:15:00+00:00,2026-01-04 22:15:00+00:00,-2.59498046875,-1,1,False,Off     (22-00),Sunday,22
2026-01-04 22:30:00+00:00,2026-01-05 04:15:00+00:00,9.474965820312498,1,24,True,Off     (22-00),Sunday,22
2026-01-05 04:30:00+00:00,2026-01-05 09:00:00+00:00,2.685048828125,-1,19,True,Asia    (00-07),Monday,4
2026-01-05 09:15:00+00:00,2026-01-05 20:00:00+00:00,38.7850244140625,1,44,True,London  (07-12),Monday,9
2026-01-05 20:15:00+00:00,2026-01-06 00:00:00+00:00,7.614980468749998,-1,16,True,NY      (16-22),Monday,20
2026-01-06 00:15:00+00:00,2026-01-06 00:30:00+00:00,-7.7450048828125,1,2,False,Asia    (00-07),Tuesday,0
2026-01-06 00:45:00+00:00,2026-01-06 08:00:00+00:00,-9.910043945312502,-1,30,False,Asia    (00-07),Tuesday,0
2026-01-06 08:15:00+00:00,2026-01-06 16:00:00+00:00,20.699941406249998,1,32,True,London  (07-12),Tuesday,8
2026-01-06 16:15:00+00:00,2026-01-06 19:00:00+00:00,17.790029296874998,-1,12,True,NY      (16-22),Tuesday,16
2026-01-06 19:15:00+00:00,2026-01-06 19:45:00+00:00,-4.399912109375,1,3,False,NY      (16-22),Tuesday,19
2026-01-06 20:00:00+00:00,2026-01-06 20:15:00+00:00,-11.0299169921875,-1,2,False,NY      (16-22),Tuesday,20
2026-01-06 20:30:00+00:00,2026-01-07 00:00:00+00:00,20.780019531249998,1,15,True,NY      (16-22),Tuesday,20
2026-01-07 00:15:00+00:00,2026-01-07 02:15:00+00:00,15.8399560546875,-1,9,True,Asia    (00-07),Wednesday,0
2026-01-07 02:30:00+00:00,2026-01-07 04:45:00+00:00,0.3499658203124998,1,10,True,Asia    (00-07),Wednesday,2
2026-01-07 05:00:00+00:00,2026-01-07 20:15:00+00:00,58.44994140625,-1,62,True,Asia    (00-07),Wednesday,5
2026-01-07 20:30:00+00:00,2026-01-08 00:30:00+00:00,13.8499658203125,1,17,True,NY      (16-22),Wednesday,20
2026-01-08 00:45:00+00:00,2026-01-08 16:00:00+00:00,31.459951171874998,-1,62,True,Asia    (00-07),Thursday,0
2026-01-08 16:15:00+00:00,2026-01-08 21:45:00+00:00,7.3299462890625,1,23,True,NY      (16-22),Thursday,16
2026-01-08 22:00:00+00:00,2026-01-09 02:15:00+00:00,-2.17994140625,-1,18,False,Off     (22-00),Thursday,22
2026-01-09 02:30:00+00:00,2026-01-09 07:00:00+00:00,-2.2149755859375,1,19,False,Asia    (00-07),Friday,2
2026-01-09 07:15:00+00:00,2026-01-09 12:00:00+00:00,12.07494140625,-1,20,True,London  (07-12),Friday,7
2026-01-09 12:15:00+00:00,2026-01-09 14:15:00+00:00,0.4349267578124998,1,9,True,Overlap (12-16),Friday,12
2026-01-09 14:30:00+00:00,2026-01-09 20:30:00+00:00,6.26,-1,25,True,Overlap (12-16),Friday,14
2026-01-09 20:45:00+00:00,2026-01-10 02:15:00+00:00,4.4600732421875,1,23,True,NY      (16-22),Friday,20
2026-01-10 02:30:00+00:00,2026-01-10 04:30:00+00:00,1.1099755859374998,-1,9,True,Asia    (00-07),Saturday,2
2026-01-10 04:45:00+00:00,2026-01-10 17:30:00+00:00,3.624990234375,1,52,True,Asia    (00-07),Saturday,4
2026-01-10 17:45:00+00:00,2026-01-11 00:15:00+00:00,0.2900292968749998,-1,27,True,NY      (16-22),Saturday,17
2026-01-11 00:30:00+00:00,2026-01-11 07:00:00+00:00,-0.4200537109375002,1,27,False,Asia    (00-07),Sunday,0
2026-01-11 07:15:00+00:00,2026-01-11 08:00:00+00:00,-2.445078125,-1,4,False,London  (07-12),Sunday,7
2026-01-11 08:15:00+00:00,2026-01-11 20:00:00+00:00,6.224965820312498,1,48,True,London  (07-12),Sunday,8
2026-01-11 20:15:00+00:00,2026-01-11 23:00:00+00:00,-2.0300390625,-1,12,False,NY      (16-22),Sunday,20
2026-01-11 23:15:00+00:00,2026-01-12 05:15:00+00:00,24.369985351562498,1,25,True,Off     (22-00),Sunday,23
2026-01-12 05:30:00+00:00,2026-01-12 12:30:00+00:00,21.989980468749998,-1,29,True,Asia    (00-07),Monday,5
2026-01-12 12:45:00+00:00,2026-01-12 16:45:00+00:00,4.6548974609375,1,17,True,Overlap (12-16),Monday,12
2026-01-12 17:00:00+00:00,2026-01-12 19:15:00+00:00,7.044912109375,-1,10,True,NY      (16-22),Monday,17
2026-01-12 19:30:00+00:00,2026-01-12 20:15:00+00:00,-2.729990234375,1,4,False,NY      (16-22),Monday,19
2026-01-12 20:30:00+00:00,2026-01-13 04:45:00+00:00,-8.1099951171875,-1,34,False,NY      (16-22),Monday,20
2026-01-13 05:00:00+00:00,2026-01-13 07:00:00+00:00,1.5849511718749998,1,9,True,Asia    (00-07),Tuesday,5
2026-01-13 07:15:00+00:00,2026-01-13 08:00:00+00:00,-0.4849951171875002,-1,4,False,London  (07-12),Tuesday,7
2026-01-13 08:15:00+00:00,2026-01-14 04:15:00+00:00,106.98998046875,1,81,True,London  (07-12),Tuesday,8
2026-01-14 04:30:00+00:00,2026-01-14 11:45:00+00:00,27.234975585937498,-1,30,True,Asia    (00-07),Wednesday,4
2026-01-14 12:00:00+00:00,2026-01-14 19:15:00+00:00,49.82005859375,1,30,True,Overlap (12-16),Wednesday,12
2026-01-14 19:30:00+00:00,2026-01-14 19:45:00+00:00,9.2200830078125,-1,2,True,NY      (16-22),Wednesday,19
2026-01-14 20:00:00+00:00,2026-01-14 20:00:00+00:00,4.624990234375,1,1,True,NY      (16-22),Wednesday,20
2026-01-14 20:15:00+00:00,2026-01-15 15:30:00+00:00,24.979970703124998,-1,78,True,NY      (16-22),Wednesday,20
2026-01-15 15:45:00+00:00,2026-01-15 16:00:00+00:00,-7.42994140625,1,2,False,Overlap (12-16),Thursday,15
2026-01-15 16:15:00+00:00,2026-01-15 18:00:00+00:00,8.4300439453125,-1,8,True,NY      (16-22),Thursday,16
2026-01-15 18:15:00+00:00,2026-01-16 03:00:00+00:00,3.0150048828125,1,36,True,NY      (16-22),Thursday,18
2026-01-16 03:15:00+00:00,2026-01-16 05:00:00+00:00,4.1199853515625,-1,8,True,Asia    (00-07),Friday,3
2026-01-16 05:15:00+00:00,2026-01-16 08:00:00+00:00,10.4349267578125,1,12,True,Asia    (00-07),Friday,5
2026-01-16 08:15:00+00:00,2026-01-16 19:45:00+00:00,18.354970703124998,-1,47,True,London  (07-12),Friday,8
2026-01-16 20:00:00+00:00,2026-01-17 03:00:00+00:00,4.705068359375,1,29,True,NY      (16-22),Friday,20
2026-01-17 03:15:00+00:00,2026-01-17 04:00:00+00:00,-0.7849218750000002,-1,4,False,Asia    (00-07),Saturday,3
2026-01-17 04:15:00+00:00,2026-01-17 16:15:00+00:00,13.800039062499998,1,49,True,Asia    (00-07),Saturday,4
2026-01-17 16:30:00+00:00,2026-01-18 01:00:00+00:00,6.76,-1,35,True,NY      (16-22),Saturday,16
2026-01-18 01:15:00+00:00,2026-01-18 06:00:00+00:00,5.0500390625,1,20,True,Asia    (00-07),Sunday,1
2026-01-18 06:15:00+00:00,2026-01-18 08:30:00+00:00,-1.2600195312500002,-1,10,False,Asia    (00-07),Sunday,6
2026-01-18 08:45:00+00:00,2026-01-18 20:00:00+00:00,12.064931640624998,1,46,True,London  (07-12),Sunday,8
2026-01-18 20:15:00+00:00,2026-01-19 05:00:00+00:00,67.0999658203125,-1,36,True,NY      (16-22),Sunday,20
2026-01-19 05:15:00+00:00,2026-01-19 07:45:00+00:00,-1.0300390625000002,1,11,False,Asia    (00-07),Monday,5
2026-01-19 08:00:00+00:00,2026-01-19 08:00:00+00:00,2.3000390625,-1,1,True,London  (07-12),Monday,8
2026-01-19 08:15:00+00:00,2026-01-19 12:30:00+00:00,13.3250634765625,1,18,True,London  (07-12),Monday,8
2026-01-19 12:45:00+00:00,2026-01-19 16:00:00+00:00,4.6299951171875,-1,14,True,Overlap (12-16),Monday,12
2026-01-19 16:15:00+00:00,2026-01-19 20:00:00+00:00,0.1700341796874998,1,16,True,NY      (16-22),Monday,16
2026-01-19 20:15:00+00:00,2026-01-20 00:30:00+00:00,12.624990234374998,-1,18,True,NY      (16-22),Monday,20
2026-01-20 00:45:00+00:00,2026-01-20 04:00:00+00:00,-5.475107421875,1,14,False,Asia    (00-07),Tuesday,0
2026-01-20 04:15:00+00:00,2026-01-20 19:15:00+00:00,93.60497070312499,-1,61,True,Asia    (00-07),Tuesday,4
2026-01-20 19:30:00+00:00,2026-01-20 21:45:00+00:00,-1.8299658203125002,1,10,False,NY      (16-22),Tuesday,19
2026-01-20 22:00:00+00:00,2026-01-20 23:00:00+00:00,22.425039062499998,-1,5,True,Off     (22-00),Tuesday,22
2026-01-20 23:15:00+00:00,2026-01-21 11:30:00+00:00,8.354970703125,1,50,True,Off     (22-00),Tuesday,23
2026-01-21 11:45:00+00:00,2026-01-21 13:15:00+00:00,13.344960937499998,-1,7,True,London  (07-12),Wednesday,11
2026-01-21 13:30:00+00:00,2026-01-21 18:30:00+00:00,-14.329965820312502,1,21,False,Overlap (12-16),Wednesday,13
2026-01-21 18:45:00+00:00,2026-01-21 18:45:00+00:00,-11.169931640625,-1,1,False,NY      (16-22),Wednesday,18
2026-01-21 19:00:00+00:00,2026-01-21 22:15:00+00:00,44.3250634765625,1,14,True,NY      (16-22),Wednesday,19
2026-01-21 22:30:00+00:00,2026-01-21 23:45:00+00:00,16.890004882812498,-1,6,True,Off     (22-00),Wednesday,22
2026-01-22 00:00:00+00:00,2026-01-22 06:30:00+00:00,15.535024414062498,1,27,True,Asia    (00-07),Thursday,0
2026-01-22 06:45:00+00:00,2026-01-22 17:00:00+00:00,34.350087890625,-1,42,True,Asia    (00-07),Thursday,6
2026-01-22 17:15:00+00:00,2026-01-23 05:15:00+00:00,10.325063476562498,1,49,True,NY      (16-22),Thursday,17
2026-01-23 05:30:00+00:00,2026-01-23 10:00:00+00:00,20.075063476562498,-1,19,True,Asia    (00-07),Friday,5
2026-01-23 10:15:00+00:00,2026-01-24 15:15:00+00:00,16.955068359374998,1,117,True,London  (07-12),Friday,10
2026-01-24 15:30:00+00:00,2026-01-24 21:45:00+00:00,0.5500390624999998,-1,26,True,Overlap (12-16),Saturday,15
2026-01-24 22:00:00+00:00,2026-01-25 02:45:00+00:00,-4.7799169921875,1,20,False,Off     (22-00),Saturday,22
2026-01-25 03:00:00+00:00,2026-01-26 02:30:00+00:00,40.135,-1,95,True,Asia    (00-07),Sunday,3
2026-01-26 02:45:00+00:00,2026-01-26 08:45:00+00:00,19.594960937499998,1,25,True,Asia    (00-07),Monday,2
2026-01-26 09:00:00+00:00,2026-01-26 12:45:00+00:00,2.310048828125,-1,16,True,London  (07-12),Monday,9
2026-01-26 13:00:00+00:00,2026-01-27 04:30:00+00:00,17.749990234374998,1,63,True,Overlap (12-16),Monday,13
2026-01-27 04:45:00+00:00,2026-01-27 11:15:00+00:00,15.369985351562498,-1,27,True,Asia    (00-07),Tuesday,4
2026-01-27 11:30:00+00:00,2026-01-27 12:00:00+00:00,4.1800439453125,1,3,True,London  (07-12),Tuesday,11
2026-01-27 12:15:00+00:00,2026-01-27 12:45:00+00:00,-1.2349951171875002,-1,3,False,Overlap (12-16),Tuesday,12
2026-01-27 13:00:00+00:00,2026-01-28 00:15:00+00:00,50.8299462890625,1,46,True,Overlap (12-16),Tuesday,13
2026-01-28 00:30:00+00:00,2026-01-28 08:15:00+00:00,12.11498046875,-1,32,True,Asia    (00-07),Wednesday,0
2026-01-28 08:30:00+00:00,2026-01-28 12:30:00+00:00,14.4250390625,1,17,True,London  (07-12),Wednesday,8
2026-01-28 12:45:00+00:00,2026-01-29 06:00:00+00:00,34.885,-1,70,True,Overlap (12-16),Wednesday,12
2026-01-29 06:15:00+00:00,2026-01-29 12:45:00+00:00,-11.7149755859375,1,27,False,Asia    (00-07),Thursday,6
2026-01-29 13:00:00+00:00,2026-01-29 15:30:00+00:00,64.68004394531249,-1,11,True,Overlap (12-16),Thursday,13
2026-01-29 15:45:00+00:00,2026-01-29 15:45:00+00:00,8.6700341796875,1,1,True,Overlap (12-16),Thursday,15
2026-01-29 16:00:00+00:00,2026-01-30 08:00:00+00:00,36.9500634765625,-1,65,True,NY      (16-22),Thursday,16
2026-01-30 08:15:00+00:00,2026-01-30 12:30:00+00:00,-4.2149755859375,1,18,False,London  (07-12),Friday,8
2026-01-30 12:45:00+00:00,2026-01-30 16:00:00+00:00,0.2449853515624998,-1,14,True,Overlap (12-16),Friday,12
2026-01-30 16:15:00+00:00,2026-01-30 20:00:00+00:00,-10.944956054687502,1,16,False,NY      (16-22),Friday,16
2026-01-30 20:15:00+00:00,2026-02-01 00:30:00+00:00,132.2950341796875,-1,114,True,NY      (16-22),Friday,20
2026-02-01 00:45:00+00:00,2026-02-01 04:45:00+00:00,-3.395029296875,1,17,False,Asia    (00-07),Sunday,0
2026-02-01 05:00:00+00:00,2026-02-01 08:15:00+00:00,19.339956054687498,-1,14,True,Asia    (00-07),Sunday,5
2026-02-01 08:30:00+00:00,2026-02-01 12:00:00+00:00,-1.3399755859375002,1,15,False,London  (07-12),Sunday,8
2026-02-01 12:15:00+00:00,2026-02-01 15:30:00+00:00,50.19505859375,-1,14,True,Overlap (12-16),Sunday,12
2026-02-01 15:45:00+00:00,2026-02-01 15:45:00+00:00,4.4549462890625,1,1,True,Overlap (12-16),Sunday,15
2026-02-01 16:00:00+00:00,2026-02-01 18:45:00+00:00,-20.280039062500002,-1,12,False,NY      (16-22),Sunday,16
2026-02-01 19:00:00+00:00,2026-02-01 20:45:00+00:00,-19.794931640625002,1,8,False,NY      (16-22),Sunday,19
2026-02-01 21:00:00+00:00,2026-02-02 03:00:00+00:00,39.850087890625,-1,25,True,NY      (16-22),Sunday,21
2026-02-02 03:15:00+00:00,2026-02-02 03:45:00+00:00,1.180043945312498,1,3,True,Asia    (00-07),Monday,3
2026-02-02 04:00:00+00:00,2026-02-02 08:00:00+00:00,-4.660043945312502,-1,17,False,Asia    (00-07),Monday,4
2026-02-02 08:15:00+00:00,2026-02-02 16:15:00+00:00,68.23998046874999,1,33,True,London  (07-12),Monday,8
2026-02-02 16:30:00+00:00,2026-02-03 12:15:00+00:00,42.560048828125,-1,80,True,NY      (16-22),Monday,16
2026-02-03 12:30:00+00:00,2026-02-03 16:00:00+00:00,-10.964975585937502,1,15,False,Overlap (12-16),Tuesday,12
2026-02-03 16:15:00+00:00,2026-02-03 17:45:00+00:00,38.8399560546875,-1,7,True,NY      (16-22),Tuesday,16
2026-02-03 18:00:00+00:00,2026-02-03 18:00:00+00:00,-12.225107421875,1,1,False,NY      (16-22),Tuesday,18
2026-02-03 18:15:00+00:00,2026-02-03 18:15:00+00:00,16.734975585937498,-1,1,True,NY      (16-22),Tuesday,18
2026-02-03 18:30:00+00:00,2026-02-03 18:30:00+00:00,-7.5699560546875,1,1,False,NY      (16-22),Tuesday,18
2026-02-03 18:45:00+00:00,2026-02-03 20:45:00+00:00,-88.70496582031251,-1,9,False,NY      (16-22),Tuesday,18
2026-02-03 21:00:00+00:00,2026-02-03 23:00:00+00:00,-33.6749365234375,1,9,False,NY      (16-22),Tuesday,21
2026-02-03 23:15:00+00:00,2026-02-04 00:00:00+00:00,2.9000146484375,-1,4,True,Off     (22-00),Tuesday,23
2026-02-04 00:15:00+00:00,2026-02-04 08:45:00+00:00,24.219960937499998,1,35,True,Asia    (00-07),Wednesday,0
2026-02-04 09:00:00+00:00,2026-02-04 10:15:00+00:00,9.3799951171875,-1,6,True,London  (07-12),Wednesday,9
2026-02-04 10:30:00+00:00,2026-02-04 10:45:00+00:00,-0.11500000000000021,1,2,False,London  (07-12),Wednesday,10
2026-02-04 11:00:00+00:00,2026-02-04 16:00:00+00:00,55.749990234375,-1,21,True,London  (07-12),Wednesday,11
2026-02-04 16:15:00+00:00,2026-02-04 21:15:00+00:00,-3.025034179687502,1,21,False,NY      (16-22),Wednesday,16
2026-02-04 21:30:00+00:00,2026-02-05 08:00:00+00:00,17.405019531249998,-1,43,True,NY      (16-22),Wednesday,21
2026-02-05 08:15:00+00:00,2026-02-05 13:45:00+00:00,-24.870004882812502,1,23,False,London  (07-12),Thursday,8
2026-02-05 14:00:00+00:00,2026-02-05 16:00:00+00:00,50.5899560546875,-1,9,True,Overlap (12-16),Thursday,14
2026-02-05 16:15:00+00:00,2026-02-05 17:00:00+00:00,9.069997558593748,1,4,True,NY      (16-22),Thursday,16
2026-02-05 17:15:00+00:00,2026-02-06 00:15:00+00:00,91.40495849609374,-1,29,True,NY      (16-22),Thursday,17
2026-02-06 00:30:00+00:00,2026-02-06 23:30:00+00:00,135.794912109375,1,93,True,Asia    (00-07),Friday,0
2026-02-06 23:45:00+00:00,2026-02-07 01:45:00+00:00,-1.2700292968750002,-1,9,False,Off     (22-00),Friday,23
2026-02-07 02:00:00+00:00,2026-02-07 05:15:00+00:00,9.979970703124998,1,14,True,Asia    (00-07),Saturday,2
2026-02-07 05:30:00+00:00,2026-02-07 09:45:00+00:00,33.7249658203125,-1,18,True,Asia    (00-07),Saturday,5
2026-02-07 10:00:00+00:00,2026-02-08 03:00:00+00:00,33.415029296875,1,69,True,London  (07-12),Saturday,10
2026-02-08 03:15:00+00:00,2026-02-08 04:00:00+00:00,3.9300439453125,-1,4,True,Asia    (00-07),Sunday,3
2026-02-08 04:15:00+00:00,2026-02-08 20:45:00+00:00,13.095083007812498,1,67,True,Asia    (00-07),Sunday,4
2026-02-08 21:00:00+00:00,2026-02-09 02:15:00+00:00,13.480092773437498,-1,22,True,NY      (16-22),Sunday,21
2026-02-09 02:30:00+00:00,2026-02-09 04:45:00+00:00,6.36009765625,1,10,True,Asia    (00-07),Monday,2
2026-02-09 05:00:00+00:00,2026-02-09 12:30:00+00:00,24.280019531249998,-1,31,True,Asia    (00-07),Monday,5
2026-02-09 12:45:00+00:00,2026-02-09 21:45:00+00:00,40.2249658203125,1,37,True,Overlap (12-16),Monday,12
2026-02-09 22:00:00+00:00,2026-02-10 08:30:00+00:00,54.229970703125,-1,43,True,Off     (22-00),Monday,22
2026-02-10 08:45:00+00:00,2026-02-10 14:15:00+00:00,6.91496826171875,1,23,True,London  (07-12),Tuesday,8
2026-02-10 14:30:00+00:00,2026-02-10 20:30:00+00:00,4.08000732421875,-1,25,True,Overlap (12-16),Tuesday,14
2026-02-10 20:45:00+00:00,2026-02-11 01:45:00+00:00,2.499990234375,1,21,True,NY      (16-22),Tuesday,20
2026-02-11 02:00:00+00:00,2026-02-11 08:00:00+00:00,37.48998046875,-1,25,True,Asia    (00-07),Wednesday,2
2026-02-11 08:15:00+00:00,2026-02-11 13:30:00+00:00,2.95500732421875,1,22,True,London  (07-12),Wednesday,8
2026-02-11 13:45:00+00:00,2026-02-11 17:15:00+00:00,8.950002441406248,-1,15,True,Overlap (12-16),Wednesday,13
2026-02-11 17:30:00+00:00,2026-02-11 22:00:00+00:00,12.165029296874998,1,19,True,NY      (16-22),Wednesday,17
2026-02-11 22:15:00+00:00,2026-02-12 02:00:00+00:00,-1.1249487304687502,-1,16,False,Off     (22-00),Wednesday,22
2026-02-12 02:15:00+00:00,2026-02-12 12:30:00+00:00,9.36003662109375,1,42,True,Asia    (00-07),Thursday,2
2026-02-12 12:45:00+00:00,2026-02-12 16:45:00+00:00,34.30998779296875,-1,17,True,Overlap (12-16),Thursday,12
2026-02-12 17:00:00+00:00,2026-02-12 17:15:00+00:00,0.8399560546874998,1,2,True,NY      (16-22),Thursday,17
2026-02-12 17:30:00+00:00,2026-02-12 21:45:00+00:00,-6.32502197265625,-1,18,False,NY      (16-22),Thursday,17
2026-02-12 22:00:00+00:00,2026-02-13 04:00:00+00:00,11.7750146484375,1,25,True,Off     (22-00),Thursday,22
2026-02-13 04:15:00+00:00,2026-02-13 08:45:00+00:00,-5.9449560546875,-1,19,False,Asia    (00-07),Friday,4
2026-02-13 09:00:00+00:00,2026-02-13 21:45:00+00:00,45.0450341796875,1,52,True,London  (07-12),Friday,9
2026-02-13 22:00:00+00:00,2026-02-14 00:00:00+00:00,0.5649926757812498,-1,9,True,Off     (22-00),Friday,22
2026-02-14 00:15:00+00:00,2026-02-14 13:45:00+00:00,9.325002441406248,1,55,True,Asia    (00-07),Saturday,0
2026-02-14 14:00:00+00:00,2026-02-14 14:00:00+00:00,-3.46998046875,-1,1,False,Overlap (12-16),Saturday,14
2026-02-14 14:15:00+00:00,2026-02-14 15:00:00+00:00,1.9250390624999998,1,4,True,Overlap (12-16),Saturday,14
2026-02-14 15:15:00+00:00,2026-02-14 18:15:00+00:00,-2.3249609375,-1,13,False,Overlap (12-16),Saturday,15
2026-02-14 18:30:00+00:00,2026-02-14 21:15:00+00:00,-1.1200048828125002,1,12,False,NY      (16-22),Saturday,18
2026-02-14 21:30:00+00:00,2026-02-14 23:45:00+00:00,-3.415048828125,-1,10,False,NY      (16-22),Saturday,21
2026-02-15 00:00:00+00:00,2026-02-15 03:00:00+00:00,-17.050058593750002,1,13,False,Asia    (00-07),Sunday,0
2026-02-15 03:15:00+00:00,2026-02-15 03:30:00+00:00,4.749990234375,-1,2,True,Asia    (00-07),Sunday,3
2026-02-15 03:45:00+00:00,2026-02-15 08:00:00+00:00,18.520009765624998,1,18,True,Asia    (00-07),Sunday,3
2026-02-15 08:15:00+00:00,2026-02-15 19:30:00+00:00,72.29997802734374,-1,46,True,London  (07-12),Sunday,8
2026-02-15 19:45:00+00:00,2026-02-15 21:00:00+00:00,8.38994384765625,1,6,True,NY      (16-22),Sunday,19
2026-02-15 21:15:00+00:00,2026-02-16 04:30:00+00:00,-6.7950537109375,-1,30,False,NY      (16-22),Sunday,21
2026-02-16 04:45:00+00:00,2026-02-16 13:00:00+00:00,19.204946289062498,1,34,True,Asia    (00-07),Monday,4
2026-02-16 13:15:00+00:00,2026-02-16 15:30:00+00:00,26.619985351562498,-1,10,True,Overlap (12-16),Monday,13
2026-02-16 15:45:00+00:00,2026-02-17 00:00:00+00:00,21.559987792968748,1,34,True,Overlap (12-16),Monday,15
2026-02-17 00:15:00+00:00,2026-02-17 06:30:00+00:00,6.44499755859375,-1,26,True,Asia    (00-07),Tuesday,0
2026-02-17 06:45:00+00:00,2026-02-17 08:15:00+00:00,-1.0999853515625002,1,7,False,Asia    (00-07),Tuesday,6
2026-02-17 08:30:00+00:00,2026-02-17 12:45:00+00:00,4.6199853515625,-1,18,True,London  (07-12),Tuesday,8
2026-02-17 13:00:00+00:00,2026-02-17 22:45:00+00:00,9.59001708984375,1,40,True,Overlap (12-16),Tuesday,13
2026-02-17 23:00:00+00:00,2026-02-18 00:45:00+00:00,3.70000244140625,-1,8,True,Off     (22-00),Tuesday,23
2026-02-18 01:00:00+00:00,2026-02-18 09:30:00+00:00,17.864980468749998,1,35,True,Asia    (00-07),Wednesday,1
2026-02-18 09:45:00+00:00,2026-02-18 12:30:00+00:00,16.684987792968748,-1,12,True,London  (07-12),Wednesday,9
2026-02-18 12:45:00+00:00,2026-02-18 16:00:00+00:00,-10.16498779296875,1,14,False,Overlap (12-16),Wednesday,12
2026-02-18 16:15:00+00:00,2026-02-19 01:45:00+00:00,-1.7199804687500002,-1,39,False,NY      (16-22),Wednesday,16
2026-02-19 02:00:00+00:00,2026-02-19 08:00:00+00:00,2.68498779296875,1,25,True,Asia    (00-07),Thursday,2
2026-02-19 08:15:00+00:00,2026-02-19 16:30:00+00:00,22.809987792968748,-1,34,True,London  (07-12),Thursday,8
2026-02-19 16:45:00+00:00,2026-02-19 19:00:00+00:00,4.604970703125,1,10,True,NY      (16-22),Thursday,16
2026-02-19 19:15:00+00:00,2026-02-19 19:45:00+00:00,-2.68500732421875,-1,3,False,NY      (16-22),Thursday,19
2026-02-19 20:00:00+00:00,2026-02-20 08:00:00+00:00,7.87004638671875,1,49,True,NY      (16-22),Thursday,20
2026-02-20 08:15:00+00:00,2026-02-20 12:00:00+00:00,4.60503173828125,-1,16,True,London  (07-12),Friday,8
2026-02-20 12:15:00+00:00,2026-02-20 14:15:00+00:00,-6.40497802734375,1,9,False,Overlap (12-16),Friday,12
2026-02-20 14:30:00+00:00,2026-02-20 15:00:00+00:00,-5.439951171875,-1,3,False,Overlap (12-16),Friday,14
2026-02-20 15:15:00+00:00,2026-02-20 19:00:00+00:00,7.82005859375,1,16,True,Overlap (12-16),Friday,15
2026-02-20 19:15:00+00:00,2026-02-21 04:00:00+00:00,1.5200097656249998,-1,36,True,NY      (16-22),Friday,19
2026-02-21 04:15:00+00:00,2026-02-21 19:15:00+00:00,13.98998046875,1,61,True,Asia    (00-07),Saturday,4
2026-02-21 19:30:00+00:00,2026-02-22 09:00:00+00:00,6.93999267578125,-1,55,True,NY      (16-22),Saturday,19
2026-02-22 09:15:00+00:00,2026-02-22 13:00:00+00:00,-5.33503173828125,1,16,False,London  (07-12),Sunday,9
2026-02-22 13:15:00+00:00,2026-02-22 17:30:00+00:00,11.4849755859375,-1,18,True,Overlap (12-16),Sunday,13
2026-02-22 17:45:00+00:00,2026-02-22 18:00:00+00:00,-0.6699926757812502,1,2,False,NY      (16-22),Sunday,17
2026-02-22 18:15:00+00:00,2026-02-22 22:00:00+00:00,-4.7550146484375,-1,16,False,NY      (16-22),Sunday,18
2026-02-22 22:15:00+00:00,2026-02-23 00:00:00+00:00,1.1699731445312498,1,8,True,Off     (22-00),Sunday,22
2026-02-23 00:15:00+00:00,2026-02-23 04:45:00+00:00,44.66997314453125,-1,19,True,Asia    (00-07),Monday,0
2026-02-23 05:00:00+00:00,2026-02-23 05:00:00+00:00,-0.07502197265625021,1,1,False,Asia    (00-07),Monday,5
2026-02-23 05:15:00+00:00,2026-02-23 05:15:00+00:00,-3.66498779296875,-1,1,False,Asia    (00-07),Monday,5
2026-02-23 05:30:00+00:00,2026-02-23 12:45:00+00:00,23.830007324218748,1,30,True,Asia    (00-07),Monday,5
2026-02-23 13:00:00+00:00,2026-02-23 22:45:00+00:00,27.539968261718748,-1,40,True,Overlap (12-16),Monday,13
2026-02-23 23:00:00+00:00,2026-02-24 01:45:00+00:00,-11.98005126953125,1,12,False,Off     (22-00),Monday,23
2026-02-24 02:00:00+00:00,2026-02-24 04:15:00+00:00,3.36498046875,-1,10,True,Asia    (00-07),Tuesday,2
2026-02-24 04:30:00+00:00,2026-02-24 06:00:00+00:00,-4.65497802734375,1,7,False,Asia    (00-07),Tuesday,4
2026-02-24 06:15:00+00:00,2026-02-24 08:00:00+00:00,-2.54499267578125,-1,8,False,Asia    (00-07),Tuesday,6
2026-02-24 08:15:00+00:00,2026-02-25 23:15:00+00:00,119.79002929687499,1,157,True,London  (07-12),Tuesday,8
2026-02-25 23:30:00+00:00,2026-02-25 23:30:00+00:00,11.23003173828125,-1,1,True,Off     (22-00),Wednesday,23
2026-02-25 23:45:00+00:00,2026-02-26 02:15:00+00:00,-0.7299902343750002,1,11,False,Off     (22-00),Wednesday,23
2026-02-26 02:30:00+00:00,2026-02-26 16:30:00+00:00,14.46501708984375,-1,57,True,Asia    (00-07),Thursday,2
2026-02-26 16:45:00+00:00,2026-02-26 16:45:00+00:00,-16.464975585937502,1,1,False,NY      (16-22),Thursday,16
2026-02-26 17:00:00+00:00,2026-02-26 17:45:00+00:00,-4.80500244140625,-1,4,False,NY      (16-22),Thursday,17
2026-02-26 18:00:00+00:00,2026-02-27 05:00:00+00:00,26.544973144531248,1,45,True,NY      (16-22),Thursday,18
2026-02-27 05:15:00+00:00,2026-02-27 12:15:00+00:00,39.45500732421875,-1,29,True,Asia    (00-07),Friday,5
2026-02-27 12:30:00+00:00,2026-02-27 12:30:00+00:00,-5.4950048828125,1,1,False,Overlap (12-16),Friday,12
2026-02-27 12:45:00+00:00,2026-02-27 22:00:00+00:00,16.200002441406248,-1,38,True,Overlap (12-16),Friday,12
2026-02-27 22:15:00+00:00,2026-02-28 04:00:00+00:00,0.6000268554687498,1,24,True,Off     (22-00),Friday,22
2026-02-28 04:15:00+00:00,2026-02-28 08:30:00+00:00,31.095021972656248,-1,18,True,Asia    (00-07),Saturday,4
2026-02-28 08:45:00+00:00,2026-02-28 11:30:00+00:00,2.72502685546875,1,12,True,London  (07-12),Saturday,8
2026-02-28 11:45:00+00:00,2026-02-28 12:45:00+00:00,-2.42499755859375,-1,5,False,London  (07-12),Saturday,11
2026-02-28 13:00:00+00:00,2026-02-28 14:15:00+00:00,13.794973144531248,1,6,True,Overlap (12-16),Saturday,13
2026-02-28 14:30:00+00:00,2026-02-28 14:45:00+00:00,4.18498779296875,-1,2,True,Overlap (12-16),Saturday,14
2026-02-28 15:00:00+00:00,2026-03-01 04:45:00+00:00,61.4849755859375,1,56,True,Overlap (12-16),Saturday,15
2026-03-01 05:00:00+00:00,2026-03-01 13:00:00+00:00,15.799978027343748,-1,33,True,Asia    (00-07),Sunday,5
2026-03-01 13:15:00+00:00,2026-03-01 16:00:00+00:00,7.33501220703125,1,12,True,Overlap (12-16),Sunday,13
2026-03-01 16:15:00+00:00,2026-03-02 01:45:00+00:00,15.040029296874998,-1,39,True,NY      (16-22),Sunday,16
2026-03-02 02:00:00+00:00,2026-03-02 04:00:00+00:00,1.1550195312499998,1,9,True,Asia    (00-07),Monday,2
2026-03-02 04:15:00+00:00,2026-03-02 08:00:00+00:00,14.694997558593748,-1,16,True,Asia    (00-07),Monday,4
2026-03-02 08:15:00+00:00,2026-03-02 08:45:00+00:00,3.86498046875,1,3,True,London  (07-12),Monday,8
2026-03-02 09:00:00+00:00,2026-03-02 09:45:00+00:00,-1.7150366210937502,-1,4,False,London  (07-12),Monday,9
2026-03-02 10:00:00+00:00,2026-03-02 16:45:00+00:00,55.78001953125,1,28,True,London  (07-12),Monday,10
2026-03-02 17:00:00+00:00,2026-03-03 12:45:00+00:00,45.89006591796875,-1,80,True,NY      (16-22),Monday,17
2026-03-03 13:00:00+00:00,2026-03-03 18:30:00+00:00,10.22502685546875,1,23,True,Overlap (12-16),Tuesday,13
2026-03-03 18:45:00+00:00,2026-03-03 18:45:00+00:00,-0.08997558593750021,-1,1,False,NY      (16-22),Tuesday,18
2026-03-03 19:00:00+00:00,2026-03-03 20:45:00+00:00,-7.41999267578125,1,8,False,NY      (16-22),Tuesday,19
2026-03-03 21:00:00+00:00,2026-03-04 04:00:00+00:00,6.3499658203125,-1,29,True,NY      (16-22),Tuesday,21
2026-03-04 04:15:00+00:00,2026-03-04 20:00:00+00:00,101.33000732421874,1,64,True,Asia    (00-07),Wednesday,4
2026-03-04 20:15:00+00:00,2026-03-05 02:15:00+00:00,18.285024414062498,-1,25,True,NY      (16-22),Wednesday,20
2026-03-05 02:30:00+00:00,2026-03-05 05:00:00+00:00,2.53001953125,1,11,True,Asia    (00-07),Thursday,2
2026-03-05 05:15:00+00:00,2026-03-05 09:00:00+00:00,2.224965820312498,-1,16,True,Asia    (00-07),Thursday,5
2026-03-05 09:15:00+00:00,2026-03-05 13:00:00+00:00,-2.5550634765625,1,16,False,London  (07-12),Thursday,9
2026-03-05 13:15:00+00:00,2026-03-05 16:00:00+00:00,29.229970703124998,-1,12,True,Overlap (12-16),Thursday,13
2026-03-05 16:15:00+00:00,2026-03-05 16:15:00+00:00,1.8799951171874998,1,1,True,NY      (16-22),Thursday,16
2026-03-05 16:30:00+00:00,2026-03-05 20:00:00+00:00,-6.51001953125,-1,15,False,NY      (16-22),Thursday,16
2026-03-05 20:15:00+00:00,2026-03-05 22:30:00+00:00,-1.6500341796875002,1,10,False,NY      (16-22),Thursday,20
2026-03-05 22:45:00+00:00,2026-03-06 21:00:00+00:00,48.46001220703125,-1,90,True,Off     (22-00),Thursday,22
2026-03-06 21:15:00+00:00,2026-03-06 22:15:00+00:00,-1.0499975585937502,1,5,False,NY      (16-22),Friday,21
2026-03-06 22:30:00+00:00,2026-03-07 01:15:00+00:00,-0.4749853515625002,-1,12,False,Off     (22-00),Friday,22
2026-03-07 01:30:00+00:00,2026-03-07 15:15:00+00:00,-0.5949804687500002,1,56,False,Asia    (00-07),Saturday,1
2026-03-07 15:30:00+00:00,2026-03-07 21:00:00+00:00,5.04997802734375,-1,23,True,Overlap (12-16),Saturday,15
2026-03-07 21:15:00+00:00,2026-03-07 22:30:00+00:00,-3.68500732421875,1,6,False,NY      (16-22),Saturday,21
2026-03-07 22:45:00+00:00,2026-03-08 02:45:00+00:00,9.10002685546875,-1,17,True,Off     (22-00),Saturday,22
2026-03-08 03:00:00+00:00,2026-03-08 12:45:00+00:00,-0.5149633789062502,1,40,False,Asia    (00-07),Sunday,3
2026-03-08 13:00:00+00:00,2026-03-08 13:00:00+00:00,4.2650048828125,-1,1,True,Overlap (12-16),Sunday,13
2026-03-08 13:15:00+00:00,2026-03-08 14:45:00+00:00,3.8799951171875,1,7,True,Overlap (12-16),Sunday,13
2026-03-08 15:00:00+00:00,2026-03-08 16:30:00+00:00,0.5750024414062498,-1,7,True,Overlap (12-16),Sunday,15
2026-03-08 16:45:00+00:00,2026-03-08 23:15:00+00:00,3.53496337890625,1,27,True,NY      (16-22),Sunday,16
2026-03-08 23:30:00+00:00,2026-03-09 01:45:00+00:00,0.2299707031249998,-1,10,True,Off     (22-00),Sunday,23
2026-03-09 02:00:00+00:00,2026-03-09 20:00:00+00:00,40.56999755859375,1,73,True,Asia    (00-07),Monday,2
2026-03-09 20:15:00+00:00,2026-03-10 00:30:00+00:00,4.455007324218748,-1,18,True,NY      (16-22),Monday,20
2026-03-10 00:45:00+00:00,2026-03-10 16:30:00+00:00,30.915029296874998,1,64,True,Asia    (00-07),Tuesday,0
2026-03-10 16:45:00+00:00,2026-03-11 08:15:00+00:00,34.61003662109375,-1,63,True,NY      (16-22),Tuesday,16
2026-03-11 08:30:00+00:00,2026-03-11 11:00:00+00:00,8.4100244140625,1,11,True,London  (07-12),Wednesday,8
2026-03-11 11:15:00+00:00,2026-03-11 12:00:00+00:00,3.83000732421875,-1,4,True,London  (07-12),Wednesday,11
2026-03-11 12:15:00+00:00,2026-03-11 20:00:00+00:00,21.915029296874998,1,32,True,Overlap (12-16),Wednesday,12
2026-03-11 20:15:00+00:00,2026-03-12 08:15:00+00:00,9.605031738281248,-1,49,True,NY      (16-22),Wednesday,20
2026-03-12 08:30:00+00:00,2026-03-12 14:00:00+00:00,15.30498291015625,1,23,True,London  (07-12),Thursday,8
2026-03-12 14:15:00+00:00,2026-03-12 14:15:00+00:00,8.3399560546875,-1,1,True,Overlap (12-16),Thursday,14
2026-03-12 14:30:00+00:00,2026-03-12 15:30:00+00:00,5.2950341796875,1,5,True,Overlap (12-16),Thursday,14
2026-03-12 15:45:00+00:00,2026-03-13 00:30:00+00:00,-28.784921875000002,-1,36,False,Overlap (12-16),Thursday,15
2026-03-13 00:45:00+00:00,2026-03-13 05:30:00+00:00,-9.4249365234375,1,20,False,Asia    (00-07),Friday,0
2026-03-13 05:45:00+00:00,2026-03-13 09:30:00+00:00,-0.3349707031250002,-1,16,False,Asia    (00-07),Friday,5
2026-03-13 09:45:00+00:00,2026-03-13 11:45:00+00:00,3.7549951171875,1,9,True,London  (07-12),Friday,9
2026-03-13 12:00:00+00:00,2026-03-13 13:15:00+00:00,-33.479990234375,-1,6,False,Overlap (12-16),Friday,12
2026-03-13 13:30:00+00:00,2026-03-13 14:00:00+00:00,2.6600244140625,1,3,True,Overlap (12-16),Friday,13
2026-03-13 14:15:00+00:00,2026-03-13 17:45:00+00:00,42.7850244140625,-1,15,True,Overlap (12-16),Friday,14
2026-03-13 18:00:00+00:00,2026-03-14 01:15:00+00:00,-7.604990234375,1,30,False,NY      (16-22),Friday,18
2026-03-14 01:30:00+00:00,2026-03-14 02:00:00+00:00,-3.1300146484375,-1,3,False,Asia    (00-07),Saturday,1
2026-03-14 02:15:00+00:00,2026-03-14 05:15:00+00:00,-3.2249853515625,1,13,False,Asia    (00-07),Saturday,2
2026-03-14 05:30:00+00:00,2026-03-14 15:30:00+00:00,6.9250390625,-1,41,True,Asia    (00-07),Saturday,5
2026-03-14 15:45:00+00:00,2026-03-15 00:00:00+00:00,7.6600244140625,1,34,True,Overlap (12-16),Saturday,15
2026-03-15 00:15:00+00:00,2026-03-15 04:45:00+00:00,-7.76001953125,-1,19,False,Asia    (00-07),Sunday,0
2026-03-15 05:00:00+00:00,2026-03-15 11:45:00+00:00,5.1548974609375,1,28,True,Asia    (00-07),Sunday,5
2026-03-15 12:00:00+00:00,2026-03-15 14:15:00+00:00,10.794912109375,-1,10,True,Overlap (12-16),Sunday,12
2026-03-15 14:30:00+00:00,2026-03-15 14:30:00+00:00,-2.9050390625,1,1,False,Overlap (12-16),Sunday,14
2026-03-15 14:45:00+00:00,2026-03-15 15:00:00+00:00,-3.2750341796875,-1,2,False,Overlap (12-16),Sunday,14
2026-03-15 15:15:00+00:00,2026-03-16 02:45:00+00:00,40.854970703125,1,47,True,Overlap (12-16),Sunday,15
2026-03-16 03:00:00+00:00,2026-03-16 09:00:00+00:00,-35.2850439453125,-1,25,False,Asia    (00-07),Monday,3
2026-03-16 09:15:00+00:00,2026-03-16 14:00:00+00:00,23.309926757812498,1,20,True,London  (07-12),Monday,9
2026-03-16 14:15:00+00:00,2026-03-16 15:45:00+00:00,9.4100244140625,-1,7,True,Overlap (12-16),Monday,14
2026-03-16 16:00:00+00:00,2026-03-16 22:00:00+00:00,48.915029296875,1,25,True,NY      (16-22),Monday,16
2026-03-16 22:15:00+00:00,2026-03-17 06:00:00+00:00,28.150014648437498,-1,32,True,Off     (22-00),Monday,22
2026-03-17 06:15:00+00:00,2026-03-17 08:30:00+00:00,5.455068359375,1,10,True,Asia    (00-07),Tuesday,6
2026-03-17 08:45:00+00:00,2026-03-17 17:15:00+00:00,-1.4399511718750002,-1,35,False,London  (07-12),Tuesday,8
2026-03-17 17:30:00+00:00,2026-03-17 18:15:00+00:00,-0.6500341796875002,1,4,False,NY      (16-22),Tuesday,17
2026-03-17 18:30:00+00:00,2026-03-18 00:30:00+00:00,6.669912109375,-1,25,True,NY      (16-22),Tuesday,18
2026-03-18 00:45:00+00:00,2026-03-18 05:00:00+00:00,5.19994140625,1,18,True,Asia    (00-07),Wednesday,0
2026-03-18 05:15:00+00:00,2026-03-18 15:00:00+00:00,71.90001464843749,-1,40,True,Asia    (00-07),Wednesday,5
2026-03-18 15:15:00+00:00,2026-03-19 04:00:00+00:00,7.494985351562498,1,52,True,Overlap (12-16),Wednesday,15
2026-03-19 04:15:00+00:00,2026-03-19 09:00:00+00:00,16.099965820312498,-1,20,True,Asia    (00-07),Thursday,4
2026-03-19 09:15:00+00:00,2026-03-19 13:15:00+00:00,-19.400034179687502,1,17,False,London  (07-12),Thursday,9
2026-03-19 13:30:00+00:00,2026-03-19 16:45:00+00:00,5.0298974609375,-1,14,True,Overlap (12-16),Thursday,13
2026-03-19 17:00:00+00:00,2026-03-20 05:00:00+00:00,15.469960937499998,1,49,True,NY      (16-22),Thursday,17
2026-03-20 05:15:00+00:00,2026-03-20 13:45:00+00:00,9.32005859375,-1,35,True,Asia    (00-07),Friday,5
2026-03-20 14:00:00+00:00,2026-03-21 16:15:00+00:00,8.1800439453125,1,106,True,Overlap (12-16),Friday,14
2026-03-21 16:30:00+00:00,2026-03-21 17:45:00+00:00,-2.4050390625,-1,6,False,NY      (16-22),Saturday,16
2026-03-21 18:00:00+00:00,2026-03-21 21:45:00+00:00,0.07994628906249979,1,16,True,NY      (16-22),Saturday,18
2026-03-21 22:00:00+00:00,2026-03-22 01:00:00+00:00,30.109975585937498,-1,13,True,Off     (22-00),Saturday,22
2026-03-22 01:15:00+00:00,2026-03-22 04:30:00+00:00,11.790029296875,1,14,True,Asia    (00-07),Sunday,1
2026-03-22 04:45:00+00:00,2026-03-22 12:15:00+00:00,13.729970703124998,-1,31,True,Asia    (00-07),Sunday,4
2026-03-22 12:30:00+00:00,2026-03-22 16:45:00+00:00,-3.7550146484375,1,18,False,Overlap (12-16),Sunday,12
2026-03-22 17:00:00+00:00,2026-03-23 01:30:00+00:00,11.115102539062498,-1,35,True,NY      (16-22),Sunday,17
2026-03-23 01:45:00+00:00,2026-03-23 12:45:00+00:00,42.205068359375,1,45,True,Asia    (00-07),Monday,1
2026-03-23 13:00:00+00:00,2026-03-23 18:15:00+00:00,-3.500009765625,-1,22,False,Overlap (12-16),Monday,13
2026-03-23 18:30:00+00:00,2026-03-23 20:45:00+00:00,5.1099755859375,1,10,True,NY      (16-22),Monday,18
2026-03-23 21:00:00+00:00,2026-03-24 04:15:00+00:00,8.0150048828125,-1,30,True,NY      (16-22),Monday,21
2026-03-24 04:30:00+00:00,2026-03-24 12:00:00+00:00,10.69505859375,1,31,True,Asia    (00-07),Tuesday,4
2026-03-24 12:15:00+00:00,2026-03-24 17:30:00+00:00,28.749990234374998,-1,22,True,Overlap (12-16),Tuesday,12
2026-03-24 17:45:00+00:00,2026-03-24 19:00:00+00:00,8.189931640625,1,6,True,NY      (16-22),Tuesday,17
2026-03-24 19:15:00+00:00,2026-03-24 20:15:00+00:00,-10.5150244140625,-1,5,False,NY      (16-22),Tuesday,19
2026-03-24 20:30:00+00:00,2026-03-25 12:00:00+00:00,22.055043945312498,1,63,True,NY      (16-22),Tuesday,20
2026-03-25 12:15:00+00:00,2026-03-26 12:00:00+00:00,57.0500390625,-1,96,True,Overlap (12-16),Wednesday,12
2026-03-26 12:15:00+00:00,2026-03-26 16:00:00+00:00,-3.4200537109375,1,16,False,Overlap (12-16),Thursday,12
2026-03-26 16:15:00+00:00,2026-03-26 19:15:00+00:00,11.39494873046875,-1,13,True,NY      (16-22),Thursday,16
2026-03-26 19:30:00+00:00,2026-03-27 08:00:00+00:00,8.11504150390625,1,51,True,NY      (16-22),Thursday,19
2026-03-27 08:15:00+00:00,2026-03-27 12:00:00+00:00,33.61504150390625,-1,16,True,London  (07-12),Friday,8
2026-03-27 12:15:00+00:00,2026-03-28 19:45:00+00:00,12.210012207031248,1,127,True,Overlap (12-16),Friday,12
2026-03-28 20:00:00+00:00,2026-03-29 16:00:00+00:00,11.1400048828125,-1,81,True,NY      (16-22),Saturday,20
2026-03-29 16:15:00+00:00,2026-03-29 22:00:00+00:00,-2.96503662109375,1,24,False,NY      (16-22),Sunday,16
2026-03-29 22:15:00+00:00,2026-03-29 22:45:00+00:00,6.68999267578125,-1,3,True,Off     (22-00),Sunday,22
2026-03-29 23:00:00+00:00,2026-03-29 23:30:00+00:00,3.4100244140625,1,3,True,Off     (22-00),Sunday,23
2026-03-29 23:45:00+00:00,2026-03-30 00:00:00+00:00,-1.4049780273437502,-1,2,False,Off     (22-00),Sunday,23
2026-03-30 00:15:00+00:00,2026-03-30 01:00:00+00:00,6.29997802734375,1,4,True,Asia    (00-07),Monday,0
2026-03-30 01:15:00+00:00,2026-03-30 01:45:00+00:00,-7.10505126953125,-1,3,False,Asia    (00-07),Monday,1
2026-03-30 02:00:00+00:00,2026-03-30 16:00:00+00:00,26.634938964843748,1,57,True,Asia    (00-07),Monday,2
2026-03-30 16:15:00+00:00,2026-03-30 19:00:00+00:00,22.284963378906248,-1,12,True,NY      (16-22),Monday,16
2026-03-30 19:15:00+00:00,2026-03-30 20:00:00+00:00,0.4550073242187498,1,4,True,NY      (16-22),Monday,19
2026-03-30 20:15:00+00:00,2026-03-30 21:15:00+00:00,-10.9649755859375,-1,5,False,NY      (16-22),Monday,20
2026-03-30 21:30:00+00:00,2026-03-31 06:00:00+00:00,6.0550439453125,1,35,True,NY      (16-22),Monday,21
2026-03-31 06:15:00+00:00,2026-03-31 09:45:00+00:00,17.855031738281248,-1,15,True,Asia    (00-07),Tuesday,6
2026-03-31 10:00:00+00:00,2026-04-01 01:45:00+00:00,34.79997802734375,1,64,True,London  (07-12),Tuesday,10
2026-04-01 02:00:00+00:00,2026-04-01 04:00:00+00:00,-6.9300634765625,-1,9,False,Asia    (00-07),Wednesday,2
2026-04-01 04:15:00+00:00,2026-04-01 12:15:00+00:00,13.020009765624998,1,33,True,Asia    (00-07),Wednesday,4
2026-04-01 12:30:00+00:00,2026-04-01 13:30:00+00:00,5.770009765625,-1,5,True,Overlap (12-16),Wednesday,12
2026-04-01 13:45:00+00:00,2026-04-01 14:00:00+00:00,0.1349999999999998,1,2,True,Overlap (12-16),Wednesday,13
2026-04-01 14:15:00+00:00,2026-04-01 14:45:00+00:00,-5.104990234375,-1,3,False,Overlap (12-16),Wednesday,14
2026-04-01 15:00:00+00:00,2026-04-01 17:00:00+00:00,10.3799951171875,1,9,True,Overlap (12-16),Wednesday,15
2026-04-01 17:15:00+00:00,2026-04-01 19:00:00+00:00,8.3599755859375,-1,8,True,NY      (16-22),Wednesday,17
2026-04-01 19:15:00+00:00,2026-04-01 19:45:00+00:00,2.7999169921875,1,3,True,NY      (16-22),Wednesday,19
2026-04-01 20:00:00+00:00,2026-04-02 12:15:00+00:00,52.66496826171875,-1,66,True,NY      (16-22),Wednesday,20
2026-04-02 12:30:00+00:00,2026-04-03 00:15:00+00:00,9.475026855468748,1,48,True,Overlap (12-16),Thursday,12
2026-04-03 00:30:00+00:00,2026-04-03 02:30:00+00:00,3.0350244140625,-1,9,True,Asia    (00-07),Friday,0
2026-04-03 02:45:00+00:00,2026-04-03 10:45:00+00:00,5.459951171875,1,33,True,Asia    (00-07),Friday,2
2026-04-03 11:00:00+00:00,2026-04-03 16:15:00+00:00,-0.3900244140625002,-1,22,False,London  (07-12),Friday,11
2026-04-03 16:30:00+00:00,2026-04-04 00:15:00+00:00,-4.2149755859375,1,32,False,NY      (16-22),Friday,16
2026-04-04 00:30:00+00:00,2026-04-04 01:15:00+00:00,-1.5100195312500002,-1,4,False,Asia    (00-07),Saturday,0
2026-04-04 01:30:00+00:00,2026-04-04 08:00:00+00:00,-0.6400244140625002,1,27,False,Asia    (00-07),Saturday,1
2026-04-04 08:15:00+00:00,2026-04-04 13:45:00+00:00,-2.290048828125,-1,23,False,London  (07-12),Saturday,8
2026-04-04 14:00:00+00:00,2026-04-04 22:45:00+00:00,5.28490234375,1,36,True,Overlap (12-16),Saturday,14
2026-04-04 23:00:00+00:00,2026-04-05 02:00:00+00:00,4.7899072265625,-1,13,True,Off     (22-00),Saturday,23
2026-04-05 02:15:00+00:00,2026-04-05 03:45:00+00:00,-1.4600927734375002,1,7,False,Asia    (00-07),Sunday,2
2026-04-05 04:00:00+00:00,2026-04-05 08:00:00+00:00,6.689931640625,-1,17,True,Asia    (00-07),Sunday,4
2026-04-05 08:15:00+00:00,2026-04-06 16:00:00+00:00,61.6600244140625,1,128,True,London  (07-12),Sunday,8
2026-04-06 16:15:00+00:00,2026-04-07 02:15:00+00:00,27.720083007812498,-1,41,True,NY      (16-22),Monday,16
2026-04-07 02:30:00+00:00,2026-04-07 04:30:00+00:00,1.0800683593749998,1,9,True,Asia    (00-07),Tuesday,2
2026-04-07 04:45:00+00:00,2026-04-07 16:15:00+00:00,11.805043945312498,-1,47,True,Asia    (00-07),Tuesday,4
2026-04-07 16:30:00+00:00,2026-04-08 01:45:00+00:00,72.18504882812499,1,38,True,NY      (16-22),Tuesday,16
2026-04-08 02:00:00+00:00,2026-04-08 11:45:00+00:00,-9.0749609375,-1,40,False,Asia    (00-07),Wednesday,2
2026-04-08 12:00:00+00:00,2026-04-08 12:00:00+00:00,0.8900048828124998,1,1,True,Overlap (12-16),Wednesday,12
2026-04-08 12:15:00+00:00,2026-04-09 03:30:00+00:00,35.51,-1,62,True,Overlap (12-16),Wednesday,12
2026-04-09 03:45:00+00:00,2026-04-09 09:45:00+00:00,5.584951171875,1,25,True,Asia    (00-07),Thursday,3
2026-04-09 10:00:00+00:00,2026-04-09 12:00:00+00:00,3.98998046875,-1,9,True,London  (07-12),Thursday,10
2026-04-09 12:15:00+00:00,2026-04-09 16:45:00+00:00,11.0850732421875,1,19,True,Overlap (12-16),Thursday,12
2026-04-09 17:00:00+00:00,2026-04-10 00:00:00+00:00,7.4000146484375,-1,29,True,NY      (16-22),Thursday,17
2026-04-10 00:15:00+00:00,2026-04-10 01:30:00+00:00,2.9849755859375,1,6,True,Asia    (00-07),Friday,0
2026-04-10 01:45:00+00:00,2026-04-10 04:00:00+00:00,3.540029296875,-1,10,True,Asia    (00-07),Friday,1
2026-04-10 04:15:00+00:00,2026-04-10 05:15:00+00:00,4.6400048828125,1,5,True,Asia    (00-07),Friday,4
2026-04-10 05:30:00+00:00,2026-04-10 08:15:00+00:00,6.415029296875,-1,12,True,Asia    (00-07),Friday,5
2026-04-10 08:30:00+00:00,2026-04-10 21:00:00+00:00,28.685048828124998,1,51,True,London  (07-12),Friday,8
2026-04-10 21:15:00+00:00,2026-04-10 22:30:00+00:00,0.09996582031249979,-1,6,True,NY      (16-22),Friday,21
2026-04-10 22:45:00+00:00,2026-04-11 01:30:00+00:00,-2.2850439453125,1,12,False,Off     (22-00),Friday,22
2026-04-11 01:45:00+00:00,2026-04-11 09:00:00+00:00,0.6450097656249998,-1,30,True,Asia    (00-07),Saturday,1
2026-04-11 09:15:00+00:00,2026-04-11 20:15:00+00:00,31.440053710937498,1,45,True,London  (07-12),Saturday,9
2026-04-11 20:30:00+00:00,2026-04-12 04:45:00+00:00,42.9600732421875,-1,34,True,NY      (16-22),Saturday,20
2026-04-12 05:00:00+00:00,2026-04-12 08:00:00+00:00,-0.5599462890625002,1,13,False,Asia    (00-07),Sunday,5
2026-04-12 08:15:00+00:00,2026-04-12 17:00:00+00:00,11.624990234375,-1,36,True,London  (07-12),Sunday,8
2026-04-12 17:15:00+00:00,2026-04-12 21:45:00+00:00,9.2349755859375,1,19,True,NY      (16-22),Sunday,17
2026-04-12 22:00:00+00:00,2026-04-13 08:00:00+00:00,11.2199609375,-1,41,True,Off     (22-00),Sunday,22
2026-04-13 08:15:00+00:00,2026-04-14 10:00:00+00:00,98.07494140624999,1,104,True,London  (07-12),Monday,8
2026-04-14 10:15:00+00:00,2026-04-14 11:30:00+00:00,3.9549462890625,-1,6,True,London  (07-12),Tuesday,10
2026-04-14 11:45:00+00:00,2026-04-14 12:30:00+00:00,-3.0750830078125,1,4,False,London  (07-12),Tuesday,11
2026-04-14 12:45:00+00:00,2026-04-14 19:00:00+00:00,24.114980468749998,-1,26,True,Overlap (12-16),Tuesday,12
2026-04-14 19:15:00+00:00,2026-04-15 04:15:00+00:00,3.5550439453125,1,37,True,NY      (16-22),Tuesday,19
2026-04-15 04:30:00+00:00,2026-04-15 07:15:00+00:00,5.1099755859375,-1,12,True,Asia    (00-07),Wednesday,4
2026-04-15 07:30:00+00:00,2026-04-15 15:15:00+00:00,8.44994140625,1,32,True,London  (07-12),Wednesday,7
2026-04-15 15:30:00+00:00,2026-04-15 16:45:00+00:00,-5.0050146484375,-1,6,False,Overlap (12-16),Wednesday,15
2026-04-15 17:00:00+00:00,2026-04-15 20:30:00+00:00,5.8000390625,1,15,True,NY      (16-22),Wednesday,17
2026-04-15 20:45:00+00:00,2026-04-16 08:45:00+00:00,6.984975585937498,-1,49,True,NY      (16-22),Wednesday,20
2026-04-16 09:00:00+00:00,2026-04-16 09:00:00+00:00,-0.2251074218750002,1,1,False,London  (07-12),Thursday,9
2026-04-16 09:15:00+00:00,2026-04-16 14:15:00+00:00,21.844960937499998,-1,21,True,London  (07-12),Thursday,9
2026-04-16 14:30:00+00:00,2026-04-16 20:15:00+00:00,25.675039062499998,1,24,True,Overlap (12-16),Thursday,14
2026-04-16 20:30:00+00:00,2026-04-17 01:15:00+00:00,6.340078125,-1,20,True,NY      (16-22),Thursday,20
2026-04-17 01:30:00+00:00,2026-04-17 01:45:00+00:00,-1.6200048828125002,1,2,False,Asia    (00-07),Friday,1
2026-04-17 02:00:00+00:00,2026-04-17 08:00:00+00:00,-3.0550634765625,-1,25,False,Asia    (00-07),Friday,2
2026-04-17 08:15:00+00:00,2026-04-17 18:45:00+00:00,39.249990234375,1,43,True,London  (07-12),Friday,8
2026-04-17 19:00:00+00:00,2026-04-18 07:45:00+00:00,5.6500146484375,-1,52,True,NY      (16-22),Friday,19
2026-04-18 08:00:00+00:00,2026-04-18 11:15:00+00:00,-26.155039062500002,1,14,False,London  (07-12),Saturday,8
2026-04-18 11:30:00+00:00,2026-04-18 20:30:00+00:00,-0.4100439453125002,-1,37,False,London  (07-12),Saturday,11
2026-04-18 20:45:00+00:00,2026-04-19 01:30:00+00:00,-6.1600439453125,1,20,False,NY      (16-22),Saturday,20
2026-04-19 01:45:00+00:00,2026-04-19 08:45:00+00:00,10.604970703125,-1,29,True,Asia    (00-07),Sunday,1
2026-04-19 09:00:00+00:00,2026-04-19 16:00:00+00:00,1.0850732421874998,1,29,True,London  (07-12),Sunday,9
2026-04-19 16:15:00+00:00,2026-04-20 00:00:00+00:00,25.825063476562498,-1,32,True,NY      (16-22),Sunday,16
2026-04-20 00:15:00+00:00,2026-04-20 20:15:00+00:00,28.504995117187498,1,81,True,Asia    (00-07),Monday,0
2026-04-20 20:30:00+00:00,2026-04-21 04:00:00+00:00,10.0499169921875,-1,31,True,NY      (16-22),Monday,20
2026-04-21 04:15:00+00:00,2026-04-21 14:00:00+00:00,-2.4400732421875,1,40,False,Asia    (00-07),Tuesday,4
2026-04-21 14:15:00+00:00,2026-04-21 15:00:00+00:00,-2.0050146484375,-1,4,False,Overlap (12-16),Tuesday,14
2026-04-21 15:15:00+00:00,2026-04-21 16:00:00+00:00,2.48998046875,1,4,True,Overlap (12-16),Tuesday,15
2026-04-21 16:15:00+00:00,2026-04-21 21:45:00+00:00,-1.1650488281250002,-1,23,False,NY      (16-22),Tuesday,16
2026-04-21 22:00:00+00:00,2026-04-22 14:15:00+00:00,46.9000146484375,1,66,True,Off     (22-00),Tuesday,22
2026-04-22 14:30:00+00:00,2026-04-22 16:15:00+00:00,6.19505859375,-1,8,True,Overlap (12-16),Wednesday,14
2026-04-22 16:30:00+00:00,2026-04-22 17:15:00+00:00,-3.4249365234375,1,4,False,NY      (16-22),Wednesday,16
2026-04-22 17:30:00+00:00,2026-04-23 03:30:00+00:00,24.374990234374998,-1,41,True,NY      (16-22),Wednesday,17
2026-04-23 03:45:00+00:00,2026-04-23 03:45:00+00:00,-1.2700292968750002,1,1,False,Asia    (00-07),Thursday,3
2026-04-23 04:00:00+00:00,2026-04-23 06:30:00+00:00,-8.834970703125,-1,11,False,Asia    (00-07),Thursday,4
2026-04-23 06:45:00+00:00,2026-04-23 09:45:00+00:00,-21.115000000000002,1,13,False,Asia    (00-07),Thursday,6
2026-04-23 10:00:00+00:00,2026-04-23 13:15:00+00:00,-5.9649755859375,-1,14,False,London  (07-12),Thursday,10
2026-04-23 13:30:00+00:00,2026-04-23 15:15:00+00:00,2.0450341796875,1,8,True,Overlap (12-16),Thursday,13
2026-04-23 15:30:00+00:00,2026-04-23 20:00:00+00:00,3.209951171875,-1,19,True,Overlap (12-16),Thursday,15
2026-04-23 20:15:00+00:00,2026-04-24 01:45:00+00:00,3.4949853515625,1,23,True,NY      (16-22),Thursday,20
2026-04-24 02:00:00+00:00,2026-04-24 05:30:00+00:00,9.385,-1,15,True,Asia    (00-07),Friday,2
2026-04-24 05:45:00+00:00,2026-04-24 13:15:00+00:00,4.6949365234375,1,31,True,Asia    (00-07),Friday,5
2026-04-24 13:30:00+00:00,2026-04-24 15:15:00+00:00,3.165029296875,-1,8,True,Overlap (12-16),Friday,13
2026-04-24 15:30:00+00:00,2026-04-24 16:00:00+00:00,-0.10499023437500021,1,3,False,Overlap (12-16),Friday,15
2026-04-24 16:15:00+00:00,2026-04-25 00:30:00+00:00,-0.8300878906250002,-1,34,False,NY      (16-22),Friday,16
2026-04-25 00:45:00+00:00,2026-04-25 04:00:00+00:00,0.09496093749999979,1,14,True,Asia    (00-07),Saturday,0
2026-04-25 04:15:00+00:00,2026-04-25 11:45:00+00:00,0.07506347656249979,-1,31,True,Asia    (00-07),Saturday,4
2026-04-25 12:00:00+00:00,2026-04-25 12:00:00+00:00,-1.5349218750000002,1,1,False,Overlap (12-16),Saturday,12
2026-04-25 12:15:00+00:00,2026-04-25 18:45:00+00:00,-0.4900000000000002,-1,27,False,Overlap (12-16),Saturday,12
2026-04-25 19:00:00+00:00,2026-04-25 23:00:00+00:00,1.2149560546874998,1,17,True,NY      (16-22),Saturday,19
2026-04-25 23:15:00+00:00,2026-04-26 04:15:00+00:00,1.5649316406249998,-1,21,True,Off     (22-00),Saturday,23
2026-04-26 04:30:00+00:00,2026-04-27 06:15:00+00:00,5.07494140625,1,104,True,Asia    (00-07),Sunday,4
2026-04-27 06:30:00+00:00,2026-04-27 11:45:00+00:00,0.3050439453124998,-1,22,True,Asia    (00-07),Monday,6
2026-04-27 12:00:00+00:00,2026-04-27 12:15:00+00:00,-4.49,1,2,False,Overlap (12-16),Monday,12
2026-04-27 12:30:00+00:00,2026-04-27 17:15:00+00:00,11.694936523437498,-1,20,True,Overlap (12-16),Monday,12
2026-04-27 17:30:00+00:00,2026-04-28 01:00:00+00:00,7.2650048828125,1,31,True,NY      (16-22),Monday,17
2026-04-28 01:15:00+00:00,2026-04-28 07:00:00+00:00,14.040029296875,-1,24,True,Asia    (00-07),Tuesday,1
2026-04-28 07:15:00+00:00,2026-04-28 08:15:00+00:00,5.6299951171875,1,5,True,London  (07-12),Tuesday,7
2026-04-28 08:30:00+00:00,2026-04-28 15:45:00+00:00,2.9849755859375,-1,30,True,London  (07-12),Tuesday,8
2026-04-28 16:00:00+00:00,2026-04-28 20:00:00+00:00,7.8449609375,1,17,True,NY      (16-22),Tuesday,16
2026-04-28 20:15:00+00:00,2026-04-28 22:30:00+00:00,4.1400048828125,-1,10,True,NY      (16-22),Tuesday,20
2026-04-28 22:45:00+00:00,2026-04-29 12:00:00+00:00,14.195058593749998,1,54,True,Off     (22-00),Tuesday,22
2026-04-29 12:15:00+00:00,2026-04-29 13:30:00+00:00,10.479970703125,-1,6,True,Overlap (12-16),Wednesday,12
2026-04-29 13:45:00+00:00,2026-04-29 15:00:00+00:00,-6.99,1,6,False,Overlap (12-16),Wednesday,13
2026-04-29 15:15:00+00:00,2026-04-29 15:45:00+00:00,4.0550439453125,-1,3,True,Overlap (12-16),Wednesday,15
2026-04-29 16:00:00+00:00,2026-04-29 16:15:00+00:00,-1.8499853515625002,1,2,False,NY      (16-22),Wednesday,16
2026-04-29 16:30:00+00:00,2026-04-29 18:30:00+00:00,22.295034179687498,-1,9,True,NY      (16-22),Wednesday,16
2026-04-29 18:45:00+00:00,2026-04-30 09:15:00+00:00,18.140004882812498,1,59,True,NY      (16-22),Wednesday,18
2026-04-30 09:30:00+00:00,2026-04-30 10:45:00+00:00,-0.7550146484375002,-1,6,False,London  (07-12),Thursday,9
2026-04-30 11:00:00+00:00,2026-04-30 22:00:00+00:00,-4.0599462890625,1,45,False,London  (07-12),Thursday,11
2026-04-30 22:15:00+00:00,2026-05-01 08:30:00+00:00,-15.539926757812502,-1,42,False,Off     (22-00),Thursday,22
2026-05-01 08:45:00+00:00,2026-05-01 18:30:00+00:00,7.705068359375,1,40,True,London  (07-12),Friday,8
2026-05-01 18:45:00+00:00,2026-05-02 01:00:00+00:00,0.7599999999999998,-1,26,True,NY      (16-22),Friday,18
2026-05-02 01:15:00+00:00,2026-05-02 04:30:00+00:00,-1.1650488281250002,1,14,False,Asia    (00-07),Saturday,1
2026-05-02 04:45:00+00:00,2026-05-02 08:30:00+00:00,-3.750009765625,-1,16,False,Asia    (00-07),Saturday,4
2026-05-02 08:45:00+00:00,2026-05-03 00:45:00+00:00,2.4849755859375,1,65,True,London  (07-12),Saturday,8
2026-05-03 01:00:00+00:00,2026-05-03 10:00:00+00:00,-2.334970703125,-1,37,False,Asia    (00-07),Sunday,1
2026-05-03 10:15:00+00:00,2026-05-03 20:00:00+00:00,7.4700830078125,1,40,True,London  (07-12),Sunday,10
2026-05-03 20:15:00+00:00,2026-05-03 21:30:00+00:00,4.26,-1,6,True,NY      (16-22),Sunday,20
2026-05-03 21:45:00+00:00,2026-05-03 22:15:00+00:00,6.794912109375,1,3,True,NY      (16-22),Sunday,21
2026-05-03 22:30:00+00:00,2026-05-04 01:00:00+00:00,8.36498046875,-1,11,True,Off     (22-00),Sunday,22
2026-05-04 01:15:00+00:00,2026-05-04 05:30:00+00:00,29.200063476562498,1,18,True,Asia    (00-07),Monday,1
2026-05-04 05:45:00+00:00,2026-05-04 12:00:00+00:00,18.840078124999998,-1,26,True,Asia    (00-07),Monday,5
2026-05-04 12:15:00+00:00,2026-05-04 15:15:00+00:00,2.9000146484375,1,13,True,Overlap (12-16),Monday,12
2026-05-04 15:30:00+00:00,2026-05-04 19:15:00+00:00,-6.7750341796875,-1,16,False,Overlap (12-16),Monday,15
2026-05-04 19:30:00+00:00,2026-05-04 20:15:00+00:00,-4.750009765625,1,4,False,NY      (16-22),Monday,19
2026-05-04 20:30:00+00:00,2026-05-05 00:00:00+00:00,-1.8800146484375002,-1,15,False,NY      (16-22),Monday,20
2026-05-05 00:15:00+00:00,2026-05-05 05:15:00+00:00,14.36498046875,1,21,True,Asia    (00-07),Tuesday,0
2026-05-05 05:30:00+00:00,2026-05-05 06:15:00+00:00,4.40501953125,-1,4,True,Asia    (00-07),Tuesday,5
2026-05-05 06:30:00+00:00,2026-05-05 08:00:00+00:00,3.9250390625,1,7,True,Asia    (00-07),Tuesday,6
2026-05-05 08:15:00+00:00,2026-05-06 01:15:00+00:00,4.520009765625,-1,69,True,London  (07-12),Tuesday,8
2026-05-06 01:30:00+00:00,2026-05-06 04:15:00+00:00,-1.0350439453125002,1,12,False,Asia    (00-07),Wednesday,1
2026-05-06 04:30:00+00:00,2026-05-06 08:00:00+00:00,-4.2800390625,-1,15,False,Asia    (00-07),Wednesday,4
2026-05-06 08:15:00+00:00,2026-05-06 12:15:00+00:00,14.1199853515625,1,17,True,London  (07-12),Wednesday,8
2026-05-06 12:30:00+00:00,2026-05-06 14:00:00+00:00,23.265004882812498,-1,7,True,Overlap (12-16),Wednesday,12
2026-05-06 14:15:00+00:00,2026-05-06 17:00:00+00:00,-1.8449804687500002,1,12,False,Overlap (12-16),Wednesday,14
2026-05-06 17:15:00+00:00,2026-05-07 02:30:00+00:00,18.499990234374998,-1,38,True,NY      (16-22),Wednesday,17
2026-05-07 02:45:00+00:00,2026-05-07 09:15:00+00:00,4.3399560546875,1,27,True,Asia    (00-07),Thursday,2
2026-05-07 09:30:00+00:00,2026-05-07 16:15:00+00:00,14.424916992187498,-1,28,True,London  (07-12),Thursday,9
2026-05-07 16:30:00+00:00,2026-05-07 20:00:00+00:00,-3.6600439453125,1,15,False,NY      (16-22),Thursday,16
2026-05-07 20:15:00+00:00,2026-05-07 22:30:00+00:00,3.2000634765625,-1,10,True,NY      (16-22),Thursday,20
2026-05-07 22:45:00+00:00,2026-05-08 00:15:00+00:00,0.9300439453124998,1,7,True,Off     (22-00),Thursday,22
2026-05-08 00:30:00+00:00,2026-05-08 06:30:00+00:00,4.8799951171875,-1,25,True,Asia    (00-07),Friday,0
2026-05-08 06:45:00+00:00,2026-05-08 13:30:00+00:00,-4.3499853515625,1,28,False,Asia    (00-07),Friday,6
2026-05-08 13:45:00+00:00,2026-05-08 14:30:00+00:00,-10.4349462890625,-1,4,False,Overlap (12-16),Friday,13
2026-05-08 14:45:00+00:00,2026-05-08 22:15:00+00:00,10.11009765625,1,31,True,Overlap (12-16),Friday,14
2026-05-08 22:30:00+00:00,2026-05-08 23:45:00+00:00,0.5300195312499998,-1,6,True,Off     (22-00),Friday,22
