entry_time,exit_time,pnl_usd,position,n_bars,won,session,dow,hour
2024-01-20 03:00:00+00:00,2024-01-20 05:30:00+00:00,0.37585937499999744,-1,11,True,Asia    (00-07),Saturday,3
2024-01-20 05:45:00+00:00,2024-01-20 06:30:00+00:00,37.92078125,1,4,True,Asia    (00-07),Saturday,5
2024-01-20 06:45:00+00:00,2024-01-20 10:30:00+00:00,58.774296875,-1,16,True,Asia    (00-07),Saturday,6
2024-01-20 10:45:00+00:00,2024-01-20 13:30:00+00:00,32.0340625,1,12,True,London  (07-12),Saturday,10
2024-01-20 13:45:00+00:00,2024-01-20 17:15:00+00:00,10.250859374999997,-1,15,True,Overlap (12-16),Saturday,13
2024-01-20 17:30:00+00:00,2024-01-21 03:00:00+00:00,40.645390625000005,1,39,True,NY      (16-22),Saturday,17
2024-01-21 03:15:00+00:00,2024-01-21 06:45:00+00:00,38.104375,-1,15,True,Asia    (00-07),Sunday,3
2024-01-21 07:00:00+00:00,2024-01-21 11:00:00+00:00,82.649296875,1,17,True,London  (07-12),Sunday,7
2024-01-21 11:15:00+00:00,2024-01-21 13:00:00+00:00,-19.520625000000003,-1,8,False,London  (07-12),Sunday,11
2024-01-21 13:15:00+00:00,2024-01-21 14:00:00+00:00,16.295781249999997,1,4,True,Overlap (12-16),Sunday,13
2024-01-21 14:15:00+00:00,2024-01-21 17:15:00+00:00,75.17078125,-1,13,True,Overlap (12-16),Sunday,14
2024-01-21 17:30:00+00:00,2024-01-21 20:00:00+00:00,9.905156249999997,1,11,True,NY      (16-22),Sunday,17
2024-01-21 20:15:00+00:00,2024-01-21 21:00:00+00:00,8.895390624999997,-1,4,True,NY      (16-22),Sunday,20
2024-01-21 21:15:00+00:00,2024-01-21 22:00:00+00:00,16.184453124999997,1,4,True,NY      (16-22),Sunday,21
2024-01-21 22:15:00+00:00,2024-01-22 00:00:00+00:00,42.703984375000005,-1,8,True,Off     (22-00),Sunday,22
2024-01-22 00:15:00+00:00,2024-01-22 01:00:00+00:00,-82.00109375,1,4,False,Asia    (00-07),Monday,0
2024-01-22 01:15:00+00:00,2024-01-22 03:30:00+00:00,165.539921875,-1,10,True,Asia    (00-07),Monday,1
2024-01-22 03:45:00+00:00,2024-01-22 04:00:00+00:00,-30.223750000000003,1,2,False,Asia    (00-07),Monday,3
2024-01-22 04:15:00+00:00,2024-01-22 05:00:00+00:00,124.87,-1,4,True,Asia    (00-07),Monday,4
2024-01-22 05:15:00+00:00,2024-01-22 05:30:00+00:00,133.008671875,1,2,True,Asia    (00-07),Monday,5
2024-01-22 05:45:00+00:00,2024-01-22 08:00:00+00:00,59.059453125000005,-1,10,True,Asia    (00-07),Monday,5
2024-01-22 08:15:00+00:00,2024-01-22 08:15:00+00:00,-49.784296875,1,1,False,London  (07-12),Monday,8
2024-01-22 08:30:00+00:00,2024-01-22 08:30:00+00:00,31.530156249999997,-1,1,True,London  (07-12),Monday,8
2024-01-22 08:45:00+00:00,2024-01-22 08:45:00+00:00,58.004765625,1,1,True,London  (07-12),Monday,8
2024-01-22 09:00:00+00:00,2024-01-22 11:30:00+00:00,79.260625,-1,11,True,London  (07-12),Monday,9
2024-01-22 11:45:00+00:00,2024-01-22 12:45:00+00:00,42.245,1,5,True,London  (07-12),Monday,11
2024-01-22 13:00:00+00:00,2024-01-22 14:15:00+00:00,128.258671875,-1,6,True,Overlap (12-16),Monday,13
2024-01-22 14:30:00+00:00,2024-01-22 14:45:00+00:00,33.149296875,1,2,True,Overlap (12-16),Monday,14
2024-01-22 15:00:00+00:00,2024-01-22 15:15:00+00:00,104.92078125,-1,2,True,Overlap (12-16),Monday,15
2024-01-22 15:30:00+00:00,2024-01-22 16:00:00+00:00,25.356328125000005,1,3,True,Overlap (12-16),Monday,15
2024-01-22 16:15:00+00:00,2024-01-22 20:00:00+00:00,265.90629486169,-1,16,True,NY      (16-22),Monday,16
2024-01-22 20:15:00+00:00,2024-01-22 21:00:00+00:00,-3.1125972134425126,1,4,False,NY      (16-22),Monday,20
2024-01-22 21:15:00+00:00,2024-01-23 00:00:00+00:00,113.86856259692854,-1,12,True,NY      (16-22),Monday,21
2024-01-23 00:15:00+00:00,2024-01-23 02:45:00+00:00,149.254765625,1,11,True,Asia    (00-07),Tuesday,0
2024-01-23 03:00:00+00:00,2024-01-23 04:00:00+00:00,-23.553828125000003,-1,5,False,Asia    (00-07),Tuesday,3
2024-01-23 04:15:00+00:00,2024-01-23 04:30:00+00:00,15.641484374999997,1,2,True,Asia    (00-07),Tuesday,4
2024-01-23 04:45:00+00:00,2024-01-23 06:45:00+00:00,44.83484375,-1,9,True,Asia    (00-07),Tuesday,4
2024-01-23 07:00:00+00:00,2024-01-23 08:30:00+00:00,-259.18078125,1,7,False,London  (07-12),Tuesday,7
2024-01-23 08:45:00+00:00,2024-01-23 10:45:00+00:00,291.88953125,-1,9,True,London  (07-12),Tuesday,8
2024-01-23 11:00:00+00:00,2024-01-23 16:45:00+00:00,180.274296875,1,24,True,London  (07-12),Tuesday,11
2024-01-23 17:00:00+00:00,2024-01-23 18:45:00+00:00,92.645390625,-1,8,True,NY      (16-22),Tuesday,17
2024-01-23 19:00:00+00:00,2024-01-24 01:00:00+00:00,422.844609375,1,25,True,NY      (16-22),Tuesday,19
2024-01-24 01:15:00+00:00,2024-01-24 02:15:00+00:00,63.289921875000005,-1,5,True,Asia    (00-07),Wednesday,1
2024-01-24 02:30:00+00:00,2024-01-24 03:00:00+00:00,-40.18859375,1,3,False,Asia    (00-07),Wednesday,2
2024-01-24 03:15:00+00:00,2024-01-24 03:30:00+00:00,34.641484375,-1,2,True,Asia    (00-07),Wednesday,3
2024-01-24 03:45:00+00:00,2024-01-24 07:45:00+00:00,144.67078125,1,17,True,Asia    (00-07),Wednesday,3
2024-01-24 08:00:00+00:00,2024-01-24 08:15:00+00:00,1.4598437499999974,-1,2,True,London  (07-12),Wednesday,8
2024-01-24 08:30:00+00:00,2024-01-24 09:00:00+00:00,60.92078125,1,3,True,London  (07-12),Wednesday,8
2024-01-24 09:15:00+00:00,2024-01-24 09:30:00+00:00,51.92078125,-1,2,True,London  (07-12),Wednesday,9
2024-01-24 09:45:00+00:00,2024-01-24 11:15:00+00:00,108.914921875,1,7,True,London  (07-12),Wednesday,9
2024-01-24 11:30:00+00:00,2024-01-24 11:30:00+00:00,21.119999999999997,-1,1,True,London  (07-12),Wednesday,11
2024-01-24 11:45:00+00:00,2024-01-24 12:00:00+00:00,34.239140625,1,2,True,London  (07-12),Wednesday,11
2024-01-24 12:15:00+00:00,2024-01-24 15:00:00+00:00,96.883671875,-1,12,True,Overlap (12-16),Wednesday,12
2024-01-24 15:15:00+00:00,2024-01-24 17:30:00+00:00,65.62,1,10,True,Overlap (12-16),Wednesday,15
2024-01-24 17:45:00+00:00,2024-01-24 19:30:00+00:00,234.03015625,-1,8,True,NY      (16-22),Wednesday,17
2024-01-24 19:45:00+00:00,2024-01-25 01:00:00+00:00,198.914921875,1,22,True,NY      (16-22),Wednesday,19
2024-01-25 01:15:00+00:00,2024-01-25 01:45:00+00:00,49.446171875,-1,3,True,Asia    (00-07),Thursday,1
2024-01-25 02:00:00+00:00,2024-01-25 02:30:00+00:00,0.7059374999999974,1,3,True,Asia    (00-07),Thursday,2
2024-01-25 02:45:00+00:00,2024-01-25 03:00:00+00:00,-9.575312500000003,-1,2,False,Asia    (00-07),Thursday,2
2024-01-25 03:15:00+00:00,2024-01-25 09:00:00+00:00,36.870000000000005,1,24,True,Asia    (00-07),Thursday,3
2024-01-25 09:15:00+00:00,2024-01-25 10:00:00+00:00,31.366093749999997,-1,4,True,London  (07-12),Thursday,9
2024-01-25 10:15:00+00:00,2024-01-25 11:15:00+00:00,117.81140625,1,5,True,London  (07-12),Thursday,10
2024-01-25 11:30:00+00:00,2024-01-25 11:45:00+00:00,33.97546875,-1,2,True,London  (07-12),Thursday,11
2024-01-25 12:00:00+00:00,2024-01-25 12:00:00+00:00,-37.55578125,1,1,False,Overlap (12-16),Thursday,12
2024-01-25 12:15:00+00:00,2024-01-25 13:00:00+00:00,111.473515625,-1,4,True,Overlap (12-16),Thursday,12
2024-01-25 13:15:00+00:00,2024-01-25 15:00:00+00:00,26.284062499999997,1,8,True,Overlap (12-16),Thursday,13
2024-01-25 15:15:00+00:00,2024-01-25 17:00:00+00:00,156.809453125,-1,8,True,Overlap (12-16),Thursday,15
2024-01-25 17:15:00+00:00,2024-01-25 18:15:00+00:00,149.63953125,1,5,True,NY      (16-22),Thursday,17
2024-01-25 18:30:00+00:00,2024-01-25 18:45:00+00:00,37.7996875,-1,2,True,NY      (16-22),Thursday,18
2024-01-25 19:00:00+00:00,2024-01-25 23:45:00+00:00,44.344609375000005,1,20,True,NY      (16-22),Thursday,19
2024-01-26 00:00:00+00:00,2024-01-26 01:00:00+00:00,36.88953125,-1,5,True,Asia    (00-07),Friday,0
2024-01-26 01:15:00+00:00,2024-01-26 03:00:00+00:00,140.37,1,8,True,Asia    (00-07),Friday,1
2024-01-26 03:15:00+00:00,2024-01-26 03:45:00+00:00,35.385625,-1,3,True,Asia    (00-07),Friday,3
2024-01-26 04:00:00+00:00,2024-01-26 05:30:00+00:00,7.170781249999997,1,7,True,Asia    (00-07),Friday,4
2024-01-26 05:45:00+00:00,2024-01-26 06:45:00+00:00,39.516484375,-1,5,True,Asia    (00-07),Friday,5
2024-01-26 07:00:00+00:00,2024-01-26 09:00:00+00:00,79.7059375,1,9,True,London  (07-12),Friday,7
2024-01-26 09:15:00+00:00,2024-01-26 10:00:00+00:00,19.049687500000005,-1,4,True,London  (07-12),Friday,9
2024-01-26 10:15:00+00:00,2024-01-26 12:00:00+00:00,588.270390625,1,8,True,London  (07-12),Friday,10
2024-01-26 12:15:00+00:00,2024-01-26 13:30:00+00:00,85.680546875,-1,6,True,Overlap (12-16),Friday,12
2024-01-26 13:45:00+00:00,2024-01-26 15:00:00+00:00,170.45984375,1,6,True,Overlap (12-16),Friday,13
2024-01-26 15:15:00+00:00,2024-01-26 15:15:00+00:00,83.604375,-1,1,True,Overlap (12-16),Friday,15
2024-01-26 15:30:00+00:00,2024-01-26 20:00:00+00:00,438.399296875,1,19,True,Overlap (12-16),Friday,15
2024-01-26 20:15:00+00:00,2024-01-27 07:45:00+00:00,234.844609375,-1,47,True,NY      (16-22),Friday,20
2024-01-27 08:00:00+00:00,2024-01-27 08:30:00+00:00,-54.950312499999995,1,3,False,London  (07-12),Saturday,8
2024-01-27 08:45:00+00:00,2024-01-27 08:45:00+00:00,65.114140625,-1,1,True,London  (07-12),Saturday,8
2024-01-27 09:00:00+00:00,2024-01-27 10:00:00+00:00,149.614140625,1,5,True,London  (07-12),Saturday,9
2024-01-27 10:15:00+00:00,2024-01-27 10:15:00+00:00,24.125859374999997,-1,1,True,London  (07-12),Saturday,10
2024-01-27 10:30:00+00:00,2024-01-27 10:45:00+00:00,-1.7237500000000026,1,2,False,London  (07-12),Saturday,10
2024-01-27 11:00:00+00:00,2024-01-27 11:00:00+00:00,-33.643671875,-1,1,False,London  (07-12),Saturday,11
2024-01-27 11:15:00+00:00,2024-01-27 11:15:00+00:00,-44.614375,1,1,False,London  (07-12),Saturday,11
2024-01-27 11:30:00+00:00,2024-01-27 13:15:00+00:00,-15.905390625000003,-1,8,False,London  (07-12),Saturday,11
2024-01-27 13:30:00+00:00,2024-01-27 21:15:00+00:00,174.42078125,1,32,True,Overlap (12-16),Saturday,13
2024-01-27 21:30:00+00:00,2024-01-27 23:45:00+00:00,-22.188593750000003,-1,10,False,NY      (16-22),Saturday,21
2024-01-28 00:00:00+00:00,2024-01-28 00:00:00+00:00,-19.139765625000003,1,1,False,Asia    (00-07),Sunday,0
2024-01-28 00:15:00+00:00,2024-01-28 00:15:00+00:00,55.219609375,-1,1,True,Asia    (00-07),Sunday,0
2024-01-28 00:30:00+00:00,2024-01-28 05:15:00+00:00,333.614140625,1,20,True,Asia    (00-07),Sunday,0
2024-01-28 05:30:00+00:00,2024-01-28 06:00:00+00:00,115.56921875,-1,3,True,Asia    (00-07),Sunday,5
2024-01-28 06:15:00+00:00,2024-01-28 07:15:00+00:00,6.125859374999997,1,5,True,Asia    (00-07),Sunday,6
2024-01-28 07:30:00+00:00,2024-01-28 07:45:00+00:00,15.715703124999997,-1,2,True,London  (07-12),Sunday,7
2024-01-28 08:00:00+00:00,2024-01-28 08:30:00+00:00,89.4246875,1,3,True,London  (07-12),Sunday,8
2024-01-28 08:45:00+00:00,2024-01-28 09:00:00+00:00,62.479375,-1,2,True,London  (07-12),Sunday,8
2024-01-28 09:15:00+00:00,2024-01-28 11:00:00+00:00,20.020390625000005,1,8,True,London  (07-12),Sunday,9
2024-01-28 11:15:00+00:00,2024-01-28 15:45:00+00:00,112.37,-1,19,True,London  (07-12),Sunday,11
2024-01-28 16:00:00+00:00,2024-01-28 18:30:00+00:00,-107.11046875,1,11,False,NY      (16-22),Sunday,16
2024-01-28 18:45:00+00:00,2024-01-28 20:00:00+00:00,169.15125,-1,6,True,NY      (16-22),Sunday,18
2024-01-28 20:15:00+00:00,2024-01-28 23:45:00+00:00,147.90515625,1,15,True,NY      (16-22),Sunday,20
2024-01-29 00:00:00+00:00,2024-01-29 01:00:00+00:00,-41.68078125,-1,5,False,Asia    (00-07),Monday,0
2024-01-29 01:15:00+00:00,2024-01-29 03:30:00+00:00,171.87,1,10,True,Asia    (00-07),Monday,1
2024-01-29 03:45:00+00:00,2024-01-29 03:45:00+00:00,48.60046875,-1,1,True,Asia    (00-07),Monday,3
2024-01-29 04:00:00+00:00,2024-01-29 04:15:00+00:00,-62.47375,1,2,False,Asia    (00-07),Monday,4
2024-01-29 04:30:00+00:00,2024-01-29 04:30:00+00:00,-13.479609375000003,-1,1,False,Asia    (00-07),Monday,4
2024-01-29 04:45:00+00:00,2024-01-29 04:45:00+00:00,-22.485468750000003,1,1,False,Asia    (00-07),Monday,4
2024-01-29 05:00:00+00:00,2024-01-29 05:30:00+00:00,13.500859374999997,-1,3,True,Asia    (00-07),Monday,5
2024-01-29 05:45:00+00:00,2024-01-29 07:00:00+00:00,19.500859374999997,1,6,True,Asia    (00-07),Monday,5
2024-01-29 07:15:00+00:00,2024-01-29 08:00:00+00:00,105.219609375,-1,4,True,London  (07-12),Monday,7
2024-01-29 08:15:00+00:00,2024-01-29 10:30:00+00:00,168.38953125,1,10,True,London  (07-12),Monday,8
2024-01-29 10:45:00+00:00,2024-01-29 12:30:00+00:00,144.875859375,-1,8,True,London  (07-12),Monday,10
2024-01-29 12:45:00+00:00,2024-01-29 22:15:00+00:00,546.79578125,1,39,True,Overlap (12-16),Monday,12
2024-01-29 22:30:00+00:00,2024-01-29 23:00:00+00:00,17.055546874999997,-1,3,True,Off     (22-00),Monday,22
2024-01-29 23:15:00+00:00,2024-01-30 00:00:00+00:00,30.965703125000005,1,4,True,Off     (22-00),Monday,23
2024-01-30 00:15:00+00:00,2024-01-30 01:15:00+00:00,-145.88,-1,5,False,Asia    (00-07),Tuesday,0
2024-01-30 01:30:00+00:00,2024-01-30 04:00:00+00:00,32.72546875,1,11,True,Asia    (00-07),Tuesday,1
2024-01-30 04:15:00+00:00,2024-01-30 08:00:00+00:00,78.72546875,-1,16,True,Asia    (00-07),Tuesday,4
2024-01-30 08:15:00+00:00,2024-01-30 09:00:00+00:00,20.119999999999997,1,4,True,London  (07-12),Tuesday,8
2024-01-30 09:15:00+00:00,2024-01-30 10:00:00+00:00,36.235234375,-1,4,True,London  (07-12),Tuesday,9
2024-01-30 10:15:00+00:00,2024-01-30 11:45:00+00:00,91.104375,1,7,True,London  (07-12),Tuesday,10
2024-01-30 12:00:00+00:00,2024-01-30 14:00:00+00:00,161.70984375,-1,9,True,Overlap (12-16),Tuesday,12
2024-01-30 14:15:00+00:00,2024-01-30 15:00:00+00:00,117.789921875,1,4,True,Overlap (12-16),Tuesday,14
2024-01-30 15:15:00+00:00,2024-01-30 16:00:00+00:00,49.5184375,-1,4,True,Overlap (12-16),Tuesday,15
2024-01-30 16:15:00+00:00,2024-01-30 17:00:00+00:00,62.379765625000005,1,4,True,NY      (16-22),Tuesday,16
2024-01-30 17:15:00+00:00,2024-01-30 17:30:00+00:00,63.571171875,-1,2,True,NY      (16-22),Tuesday,17
2024-01-30 17:45:00+00:00,2024-01-30 20:30:00+00:00,168.629765625,1,12,True,NY      (16-22),Tuesday,17
2024-01-30 20:45:00+00:00,2024-01-30 22:45:00+00:00,164.104375,-1,9,True,NY      (16-22),Tuesday,20
2024-01-30 23:00:00+00:00,2024-01-31 00:15:00+00:00,-159.75890625,1,6,False,Off     (22-00),Tuesday,23
2024-01-31 00:30:00+00:00,2024-01-31 02:00:00+00:00,131.086796875,-1,7,True,Asia    (00-07),Wednesday,0
2024-01-31 02:15:00+00:00,2024-01-31 03:15:00+00:00,84.016484375,1,5,True,Asia    (00-07),Wednesday,2
2024-01-31 03:30:00+00:00,2024-01-31 04:15:00+00:00,-14.585078125000003,-1,4,False,Asia    (00-07),Wednesday,3
2024-01-31 04:30:00+00:00,2024-01-31 08:45:00+00:00,2.4852343749999974,1,18,True,Asia    (00-07),Wednesday,4
2024-01-31 09:00:00+00:00,2024-01-31 11:00:00+00:00,220.125859375,-1,9,True,London  (07-12),Wednesday,9
2024-01-31 11:15:00+00:00,2024-01-31 15:00:00+00:00,183.63953125,1,16,True,London  (07-12),Wednesday,11
2024-01-31 15:15:00+00:00,2024-01-31 15:15:00+00:00,-70.760859375,-1,1,False,Overlap (12-16),Wednesday,15
2024-01-31 15:30:00+00:00,2024-01-31 17:45:00+00:00,334.239140625,1,10,True,Overlap (12-16),Wednesday,15
2024-01-31 18:00:00+00:00,2024-01-31 19:15:00+00:00,259.08875,-1,6,True,NY      (16-22),Wednesday,18
2024-01-31 19:30:00+00:00,2024-01-31 20:15:00+00:00,-85.866328125,1,4,False,NY      (16-22),Wednesday,19
2024-01-31 20:30:00+00:00,2024-02-01 05:15:00+00:00,468.84000519029337,-1,36,True,NY      (16-22),Wednesday,20
2024-02-01 05:30:00+00:00,2024-02-01 06:30:00+00:00,61.039921875,1,5,True,Asia    (00-07),Thursday,5
2024-02-01 06:45:00+00:00,2024-02-01 08:00:00+00:00,22.850468749999997,-1,6,True,Asia    (00-07),Thursday,6
2024-02-01 08:15:00+00:00,2024-02-01 09:30:00+00:00,16.119999999999997,1,6,True,London  (07-12),Thursday,8
2024-02-01 09:45:00+00:00,2024-02-01 10:30:00+00:00,-19.190546875000003,-1,4,False,London  (07-12),Thursday,9
2024-02-01 10:45:00+00:00,2024-02-01 11:00:00+00:00,11.119999999999997,1,2,True,London  (07-12),Thursday,10
2024-02-01 11:15:00+00:00,2024-02-01 12:00:00+00:00,27.705937500000005,-1,4,True,London  (07-12),Thursday,11
2024-02-01 12:15:00+00:00,2024-02-01 14:30:00+00:00,171.196171875,1,10,True,Overlap (12-16),Thursday,12
2024-02-01 14:45:00+00:00,2024-02-01 16:00:00+00:00,-56.204218749999995,-1,6,False,Overlap (12-16),Thursday,14
2024-02-01 16:15:00+00:00,2024-02-01 20:15:00+00:00,216.6590625,1,17,True,NY      (16-22),Thursday,16
2024-02-01 20:30:00+00:00,2024-02-01 21:30:00+00:00,-12.831171875000003,-1,5,False,NY      (16-22),Thursday,20
2024-02-01 21:45:00+00:00,2024-02-01 22:00:00+00:00,-25.905390625000003,1,2,False,NY      (16-22),Thursday,21
2024-02-01 22:15:00+00:00,2024-02-01 22:45:00+00:00,51.155156250000005,-1,3,True,Off     (22-00),Thursday,22
2024-02-01 23:00:00+00:00,2024-02-01 23:45:00+00:00,63.036015625,1,4,True,Off     (22-00),Thursday,23
2024-02-02 00:00:00+00:00,2024-02-02 02:15:00+00:00,7.0907031250000045,-1,10,True,Asia    (00-07),Friday,0
2024-02-02 02:30:00+00:00,2024-02-02 03:15:00+00:00,-5.385859375000003,1,4,False,Asia    (00-07),Friday,2
2024-02-02 03:30:00+00:00,2024-02-02 06:45:00+00:00,-68.385859375,-1,14,False,Asia    (00-07),Friday,3
2024-02-02 07:00:00+00:00,2024-02-02 07:00:00+00:00,-10.985468750000003,1,1,False,London  (07-12),Friday,7
2024-02-02 07:15:00+00:00,2024-02-02 10:00:00+00:00,84.08484375,-1,12,True,London  (07-12),Friday,7
2024-02-02 10:15:00+00:00,2024-02-02 11:30:00+00:00,83.645390625,1,6,True,London  (07-12),Friday,10
2024-02-02 11:45:00+00:00,2024-02-02 14:15:00+00:00,215.864140625,-1,11,True,London  (07-12),Friday,11
2024-02-02 14:30:00+00:00,2024-02-02 16:00:00+00:00,324.9090625,1,7,True,Overlap (12-16),Friday,14
2024-02-02 16:15:00+00:00,2024-02-02 19:00:00+00:00,181.8309375,-1,12,True,NY      (16-22),Friday,16
2024-02-02 19:15:00+00:00,2024-02-03 00:00:00+00:00,92.90125,1,20,True,NY      (16-22),Friday,19
2024-02-03 00:15:00+00:00,2024-02-03 05:15:00+00:00,35.590703125000005,-1,21,True,Asia    (00-07),Saturday,0
2024-02-03 05:30:00+00:00,2024-02-03 06:15:00+00:00,-12.835078125000003,1,4,False,Asia    (00-07),Saturday,5
2024-02-03 06:30:00+00:00,2024-02-03 08:30:00+00:00,19.998906249999997,-1,9,True,Asia    (00-07),Saturday,6
2024-02-03 08:45:00+00:00,2024-02-03 09:30:00+00:00,24.069218749999997,1,4,True,London  (07-12),Saturday,8
2024-02-03 09:45:00+00:00,2024-02-03 12:00:00+00:00,37.770390625,-1,10,True,London  (07-12),Saturday,9
2024-02-03 12:15:00+00:00,2024-02-03 16:00:00+00:00,56.055546875,1,16,True,Overlap (12-16),Saturday,12
2024-02-03 16:15:00+00:00,2024-02-03 17:00:00+00:00,-2.3858593750000026,-1,4,False,NY      (16-22),Saturday,16
2024-02-03 17:15:00+00:00,2024-02-03 18:00:00+00:00,29.619999999999997,1,4,True,NY      (16-22),Saturday,17
2024-02-03 18:15:00+00:00,2024-02-03 19:45:00+00:00,66.5809375,-1,7,True,NY      (16-22),Saturday,18
2024-02-03 20:00:00+00:00,2024-02-03 21:00:00+00:00,-4.338984375000003,1,5,False,NY      (16-22),Saturday,20
2024-02-03 21:15:00+00:00,2024-02-03 23:30:00+00:00,44.895390625,-1,10,True,NY      (16-22),Saturday,21
2024-02-03 23:45:00+00:00,2024-02-04 02:15:00+00:00,26.534062499999997,1,11,True,Off     (22-00),Saturday,23
2024-02-04 02:30:00+00:00,2024-02-04 07:15:00+00:00,90.379765625,-1,20,True,Asia    (00-07),Sunday,2
2024-02-04 07:30:00+00:00,2024-02-04 10:00:00+00:00,20.225468749999997,1,11,True,London  (07-12),Sunday,7
2024-02-04 10:15:00+00:00,2024-02-04 14:45:00+00:00,0.6903125000000045,-1,19,True,London  (07-12),Sunday,10
2024-02-04 15:00:00+00:00,2024-02-04 17:00:00+00:00,24.084843749999997,1,9,True,Overlap (12-16),Sunday,15
2024-02-04 17:15:00+00:00,2024-02-04 20:00:00+00:00,150.094609375,-1,12,True,NY      (16-22),Sunday,17
2024-02-04 20:15:00+00:00,2024-02-04 21:15:00+00:00,99.418828125,1,5,True,NY      (16-22),Sunday,20
2024-02-04 21:30:00+00:00,2024-02-05 01:00:00+00:00,267.4090625,-1,15,True,NY      (16-22),Sunday,21
2024-02-05 01:15:00+00:00,2024-02-05 08:00:00+00:00,392.60046875,1,28,True,Asia    (00-07),Monday,1
2024-02-05 08:15:00+00:00,2024-02-05 08:30:00+00:00,38.594609375,-1,2,True,London  (07-12),Monday,8
2024-02-05 08:45:00+00:00,2024-02-05 10:15:00+00:00,75.528203125,1,7,True,London  (07-12),Monday,8
2024-02-05 10:30:00+00:00,2024-02-05 10:30:00+00:00,-19.155390625000003,-1,1,False,London  (07-12),Monday,10
2024-02-05 10:45:00+00:00,2024-02-05 12:45:00+00:00,21.110234374999997,1,9,True,London  (07-12),Monday,10
2024-02-05 13:00:00+00:00,2024-02-05 13:00:00+00:00,-19.005000000000003,-1,1,False,Overlap (12-16),Monday,13
2024-02-05 13:15:00+00:00,2024-02-05 14:00:00+00:00,41.655156250000005,1,4,True,Overlap (12-16),Monday,13
2024-02-05 14:15:00+00:00,2024-02-05 17:00:00+00:00,290.87,-1,12,True,Overlap (12-16),Monday,14
2024-02-05 17:15:00+00:00,2024-02-05 20:00:00+00:00,-102.479609375,1,12,False,NY      (16-22),Monday,17
2024-02-05 20:15:00+00:00,2024-02-05 22:15:00+00:00,65.610234375,-1,9,True,NY      (16-22),Monday,20
2024-02-05 22:30:00+00:00,2024-02-06 03:00:00+00:00,243.180546875,1,19,True,Off     (22-00),Monday,22
2024-02-06 03:15:00+00:00,2024-02-06 03:15:00+00:00,6.965703124999997,-1,1,True,Asia    (00-07),Tuesday,3
2024-02-06 03:30:00+00:00,2024-02-06 09:00:00+00:00,50.700078125000005,1,23,True,Asia    (00-07),Tuesday,3
2024-02-06 09:15:00+00:00,2024-02-06 11:00:00+00:00,125.328984375,-1,8,True,London  (07-12),Tuesday,9
2024-02-06 11:15:00+00:00,2024-02-06 16:00:00+00:00,204.0340625,1,20,True,London  (07-12),Tuesday,11
2024-02-06 16:15:00+00:00,2024-02-06 17:00:00+00:00,13.110234375000005,-1,4,True,NY      (16-22),Tuesday,16
2024-02-06 17:15:00+00:00,2024-02-06 20:00:00+00:00,20.809453124999997,1,12,True,NY      (16-22),Tuesday,17
2024-02-06 20:15:00+00:00,2024-02-06 23:45:00+00:00,38.344609375,-1,15,True,NY      (16-22),Tuesday,20
2024-02-07 00:00:00+00:00,2024-02-07 01:30:00+00:00,-3.0303906250000026,1,7,False,Asia    (00-07),Wednesday,0
2024-02-07 01:45:00+00:00,2024-02-07 03:15:00+00:00,72.508671875,-1,7,True,Asia    (00-07),Wednesday,1
2024-02-07 03:30:00+00:00,2024-02-07 07:00:00+00:00,5.3700000000000045,1,15,True,Asia    (00-07),Wednesday,3
2024-02-07 07:15:00+00:00,2024-02-07 09:00:00+00:00,8.061406249999997,-1,8,True,London  (07-12),Wednesday,7
2024-02-07 09:15:00+00:00,2024-02-07 09:30:00+00:00,100.875859375,1,2,True,London  (07-12),Wednesday,9
2024-02-07 09:45:00+00:00,2024-02-07 11:30:00+00:00,116.19421875,-1,8,True,London  (07-12),Wednesday,9
2024-02-07 11:45:00+00:00,2024-02-07 14:00:00+00:00,112.5496875,1,10,True,London  (07-12),Wednesday,11
2024-02-07 14:15:00+00:00,2024-02-07 14:45:00+00:00,54.1746875,-1,3,True,Overlap (12-16),Wednesday,14
2024-02-07 15:00:00+00:00,2024-02-07 19:00:00+00:00,273.938359375,1,17,True,Overlap (12-16),Wednesday,15
2024-02-07 19:15:00+00:00,2024-02-07 19:15:00+00:00,38.239140625,-1,1,True,NY      (16-22),Wednesday,19
2024-02-07 19:30:00+00:00,2024-02-08 03:00:00+00:00,562.47546875,1,31,True,NY      (16-22),Wednesday,19
2024-02-08 03:15:00+00:00,2024-02-08 04:30:00+00:00,49.76453125,-1,6,True,Asia    (00-07),Thursday,3
2024-02-08 04:45:00+00:00,2024-02-08 11:00:00+00:00,164.4090625,1,26,True,Asia    (00-07),Thursday,4
2024-02-08 11:15:00+00:00,2024-02-08 12:30:00+00:00,95.17078125,-1,6,True,London  (07-12),Thursday,11
2024-02-08 12:45:00+00:00,2024-02-08 16:00:00+00:00,313.789921875,1,14,True,Overlap (12-16),Thursday,12
2024-02-08 16:15:00+00:00,2024-02-08 18:00:00+00:00,90.7840625,-1,8,True,NY      (16-22),Thursday,16
2024-02-08 18:15:00+00:00,2024-02-08 19:15:00+00:00,112.54578125,1,5,True,NY      (16-22),Thursday,18
2024-02-08 19:30:00+00:00,2024-02-08 23:15:00+00:00,36.090703125000005,-1,16,True,NY      (16-22),Thursday,19
2024-02-08 23:30:00+00:00,2024-02-09 03:00:00+00:00,498.075078125,1,15,True,Off     (22-00),Thursday,23
2024-02-09 03:15:00+00:00,2024-02-09 04:15:00+00:00,151.49109375,-1,5,True,Asia    (00-07),Friday,3
2024-02-09 04:30:00+00:00,2024-02-09 07:00:00+00:00,132.13171875,1,11,True,Asia    (00-07),Friday,4
2024-02-09 07:15:00+00:00,2024-02-09 08:00:00+00:00,-61.5596875,-1,4,False,London  (07-12),Friday,7
2024-02-09 08:15:00+00:00,2024-02-09 09:30:00+00:00,115.604375,1,6,True,London  (07-12),Friday,8
2024-02-09 09:45:00+00:00,2024-02-09 10:00:00+00:00,-25.735468750000003,-1,2,False,London  (07-12),Friday,9
2024-02-09 10:15:00+00:00,2024-02-09 12:15:00+00:00,302.094609375,1,9,True,London  (07-12),Friday,10
2024-02-09 12:30:00+00:00,2024-02-09 12:45:00+00:00,-46.874140624999995,-1,2,False,Overlap (12-16),Friday,12
2024-02-09 13:00:00+00:00,2024-02-09 14:00:00+00:00,116.461796875,1,5,True,Overlap (12-16),Friday,13
2024-02-09 14:15:00+00:00,2024-02-09 15:00:00+00:00,271.63508282893105,-1,4,True,Overlap (12-16),Friday,14
2024-02-09 15:15:00+00:00,2024-02-09 18:15:00+00:00,512.7559705216013,1,13,True,Overlap (12-16),Friday,15
2024-02-09 18:30:00+00:00,2024-02-09 19:00:00+00:00,267.15617089020543,-1,3,True,NY      (16-22),Friday,18
2024-02-09 19:15:00+00:00,2024-02-09 20:00:00+00:00,60.2051023289641,1,4,True,NY      (16-22),Friday,19
2024-02-09 20:15:00+00:00,2024-02-10 00:30:00+00:00,255.774296875,-1,18,True,NY      (16-22),Friday,20
2024-02-10 00:45:00+00:00,2024-02-10 05:00:00+00:00,137.03015625,1,18,True,Asia    (00-07),Saturday,0
2024-02-10 05:15:00+00:00,2024-02-10 06:15:00+00:00,40.385625,-1,5,True,Asia    (00-07),Saturday,5
2024-02-10 06:30:00+00:00,2024-02-10 07:00:00+00:00,-17.809687500000003,1,3,False,Asia    (00-07),Saturday,6
2024-02-10 07:15:00+00:00,2024-02-10 09:15:00+00:00,32.344609375000005,-1,9,True,London  (07-12),Saturday,7
2024-02-10 09:30:00+00:00,2024-02-10 09:30:00+00:00,-26.546015625000003,1,1,False,London  (07-12),Saturday,9
2024-02-10 09:45:00+00:00,2024-02-10 09:45:00+00:00,41.0340625,-1,1,True,London  (07-12),Saturday,9
2024-02-10 10:00:00+00:00,2024-02-10 10:00:00+00:00,19.114140624999997,1,1,True,London  (07-12),Saturday,10
2024-02-10 10:15:00+00:00,2024-02-10 10:45:00+00:00,110.004765625,-1,3,True,London  (07-12),Saturday,10
2024-02-10 11:00:00+00:00,2024-02-10 13:45:00+00:00,194.805546875,1,12,True,London  (07-12),Saturday,11
2024-02-10 14:00:00+00:00,2024-02-10 17:45:00+00:00,38.6746875,-1,16,True,Overlap (12-16),Saturday,14
2024-02-10 18:00:00+00:00,2024-02-10 19:30:00+00:00,203.293828125,1,7,True,NY      (16-22),Saturday,18
2024-02-10 19:45:00+00:00,2024-02-10 20:00:00+00:00,45.899296875,-1,2,True,NY      (16-22),Saturday,19
2024-02-10 20:15:00+00:00,2024-02-10 21:15:00+00:00,266.485234375,1,5,True,NY      (16-22),Saturday,20
2024-02-10 21:30:00+00:00,2024-02-11 01:45:00+00:00,208.8309375,-1,18,True,NY      (16-22),Saturday,21
2024-02-11 02:00:00+00:00,2024-02-11 03:45:00+00:00,431.635625,1,8,True,Asia    (00-07),Sunday,2
2024-02-11 04:00:00+00:00,2024-02-11 07:30:00+00:00,197.26453125,-1,15,True,Asia    (00-07),Sunday,4
2024-02-11 07:45:00+00:00,2024-02-11 12:00:00+00:00,147.87,1,18,True,London  (07-12),Sunday,7
2024-02-11 12:15:00+00:00,2024-02-11 14:00:00+00:00,207.536015625,-1,8,True,Overlap (12-16),Sunday,12
2024-02-11 14:15:00+00:00,2024-02-11 19:15:00+00:00,162.180546875,1,21,True,Overlap (12-16),Sunday,14
2024-02-11 19:30:00+00:00,2024-02-11 21:00:00+00:00,100.15515625,-1,7,True,NY      (16-22),Sunday,19
2024-02-11 21:15:00+00:00,2024-02-12 01:15:00+00:00,169.094609375,1,17,True,NY      (16-22),Sunday,21
2024-02-12 01:30:00+00:00,2024-02-12 03:45:00+00:00,146.614140625,-1,10,True,Asia    (00-07),Monday,1
2024-02-12 04:00:00+00:00,2024-02-12 07:15:00+00:00,90.4559375,1,14,True,Asia    (00-07),Monday,4
2024-02-12 07:30:00+00:00,2024-02-12 10:45:00+00:00,226.92078125,-1,14,True,London  (07-12),Monday,7
2024-02-12 11:00:00+00:00,2024-02-12 16:15:00+00:00,918.3505884286568,1,22,True,London  (07-12),Monday,11
2024-02-12 16:30:00+00:00,2024-02-12 19:45:00+00:00,96.26759068450518,-1,14,True,NY      (16-22),Monday,16
2024-02-12 20:00:00+00:00,2024-02-12 21:15:00+00:00,281.104375,1,6,True,NY      (16-22),Monday,20
2024-02-12 21:30:00+00:00,2024-02-12 21:45:00+00:00,138.969609375,-1,2,True,NY      (16-22),Monday,21
2024-02-12 22:00:00+00:00,2024-02-13 00:30:00+00:00,91.914921875,1,11,True,Off     (22-00),Monday,22
2024-02-13 00:45:00+00:00,2024-02-13 03:30:00+00:00,111.72546875,-1,12,True,Asia    (00-07),Tuesday,0
2024-02-13 03:45:00+00:00,2024-02-13 07:15:00+00:00,135.786015625,1,15,True,Asia    (00-07),Tuesday,3
2024-02-13 07:30:00+00:00,2024-02-13 09:00:00+00:00,16.161015625000005,-1,7,True,London  (07-12),Tuesday,7
2024-02-13 09:15:00+00:00,2024-02-13 09:45:00+00:00,79.649296875,1,3,True,London  (07-12),Tuesday,9
2024-02-13 10:00:00+00:00,2024-02-13 11:15:00+00:00,178.778203125,-1,6,True,London  (07-12),Tuesday,10
2024-02-13 11:30:00+00:00,2024-02-13 12:00:00+00:00,53.844609375000005,1,3,True,London  (07-12),Tuesday,11
2024-02-13 12:15:00+00:00,2024-02-13 15:00:00+00:00,676.8956132419248,-1,12,True,Overlap (12-16),Tuesday,12
2024-02-13 15:15:00+00:00,2024-02-13 18:30:00+00:00,353.53210053836267,1,14,True,Overlap (12-16),Tuesday,15
2024-02-13 18:45:00+00:00,2024-02-13 20:00:00+00:00,14.539921875000005,-1,6,True,NY      (16-22),Tuesday,18
2024-02-13 20:15:00+00:00,2024-02-13 21:15:00+00:00,246.5496875,1,5,True,NY      (16-22),Tuesday,20
2024-02-13 21:30:00+00:00,2024-02-13 21:45:00+00:00,79.635625,-1,2,True,NY      (16-22),Tuesday,21
2024-02-13 22:00:00+00:00,2024-02-14 00:15:00+00:00,-7.9796093749999955,1,10,False,Off     (22-00),Tuesday,22
2024-02-14 00:30:00+00:00,2024-02-14 04:15:00+00:00,58.969609375,-1,16,True,Asia    (00-07),Wednesday,0
2024-02-14 04:30:00+00:00,2024-02-14 10:00:00+00:00,1032.9382525197852,1,23,True,Asia    (00-07),Wednesday,4
2024-02-14 10:15:00+00:00,2024-02-14 11:30:00+00:00,71.40477722851136,-1,6,True,London  (07-12),Wednesday,10
2024-02-14 11:45:00+00:00,2024-02-14 12:15:00+00:00,123.9639330703294,1,3,True,London  (07-12),Wednesday,11
2024-02-14 12:30:00+00:00,2024-02-14 12:45:00+00:00,22.132036211033427,-1,2,True,Overlap (12-16),Wednesday,12
2024-02-14 13:00:00+00:00,2024-02-14 15:00:00+00:00,-39.00607732906002,1,9,False,Overlap (12-16),Wednesday,13
2024-02-14 15:15:00+00:00,2024-02-14 16:00:00+00:00,0.3701662895614888,-1,4,True,Overlap (12-16),Wednesday,15
2024-02-14 16:15:00+00:00,2024-02-14 23:15:00+00:00,137.9107251267862,1,29,True,NY      (16-22),Wednesday,16
2024-02-14 23:30:00+00:00,2024-02-15 00:00:00+00:00,-52.213984375,-1,3,False,Off     (22-00),Wednesday,23
2024-02-15 00:15:00+00:00,2024-02-15 02:30:00+00:00,139.309453125,1,10,True,Asia    (00-07),Thursday,0
2024-02-15 02:45:00+00:00,2024-02-15 03:00:00+00:00,-0.9854687500000026,-1,2,False,Asia    (00-07),Thursday,2
2024-02-15 03:15:00+00:00,2024-02-15 03:45:00+00:00,81.385625,1,3,True,Asia    (00-07),Thursday,3
2024-02-15 04:00:00+00:00,2024-02-15 06:00:00+00:00,183.760625,-1,9,True,Asia    (00-07),Thursday,4
2024-02-15 06:15:00+00:00,2024-02-15 06:30:00+00:00,38.825078125,1,2,True,Asia    (00-07),Thursday,6
2024-02-15 06:45:00+00:00,2024-02-15 08:00:00+00:00,115.33484375,-1,6,True,Asia    (00-07),Thursday,6
2024-02-15 08:15:00+00:00,2024-02-15 10:45:00+00:00,231.95984375,1,11,True,London  (07-12),Thursday,8
2024-02-15 11:00:00+00:00,2024-02-15 11:30:00+00:00,7.918828124999997,-1,3,True,London  (07-12),Thursday,11
2024-02-15 11:45:00+00:00,2024-02-15 12:00:00+00:00,2.5633593749999974,1,2,True,London  (07-12),Thursday,11
2024-02-15 12:15:00+00:00,2024-02-15 14:00:00+00:00,4.7235156250000045,-1,8,True,Overlap (12-16),Thursday,12
2024-02-15 14:15:00+00:00,2024-02-15 15:00:00+00:00,64.379765625,1,4,True,Overlap (12-16),Thursday,14
2024-02-15 15:15:00+00:00,2024-02-15 15:45:00+00:00,208.65515625,-1,3,True,Overlap (12-16),Thursday,15
2024-02-15 16:00:00+00:00,2024-02-15 17:00:00+00:00,110.99166770676203,1,5,True,NY      (16-22),Thursday,16
2024-02-15 17:15:00+00:00,2024-02-15 18:30:00+00:00,132.1933673125523,-1,6,True,NY      (16-22),Thursday,17
2024-02-15 18:45:00+00:00,2024-02-15 20:00:00+00:00,-48.046015625,1,6,False,NY      (16-22),Thursday,18
2024-02-15 20:15:00+00:00,2024-02-16 00:15:00+00:00,-5.6163281249999955,-1,17,False,NY      (16-22),Thursday,20
2024-02-16 00:30:00+00:00,2024-02-16 03:00:00+00:00,203.6746875,1,11,True,Asia    (00-07),Friday,0
2024-02-16 03:15:00+00:00,2024-02-16 03:15:00+00:00,54.946171875,-1,1,True,Asia    (00-07),Friday,3
2024-02-16 03:30:00+00:00,2024-02-16 04:00:00+00:00,48.379765625000005,1,3,True,Asia    (00-07),Friday,3
2024-02-16 04:15:00+00:00,2024-02-16 06:00:00+00:00,77.075078125,-1,8,True,Asia    (00-07),Friday,4
2024-02-16 06:15:00+00:00,2024-02-16 06:15:00+00:00,28.075078124999997,1,1,True,Asia    (00-07),Friday,6
2024-02-16 06:30:00+00:00,2024-02-16 08:00:00+00:00,160.114140625,-1,7,True,Asia    (00-07),Friday,6
2024-02-16 08:15:00+00:00,2024-02-16 10:45:00+00:00,230.12,1,11,True,London  (07-12),Friday,8
2024-02-16 11:00:00+00:00,2024-02-16 12:15:00+00:00,30.159062499999997,-1,6,True,London  (07-12),Friday,11
2024-02-16 12:30:00+00:00,2024-02-16 12:45:00+00:00,71.879765625,1,2,True,Overlap (12-16),Friday,12
2024-02-16 13:00:00+00:00,2024-02-16 15:00:00+00:00,354.340703125,-1,9,True,Overlap (12-16),Friday,13
2024-02-16 15:15:00+00:00,2024-02-16 16:00:00+00:00,236.635625,1,4,True,Overlap (12-16),Friday,15
2024-02-16 16:15:00+00:00,2024-02-16 20:00:00+00:00,157.26246754492144,-1,16,True,NY      (16-22),Friday,16
2024-02-16 20:15:00+00:00,2024-02-17 00:15:00+00:00,118.54578125,1,17,True,NY      (16-22),Friday,20
2024-02-17 00:30:00+00:00,2024-02-17 01:30:00+00:00,72.840703125,-1,5,True,Asia    (00-07),Saturday,0
2024-02-17 01:45:00+00:00,2024-02-17 02:00:00+00:00,42.340703125,1,2,True,Asia    (00-07),Saturday,1
2024-02-17 02:15:00+00:00,2024-02-17 03:15:00+00:00,40.899296875,-1,5,True,Asia    (00-07),Saturday,2
2024-02-17 03:30:00+00:00,2024-02-17 05:00:00+00:00,-3.0753125000000026,1,7,False,Asia    (00-07),Saturday,3
2024-02-17 05:15:00+00:00,2024-02-17 09:30:00+00:00,69.555546875,-1,18,True,Asia    (00-07),Saturday,5
2024-02-17 09:45:00+00:00,2024-02-17 11:15:00+00:00,-33.969843749999995,1,7,False,London  (07-12),Saturday,9
2024-02-17 11:30:00+00:00,2024-02-17 15:00:00+00:00,460.7059375,-1,15,True,London  (07-12),Saturday,11
2024-02-17 15:15:00+00:00,2024-02-18 01:00:00+00:00,462.93640625,1,40,True,Overlap (12-16),Saturday,15
2024-02-18 01:15:00+00:00,2024-02-18 03:00:00+00:00,177.6903125,-1,8,True,Asia    (00-07),Sunday,1
2024-02-18 03:15:00+00:00,2024-02-18 06:00:00+00:00,118.49890625,1,12,True,Asia    (00-07),Sunday,3
2024-02-18 06:15:00+00:00,2024-02-18 07:00:00+00:00,0.7840624999999974,-1,4,True,Asia    (00-07),Sunday,6
2024-02-18 07:15:00+00:00,2024-02-18 10:00:00+00:00,182.364140625,1,12,True,London  (07-12),Sunday,7
2024-02-18 10:15:00+00:00,2024-02-18 10:45:00+00:00,51.325078125,-1,3,True,London  (07-12),Sunday,10
2024-02-18 11:00:00+00:00,2024-02-18 12:00:00+00:00,-14.389765625000003,1,5,False,London  (07-12),Sunday,11
2024-02-18 12:15:00+00:00,2024-02-18 12:45:00+00:00,123.995,-1,3,True,Overlap (12-16),Sunday,12
2024-02-18 13:00:00+00:00,2024-02-18 15:00:00+00:00,93.645390625,1,9,True,Overlap (12-16),Sunday,13
2024-02-18 15:15:00+00:00,2024-02-18 18:15:00+00:00,12.190312500000005,-1,13,True,Overlap (12-16),Sunday,15
2024-02-18 18:30:00+00:00,2024-02-18 19:00:00+00:00,7.180546874999997,1,3,True,NY      (16-22),Sunday,18
2024-02-18 19:15:00+00:00,2024-02-18 20:00:00+00:00,10.799687499999997,-1,4,True,NY      (16-22),Sunday,19
2024-02-18 20:15:00+00:00,2024-02-18 23:00:00+00:00,267.385625,1,12,True,NY      (16-22),Sunday,20
2024-02-18 23:15:00+00:00,2024-02-18 23:30:00+00:00,78.90125,-1,2,True,Off     (22-00),Sunday,23
2024-02-18 23:45:00+00:00,2024-02-19 01:00:00+00:00,-3.3839062500000026,1,6,False,Off     (22-00),Sunday,23
2024-02-19 01:15:00+00:00,2024-02-19 01:15:00+00:00,23.776249999999997,-1,1,True,Asia    (00-07),Monday,1
2024-02-19 01:30:00+00:00,2024-02-19 02:30:00+00:00,74.17078125,1,5,True,Asia    (00-07),Monday,1
2024-02-19 02:45:00+00:00,2024-02-19 03:30:00+00:00,99.360234375,-1,4,True,Asia    (00-07),Monday,2
2024-02-19 03:45:00+00:00,2024-02-19 07:15:00+00:00,226.760625,1,15,True,Asia    (00-07),Monday,3
2024-02-19 07:30:00+00:00,2024-02-19 07:45:00+00:00,20.741093749999997,-1,2,True,London  (07-12),Monday,7
2024-02-19 08:00:00+00:00,2024-02-19 08:00:00+00:00,-56.02453125,1,1,False,London  (07-12),Monday,8
2024-02-19 08:15:00+00:00,2024-02-19 09:00:00+00:00,49.014531250000005,-1,4,True,London  (07-12),Monday,8
2024-02-19 09:15:00+00:00,2024-02-19 09:30:00+00:00,71.645390625,1,2,True,London  (07-12),Monday,9
2024-02-19 09:45:00+00:00,2024-02-19 10:15:00+00:00,58.641484375,-1,3,True,London  (07-12),Monday,9
2024-02-19 10:30:00+00:00,2024-02-19 11:15:00+00:00,69.135625,1,4,True,London  (07-12),Monday,10
2024-02-19 11:30:00+00:00,2024-02-19 15:45:00+00:00,110.125859375,-1,18,True,London  (07-12),Monday,11
2024-02-19 16:00:00+00:00,2024-02-19 16:00:00+00:00,-36.034296875,1,1,False,NY      (16-22),Monday,16
2024-02-19 16:15:00+00:00,2024-02-19 17:00:00+00:00,87.37390625,-1,4,True,NY      (16-22),Monday,16
2024-02-19 17:15:00+00:00,2024-02-19 18:00:00+00:00,92.258671875,1,4,True,NY      (16-22),Monday,17
2024-02-19 18:15:00+00:00,2024-02-19 19:00:00+00:00,131.0340625,-1,4,True,NY      (16-22),Monday,18
2024-02-19 19:15:00+00:00,2024-02-19 23:00:00+00:00,58.664921875000005,1,16,True,NY      (16-22),Monday,19
2024-02-19 23:15:00+00:00,2024-02-20 01:15:00+00:00,237.680546875,-1,9,True,Off     (22-00),Monday,23
2024-02-20 01:30:00+00:00,2024-02-20 03:00:00+00:00,89.31921875,1,7,True,Asia    (00-07),Tuesday,1
2024-02-20 03:15:00+00:00,2024-02-20 04:00:00+00:00,-31.299921875000003,-1,4,False,Asia    (00-07),Tuesday,3
2024-02-20 04:15:00+00:00,2024-02-20 07:00:00+00:00,115.965703125,1,12,True,Asia    (00-07),Tuesday,4
2024-02-20 07:15:00+00:00,2024-02-20 07:45:00+00:00,39.739140625,-1,3,True,London  (07-12),Tuesday,7
2024-02-20 08:00:00+00:00,2024-02-20 12:00:00+00:00,246.633671875,1,17,True,London  (07-12),Tuesday,8
2024-02-20 12:15:00+00:00,2024-02-20 13:00:00+00:00,-10.196406249999995,-1,4,False,Overlap (12-16),Tuesday,12
2024-02-20 13:15:00+00:00,2024-02-20 13:30:00+00:00,245.985234375,1,2,True,Overlap (12-16),Tuesday,13
2024-02-20 13:45:00+00:00,2024-02-20 16:45:00+00:00,649.946011951723,-1,13,True,Overlap (12-16),Tuesday,13
2024-02-20 17:00:00+00:00,2024-02-20 20:00:00+00:00,341.340627993477,1,13,True,NY      (16-22),Tuesday,17
2024-02-20 20:15:00+00:00,2024-02-20 21:00:00+00:00,18.080937500000005,-1,4,True,NY      (16-22),Tuesday,20
2024-02-20 21:15:00+00:00,2024-02-20 21:30:00+00:00,48.94421875,1,2,True,NY      (16-22),Tuesday,21
2024-02-20 21:45:00+00:00,2024-02-20 23:30:00+00:00,-69.241328125,-1,8,False,NY      (16-22),Tuesday,21
2024-02-20 23:45:00+00:00,2024-02-21 00:30:00+00:00,-22.530390625000003,1,4,False,Off     (22-00),Tuesday,23
2024-02-21 00:45:00+00:00,2024-02-21 00:45:00+00:00,0.5555468749999974,-1,1,True,Asia    (00-07),Wednesday,0
2024-02-21 01:00:00+00:00,2024-02-21 01:00:00+00:00,27.420781249999997,1,1,True,Asia    (00-07),Wednesday,1
2024-02-21 01:15:00+00:00,2024-02-21 01:45:00+00:00,63.241093750000005,-1,3,True,Asia    (00-07),Wednesday,1
2024-02-21 02:00:00+00:00,2024-02-21 02:30:00+00:00,-19.854609375000003,1,3,False,Asia    (00-07),Wednesday,2
2024-02-21 02:45:00+00:00,2024-02-21 03:00:00+00:00,18.944218749999997,-1,2,True,Asia    (00-07),Wednesday,2
2024-02-21 03:15:00+00:00,2024-02-21 04:00:00+00:00,-24.860468750000003,1,4,False,Asia    (00-07),Wednesday,3
2024-02-21 04:15:00+00:00,2024-02-21 08:00:00+00:00,178.3153125,-1,16,True,Asia    (00-07),Wednesday,4
2024-02-21 08:15:00+00:00,2024-02-21 09:00:00+00:00,-60.428828125,1,4,False,London  (07-12),Wednesday,8
2024-02-21 09:15:00+00:00,2024-02-21 10:00:00+00:00,219.38171875,-1,4,True,London  (07-12),Wednesday,9
2024-02-21 10:15:00+00:00,2024-02-21 11:00:00+00:00,62.735234375000005,1,4,True,London  (07-12),Wednesday,10
2024-02-21 11:15:00+00:00,2024-02-21 12:00:00+00:00,45.995000000000005,-1,4,True,London  (07-12),Wednesday,11
2024-02-21 12:15:00+00:00,2024-02-21 16:45:00+00:00,112.0809375,1,19,True,Overlap (12-16),Wednesday,12
2024-02-21 17:00:00+00:00,2024-02-21 19:00:00+00:00,201.309453125,-1,9,True,NY      (16-22),Wednesday,17
2024-02-21 19:15:00+00:00,2024-02-21 21:45:00+00:00,220.7840625,1,11,True,NY      (16-22),Wednesday,19
2024-02-21 22:00:00+00:00,2024-02-21 23:00:00+00:00,-134.635859375,-1,5,False,Off     (22-00),Wednesday,22
2024-02-21 23:15:00+00:00,2024-02-22 00:00:00+00:00,58.084843750000005,1,4,True,Off     (22-00),Wednesday,23
2024-02-22 00:15:00+00:00,2024-02-22 02:00:00+00:00,196.645390625,-1,8,True,Asia    (00-07),Thursday,0
2024-02-22 02:15:00+00:00,2024-02-22 02:30:00+00:00,41.524296875,1,2,True,Asia    (00-07),Thursday,2
2024-02-22 02:45:00+00:00,2024-02-22 04:45:00+00:00,-1.9151562500000026,-1,9,False,Asia    (00-07),Thursday,2
2024-02-22 05:00:00+00:00,2024-02-22 09:30:00+00:00,207.270390625,1,19,True,Asia    (00-07),Thursday,5
2024-02-22 09:45:00+00:00,2024-02-22 14:00:00+00:00,310.479375,-1,18,True,London  (07-12),Thursday,9
2024-02-22 14:15:00+00:00,2024-02-22 16:00:00+00:00,224.450078125,1,8,True,Overlap (12-16),Thursday,14
2024-02-22 16:15:00+00:00,2024-02-22 20:00:00+00:00,27.305546875000005,-1,16,True,NY      (16-22),Thursday,16
2024-02-22 20:15:00+00:00,2024-02-22 20:45:00+00:00,171.668828125,1,3,True,NY      (16-22),Thursday,20
2024-02-22 21:00:00+00:00,2024-02-22 22:15:00+00:00,378.414921875,-1,6,True,NY      (16-22),Thursday,21
2024-02-22 22:30:00+00:00,2024-02-23 01:15:00+00:00,96.176640625,1,12,True,Off     (22-00),Thursday,22
2024-02-23 01:30:00+00:00,2024-02-23 03:00:00+00:00,183.7059375,-1,7,True,Asia    (00-07),Friday,1
2024-02-23 03:15:00+00:00,2024-02-23 05:00:00+00:00,60.15515625,1,8,True,Asia    (00-07),Friday,3
2024-02-23 05:15:00+00:00,2024-02-23 08:30:00+00:00,90.37,-1,14,True,Asia    (00-07),Friday,5
2024-02-23 08:45:00+00:00,2024-02-23 12:00:00+00:00,42.905156250000005,1,14,True,London  (07-12),Friday,8
2024-02-23 12:15:00+00:00,2024-02-23 13:00:00+00:00,50.65515625,-1,4,True,Overlap (12-16),Friday,12
2024-02-23 13:15:00+00:00,2024-02-23 13:30:00+00:00,32.125859375,1,2,True,Overlap (12-16),Friday,13
2024-02-23 13:45:00+00:00,2024-02-23 14:30:00+00:00,53.120000000000005,-1,4,True,Overlap (12-16),Friday,13
2024-02-23 14:45:00+00:00,2024-02-23 15:00:00+00:00,17.120000000000005,1,2,True,Overlap (12-16),Friday,14
2024-02-23 15:15:00+00:00,2024-02-23 16:00:00+00:00,127.551640625,-1,4,True,Overlap (12-16),Friday,15
2024-02-23 16:15:00+00:00,2024-02-23 20:00:00+00:00,218.106328125,1,16,True,NY      (16-22),Friday,16
2024-02-23 20:15:00+00:00,2024-02-24 00:00:00+00:00,212.6746875,-1,16,True,NY      (16-22),Friday,20
2024-02-24 00:15:00+00:00,2024-02-24 03:45:00+00:00,57.098515625000005,1,15,True,Asia    (00-07),Saturday,0
2024-02-24 04:00:00+00:00,2024-02-24 04:15:00+00:00,-55.79015625,-1,2,False,Asia    (00-07),Saturday,4
2024-02-24 04:30:00+00:00,2024-02-24 10:00:00+00:00,94.385625,1,23,True,Asia    (00-07),Saturday,4
2024-02-24 10:15:00+00:00,2024-02-24 10:30:00+00:00,7.735234374999997,-1,2,True,London  (07-12),Saturday,10
2024-02-24 10:45:00+00:00,2024-02-24 15:00:00+00:00,7.590703124999997,1,18,True,London  (07-12),Saturday,10
2024-02-24 15:15:00+00:00,2024-02-24 16:00:00+00:00,-16.963984375000003,-1,4,False,Overlap (12-16),Saturday,15
2024-02-24 16:15:00+00:00,2024-02-24 18:00:00+00:00,238.575078125,1,8,True,NY      (16-22),Saturday,16
2024-02-24 18:15:00+00:00,2024-02-24 18:45:00+00:00,98.19421875,-1,3,True,NY      (16-22),Saturday,18
2024-02-24 19:00:00+00:00,2024-02-24 22:00:00+00:00,78.989140625,1,13,True,NY      (16-22),Saturday,19
2024-02-24 22:15:00+00:00,2024-02-25 00:30:00+00:00,71.13953125,-1,10,True,Off     (22-00),Saturday,22
2024-02-25 00:45:00+00:00,2024-02-25 02:00:00+00:00,151.354375,1,6,True,Asia    (00-07),Sunday,0
2024-02-25 02:15:00+00:00,2024-02-25 03:00:00+00:00,103.364140625,-1,4,True,Asia    (00-07),Sunday,2
2024-02-25 03:15:00+00:00,2024-02-25 07:30:00+00:00,77.35046875,1,18,True,Asia    (00-07),Sunday,3
2024-02-25 07:45:00+00:00,2024-02-25 11:00:00+00:00,43.661015625,-1,14,True,London  (07-12),Sunday,7
2024-02-25 11:15:00+00:00,2024-02-25 13:00:00+00:00,-32.514765625,1,8,False,London  (07-12),Sunday,11
2024-02-25 13:15:00+00:00,2024-02-25 14:00:00+00:00,-43.290156249999995,-1,4,False,Overlap (12-16),Sunday,13
2024-02-25 14:15:00+00:00,2024-02-25 14:45:00+00:00,37.94421875,1,3,True,Overlap (12-16),Sunday,14
2024-02-25 15:00:00+00:00,2024-02-25 16:30:00+00:00,173.664921875,-1,7,True,Overlap (12-16),Sunday,15
2024-02-25 16:45:00+00:00,2024-02-25 20:00:00+00:00,253.0496875,1,14,True,NY      (16-22),Sunday,16
2024-02-25 20:15:00+00:00,2024-02-25 21:15:00+00:00,97.793828125,-1,5,True,NY      (16-22),Sunday,20
2024-02-25 21:30:00+00:00,2024-02-25 22:00:00+00:00,13.344609374999997,1,3,True,NY      (16-22),Sunday,21
2024-02-25 22:15:00+00:00,2024-02-25 23:00:00+00:00,-3.3350781249999955,-1,4,False,Off     (22-00),Sunday,22
2024-02-25 23:15:00+00:00,2024-02-26 00:00:00+00:00,-47.190546875,1,4,False,Off     (22-00),Sunday,23
2024-02-26 00:15:00+00:00,2024-02-26 03:00:00+00:00,84.30359375,-1,12,True,Asia    (00-07),Monday,0
2024-02-26 03:15:00+00:00,2024-02-26 03:45:00+00:00,40.4090625,1,3,True,Asia    (00-07),Monday,3
2024-02-26 04:00:00+00:00,2024-02-26 05:15:00+00:00,40.235234375,-1,6,True,Asia    (00-07),Monday,4
2024-02-26 05:30:00+00:00,2024-02-26 06:00:00+00:00,32.99109375,1,3,True,Asia    (00-07),Monday,5
2024-02-26 06:15:00+00:00,2024-02-26 08:45:00+00:00,130.590703125,-1,11,True,Asia    (00-07),Monday,6
2024-02-26 09:00:00+00:00,2024-02-26 09:00:00+00:00,12.149296874999997,1,1,True,London  (07-12),Monday,9
2024-02-26 09:15:00+00:00,2024-02-26 10:00:00+00:00,70.229375,-1,4,True,London  (07-12),Monday,9
2024-02-26 10:15:00+00:00,2024-02-26 11:00:00+00:00,-2.8800000000000026,1,4,False,London  (07-12),Monday,10
2024-02-26 11:15:00+00:00,2024-02-26 12:00:00+00:00,43.575078125,-1,4,True,London  (07-12),Monday,11
2024-02-26 12:15:00+00:00,2024-02-26 22:00:00+00:00,1770.7968490616577,1,40,True,Overlap (12-16),Monday,12
2024-02-26 22:15:00+00:00,2024-02-26 22:30:00+00:00,120.56502274511084,-1,2,True,Off     (22-00),Monday,22
2024-02-26 22:45:00+00:00,2024-02-27 03:00:00+00:00,900.7145307632201,1,18,True,Off     (22-00),Monday,22
2024-02-27 03:15:00+00:00,2024-02-27 04:45:00+00:00,206.897081046665,-1,7,True,Asia    (00-07),Tuesday,3
2024-02-27 05:00:00+00:00,2024-02-27 10:00:00+00:00,391.0005939019162,1,21,True,Asia    (00-07),Tuesday,5
2024-02-27 10:15:00+00:00,2024-02-27 10:45:00+00:00,27.295781249999997,-1,3,True,London  (07-12),Tuesday,10
2024-02-27 11:00:00+00:00,2024-02-27 12:15:00+00:00,179.47546875,1,6,True,London  (07-12),Tuesday,11
2024-02-27 12:30:00+00:00,2024-02-27 13:00:00+00:00,-56.580251735430906,-1,3,False,Overlap (12-16),Tuesday,12
2024-02-27 13:15:00+00:00,2024-02-27 15:00:00+00:00,-16.607901927314103,1,8,False,Overlap (12-16),Tuesday,13
2024-02-27 15:15:00+00:00,2024-02-27 16:00:00+00:00,148.91144514187602,-1,4,True,Overlap (12-16),Tuesday,15
2024-02-27 16:15:00+00:00,2024-02-27 20:00:00+00:00,256.24553737253666,1,16,True,NY      (16-22),Tuesday,16
2024-02-27 20:15:00+00:00,2024-02-27 22:00:00+00:00,229.739140625,-1,8,True,NY      (16-22),Tuesday,20
2024-02-27 22:15:00+00:00,2024-02-27 22:15:00+00:00,84.328984375,1,1,True,Off     (22-00),Tuesday,22
2024-02-27 22:30:00+00:00,2024-02-28 02:00:00+00:00,32.389531250000005,-1,15,True,Off     (22-00),Tuesday,22
2024-02-28 02:15:00+00:00,2024-02-28 02:45:00+00:00,50.180546875,1,3,True,Asia    (00-07),Wednesday,2
2024-02-28 03:00:00+00:00,2024-02-28 04:00:00+00:00,-40.4346875,-1,5,False,Asia    (00-07),Wednesday,3
2024-02-28 04:15:00+00:00,2024-02-28 05:00:00+00:00,110.020390625,1,4,True,Asia    (00-07),Wednesday,4
2024-02-28 05:15:00+00:00,2024-02-28 06:00:00+00:00,69.555546875,-1,4,True,Asia    (00-07),Wednesday,5
2024-02-28 06:15:00+00:00,2024-02-28 09:30:00+00:00,1017.2207416081241,1,14,True,Asia    (00-07),Wednesday,6
2024-02-28 09:45:00+00:00,2024-02-28 10:15:00+00:00,-27.020923831588913,-1,3,False,London  (07-12),Wednesday,9
2024-02-28 10:30:00+00:00,2024-02-28 10:45:00+00:00,28.22998319497167,1,2,True,London  (07-12),Wednesday,10
2024-02-28 11:00:00+00:00,2024-02-28 11:45:00+00:00,123.197043199852,-1,4,True,London  (07-12),Wednesday,11
2024-02-28 12:00:00+00:00,2024-02-28 15:00:00+00:00,810.5572696966179,1,13,True,Overlap (12-16),Wednesday,12
2024-02-28 15:15:00+00:00,2024-02-28 16:00:00+00:00,32.91270237648492,-1,4,True,Overlap (12-16),Wednesday,15
2024-02-28 16:15:00+00:00,2024-02-28 16:45:00+00:00,322.709213195999,1,3,True,NY      (16-22),Wednesday,16
2024-02-28 17:00:00+00:00,2024-02-28 20:15:00+00:00,256.6920085642797,-1,14,True,NY      (16-22),Wednesday,17
2024-02-28 20:30:00+00:00,2024-02-29 00:00:00+00:00,377.4482862314326,1,15,True,NY      (16-22),Wednesday,20
2024-02-29 00:15:00+00:00,2024-02-29 02:15:00+00:00,112.3671824211958,-1,9,True,Asia    (00-07),Thursday,0
2024-02-29 02:30:00+00:00,2024-02-29 03:00:00+00:00,87.27722458440414,1,3,True,Asia    (00-07),Thursday,2
2024-02-29 03:15:00+00:00,2024-02-29 04:00:00+00:00,3.577071124382387,-1,4,True,Asia    (00-07),Thursday,3
2024-02-29 04:15:00+00:00,2024-02-29 05:45:00+00:00,409.8135864161845,1,7,True,Asia    (00-07),Thursday,4
2024-02-29 06:00:00+00:00,2024-02-29 08:15:00+00:00,-39.455779937332466,-1,10,False,Asia    (00-07),Thursday,6
2024-02-29 08:30:00+00:00,2024-02-29 09:00:00+00:00,67.6226920445934,1,3,True,London  (07-12),Thursday,8
2024-02-29 09:15:00+00:00,2024-02-29 13:15:00+00:00,150.27351829460488,-1,17,True,London  (07-12),Thursday,9
2024-02-29 13:30:00+00:00,2024-02-29 13:45:00+00:00,223.27698606331052,1,2,True,Overlap (12-16),Thursday,13
2024-02-29 14:00:00+00:00,2024-02-29 19:00:00+00:00,554.835560717947,-1,21,True,Overlap (12-16),Thursday,14
2024-02-29 19:15:00+00:00,2024-02-29 20:30:00+00:00,272.4677356920188,1,6,True,NY      (16-22),Thursday,19
2024-02-29 20:45:00+00:00,2024-02-29 22:30:00+00:00,346.33159573097,-1,8,True,NY      (16-22),Thursday,20
2024-02-29 22:45:00+00:00,2024-02-29 23:00:00+00:00,134.73218745711125,1,2,True,Off     (22-00),Thursday,22
2024-02-29 23:15:00+00:00,2024-03-01 02:15:00+00:00,172.2714499430968,-1,13,True,Off     (22-00),Thursday,23
2024-03-01 02:30:00+00:00,2024-03-01 07:00:00+00:00,375.32977184109006,1,19,True,Asia    (00-07),Friday,2
2024-03-01 07:15:00+00:00,2024-03-01 07:45:00+00:00,124.28015625,-1,3,True,London  (07-12),Friday,7
2024-03-01 08:00:00+00:00,2024-03-01 12:15:00+00:00,335.2996875,1,18,True,London  (07-12),Friday,8
2024-03-01 12:30:00+00:00,2024-03-01 18:00:00+00:00,42.78220624793117,-1,23,True,Overlap (12-16),Friday,12
2024-03-01 18:15:00+00:00,2024-03-01 21:15:00+00:00,347.85267766753833,1,13,True,NY      (16-22),Friday,18
2024-03-01 21:30:00+00:00,2024-03-01 21:45:00+00:00,91.42644661923899,-1,2,True,NY      (16-22),Friday,21
2024-03-01 22:00:00+00:00,2024-03-01 23:00:00+00:00,54.65264563335363,1,5,True,Off     (22-00),Friday,22
2024-03-01 23:15:00+00:00,2024-03-01 23:15:00+00:00,33.317437464563895,-1,1,True,Off     (22-00),Friday,23
2024-03-01 23:30:00+00:00,2024-03-02 00:15:00+00:00,-135.03843450266817,1,4,False,Off     (22-00),Friday,23
2024-03-02 00:30:00+00:00,2024-03-02 03:15:00+00:00,69.041875,-1,12,True,Asia    (00-07),Saturday,0
2024-03-02 03:30:00+00:00,2024-03-02 04:00:00+00:00,19.295781250000005,1,3,True,Asia    (00-07),Saturday,3
2024-03-02 04:15:00+00:00,2024-03-02 07:00:00+00:00,151.844609375,-1,12,True,Asia    (00-07),Saturday,4
2024-03-02 07:15:00+00:00,2024-03-02 08:00:00+00:00,10.510624999999997,1,4,True,London  (07-12),Saturday,7
2024-03-02 08:15:00+00:00,2024-03-02 12:00:00+00:00,-16.643671874999995,-1,16,False,London  (07-12),Saturday,8
2024-03-02 12:15:00+00:00,2024-03-02 13:00:00+00:00,0.8504687499999974,1,4,True,Overlap (12-16),Saturday,12
2024-03-02 13:15:00+00:00,2024-03-02 14:00:00+00:00,97.2840625,-1,4,True,Overlap (12-16),Saturday,13
2024-03-02 14:15:00+00:00,2024-03-02 15:00:00+00:00,101.6434375,1,4,True,Overlap (12-16),Saturday,14
2024-03-02 15:15:00+00:00,2024-03-02 16:00:00+00:00,47.235234375000005,-1,4,True,Overlap (12-16),Saturday,15
2024-03-02 16:15:00+00:00,2024-03-02 22:00:00+00:00,35.120000000000005,1,24,True,NY      (16-22),Saturday,16
2024-03-02 22:15:00+00:00,2024-03-02 22:45:00+00:00,111.604375,-1,3,True,Off     (22-00),Saturday,22
2024-03-02 23:00:00+00:00,2024-03-03 03:15:00+00:00,124.62,1,18,True,Off     (22-00),Saturday,23
2024-03-03 03:30:00+00:00,2024-03-03 08:45:00+00:00,168.575078125,-1,22,True,Asia    (00-07),Sunday,3
2024-03-03 09:00:00+00:00,2024-03-03 10:30:00+00:00,72.200078125,1,7,True,London  (07-12),Sunday,9
2024-03-03 10:45:00+00:00,2024-03-03 10:45:00+00:00,42.969609375,-1,1,True,London  (07-12),Sunday,10
2024-03-03 11:00:00+00:00,2024-03-03 14:00:00+00:00,309.69421875,1,13,True,London  (07-12),Sunday,11
2024-03-03 14:15:00+00:00,2024-03-03 14:45:00+00:00,86.13953125,-1,3,True,Overlap (12-16),Sunday,14
2024-03-03 15:00:00+00:00,2024-03-03 22:00:00+00:00,432.805546875,1,29,True,Overlap (12-16),Sunday,15
2024-03-03 22:15:00+00:00,2024-03-03 23:00:00+00:00,51.946171875000005,-1,4,True,Off     (22-00),Sunday,22
2024-03-03 23:15:00+00:00,2024-03-04 03:00:00+00:00,425.77558701840445,1,16,True,Off     (22-00),Sunday,23
2024-03-04 03:15:00+00:00,2024-03-04 04:00:00+00:00,1.349950473398394,-1,4,True,Asia    (00-07),Monday,3
2024-03-04 04:15:00+00:00,2024-03-04 13:30:00+00:00,1012.4779847873882,1,38,True,Asia    (00-07),Monday,4
2024-03-04 13:45:00+00:00,2024-03-04 14:00:00+00:00,162.516652889942,-1,2,True,Overlap (12-16),Monday,13
2024-03-04 14:15:00+00:00,2024-03-04 17:30:00+00:00,622.9747313616418,1,14,True,Overlap (12-16),Monday,14
2024-03-04 17:45:00+00:00,2024-03-04 17:45:00+00:00,90.31365084633426,-1,1,True,NY      (16-22),Monday,17
2024-03-04 18:00:00+00:00,2024-03-05 00:00:00+00:00,394.13233989317695,1,25,True,NY      (16-22),Monday,18
2024-03-05 00:15:00+00:00,2024-03-05 08:00:00+00:00,501.6440958627842,-1,32,True,Asia    (00-07),Tuesday,0
2024-03-05 08:15:00+00:00,2024-03-05 10:15:00+00:00,139.54870715031421,1,9,True,London  (07-12),Tuesday,8
2024-03-05 10:30:00+00:00,2024-03-05 11:00:00+00:00,62.79007542367113,-1,3,True,London  (07-12),Tuesday,10
2024-03-05 11:15:00+00:00,2024-03-05 13:00:00+00:00,469.10397127268084,1,8,True,London  (07-12),Tuesday,11
2024-03-05 13:15:00+00:00,2024-03-05 14:00:00+00:00,119.43611680147644,-1,4,True,Overlap (12-16),Tuesday,13
2024-03-05 14:15:00+00:00,2024-03-05 14:30:00+00:00,272.2692917812481,1,2,True,Overlap (12-16),Tuesday,14
2024-03-05 14:45:00+00:00,2024-03-05 20:45:00+00:00,992.8282094000676,-1,25,True,Overlap (12-16),Tuesday,14
2024-03-05 21:00:00+00:00,2024-03-06 00:15:00+00:00,266.2991003636562,1,14,True,NY      (16-22),Tuesday,21
2024-03-06 00:30:00+00:00,2024-03-06 03:00:00+00:00,314.7739362656921,-1,11,True,Asia    (00-07),Wednesday,0
2024-03-06 03:15:00+00:00,2024-03-06 06:15:00+00:00,950.0366299624338,1,13,True,Asia    (00-07),Wednesday,3
2024-03-06 06:30:00+00:00,2024-03-06 07:00:00+00:00,-74.63332188351956,-1,3,False,Asia    (00-07),Wednesday,6
2024-03-06 07:15:00+00:00,2024-03-06 09:15:00+00:00,174.24145513424358,1,9,True,London  (07-12),Wednesday,7
2024-03-06 09:30:00+00:00,2024-03-06 10:15:00+00:00,144.08748299348224,-1,4,True,London  (07-12),Wednesday,9
2024-03-06 10:30:00+00:00,2024-03-06 12:00:00+00:00,173.41321891654388,1,7,True,London  (07-12),Wednesday,10
2024-03-06 12:15:00+00:00,2024-03-06 13:15:00+00:00,280.2098301402504,-1,5,True,Overlap (12-16),Wednesday,12
2024-03-06 13:30:00+00:00,2024-03-06 14:00:00+00:00,144.21678780640013,1,3,True,Overlap (12-16),Wednesday,13
2024-03-06 14:15:00+00:00,2024-03-06 15:00:00+00:00,141.06473083827132,-1,4,True,Overlap (12-16),Wednesday,14
2024-03-06 15:15:00+00:00,2024-03-06 19:15:00+00:00,210.54535035418922,1,17,True,Overlap (12-16),Wednesday,15
2024-03-06 19:30:00+00:00,2024-03-06 23:15:00+00:00,377.0619493028401,-1,16,True,NY      (16-22),Wednesday,19
2024-03-06 23:30:00+00:00,2024-03-07 01:45:00+00:00,115.67941497104582,1,10,True,Off     (22-00),Wednesday,23
2024-03-07 02:00:00+00:00,2024-03-07 05:30:00+00:00,263.05934411235376,-1,15,True,Asia    (00-07),Thursday,2
2024-03-07 05:45:00+00:00,2024-03-07 11:00:00+00:00,609.7493961020432,1,22,True,Asia    (00-07),Thursday,5
2024-03-07 11:15:00+00:00,2024-03-07 11:15:00+00:00,120.39300376600261,-1,1,True,London  (07-12),Thursday,11
2024-03-07 11:30:00+00:00,2024-03-07 12:00:00+00:00,122.75536764804316,1,3,True,London  (07-12),Thursday,11
2024-03-07 12:15:00+00:00,2024-03-07 13:15:00+00:00,43.298374101758725,-1,5,True,Overlap (12-16),Thursday,12
2024-03-07 13:30:00+00:00,2024-03-07 14:45:00+00:00,73.68666508916107,1,6,True,Overlap (12-16),Thursday,13
2024-03-07 15:00:00+00:00,2024-03-07 15:00:00+00:00,33.89118668898217,-1,1,True,Overlap (12-16),Thursday,15
2024-03-07 15:15:00+00:00,2024-03-07 19:00:00+00:00,261.35764813756066,1,16,True,Overlap (12-16),Thursday,15
2024-03-07 19:15:00+00:00,2024-03-08 00:00:00+00:00,377.5629355819913,-1,20,True,NY      (16-22),Thursday,19
2024-03-08 00:15:00+00:00,2024-03-08 03:15:00+00:00,178.3778125,1,13,True,Asia    (00-07),Friday,0
2024-03-08 03:30:00+00:00,2024-03-08 06:00:00+00:00,136.73328125,-1,11,True,Asia    (00-07),Friday,3
2024-03-08 06:15:00+00:00,2024-03-08 07:15:00+00:00,222.9325,1,5,True,Asia    (00-07),Friday,6
2024-03-08 07:30:00+00:00,2024-03-08 09:45:00+00:00,120.6278125,-1,10,True,London  (07-12),Friday,7
2024-03-08 10:00:00+00:00,2024-03-08 12:15:00+00:00,171.15515625,1,10,True,London  (07-12),Friday,10
2024-03-08 12:30:00+00:00,2024-03-08 13:15:00+00:00,14.354374999999997,-1,4,True,Overlap (12-16),Friday,12
2024-03-08 13:30:00+00:00,2024-03-08 13:45:00+00:00,153.104375,1,2,True,Overlap (12-16),Friday,13
2024-03-08 14:00:00+00:00,2024-03-08 14:00:00+00:00,-5.786250000000003,-1,1,False,Overlap (12-16),Friday,14
2024-03-08 14:15:00+00:00,2024-03-08 14:30:00+00:00,281.41475865552593,1,2,True,Overlap (12-16),Friday,14
2024-03-08 14:45:00+00:00,2024-03-08 16:00:00+00:00,206.34255531732842,-1,6,True,Overlap (12-16),Friday,14
2024-03-08 16:15:00+00:00,2024-03-08 20:30:00+00:00,501.16881323436667,1,18,True,NY      (16-22),Friday,16
2024-03-08 20:45:00+00:00,2024-03-08 22:45:00+00:00,314.05992077592975,-1,9,True,NY      (16-22),Friday,20
2024-03-08 23:00:00+00:00,2024-03-08 23:15:00+00:00,24.83304518083041,1,2,True,Off     (22-00),Friday,23
2024-03-08 23:30:00+00:00,2024-03-08 23:30:00+00:00,37.772165854942834,-1,1,True,Off     (22-00),Friday,23
2024-03-08 23:45:00+00:00,2024-03-09 00:00:00+00:00,51.998359993830846,1,2,True,Off     (22-00),Friday,23
2024-03-09 00:15:00+00:00,2024-03-09 02:00:00+00:00,126.80744247459279,-1,8,True,Asia    (00-07),Saturday,0
2024-03-09 02:15:00+00:00,2024-03-09 04:15:00+00:00,118.9246875,1,9,True,Asia    (00-07),Saturday,2
2024-03-09 04:30:00+00:00,2024-03-09 06:00:00+00:00,-19.251093749999995,-1,7,False,Asia    (00-07),Saturday,4
2024-03-09 06:15:00+00:00,2024-03-09 06:30:00+00:00,73.93640625,1,2,True,Asia    (00-07),Saturday,6
2024-03-09 06:45:00+00:00,2024-03-09 10:15:00+00:00,141.03015625,-1,15,True,Asia    (00-07),Saturday,6
2024-03-09 10:30:00+00:00,2024-03-09 13:00:00+00:00,134.745,1,11,True,London  (07-12),Saturday,10
2024-03-09 13:15:00+00:00,2024-03-09 15:00:00+00:00,82.7059375,-1,8,True,Overlap (12-16),Saturday,13
2024-03-09 15:15:00+00:00,2024-03-09 17:45:00+00:00,-27.075312499999995,1,11,False,Overlap (12-16),Saturday,15
2024-03-09 18:00:00+00:00,2024-03-09 20:00:00+00:00,-79.84875,-1,9,False,NY      (16-22),Saturday,18
2024-03-09 20:15:00+00:00,2024-03-09 22:00:00+00:00,35.791875,1,8,True,NY      (16-22),Saturday,20
2024-03-09 22:15:00+00:00,2024-03-09 23:45:00+00:00,21.053593749999997,-1,7,True,Off     (22-00),Saturday,22
2024-03-10 00:00:00+00:00,2024-03-10 02:00:00+00:00,337.84265625,1,9,True,Asia    (00-07),Sunday,0
2024-03-10 02:15:00+00:00,2024-03-10 03:00:00+00:00,34.479375000000005,-1,4,True,Asia    (00-07),Sunday,2
2024-03-10 03:15:00+00:00,2024-03-10 03:45:00+00:00,92.45141763140111,1,3,True,Asia    (00-07),Sunday,3
2024-03-10 04:00:00+00:00,2024-03-10 04:45:00+00:00,-137.67991669248107,-1,4,False,Asia    (00-07),Sunday,4
2024-03-10 05:00:00+00:00,2024-03-10 10:00:00+00:00,216.7996875,1,21,True,Asia    (00-07),Sunday,5
2024-03-10 10:15:00+00:00,2024-03-10 10:30:00+00:00,94.6746875,-1,2,True,London  (07-12),Sunday,10
2024-03-10 10:45:00+00:00,2024-03-10 11:00:00+00:00,17.569218749999997,1,2,True,London  (07-12),Sunday,10
2024-03-10 11:15:00+00:00,2024-03-10 12:00:00+00:00,17.596562499999997,-1,4,True,London  (07-12),Sunday,11
2024-03-10 12:15:00+00:00,2024-03-10 13:00:00+00:00,40.820706047618025,1,4,True,Overlap (12-16),Sunday,12
2024-03-10 13:15:00+00:00,2024-03-10 14:00:00+00:00,236.02234375,-1,4,True,Overlap (12-16),Sunday,13
2024-03-10 14:15:00+00:00,2024-03-10 15:15:00+00:00,-0.3331469845113588,1,5,False,Overlap (12-16),Sunday,14
2024-03-10 15:30:00+00:00,2024-03-10 16:00:00+00:00,-66.6912083939871,-1,3,False,Overlap (12-16),Sunday,15
2024-03-10 16:15:00+00:00,2024-03-10 16:15:00+00:00,80.9075820669118,1,1,True,NY      (16-22),Sunday,16
2024-03-10 16:30:00+00:00,2024-03-10 16:45:00+00:00,75.63703265488596,-1,2,True,NY      (16-22),Sunday,16
2024-03-10 17:00:00+00:00,2024-03-10 20:00:00+00:00,-27.477817571600426,1,13,False,NY      (16-22),Sunday,17
2024-03-10 20:15:00+00:00,2024-03-10 23:30:00+00:00,294.6903125,-1,14,True,NY      (16-22),Sunday,20
2024-03-10 23:45:00+00:00,2024-03-11 00:00:00+00:00,17.205937500000005,1,2,True,Off     (22-00),Sunday,23
2024-03-11 00:15:00+00:00,2024-03-11 04:45:00+00:00,208.42257596711733,-1,19,True,Asia    (00-07),Monday,0
2024-03-11 05:00:00+00:00,2024-03-11 08:15:00+00:00,1250.6553197376377,1,14,True,Asia    (00-07),Monday,5
2024-03-11 08:30:00+00:00,2024-03-11 08:45:00+00:00,78.7333633066944,-1,2,True,London  (07-12),Monday,8
2024-03-11 09:00:00+00:00,2024-03-11 10:15:00+00:00,138.82755313722447,1,6,True,London  (07-12),Monday,9
2024-03-11 10:30:00+00:00,2024-03-11 10:45:00+00:00,69.14819707909297,-1,2,True,London  (07-12),Monday,10
2024-03-11 11:00:00+00:00,2024-03-11 11:30:00+00:00,210.95073524258257,1,3,True,London  (07-12),Monday,11
2024-03-11 11:45:00+00:00,2024-03-11 12:00:00+00:00,150.09794457296752,-1,2,True,London  (07-12),Monday,11
2024-03-11 12:15:00+00:00,2024-03-11 13:15:00+00:00,205.79502139506576,1,5,True,Overlap (12-16),Monday,12
2024-03-11 13:30:00+00:00,2024-03-11 13:45:00+00:00,221.29168397566718,-1,2,True,Overlap (12-16),Monday,13
2024-03-11 14:00:00+00:00,2024-03-11 15:15:00+00:00,244.40219136522146,1,6,True,Overlap (12-16),Monday,14
2024-03-11 15:30:00+00:00,2024-03-11 15:45:00+00:00,115.27784259665442,-1,2,True,Overlap (12-16),Monday,15
2024-03-11 16:00:00+00:00,2024-03-11 16:45:00+00:00,133.74782771021393,1,4,True,NY      (16-22),Monday,16
2024-03-11 17:00:00+00:00,2024-03-11 17:30:00+00:00,6.993914209802888,-1,3,True,NY      (16-22),Monday,17
2024-03-11 17:45:00+00:00,2024-03-11 18:15:00+00:00,20.418802702980926,1,3,True,NY      (16-22),Monday,17
2024-03-11 18:30:00+00:00,2024-03-11 20:00:00+00:00,178.35045999300317,-1,7,True,NY      (16-22),Monday,18
2024-03-11 20:15:00+00:00,2024-03-11 22:15:00+00:00,260.57023193618903,1,9,True,NY      (16-22),Monday,20
2024-03-11 22:30:00+00:00,2024-03-12 04:45:00+00:00,419.2852833324539,-1,26,True,Off     (22-00),Monday,22
2024-03-12 05:00:00+00:00,2024-03-12 06:45:00+00:00,185.3258948845826,1,8,True,Asia    (00-07),Tuesday,5
2024-03-12 07:00:00+00:00,2024-03-12 12:15:00+00:00,293.2565031403984,-1,22,True,London  (07-12),Tuesday,7
2024-03-12 12:30:00+00:00,2024-03-12 12:45:00+00:00,263.72639761261973,1,2,True,Overlap (12-16),Tuesday,12
2024-03-12 13:00:00+00:00,2024-03-12 13:30:00+00:00,139.62796611920655,-1,3,True,Overlap (12-16),Tuesday,13
2024-03-12 13:45:00+00:00,2024-03-12 14:00:00+00:00,5.104799992122594,1,2,True,Overlap (12-16),Tuesday,13
2024-03-12 14:15:00+00:00,2024-03-12 17:00:00+00:00,411.36493929124003,-1,12,True,Overlap (12-16),Tuesday,14
2024-03-12 17:15:00+00:00,2024-03-12 18:45:00+00:00,284.0897152247554,1,7,True,NY      (16-22),Tuesday,17
2024-03-12 19:00:00+00:00,2024-03-12 22:15:00+00:00,101.73216415483492,-1,14,True,NY      (16-22),Tuesday,19
2024-03-12 22:30:00+00:00,2024-03-13 02:15:00+00:00,385.7818717230028,1,16,True,Off     (22-00),Tuesday,22
2024-03-13 02:30:00+00:00,2024-03-13 04:00:00+00:00,-118.54796875,-1,7,False,Asia    (00-07),Wednesday,2
2024-03-13 04:15:00+00:00,2024-03-13 07:00:00+00:00,448.3075,1,12,True,Asia    (00-07),Wednesday,4
2024-03-13 07:15:00+00:00,2024-03-13 08:00:00+00:00,-107.03234375,-1,4,False,London  (07-12),Wednesday,7
2024-03-13 08:15:00+00:00,2024-03-13 12:00:00+00:00,-3.111875042280701,1,16,False,London  (07-12),Wednesday,8
2024-03-13 12:15:00+00:00,2024-03-13 14:45:00+00:00,371.71134009175876,-1,11,True,Overlap (12-16),Wednesday,12
2024-03-13 15:00:00+00:00,2024-03-13 15:45:00+00:00,75.75082864090759,1,4,True,Overlap (12-16),Wednesday,15
2024-03-13 16:00:00+00:00,2024-03-13 16:00:00+00:00,61.9124936699206,-1,1,True,NY      (16-22),Wednesday,16
2024-03-13 16:15:00+00:00,2024-03-13 19:45:00+00:00,354.3644668780977,1,15,True,NY      (16-22),Wednesday,16
2024-03-13 20:00:00+00:00,2024-03-14 01:00:00+00:00,307.26828665354105,-1,21,True,NY      (16-22),Wednesday,20
2024-03-14 01:15:00+00:00,2024-03-14 02:15:00+00:00,195.97546875,1,5,True,Asia    (00-07),Thursday,1
2024-03-14 02:30:00+00:00,2024-03-14 03:00:00+00:00,-38.09484375,-1,3,False,Asia    (00-07),Thursday,2
2024-03-14 03:15:00+00:00,2024-03-14 04:00:00+00:00,181.9246875,1,4,True,Asia    (00-07),Thursday,3
2024-03-14 04:15:00+00:00,2024-03-14 05:00:00+00:00,380.00671875,-1,4,True,Asia    (00-07),Thursday,4
2024-03-14 05:15:00+00:00,2024-03-14 07:00:00+00:00,332.0331488689243,1,8,True,Asia    (00-07),Thursday,5
2024-03-14 07:15:00+00:00,2024-03-14 16:00:00+00:00,1000.806342368154,-1,36,True,London  (07-12),Thursday,7
2024-03-14 16:15:00+00:00,2024-03-14 17:15:00+00:00,40.47903569558558,1,5,True,NY      (16-22),Thursday,16
2024-03-14 17:30:00+00:00,2024-03-14 20:00:00+00:00,148.9418566066724,-1,11,True,NY      (16-22),Thursday,17
2024-03-14 20:15:00+00:00,2024-03-14 23:00:00+00:00,318.6895641692337,1,12,True,NY      (16-22),Thursday,20
2024-03-14 23:15:00+00:00,2024-03-15 03:15:00+00:00,1169.0061201739586,-1,17,True,Off     (22-00),Thursday,23
2024-03-15 03:30:00+00:00,2024-03-15 08:00:00+00:00,130.62487614461892,1,19,True,Asia    (00-07),Friday,3
2024-03-15 08:15:00+00:00,2024-03-15 09:00:00+00:00,524.5694472518256,-1,4,True,London  (07-12),Friday,8
2024-03-15 09:15:00+00:00,2024-03-15 10:00:00+00:00,257.7497544464328,1,4,True,London  (07-12),Friday,9
2024-03-15 10:15:00+00:00,2024-03-15 11:00:00+00:00,31.19597619392317,-1,4,True,London  (07-12),Friday,10
2024-03-15 11:15:00+00:00,2024-03-15 15:00:00+00:00,283.07499582935236,1,16,True,London  (07-12),Friday,11
2024-03-15 15:15:00+00:00,2024-03-15 16:00:00+00:00,242.65255260893116,-1,4,True,Overlap (12-16),Friday,15
2024-03-15 16:15:00+00:00,2024-03-15 19:00:00+00:00,761.4883188843452,1,12,True,NY      (16-22),Friday,16
2024-03-15 19:15:00+00:00,2024-03-15 20:00:00+00:00,525.2131477584055,-1,4,True,NY      (16-22),Friday,19
2024-03-15 20:15:00+00:00,2024-03-16 02:30:00+00:00,247.89702876225903,1,26,True,NY      (16-22),Friday,20
2024-03-16 02:45:00+00:00,2024-03-16 04:30:00+00:00,119.6227765122796,-1,8,True,Asia    (00-07),Saturday,2
2024-03-16 04:45:00+00:00,2024-03-16 08:00:00+00:00,188.16471457138874,1,14,True,Asia    (00-07),Saturday,4
2024-03-16 08:15:00+00:00,2024-03-16 10:45:00+00:00,440.62390625,-1,11,True,London  (07-12),Saturday,8
2024-03-16 11:00:00+00:00,2024-03-16 16:00:00+00:00,-135.04694279700925,1,21,False,London  (07-12),Saturday,11
2024-03-16 16:15:00+00:00,2024-03-17 01:00:00+00:00,885.5442933366581,-1,36,True,NY      (16-22),Saturday,16
2024-03-17 01:15:00+00:00,2024-03-17 04:45:00+00:00,143.1491735922823,1,15,True,Asia    (00-07),Sunday,1
2024-03-17 05:00:00+00:00,2024-03-17 07:00:00+00:00,544.9751140004967,-1,9,True,Asia    (00-07),Sunday,5
2024-03-17 07:15:00+00:00,2024-03-17 09:00:00+00:00,421.1946743434596,1,8,True,London  (07-12),Sunday,7
2024-03-17 09:15:00+00:00,2024-03-17 09:30:00+00:00,79.55720321708445,-1,2,True,London  (07-12),Sunday,9
2024-03-17 09:45:00+00:00,2024-03-17 18:00:00+00:00,682.6492225543285,1,34,True,London  (07-12),Sunday,9
2024-03-17 18:15:00+00:00,2024-03-17 19:15:00+00:00,71.02135452191466,-1,5,True,NY      (16-22),Sunday,18
2024-03-17 19:30:00+00:00,2024-03-17 20:00:00+00:00,208.59344291002924,1,3,True,NY      (16-22),Sunday,19
2024-03-17 20:15:00+00:00,2024-03-17 23:00:00+00:00,179.11609375,-1,12,True,NY      (16-22),Sunday,20
2024-03-17 23:15:00+00:00,2024-03-18 02:45:00+00:00,-228.08150679185377,1,15,False,Off     (22-00),Sunday,23
2024-03-18 03:00:00+00:00,2024-03-18 04:00:00+00:00,22.874964164926638,-1,5,True,Asia    (00-07),Monday,3
2024-03-18 04:15:00+00:00,2024-03-18 04:30:00+00:00,252.25294344277563,1,2,True,Asia    (00-07),Monday,4
2024-03-18 04:45:00+00:00,2024-03-18 07:15:00+00:00,72.72870644668886,-1,11,True,Asia    (00-07),Monday,4
2024-03-18 07:30:00+00:00,2024-03-18 09:30:00+00:00,-114.85473372851342,1,9,False,London  (07-12),Monday,7
2024-03-18 09:45:00+00:00,2024-03-18 10:00:00+00:00,96.98353131566932,-1,2,True,London  (07-12),Monday,9
2024-03-18 10:15:00+00:00,2024-03-18 11:15:00+00:00,234.7861319764732,1,5,True,London  (07-12),Monday,10
2024-03-18 11:30:00+00:00,2024-03-18 15:00:00+00:00,587.4748792440892,-1,15,True,London  (07-12),Monday,11
2024-03-18 15:15:00+00:00,2024-03-18 16:00:00+00:00,224.57425583215132,1,4,True,Overlap (12-16),Monday,15
2024-03-18 16:15:00+00:00,2024-03-18 17:15:00+00:00,133.06437488101753,-1,5,True,NY      (16-22),Monday,16
2024-03-18 17:30:00+00:00,2024-03-18 18:00:00+00:00,75.88184799687528,1,3,True,NY      (16-22),Monday,17
2024-03-18 18:15:00+00:00,2024-03-18 20:00:00+00:00,61.73513631050223,-1,8,True,NY      (16-22),Monday,18
2024-03-18 20:15:00+00:00,2024-03-18 23:15:00+00:00,330.3741405206239,1,13,True,NY      (16-22),Monday,20
2024-03-18 23:30:00+00:00,2024-03-18 23:45:00+00:00,110.6746875,-1,2,True,Off     (22-00),Monday,23
2024-03-19 00:00:00+00:00,2024-03-19 00:00:00+00:00,124.33484375,1,1,True,Asia    (00-07),Tuesday,0
2024-03-19 00:15:00+00:00,2024-03-19 03:15:00+00:00,820.1247718207721,-1,13,True,Asia    (00-07),Tuesday,0
2024-03-19 03:30:00+00:00,2024-03-19 04:00:00+00:00,-11.288572831630816,1,3,False,Asia    (00-07),Tuesday,3
2024-03-19 04:15:00+00:00,2024-03-19 07:00:00+00:00,393.0192206999084,-1,12,True,Asia    (00-07),Tuesday,4
2024-03-19 07:15:00+00:00,2024-03-19 07:45:00+00:00,174.62659119690124,1,3,True,London  (07-12),Tuesday,7
2024-03-19 08:00:00+00:00,2024-03-19 09:15:00+00:00,256.2889347575164,-1,6,True,London  (07-12),Tuesday,8
2024-03-19 09:30:00+00:00,2024-03-19 09:45:00+00:00,107.00139081215647,1,2,True,London  (07-12),Tuesday,9
2024-03-19 10:00:00+00:00,2024-03-19 11:00:00+00:00,296.2593466525084,-1,5,True,London  (07-12),Tuesday,10
2024-03-19 11:15:00+00:00,2024-03-19 11:45:00+00:00,78.19843408699599,1,3,True,London  (07-12),Tuesday,11
2024-03-19 12:00:00+00:00,2024-03-19 12:00:00+00:00,-60.32597873209738,-1,1,False,Overlap (12-16),Tuesday,12
2024-03-19 12:15:00+00:00,2024-03-19 15:45:00+00:00,165.65218180377954,1,15,True,Overlap (12-16),Tuesday,12
2024-03-19 16:00:00+00:00,2024-03-19 17:30:00+00:00,-201.02300562179238,-1,7,False,NY      (16-22),Tuesday,16
2024-03-19 17:45:00+00:00,2024-03-19 20:00:00+00:00,-303.85644205560044,1,10,False,NY      (16-22),Tuesday,17
2024-03-19 20:15:00+00:00,2024-03-20 00:00:00+00:00,464.72566108309866,-1,16,True,NY      (16-22),Tuesday,20
2024-03-20 00:15:00+00:00,2024-03-20 01:00:00+00:00,141.94073021836576,1,4,True,Asia    (00-07),Wednesday,0
2024-03-20 01:15:00+00:00,2024-03-20 04:30:00+00:00,294.9833138549552,-1,14,True,Asia    (00-07),Wednesday,1
2024-03-20 04:45:00+00:00,2024-03-20 11:15:00+00:00,672.2831219716114,1,27,True,Asia    (00-07),Wednesday,4
2024-03-20 11:30:00+00:00,2024-03-20 12:15:00+00:00,-63.25720371528422,-1,4,False,London  (07-12),Wednesday,11
2024-03-20 12:30:00+00:00,2024-03-20 15:00:00+00:00,6.910262216930356,1,11,True,Overlap (12-16),Wednesday,12
2024-03-20 15:15:00+00:00,2024-03-20 16:15:00+00:00,387.1406258799546,-1,5,True,Overlap (12-16),Wednesday,15
2024-03-20 16:30:00+00:00,2024-03-20 21:15:00+00:00,1035.675853561599,1,20,True,NY      (16-22),Wednesday,16
2024-03-20 21:30:00+00:00,2024-03-20 23:30:00+00:00,5.595500630830731,-1,9,True,NY      (16-22),Wednesday,21
2024-03-20 23:45:00+00:00,2024-03-21 06:15:00+00:00,-314.05911945447986,1,27,False,Off     (22-00),Wednesday,23
2024-03-21 06:30:00+00:00,2024-03-21 08:00:00+00:00,-136.83577700645787,-1,7,False,Asia    (00-07),Thursday,6
2024-03-21 08:15:00+00:00,2024-03-21 09:00:00+00:00,-138.62007587464498,1,4,False,London  (07-12),Thursday,8
2024-03-21 09:15:00+00:00,2024-03-21 10:15:00+00:00,81.10753699356025,-1,5,True,London  (07-12),Thursday,9
2024-03-21 10:30:00+00:00,2024-03-21 12:00:00+00:00,175.61166150199293,1,7,True,London  (07-12),Thursday,10
2024-03-21 12:15:00+00:00,2024-03-21 15:15:00+00:00,346.32323486844535,-1,13,True,Overlap (12-16),Thursday,12
2024-03-21 15:30:00+00:00,2024-03-21 17:00:00+00:00,103.60861911819674,1,7,True,Overlap (12-16),Thursday,15
2024-03-21 17:15:00+00:00,2024-03-21 19:15:00+00:00,438.44524005552955,-1,9,True,NY      (16-22),Thursday,17
2024-03-21 19:30:00+00:00,2024-03-22 01:00:00+00:00,258.04595618281377,1,23,True,NY      (16-22),Thursday,19
2024-03-22 01:15:00+00:00,2024-03-22 01:45:00+00:00,279.9853710998036,-1,3,True,Asia    (00-07),Friday,1
2024-03-22 02:00:00+00:00,2024-03-22 03:15:00+00:00,303.21181940824715,1,6,True,Asia    (00-07),Friday,2
2024-03-22 03:30:00+00:00,2024-03-22 04:00:00+00:00,15.510915907246218,-1,3,True,Asia    (00-07),Friday,3
2024-03-22 04:15:00+00:00,2024-03-22 04:45:00+00:00,87.74180739430092,1,3,True,Asia    (00-07),Friday,4
2024-03-22 05:00:00+00:00,2024-03-22 05:00:00+00:00,50.664762526131035,-1,1,True,Asia    (00-07),Friday,5
2024-03-22 05:15:00+00:00,2024-03-22 05:30:00+00:00,120.03193434687367,1,2,True,Asia    (00-07),Friday,5
2024-03-22 05:45:00+00:00,2024-03-22 12:00:00+00:00,826.3184114847409,-1,26,True,Asia    (00-07),Friday,5
2024-03-22 12:15:00+00:00,2024-03-22 13:00:00+00:00,-146.249082016749,1,4,False,Overlap (12-16),Friday,12
2024-03-22 13:15:00+00:00,2024-03-22 14:00:00+00:00,291.254531889931,-1,4,True,Overlap (12-16),Friday,13
2024-03-22 14:15:00+00:00,2024-03-22 16:00:00+00:00,128.2963793958597,1,8,True,Overlap (12-16),Friday,14
2024-03-22 16:15:00+00:00,2024-03-22 23:00:00+00:00,176.06897270723925,-1,28,True,NY      (16-22),Friday,16
2024-03-22 23:15:00+00:00,2024-03-23 00:00:00+00:00,122.1147401771109,1,4,True,Off     (22-00),Friday,23
2024-03-23 00:15:00+00:00,2024-03-23 03:15:00+00:00,105.41599188368204,-1,13,True,Asia    (00-07),Saturday,0
2024-03-23 03:30:00+00:00,2024-03-23 10:15:00+00:00,508.59030505057655,1,28,True,Asia    (00-07),Saturday,3
2024-03-23 10:30:00+00:00,2024-03-23 11:00:00+00:00,62.608281250000005,-1,3,True,London  (07-12),Saturday,10
2024-03-23 11:15:00+00:00,2024-03-23 16:30:00+00:00,584.4721332392481,1,22,True,London  (07-12),Saturday,11
2024-03-23 16:45:00+00:00,2024-03-24 02:45:00+00:00,689.5457535201135,-1,41,True,NY      (16-22),Saturday,16
2024-03-24 03:00:00+00:00,2024-03-24 16:00:00+00:00,651.2656078739755,1,53,True,Asia    (00-07),Sunday,3
2024-03-24 16:15:00+00:00,2024-03-24 17:00:00+00:00,342.36380483841344,-1,4,True,NY      (16-22),Sunday,16
2024-03-24 17:15:00+00:00,2024-03-25 04:00:00+00:00,1000.1734782499275,1,44,True,NY      (16-22),Sunday,17
2024-03-25 04:15:00+00:00,2024-03-25 09:15:00+00:00,172.48328125,-1,21,True,Asia    (00-07),Monday,4
2024-03-25 09:30:00+00:00,2024-03-25 10:00:00+00:00,203.85828125,1,3,True,London  (07-12),Monday,9
2024-03-25 10:15:00+00:00,2024-03-25 12:00:00+00:00,114.729375,-1,8,True,London  (07-12),Monday,10
2024-03-25 12:15:00+00:00,2024-03-25 14:15:00+00:00,907.7617503333745,1,9,True,Overlap (12-16),Monday,12
2024-03-25 14:30:00+00:00,2024-03-25 14:30:00+00:00,11.677692054975193,-1,1,True,Overlap (12-16),Monday,14
2024-03-25 14:45:00+00:00,2024-03-25 19:45:00+00:00,501.1993280534662,1,21,True,Overlap (12-16),Monday,14
2024-03-25 20:00:00+00:00,2024-03-25 23:30:00+00:00,438.8378894410338,-1,15,True,NY      (16-22),Monday,20
2024-03-25 23:45:00+00:00,2024-03-26 03:30:00+00:00,283.2975604652415,1,16,True,Off     (22-00),Monday,23
2024-03-26 03:45:00+00:00,2024-03-26 06:00:00+00:00,118.92078125,-1,10,True,Asia    (00-07),Tuesday,3
2024-03-26 06:15:00+00:00,2024-03-26 07:00:00+00:00,256.1278125,1,4,True,Asia    (00-07),Tuesday,6
2024-03-26 07:15:00+00:00,2024-03-26 08:00:00+00:00,85.75727720754706,-1,4,True,London  (07-12),Tuesday,7
2024-03-26 08:15:00+00:00,2024-03-26 10:00:00+00:00,147.180211167139,1,8,True,London  (07-12),Tuesday,8
2024-03-26 10:15:00+00:00,2024-03-26 14:15:00+00:00,585.2672244801616,-1,17,True,London  (07-12),Tuesday,10
2024-03-26 14:30:00+00:00,2024-03-26 16:00:00+00:00,137.75501081189373,1,7,True,Overlap (12-16),Tuesday,14
2024-03-26 16:15:00+00:00,2024-03-26 20:00:00+00:00,121.43993934030644,-1,16,True,NY      (16-22),Tuesday,16
2024-03-26 20:15:00+00:00,2024-03-26 23:00:00+00:00,274.8136963159044,1,12,True,NY      (16-22),Tuesday,20
2024-03-26 23:15:00+00:00,2024-03-27 02:00:00+00:00,16.373906250000005,-1,12,True,Off     (22-00),Tuesday,23
2024-03-27 02:15:00+00:00,2024-03-27 02:45:00+00:00,159.0575,1,3,True,Asia    (00-07),Wednesday,2
2024-03-27 03:00:00+00:00,2024-03-27 06:30:00+00:00,136.16296875,-1,15,True,Asia    (00-07),Wednesday,3
2024-03-27 06:45:00+00:00,2024-03-27 07:00:00+00:00,-124.80578125,1,2,False,Asia    (00-07),Wednesday,6
2024-03-27 07:15:00+00:00,2024-03-27 08:45:00+00:00,238.166875,-1,7,True,London  (07-12),Wednesday,7
2024-03-27 09:00:00+00:00,2024-03-27 11:30:00+00:00,324.930763596854,1,11,True,London  (07-12),Wednesday,9
2024-03-27 11:45:00+00:00,2024-03-27 14:00:00+00:00,64.52274414254083,-1,10,True,London  (07-12),Wednesday,11
2024-03-27 14:15:00+00:00,2024-03-27 15:00:00+00:00,61.56336257516807,1,4,True,Overlap (12-16),Wednesday,14
2024-03-27 15:15:00+00:00,2024-03-27 16:30:00+00:00,47.88697757555961,-1,6,True,Overlap (12-16),Wednesday,15
2024-03-27 16:45:00+00:00,2024-03-27 17:00:00+00:00,34.752611414486154,1,2,True,NY      (16-22),Wednesday,16
2024-03-27 17:15:00+00:00,2024-03-27 19:30:00+00:00,213.04831141273053,-1,10,True,NY      (16-22),Wednesday,17
2024-03-27 19:45:00+00:00,2024-03-27 23:45:00+00:00,365.23506297215386,1,17,True,NY      (16-22),Wednesday,19
2024-03-28 00:00:00+00:00,2024-03-28 02:30:00+00:00,225.14929420591545,-1,11,True,Asia    (00-07),Thursday,0
2024-03-28 02:45:00+00:00,2024-03-28 11:00:00+00:00,885.7266498260749,1,34,True,Asia    (00-07),Thursday,2
2024-03-28 11:15:00+00:00,2024-03-28 12:00:00+00:00,134.62390625,-1,4,True,London  (07-12),Thursday,11
2024-03-28 12:15:00+00:00,2024-03-28 13:15:00+00:00,232.9221192133678,1,5,True,Overlap (12-16),Thursday,12
2024-03-28 13:30:00+00:00,2024-03-28 14:00:00+00:00,77.29400532287806,-1,3,True,Overlap (12-16),Thursday,13
2024-03-28 14:15:00+00:00,2024-03-28 15:00:00+00:00,176.40485373957506,1,4,True,Overlap (12-16),Thursday,14
2024-03-28 15:15:00+00:00,2024-03-28 17:00:00+00:00,217.6365922920189,-1,8,True,Overlap (12-16),Thursday,15
2024-03-28 17:15:00+00:00,2024-03-28 18:00:00+00:00,122.50530230758773,1,4,True,NY      (16-22),Thursday,17
2024-03-28 18:15:00+00:00,2024-03-28 18:45:00+00:00,174.28528737571474,-1,3,True,NY      (16-22),Thursday,18
2024-03-28 19:00:00+00:00,2024-03-28 23:00:00+00:00,236.416875,1,17,True,NY      (16-22),Thursday,19
2024-03-28 23:15:00+00:00,2024-03-29 03:45:00+00:00,290.3075,-1,19,True,Off     (22-00),Thursday,23
2024-03-29 04:00:00+00:00,2024-03-29 04:30:00+00:00,9.014531250000005,1,3,True,Asia    (00-07),Friday,4
2024-03-29 04:45:00+00:00,2024-03-29 06:00:00+00:00,82.1278125,-1,6,True,Asia    (00-07),Friday,4
2024-03-29 06:15:00+00:00,2024-03-29 07:00:00+00:00,3.4285937500000045,1,4,True,Asia    (00-07),Friday,6
2024-03-29 07:15:00+00:00,2024-03-29 08:15:00+00:00,223.60828125,-1,5,True,London  (07-12),Friday,7
2024-03-29 08:30:00+00:00,2024-03-29 12:30:00+00:00,79.8153125,1,17,True,London  (07-12),Friday,8
2024-03-29 12:45:00+00:00,2024-03-29 18:00:00+00:00,252.43717930360512,-1,22,True,Overlap (12-16),Friday,12
2024-03-29 18:15:00+00:00,2024-03-30 03:00:00+00:00,254.4283848427638,1,36,True,NY      (16-22),Friday,18
2024-03-30 03:15:00+00:00,2024-03-30 04:00:00+00:00,67.16296875,-1,4,True,Asia    (00-07),Saturday,3
2024-03-30 04:15:00+00:00,2024-03-30 06:15:00+00:00,106.26453125,1,9,True,Asia    (00-07),Saturday,4
2024-03-30 06:30:00+00:00,2024-03-30 06:30:00+00:00,42.2371875,-1,1,True,Asia    (00-07),Saturday,6
2024-03-30 06:45:00+00:00,2024-03-30 07:00:00+00:00,14.619999999999997,1,2,True,Asia    (00-07),Saturday,6
2024-03-30 07:15:00+00:00,2024-03-30 07:45:00+00:00,70.5184375,-1,3,True,London  (07-12),Saturday,7
2024-03-30 08:00:00+00:00,2024-03-30 12:45:00+00:00,168.47546875,1,20,True,London  (07-12),Saturday,8
2024-03-30 13:00:00+00:00,2024-03-30 15:30:00+00:00,99.416875,-1,11,True,Overlap (12-16),Saturday,13
2024-03-30 15:45:00+00:00,2024-03-30 17:30:00+00:00,15.049687499999997,1,8,True,Overlap (12-16),Saturday,15
2024-03-30 17:45:00+00:00,2024-03-30 19:00:00+00:00,127.20203125,-1,6,True,NY      (16-22),Saturday,17
2024-03-30 19:15:00+00:00,2024-03-30 20:00:00+00:00,24.127812499999997,1,4,True,NY      (16-22),Saturday,19
2024-03-30 20:15:00+00:00,2024-03-31 00:00:00+00:00,45.643437500000005,-1,16,True,NY      (16-22),Saturday,20
2024-03-31 00:15:00+00:00,2024-03-31 02:15:00+00:00,178.63953125,1,9,True,Asia    (00-07),Sunday,0
2024-03-31 02:30:00+00:00,2024-03-31 02:30:00+00:00,35.12,-1,1,True,Asia    (00-07),Sunday,2
2024-03-31 02:45:00+00:00,2024-03-31 06:30:00+00:00,126.1590625,1,16,True,Asia    (00-07),Sunday,2
2024-03-31 06:45:00+00:00,2024-03-31 07:00:00+00:00,-6.844843750000003,-1,2,False,Asia    (00-07),Sunday,6
2024-03-31 07:15:00+00:00,2024-03-31 08:15:00+00:00,37.09265625,1,5,True,London  (07-12),Sunday,7
2024-03-31 08:30:00+00:00,2024-03-31 08:45:00+00:00,42.0965625,-1,2,True,London  (07-12),Sunday,8
2024-03-31 09:00:00+00:00,2024-03-31 13:00:00+00:00,193.5809375,1,17,True,London  (07-12),Sunday,9
2024-03-31 13:15:00+00:00,2024-03-31 16:30:00+00:00,72.6903125,-1,14,True,Overlap (12-16),Sunday,13
2024-03-31 16:45:00+00:00,2024-03-31 20:00:00+00:00,256.479375,1,14,True,NY      (16-22),Sunday,16
2024-03-31 20:15:00+00:00,2024-03-31 20:30:00+00:00,130.37390625,-1,2,True,NY      (16-22),Sunday,20
2024-03-31 20:45:00+00:00,2024-04-01 00:00:00+00:00,175.1278125,1,14,True,NY      (16-22),Sunday,20
2024-04-01 00:15:00+00:00,2024-04-01 02:00:00+00:00,143.1590625,-1,8,True,Asia    (00-07),Monday,0
2024-04-01 02:15:00+00:00,2024-04-01 02:45:00+00:00,6.643437499999997,1,3,True,Asia    (00-07),Monday,2
2024-04-01 03:00:00+00:00,2024-04-01 06:15:00+00:00,735.6121875,-1,14,True,Asia    (00-07),Monday,3
2024-04-01 06:30:00+00:00,2024-04-01 07:15:00+00:00,151.3984848863007,1,4,True,Asia    (00-07),Monday,6
2024-04-01 07:30:00+00:00,2024-04-01 10:15:00+00:00,175.5731640781102,-1,12,True,London  (07-12),Monday,7
2024-04-01 10:30:00+00:00,2024-04-01 11:00:00+00:00,183.49890625,1,3,True,London  (07-12),Monday,10
2024-04-01 11:15:00+00:00,2024-04-01 12:00:00+00:00,46.069218750000005,-1,4,True,London  (07-12),Monday,11
2024-04-01 12:15:00+00:00,2024-04-01 13:15:00+00:00,192.0653125,1,5,True,Overlap (12-16),Monday,12
2024-04-01 13:30:00+00:00,2024-04-01 15:45:00+00:00,796.8774452454825,-1,10,True,Overlap (12-16),Monday,13
2024-04-01 16:00:00+00:00,2024-04-01 19:45:00+00:00,550.6955990027037,1,16,True,NY      (16-22),Monday,16
2024-04-01 20:00:00+00:00,2024-04-02 03:15:00+00:00,1028.0172447693387,-1,30,True,NY      (16-22),Monday,20
2024-04-02 03:30:00+00:00,2024-04-02 05:45:00+00:00,-52.76599065331303,1,10,False,Asia    (00-07),Tuesday,3
2024-04-02 06:00:00+00:00,2024-04-02 06:45:00+00:00,-40.568608654582064,-1,4,False,Asia    (00-07),Tuesday,6
2024-04-02 07:00:00+00:00,2024-04-02 07:00:00+00:00,-48.11290220838605,1,1,False,London  (07-12),Tuesday,7
2024-04-02 07:15:00+00:00,2024-04-02 09:15:00+00:00,279.9782978293898,-1,9,True,London  (07-12),Tuesday,7
2024-04-02 09:30:00+00:00,2024-04-02 11:45:00+00:00,-216.6985030696333,1,10,False,London  (07-12),Tuesday,9
2024-04-02 12:00:00+00:00,2024-04-02 13:15:00+00:00,248.2299990508273,-1,6,True,Overlap (12-16),Tuesday,12
2024-04-02 13:30:00+00:00,2024-04-02 13:45:00+00:00,100.70863084655855,1,2,True,Overlap (12-16),Tuesday,13
2024-04-02 14:00:00+00:00,2024-04-02 14:00:00+00:00,-106.50503087635576,-1,1,False,Overlap (12-16),Tuesday,14
2024-04-02 14:15:00+00:00,2024-04-02 15:00:00+00:00,117.87748861653812,1,4,True,Overlap (12-16),Tuesday,14
2024-04-02 15:15:00+00:00,2024-04-02 16:00:00+00:00,155.73234166932622,-1,4,True,Overlap (12-16),Tuesday,15
2024-04-02 16:15:00+00:00,2024-04-02 20:00:00+00:00,195.17414194174336,1,16,True,NY      (16-22),Tuesday,16
2024-04-02 20:15:00+00:00,2024-04-02 21:15:00+00:00,308.21648363566305,-1,5,True,NY      (16-22),Tuesday,20
2024-04-02 21:30:00+00:00,2024-04-02 23:00:00+00:00,122.49885231139396,1,7,True,NY      (16-22),Tuesday,21
2024-04-02 23:15:00+00:00,2024-04-03 00:00:00+00:00,171.49097545789198,-1,4,True,Off     (22-00),Tuesday,23
2024-04-03 00:15:00+00:00,2024-04-03 04:15:00+00:00,416.6087973963774,1,17,True,Asia    (00-07),Wednesday,0
2024-04-03 04:30:00+00:00,2024-04-03 05:30:00+00:00,149.0340625,-1,5,True,Asia    (00-07),Wednesday,4
2024-04-03 05:45:00+00:00,2024-04-03 07:00:00+00:00,199.46765625,1,6,True,Asia    (00-07),Wednesday,5
2024-04-03 07:15:00+00:00,2024-04-03 08:00:00+00:00,158.42859375,-1,4,True,London  (07-12),Wednesday,7
2024-04-03 08:15:00+00:00,2024-04-03 09:30:00+00:00,153.69421875,1,6,True,London  (07-12),Wednesday,8
2024-04-03 09:45:00+00:00,2024-04-03 11:30:00+00:00,223.42078125,-1,8,True,London  (07-12),Wednesday,9
2024-04-03 11:45:00+00:00,2024-04-03 12:00:00+00:00,89.4903012244288,1,2,True,London  (07-12),Wednesday,11
2024-04-03 12:15:00+00:00,2024-04-03 13:30:00+00:00,214.38931315171357,-1,6,True,Overlap (12-16),Wednesday,12
2024-04-03 13:45:00+00:00,2024-04-03 15:00:00+00:00,303.7586771958495,1,6,True,Overlap (12-16),Wednesday,13
2024-04-03 15:15:00+00:00,2024-04-03 17:15:00+00:00,140.46460939023052,-1,9,True,Overlap (12-16),Wednesday,15
2024-04-03 17:30:00+00:00,2024-04-03 23:00:00+00:00,77.0113141156393,1,23,True,NY      (16-22),Wednesday,17
2024-04-03 23:15:00+00:00,2024-04-04 00:00:00+00:00,-6.8839062499999955,-1,4,False,Off     (22-00),Wednesday,23
2024-04-04 00:15:00+00:00,2024-04-04 01:15:00+00:00,-25.485468750000003,1,5,False,Asia    (00-07),Thursday,0
2024-04-04 01:30:00+00:00,2024-04-04 02:45:00+00:00,212.323125,-1,6,True,Asia    (00-07),Thursday,1
2024-04-04 03:00:00+00:00,2024-04-04 08:00:00+00:00,287.92859375,1,21,True,Asia    (00-07),Thursday,3
2024-04-04 08:15:00+00:00,2024-04-04 08:15:00+00:00,1.7332812499999974,-1,1,True,London  (07-12),Thursday,8
2024-04-04 08:30:00+00:00,2024-04-04 18:00:00+00:00,1190.4859295566932,1,39,True,London  (07-12),Thursday,8
2024-04-04 18:15:00+00:00,2024-04-04 20:30:00+00:00,330.9590295393251,-1,10,True,NY      (16-22),Thursday,18
2024-04-04 20:45:00+00:00,2024-04-05 01:00:00+00:00,218.1225276135558,1,18,True,NY      (16-22),Thursday,20
2024-04-05 01:15:00+00:00,2024-04-05 06:00:00+00:00,686.7948498807002,-1,20,True,Asia    (00-07),Friday,1
2024-04-05 06:15:00+00:00,2024-04-05 08:00:00+00:00,171.23374491919662,1,8,True,Asia    (00-07),Friday,6
2024-04-05 08:15:00+00:00,2024-04-05 12:00:00+00:00,318.49458029213474,-1,16,True,London  (07-12),Friday,8
2024-04-05 12:15:00+00:00,2024-04-05 14:00:00+00:00,425.8250269239373,1,8,True,Overlap (12-16),Friday,12
2024-04-05 14:15:00+00:00,2024-04-05 14:15:00+00:00,83.49806305660444,-1,1,True,Overlap (12-16),Friday,14
2024-04-05 14:30:00+00:00,2024-04-05 16:15:00+00:00,98.06790994192845,1,8,True,Overlap (12-16),Friday,14
2024-04-05 16:30:00+00:00,2024-04-05 20:00:00+00:00,147.76620733062197,-1,15,True,NY      (16-22),Friday,16
2024-04-05 20:15:00+00:00,2024-04-05 21:15:00+00:00,131.20282114304848,1,5,True,NY      (16-22),Friday,20
2024-04-05 21:30:00+00:00,2024-04-05 21:45:00+00:00,123.02234375,-1,2,True,NY      (16-22),Friday,21
2024-04-05 22:00:00+00:00,2024-04-06 00:45:00+00:00,177.67859375,1,12,True,Off     (22-00),Friday,22
2024-04-06 01:00:00+00:00,2024-04-06 01:45:00+00:00,90.4090625,-1,4,True,Asia    (00-07),Saturday,1
2024-04-06 02:00:00+00:00,2024-04-06 06:30:00+00:00,193.495,1,19,True,Asia    (00-07),Saturday,2
2024-04-06 06:45:00+00:00,2024-04-06 10:00:00+00:00,112.9403125,-1,14,True,Asia    (00-07),Saturday,6
2024-04-06 10:15:00+00:00,2024-04-06 14:30:00+00:00,65.49109375,1,18,True,London  (07-12),Saturday,10
2024-04-06 14:45:00+00:00,2024-04-06 15:30:00+00:00,-42.657343749999995,-1,4,False,Overlap (12-16),Saturday,14
2024-04-06 15:45:00+00:00,2024-04-06 19:15:00+00:00,124.42078125,1,15,True,Overlap (12-16),Saturday,15
2024-04-06 19:30:00+00:00,2024-04-06 20:00:00+00:00,65.12390625,-1,3,True,NY      (16-22),Saturday,19
2024-04-06 20:15:00+00:00,2024-04-06 21:00:00+00:00,85.823125,1,4,True,NY      (16-22),Saturday,20
2024-04-06 21:15:00+00:00,2024-04-06 21:45:00+00:00,28.994999999999997,-1,3,True,NY      (16-22),Saturday,21
2024-04-06 22:00:00+00:00,2024-04-06 23:15:00+00:00,540.29578125,1,6,True,Off     (22-00),Saturday,22
2024-04-06 23:30:00+00:00,2024-04-06 23:45:00+00:00,242.12,-1,2,True,Off     (22-00),Saturday,23
2024-04-07 00:00:00+00:00,2024-04-07 02:15:00+00:00,312.55352336495156,1,10,True,Asia    (00-07),Sunday,0
2024-04-07 02:30:00+00:00,2024-04-07 02:45:00+00:00,142.9658970878421,-1,2,True,Asia    (00-07),Sunday,2
2024-04-07 03:00:00+00:00,2024-04-07 05:00:00+00:00,32.702365611800225,1,9,True,Asia    (00-07),Sunday,3
2024-04-07 05:15:00+00:00,2024-04-07 11:00:00+00:00,44.522343750000005,-1,24,True,Asia    (00-07),Sunday,5
2024-04-07 11:15:00+00:00,2024-04-07 15:00:00+00:00,247.36609375,1,16,True,London  (07-12),Sunday,11
2024-04-07 15:15:00+00:00,2024-04-07 19:30:00+00:00,216.08084914240143,-1,18,True,Overlap (12-16),Sunday,15
2024-04-07 19:45:00+00:00,2024-04-08 02:30:00+00:00,7.4598437500000045,1,28,True,NY      (16-22),Sunday,19
2024-04-08 02:45:00+00:00,2024-04-08 03:00:00+00:00,11.998906249999997,-1,2,True,Asia    (00-07),Monday,2
2024-04-08 03:15:00+00:00,2024-04-08 11:15:00+00:00,1427.7583690700703,1,33,True,Asia    (00-07),Monday,3
2024-04-08 11:30:00+00:00,2024-04-08 11:45:00+00:00,27.253251271630628,-1,2,True,London  (07-12),Monday,11
2024-04-08 12:00:00+00:00,2024-04-08 12:00:00+00:00,93.83958621663778,1,1,True,Overlap (12-16),Monday,12
2024-04-08 12:15:00+00:00,2024-04-08 14:30:00+00:00,515.0123067513005,-1,10,True,Overlap (12-16),Monday,12
2024-04-08 14:45:00+00:00,2024-04-08 17:45:00+00:00,111.90030673076875,1,13,True,Overlap (12-16),Monday,14
2024-04-08 18:00:00+00:00,2024-04-08 22:15:00+00:00,-14.252302721065405,-1,18,False,NY      (16-22),Monday,18
2024-04-08 22:30:00+00:00,2024-04-08 23:00:00+00:00,42.436406250000005,1,3,True,Off     (22-00),Monday,22
2024-04-08 23:15:00+00:00,2024-04-09 08:00:00+00:00,914.4614340687591,-1,36,True,Off     (22-00),Monday,23
2024-04-09 08:15:00+00:00,2024-04-09 09:00:00+00:00,325.78067482820757,1,4,True,London  (07-12),Tuesday,8
2024-04-09 09:15:00+00:00,2024-04-09 10:00:00+00:00,137.95747446424159,-1,4,True,London  (07-12),Tuesday,9
2024-04-09 10:15:00+00:00,2024-04-09 12:00:00+00:00,130.20692012588108,1,8,True,London  (07-12),Tuesday,10
2024-04-09 12:15:00+00:00,2024-04-09 19:00:00+00:00,774.1192697461028,-1,28,True,Overlap (12-16),Tuesday,12
2024-04-09 19:15:00+00:00,2024-04-09 22:30:00+00:00,272.93497198453724,1,14,True,NY      (16-22),Tuesday,19
2024-04-09 22:45:00+00:00,2024-04-09 23:15:00+00:00,172.10828125,-1,3,True,Off     (22-00),Tuesday,22
2024-04-09 23:30:00+00:00,2024-04-10 00:00:00+00:00,127.948125,1,3,True,Off     (22-00),Tuesday,23
2024-04-10 00:15:00+00:00,2024-04-10 01:15:00+00:00,190.74890625,-1,5,True,Asia    (00-07),Wednesday,0
2024-04-10 01:30:00+00:00,2024-04-10 02:00:00+00:00,236.62,1,3,True,Asia    (00-07),Wednesday,1
2024-04-10 02:15:00+00:00,2024-04-10 03:00:00+00:00,243.50465819370373,-1,4,True,Asia    (00-07),Wednesday,2
2024-04-10 03:15:00+00:00,2024-04-10 06:30:00+00:00,301.1737800697741,1,14,True,Asia    (00-07),Wednesday,3
2024-04-10 06:45:00+00:00,2024-04-10 13:00:00+00:00,804.509332915391,-1,26,True,Asia    (00-07),Wednesday,6
2024-04-10 13:15:00+00:00,2024-04-10 13:45:00+00:00,222.96899066977474,1,3,True,Overlap (12-16),Wednesday,13
2024-04-10 14:00:00+00:00,2024-04-10 16:00:00+00:00,-162.18705931007847,-1,9,False,Overlap (12-16),Wednesday,14
2024-04-10 16:15:00+00:00,2024-04-10 20:00:00+00:00,401.3807007936368,1,16,True,NY      (16-22),Wednesday,16
2024-04-10 20:15:00+00:00,2024-04-10 21:00:00+00:00,0.4009534938523487,-1,4,True,NY      (16-22),Wednesday,20
2024-04-10 21:15:00+00:00,2024-04-11 03:00:00+00:00,481.32231164190864,1,24,True,NY      (16-22),Wednesday,21
2024-04-11 03:15:00+00:00,2024-04-11 10:30:00+00:00,128.38953125,-1,30,True,Asia    (00-07),Thursday,3
2024-04-11 10:45:00+00:00,2024-04-11 11:15:00+00:00,-22.309687499999995,1,3,False,London  (07-12),Thursday,10
2024-04-11 11:30:00+00:00,2024-04-11 11:45:00+00:00,270.1121875,-1,2,True,London  (07-12),Thursday,11
2024-04-11 12:00:00+00:00,2024-04-11 12:45:00+00:00,339.34627145788244,1,4,True,Overlap (12-16),Thursday,12
2024-04-11 13:00:00+00:00,2024-04-11 15:00:00+00:00,337.086086087956,-1,9,True,Overlap (12-16),Thursday,13
2024-04-11 15:15:00+00:00,2024-04-11 20:45:00+00:00,264.16595548208903,1,23,True,Overlap (12-16),Thursday,15
2024-04-11 21:00:00+00:00,2024-04-11 22:45:00+00:00,159.2996875,-1,8,True,NY      (16-22),Thursday,21
2024-04-11 23:00:00+00:00,2024-04-12 05:00:00+00:00,417.4871875,1,25,True,Off     (22-00),Thursday,23
2024-04-12 05:15:00+00:00,2024-04-12 06:45:00+00:00,57.592656250000005,-1,7,True,Asia    (00-07),Friday,5
2024-04-12 07:00:00+00:00,2024-04-12 12:00:00+00:00,-14.118281249999995,1,21,False,London  (07-12),Friday,7
2024-04-12 12:15:00+00:00,2024-04-12 15:30:00+00:00,679.9372678877504,-1,14,True,Overlap (12-16),Friday,12
2024-04-12 15:45:00+00:00,2024-04-12 17:00:00+00:00,-308.9455561007204,1,6,False,Overlap (12-16),Friday,15
2024-04-12 17:15:00+00:00,2024-04-12 22:00:00+00:00,356.2012123431724,-1,20,True,NY      (16-22),Friday,17
2024-04-12 22:15:00+00:00,2024-04-13 00:00:00+00:00,-85.76603981016686,1,8,False,Off     (22-00),Friday,22
2024-04-13 00:15:00+00:00,2024-04-13 02:30:00+00:00,222.14052238205377,-1,10,True,Asia    (00-07),Saturday,0
2024-04-13 02:45:00+00:00,2024-04-13 11:00:00+00:00,406.10159966300205,1,34,True,Asia    (00-07),Saturday,2
2024-04-13 11:15:00+00:00,2024-04-13 12:00:00+00:00,150.65515625,-1,4,True,London  (07-12),Saturday,11
2024-04-13 12:15:00+00:00,2024-04-13 16:00:00+00:00,115.635625,1,16,True,Overlap (12-16),Saturday,12
2024-04-13 16:15:00+00:00,2024-04-13 18:00:00+00:00,344.08522507017483,-1,8,True,NY      (16-22),Saturday,16
2024-04-13 18:15:00+00:00,2024-04-13 18:30:00+00:00,145.41539567595674,1,2,True,NY      (16-22),Saturday,18
2024-04-13 18:45:00+00:00,2024-04-13 21:15:00+00:00,1094.2867506241298,-1,11,True,NY      (16-22),Saturday,18
2024-04-13 21:30:00+00:00,2024-04-13 22:30:00+00:00,309.633031169211,1,5,True,NY      (16-22),Saturday,21
2024-04-13 22:45:00+00:00,2024-04-14 03:00:00+00:00,457.36699824573975,-1,18,True,Off     (22-00),Saturday,22
2024-04-14 03:15:00+00:00,2024-04-14 07:00:00+00:00,597.1150737430037,1,16,True,Asia    (00-07),Sunday,3
2024-04-14 07:15:00+00:00,2024-04-14 12:00:00+00:00,169.9852740263567,-1,20,True,London  (07-12),Sunday,7
2024-04-14 12:15:00+00:00,2024-04-14 19:30:00+00:00,-50.85833553685492,1,30,False,Overlap (12-16),Sunday,12
2024-04-14 19:45:00+00:00,2024-04-14 21:00:00+00:00,180.5473650640642,-1,6,True,NY      (16-22),Sunday,19
2024-04-14 21:15:00+00:00,2024-04-15 03:30:00+00:00,506.67019388604285,1,26,True,NY      (16-22),Sunday,21
2024-04-15 03:45:00+00:00,2024-04-15 04:00:00+00:00,250.7999085994309,-1,2,True,Asia    (00-07),Monday,3
2024-04-15 04:15:00+00:00,2024-04-15 07:15:00+00:00,790.8679890993201,1,13,True,Asia    (00-07),Monday,4
2024-04-15 07:30:00+00:00,2024-04-15 19:00:00+00:00,1107.6998760711517,-1,47,True,London  (07-12),Monday,7
2024-04-15 19:15:00+00:00,2024-04-16 00:00:00+00:00,167.74889741774143,1,20,True,NY      (16-22),Monday,19
2024-04-16 00:15:00+00:00,2024-04-16 02:00:00+00:00,171.1551927267917,-1,8,True,Asia    (00-07),Tuesday,0
2024-04-16 02:15:00+00:00,2024-04-16 03:00:00+00:00,117.89309598933826,1,4,True,Asia    (00-07),Tuesday,2
2024-04-16 03:15:00+00:00,2024-04-16 04:00:00+00:00,313.2625018123162,-1,4,True,Asia    (00-07),Tuesday,3
2024-04-16 04:15:00+00:00,2024-04-16 08:00:00+00:00,273.9142814444614,1,16,True,Asia    (00-07),Tuesday,4
2024-04-16 08:15:00+00:00,2024-04-16 11:00:00+00:00,302.6085589361273,-1,12,True,London  (07-12),Tuesday,8
2024-04-16 11:15:00+00:00,2024-04-16 12:00:00+00:00,56.54724409550948,1,4,True,London  (07-12),Tuesday,11
2024-04-16 12:15:00+00:00,2024-04-16 16:00:00+00:00,231.3422911118553,-1,16,True,Overlap (12-16),Tuesday,12
2024-04-16 16:15:00+00:00,2024-04-16 19:15:00+00:00,260.5154696123266,1,13,True,NY      (16-22),Tuesday,16
2024-04-16 19:30:00+00:00,2024-04-16 20:00:00+00:00,69.54514942496046,-1,3,True,NY      (16-22),Tuesday,19
2024-04-16 20:15:00+00:00,2024-04-17 03:00:00+00:00,557.8953615640388,1,28,True,NY      (16-22),Tuesday,20
2024-04-17 03:15:00+00:00,2024-04-17 04:00:00+00:00,88.760625,-1,4,True,Asia    (00-07),Wednesday,3
2024-04-17 04:15:00+00:00,2024-04-17 05:00:00+00:00,218.864140625,1,4,True,Asia    (00-07),Wednesday,4
2024-04-17 05:15:00+00:00,2024-04-17 06:15:00+00:00,200.309453125,-1,5,True,Asia    (00-07),Wednesday,5
2024-04-17 06:30:00+00:00,2024-04-17 10:45:00+00:00,-471.0881321899951,1,18,False,Asia    (00-07),Wednesday,6
2024-04-17 11:00:00+00:00,2024-04-17 13:00:00+00:00,318.4947313488663,-1,9,True,London  (07-12),Wednesday,11
2024-04-17 13:15:00+00:00,2024-04-17 13:30:00+00:00,218.90173067264882,1,2,True,Overlap (12-16),Wednesday,13
2024-04-17 13:45:00+00:00,2024-04-17 16:45:00+00:00,695.1389619255286,-1,13,True,Overlap (12-16),Wednesday,13
2024-04-17 17:00:00+00:00,2024-04-17 18:15:00+00:00,288.3038464917922,1,6,True,NY      (16-22),Wednesday,17
2024-04-17 18:30:00+00:00,2024-04-17 18:45:00+00:00,69.31387401902504,-1,2,True,NY      (16-22),Wednesday,18
2024-04-17 19:00:00+00:00,2024-04-18 04:15:00+00:00,324.0379496936161,1,38,True,NY      (16-22),Wednesday,19
2024-04-18 04:30:00+00:00,2024-04-18 05:45:00+00:00,459.5493823217606,-1,6,True,Asia    (00-07),Thursday,4
2024-04-18 06:00:00+00:00,2024-04-18 15:30:00+00:00,960.3712590619552,1,39,True,Asia    (00-07),Thursday,6
2024-04-18 15:45:00+00:00,2024-04-18 16:00:00+00:00,82.66769155820313,-1,2,True,Overlap (12-16),Thursday,15
2024-04-18 16:15:00+00:00,2024-04-18 21:30:00+00:00,58.36480265482792,1,22,True,NY      (16-22),Thursday,16
2024-04-18 21:45:00+00:00,2024-04-19 02:15:00+00:00,1495.130085688538,-1,19,True,NY      (16-22),Thursday,21
2024-04-19 02:30:00+00:00,2024-04-19 03:30:00+00:00,479.8502238525743,1,5,True,Asia    (00-07),Friday,2
2024-04-19 03:45:00+00:00,2024-04-19 04:00:00+00:00,-85.88429764745959,-1,2,False,Asia    (00-07),Friday,3
2024-04-19 04:15:00+00:00,2024-04-19 07:30:00+00:00,577.7465770085449,1,14,True,Asia    (00-07),Friday,4
2024-04-19 07:45:00+00:00,2024-04-19 08:00:00+00:00,-57.56912395030959,-1,2,False,London  (07-12),Friday,7
2024-04-19 08:15:00+00:00,2024-04-19 11:30:00+00:00,234.85985079020173,1,14,True,London  (07-12),Friday,8
2024-04-19 11:45:00+00:00,2024-04-19 23:15:00+00:00,692.7543001950348,-1,47,True,London  (07-12),Friday,11
2024-04-19 23:30:00+00:00,2024-04-20 00:00:00+00:00,98.16807260227225,1,3,True,Off     (22-00),Friday,23
2024-04-20 00:15:00+00:00,2024-04-20 01:00:00+00:00,71.02761161524136,-1,4,True,Asia    (00-07),Saturday,0
2024-04-20 01:15:00+00:00,2024-04-20 05:45:00+00:00,252.40500836140887,1,19,True,Asia    (00-07),Saturday,1
2024-04-20 06:00:00+00:00,2024-04-20 09:30:00+00:00,290.614140625,-1,15,True,Asia    (00-07),Saturday,6
2024-04-20 09:45:00+00:00,2024-04-21 03:00:00+00:00,1026.6332064068217,1,70,True,London  (07-12),Saturday,9
2024-04-21 03:15:00+00:00,2024-04-21 07:15:00+00:00,299.745,-1,17,True,Asia    (00-07),Sunday,3
2024-04-21 07:30:00+00:00,2024-04-21 08:00:00+00:00,61.725468750000005,1,3,True,London  (07-12),Sunday,7
2024-04-21 08:15:00+00:00,2024-04-21 10:00:00+00:00,101.10046875,-1,8,True,London  (07-12),Sunday,8
2024-04-21 10:15:00+00:00,2024-04-21 12:00:00+00:00,213.12,1,8,True,London  (07-12),Sunday,10
2024-04-21 12:15:00+00:00,2024-04-21 15:15:00+00:00,167.110234375,-1,13,True,Overlap (12-16),Sunday,12
2024-04-21 15:30:00+00:00,2024-04-21 16:00:00+00:00,-238.889765625,1,3,False,Overlap (12-16),Sunday,15
2024-04-21 16:15:00+00:00,2024-04-21 20:00:00+00:00,-42.879999999999995,-1,16,False,NY      (16-22),Sunday,16
2024-04-21 20:15:00+00:00,2024-04-21 21:30:00+00:00,79.614140625,1,6,True,NY      (16-22),Sunday,20
2024-04-21 21:45:00+00:00,2024-04-21 21:45:00+00:00,31.764531249999997,-1,1,True,NY      (16-22),Sunday,21
2024-04-21 22:00:00+00:00,2024-04-22 01:00:00+00:00,113.231328125,1,13,True,Off     (22-00),Sunday,22
2024-04-22 01:15:00+00:00,2024-04-22 01:45:00+00:00,115.0809375,-1,3,True,Asia    (00-07),Monday,1
2024-04-22 02:00:00+00:00,2024-04-22 06:30:00+00:00,758.1504321995773,1,19,True,Asia    (00-07),Monday,2
2024-04-22 06:45:00+00:00,2024-04-22 12:00:00+00:00,207.91542464975115,-1,22,True,Asia    (00-07),Monday,6
2024-04-22 12:15:00+00:00,2024-04-22 14:00:00+00:00,209.28015625,1,8,True,Overlap (12-16),Monday,12
2024-04-22 14:15:00+00:00,2024-04-22 15:15:00+00:00,218.12,-1,5,True,Overlap (12-16),Monday,14
2024-04-22 15:30:00+00:00,2024-04-22 20:00:00+00:00,408.81556301145855,1,19,True,Overlap (12-16),Monday,15
2024-04-22 20:15:00+00:00,2024-04-22 20:45:00+00:00,66.6590625,-1,3,True,NY      (16-22),Monday,20
2024-04-22 21:00:00+00:00,2024-04-22 23:00:00+00:00,327.94421875,1,9,True,NY      (16-22),Monday,21
2024-04-22 23:15:00+00:00,2024-04-23 02:45:00+00:00,274.7996875,-1,15,True,Off     (22-00),Monday,23
2024-04-23 03:00:00+00:00,2024-04-23 03:15:00+00:00,37.2215625,1,2,True,Asia    (00-07),Tuesday,3
2024-04-23 03:30:00+00:00,2024-04-23 03:45:00+00:00,127.6121875,-1,2,True,Asia    (00-07),Tuesday,3
2024-04-23 04:00:00+00:00,2024-04-23 06:00:00+00:00,45.616093750000005,1,9,True,Asia    (00-07),Tuesday,4
2024-04-23 06:15:00+00:00,2024-04-23 08:00:00+00:00,268.291875,-1,8,True,Asia    (00-07),Tuesday,6
2024-04-23 08:15:00+00:00,2024-04-23 09:00:00+00:00,130.29578125,1,4,True,London  (07-12),Tuesday,8
2024-04-23 09:15:00+00:00,2024-04-23 10:00:00+00:00,69.12390625,-1,4,True,London  (07-12),Tuesday,9
2024-04-23 10:15:00+00:00,2024-04-23 11:00:00+00:00,21.116093750000005,1,4,True,London  (07-12),Tuesday,10
2024-04-23 11:15:00+00:00,2024-04-23 11:30:00+00:00,135.02234375,-1,2,True,London  (07-12),Tuesday,11
2024-04-23 11:45:00+00:00,2024-04-23 15:00:00+00:00,403.8722046653743,1,14,True,London  (07-12),Tuesday,11
2024-04-23 15:15:00+00:00,2024-04-23 17:00:00+00:00,33.59613835554159,-1,8,True,Overlap (12-16),Tuesday,15
2024-04-23 17:15:00+00:00,2024-04-23 20:45:00+00:00,-157.06823354294463,1,15,False,NY      (16-22),Tuesday,17
2024-04-23 21:00:00+00:00,2024-04-23 23:00:00+00:00,36.58484375,-1,9,True,NY      (16-22),Tuesday,21
2024-04-23 23:15:00+00:00,2024-04-23 23:45:00+00:00,67.11609375,1,3,True,Off     (22-00),Tuesday,23
2024-04-24 00:00:00+00:00,2024-04-24 03:30:00+00:00,-136.22375,-1,15,False,Asia    (00-07),Wednesday,0
2024-04-24 03:45:00+00:00,2024-04-24 04:45:00+00:00,160.77625,1,5,True,Asia    (00-07),Wednesday,3
2024-04-24 05:00:00+00:00,2024-04-24 06:00:00+00:00,173.42078125,-1,5,True,Asia    (00-07),Wednesday,5
2024-04-24 06:15:00+00:00,2024-04-24 07:00:00+00:00,78.52625,1,4,True,Asia    (00-07),Wednesday,6
2024-04-24 07:15:00+00:00,2024-04-24 07:45:00+00:00,78.77625,-1,3,True,London  (07-12),Wednesday,7
2024-04-24 08:00:00+00:00,2024-04-24 08:30:00+00:00,-38.458125,1,3,False,London  (07-12),Wednesday,8
2024-04-24 08:45:00+00:00,2024-04-24 09:45:00+00:00,93.9871875,-1,5,True,London  (07-12),Wednesday,8
2024-04-24 10:00:00+00:00,2024-04-24 12:00:00+00:00,98.11609375,1,9,True,London  (07-12),Wednesday,10
2024-04-24 12:15:00+00:00,2024-04-24 20:00:00+00:00,1230.6682366932005,-1,32,True,Overlap (12-16),Wednesday,12
2024-04-24 20:15:00+00:00,2024-04-25 01:00:00+00:00,220.595116200051,1,20,True,NY      (16-22),Wednesday,20
2024-04-25 01:15:00+00:00,2024-04-25 02:15:00+00:00,46.604375000000005,-1,5,True,Asia    (00-07),Thursday,1
2024-04-25 02:30:00+00:00,2024-04-25 03:30:00+00:00,24.108281250000005,1,5,True,Asia    (00-07),Thursday,2
2024-04-25 03:45:00+00:00,2024-04-25 04:00:00+00:00,143.245,-1,2,True,Asia    (00-07),Thursday,3
2024-04-25 04:15:00+00:00,2024-04-25 07:00:00+00:00,109.90125,1,12,True,Asia    (00-07),Thursday,4
2024-04-25 07:15:00+00:00,2024-04-25 09:30:00+00:00,199.995,-1,10,True,London  (07-12),Thursday,7
2024-04-25 09:45:00+00:00,2024-04-25 10:00:00+00:00,-67.3253125,1,2,False,London  (07-12),Thursday,9
2024-04-25 10:15:00+00:00,2024-04-25 11:00:00+00:00,59.90836133392284,-1,4,True,London  (07-12),Thursday,10
2024-04-25 11:15:00+00:00,2024-04-25 12:00:00+00:00,183.66256676576057,1,4,True,London  (07-12),Thursday,11
2024-04-25 12:15:00+00:00,2024-04-25 12:45:00+00:00,268.63715861223363,-1,3,True,Overlap (12-16),Thursday,12
2024-04-25 13:00:00+00:00,2024-04-25 14:00:00+00:00,93.34462554647403,1,5,True,Overlap (12-16),Thursday,13
2024-04-25 14:15:00+00:00,2024-04-25 14:30:00+00:00,73.41353144100262,-1,2,True,Overlap (12-16),Thursday,14
2024-04-25 14:45:00+00:00,2024-04-25 20:45:00+00:00,465.162205475233,1,25,True,Overlap (12-16),Thursday,14
2024-04-25 21:00:00+00:00,2024-04-26 01:00:00+00:00,332.270390625,-1,17,True,NY      (16-22),Thursday,21
2024-04-26 01:15:00+00:00,2024-04-26 01:45:00+00:00,136.610234375,1,3,True,Asia    (00-07),Friday,1
2024-04-26 02:00:00+00:00,2024-04-26 05:00:00+00:00,104.610234375,-1,13,True,Asia    (00-07),Friday,2
2024-04-26 05:15:00+00:00,2024-04-26 06:00:00+00:00,130.676640625,1,4,True,Asia    (00-07),Friday,5
2024-04-26 06:15:00+00:00,2024-04-26 11:00:00+00:00,122.2215625,-1,20,True,Asia    (00-07),Friday,6
2024-04-26 11:15:00+00:00,2024-04-26 12:00:00+00:00,81.664921875,1,4,True,London  (07-12),Friday,11
2024-04-26 12:15:00+00:00,2024-04-26 13:00:00+00:00,208.114140625,-1,4,True,Overlap (12-16),Friday,12
2024-04-26 13:15:00+00:00,2024-04-26 14:00:00+00:00,379.7273141207402,1,4,True,Overlap (12-16),Friday,13
2024-04-26 14:15:00+00:00,2024-04-26 16:00:00+00:00,490.64232384532,-1,8,True,Overlap (12-16),Friday,14
2024-04-26 16:15:00+00:00,2024-04-26 22:00:00+00:00,195.94184375752286,1,24,True,NY      (16-22),Friday,16
2024-04-26 22:15:00+00:00,2024-04-26 22:15:00+00:00,70.145390625,-1,1,True,Off     (22-00),Friday,22
2024-04-26 22:30:00+00:00,2024-04-27 00:00:00+00:00,26.139531249999997,1,7,True,Off     (22-00),Friday,22
2024-04-27 00:15:00+00:00,2024-04-27 02:15:00+00:00,366.66539024354563,-1,9,True,Asia    (00-07),Saturday,0
2024-04-27 02:30:00+00:00,2024-04-27 02:45:00+00:00,-117.5923778205314,1,2,False,Asia    (00-07),Saturday,2
2024-04-27 03:00:00+00:00,2024-04-27 08:00:00+00:00,-21.279740057051725,-1,21,False,Asia    (00-07),Saturday,3
2024-04-27 08:15:00+00:00,2024-04-27 08:30:00+00:00,7.213749999999997,1,2,True,London  (07-12),Saturday,8
2024-04-27 08:45:00+00:00,2024-04-27 11:00:00+00:00,74.614140625,-1,10,True,London  (07-12),Saturday,8
2024-04-27 11:15:00+00:00,2024-04-27 15:00:00+00:00,134.645390625,1,16,True,London  (07-12),Saturday,11
2024-04-27 15:15:00+00:00,2024-04-27 15:15:00+00:00,27.639531249999997,-1,1,True,Overlap (12-16),Saturday,15
2024-04-27 15:30:00+00:00,2024-04-27 20:00:00+00:00,101.063359375,1,19,True,Overlap (12-16),Saturday,15
2024-04-27 20:15:00+00:00,2024-04-27 20:30:00+00:00,-10.645625000000003,-1,2,False,NY      (16-22),Saturday,20
2024-04-27 20:45:00+00:00,2024-04-27 22:00:00+00:00,36.104375000000005,1,6,True,NY      (16-22),Saturday,20
2024-04-27 22:15:00+00:00,2024-04-27 22:15:00+00:00,12.313359374999997,-1,1,True,Off     (22-00),Saturday,22
2024-04-27 22:30:00+00:00,2024-04-28 03:00:00+00:00,477.8934375,1,19,True,Off     (22-00),Saturday,22
2024-04-28 03:15:00+00:00,2024-04-28 05:00:00+00:00,229.3934375,-1,8,True,Asia    (00-07),Sunday,3
2024-04-28 05:15:00+00:00,2024-04-28 06:30:00+00:00,47.10828125,1,6,True,Asia    (00-07),Sunday,5
2024-04-28 06:45:00+00:00,2024-04-28 12:15:00+00:00,172.10828125,-1,23,True,Asia    (00-07),Sunday,6
2024-04-28 12:30:00+00:00,2024-04-28 19:00:00+00:00,128.5496875,1,27,True,Overlap (12-16),Sunday,12
2024-04-28 19:15:00+00:00,2024-04-28 22:45:00+00:00,337.03015625,-1,15,True,NY      (16-22),Sunday,19
2024-04-28 23:00:00+00:00,2024-04-29 01:00:00+00:00,3.7352343750000045,1,9,True,Off     (22-00),Sunday,23
2024-04-29 01:15:00+00:00,2024-04-29 04:00:00+00:00,343.31140625,-1,12,True,Asia    (00-07),Monday,1
2024-04-29 04:15:00+00:00,2024-04-29 09:45:00+00:00,17.176640625000005,1,23,True,Asia    (00-07),Monday,4
2024-04-29 10:00:00+00:00,2024-04-29 12:00:00+00:00,83.4715625,-1,9,True,London  (07-12),Monday,10
2024-04-29 12:15:00+00:00,2024-04-29 13:00:00+00:00,71.465703125,1,4,True,Overlap (12-16),Monday,12
2024-04-29 13:15:00+00:00,2024-04-29 13:45:00+00:00,234.12,-1,3,True,Overlap (12-16),Monday,13
2024-04-29 14:00:00+00:00,2024-04-29 16:00:00+00:00,490.7816742338434,1,9,True,Overlap (12-16),Monday,14
2024-04-29 16:15:00+00:00,2024-04-29 18:00:00+00:00,63.70232641251228,-1,8,True,NY      (16-22),Monday,16
2024-04-29 18:15:00+00:00,2024-04-30 00:30:00+00:00,628.38953125,1,26,True,NY      (16-22),Monday,18
2024-04-30 00:45:00+00:00,2024-04-30 03:30:00+00:00,224.8343718255729,-1,12,True,Asia    (00-07),Tuesday,0
2024-04-30 03:45:00+00:00,2024-04-30 04:00:00+00:00,-1.8238647256055822,1,2,False,Asia    (00-07),Tuesday,3
2024-04-30 04:15:00+00:00,2024-04-30 10:30:00+00:00,953.3252051928529,-1,26,True,Asia    (00-07),Tuesday,4
2024-04-30 10:45:00+00:00,2024-04-30 11:15:00+00:00,-193.63829183216265,1,3,False,London  (07-12),Tuesday,10
2024-04-30 11:30:00+00:00,2024-04-30 12:00:00+00:00,45.55506772777825,-1,3,True,London  (07-12),Tuesday,11
2024-04-30 12:15:00+00:00,2024-04-30 12:30:00+00:00,22.976480887705744,1,2,True,Overlap (12-16),Tuesday,12
2024-04-30 12:45:00+00:00,2024-04-30 14:00:00+00:00,272.43758813271324,-1,6,True,Overlap (12-16),Tuesday,12
2024-04-30 14:15:00+00:00,2024-04-30 15:00:00+00:00,102.44350873632484,1,4,True,Overlap (12-16),Tuesday,14
2024-04-30 15:15:00+00:00,2024-04-30 17:00:00+00:00,188.52098104073008,-1,8,True,Overlap (12-16),Tuesday,15
2024-04-30 17:15:00+00:00,2024-04-30 18:45:00+00:00,37.730342969695904,1,7,True,NY      (16-22),Tuesday,17
2024-04-30 19:00:00+00:00,2024-04-30 20:00:00+00:00,200.40570499275097,-1,5,True,NY      (16-22),Tuesday,19
2024-04-30 20:15:00+00:00,2024-05-01 00:15:00+00:00,148.63904394912947,1,17,True,NY      (16-22),Tuesday,20
2024-05-01 00:30:00+00:00,2024-05-01 01:00:00+00:00,232.5735315957495,-1,3,True,Asia    (00-07),Wednesday,0
2024-05-01 01:15:00+00:00,2024-05-01 01:45:00+00:00,84.50857453551671,1,3,True,Asia    (00-07),Wednesday,1
2024-05-01 02:00:00+00:00,2024-05-01 02:00:00+00:00,226.53480467419243,-1,1,True,Asia    (00-07),Wednesday,2
2024-05-01 02:15:00+00:00,2024-05-01 02:45:00+00:00,134.40485380400023,1,3,True,Asia    (00-07),Wednesday,2
2024-05-01 03:00:00+00:00,2024-05-01 03:00:00+00:00,-68.59400531143876,-1,1,False,Asia    (00-07),Wednesday,3
2024-05-01 03:15:00+00:00,2024-05-01 04:30:00+00:00,91.11459822198344,1,6,True,Asia    (00-07),Wednesday,3
2024-05-01 04:45:00+00:00,2024-05-01 08:15:00+00:00,1290.4253262140833,-1,15,True,Asia    (00-07),Wednesday,4
2024-05-01 08:30:00+00:00,2024-05-01 12:00:00+00:00,358.419683277948,1,15,True,London  (07-12),Wednesday,8
2024-05-01 12:15:00+00:00,2024-05-01 14:00:00+00:00,379.2965699411073,-1,8,True,Overlap (12-16),Wednesday,12
2024-05-01 14:15:00+00:00,2024-05-01 19:00:00+00:00,391.9802431309435,1,20,True,Overlap (12-16),Wednesday,14
2024-05-01 19:15:00+00:00,2024-05-01 20:00:00+00:00,313.64749482593294,-1,4,True,NY      (16-22),Wednesday,19
2024-05-01 20:15:00+00:00,2024-05-02 00:15:00+00:00,237.2721390389006,1,17,True,NY      (16-22),Wednesday,20
2024-05-02 00:30:00+00:00,2024-05-02 02:00:00+00:00,327.70232835121715,-1,7,True,Asia    (00-07),Thursday,0
2024-05-02 02:15:00+00:00,2024-05-02 03:15:00+00:00,126.13714188276356,1,5,True,Asia    (00-07),Thursday,2
2024-05-02 03:30:00+00:00,2024-05-02 04:00:00+00:00,82.98796144698225,-1,3,True,Asia    (00-07),Thursday,3
2024-05-02 04:15:00+00:00,2024-05-02 13:15:00+00:00,615.5229513554525,1,37,True,Asia    (00-07),Thursday,4
2024-05-02 13:30:00+00:00,2024-05-02 13:30:00+00:00,70.44303102309108,-1,1,True,Overlap (12-16),Thursday,13
2024-05-02 13:45:00+00:00,2024-05-02 20:00:00+00:00,310.6500927702901,1,26,True,Overlap (12-16),Thursday,13
2024-05-02 20:15:00+00:00,2024-05-02 21:00:00+00:00,254.80654790094778,-1,4,True,NY      (16-22),Thursday,20
2024-05-02 21:15:00+00:00,2024-05-02 23:00:00+00:00,229.62948476551088,1,8,True,NY      (16-22),Thursday,21
2024-05-02 23:15:00+00:00,2024-05-03 00:15:00+00:00,212.629765625,-1,5,True,Off     (22-00),Thursday,23
2024-05-03 00:30:00+00:00,2024-05-03 04:00:00+00:00,428.17078125,1,15,True,Asia    (00-07),Friday,0
2024-05-03 04:15:00+00:00,2024-05-03 08:45:00+00:00,252.68640625,-1,19,True,Asia    (00-07),Friday,4
2024-05-03 09:00:00+00:00,2024-05-03 10:00:00+00:00,40.875859375000005,1,5,True,London  (07-12),Friday,9
2024-05-03 10:15:00+00:00,2024-05-03 10:30:00+00:00,145.539921875,-1,2,True,London  (07-12),Friday,10
2024-05-03 10:45:00+00:00,2024-05-03 16:15:00+00:00,1171.730674225405,1,23,True,London  (07-12),Friday,10
2024-05-03 16:30:00+00:00,2024-05-03 16:30:00+00:00,31.681318369158816,-1,1,True,NY      (16-22),Friday,16
2024-05-03 16:45:00+00:00,2024-05-03 22:30:00+00:00,498.3676142054483,1,24,True,NY      (16-22),Friday,16
2024-05-03 22:45:00+00:00,2024-05-04 00:00:00+00:00,-27.31908397919608,-1,6,False,Off     (22-00),Friday,22
2024-05-04 00:15:00+00:00,2024-05-04 01:00:00+00:00,-50.504999999999995,1,4,False,Asia    (00-07),Saturday,0
2024-05-04 01:15:00+00:00,2024-05-04 02:30:00+00:00,45.54578283358411,-1,6,True,Asia    (00-07),Saturday,1
2024-05-04 02:45:00+00:00,2024-05-04 06:00:00+00:00,221.0951004344434,1,14,True,Asia    (00-07),Saturday,2
2024-05-04 06:15:00+00:00,2024-05-04 08:00:00+00:00,28.569218750000005,-1,8,True,Asia    (00-07),Saturday,6
2024-05-04 08:15:00+00:00,2024-05-04 11:15:00+00:00,603.03015625,1,13,True,London  (07-12),Saturday,8
2024-05-04 11:30:00+00:00,2024-05-04 16:00:00+00:00,346.0517216206108,-1,19,True,London  (07-12),Saturday,11
2024-05-04 16:15:00+00:00,2024-05-04 18:30:00+00:00,104.481328125,1,10,True,NY      (16-22),Saturday,16
2024-05-04 18:45:00+00:00,2024-05-04 19:00:00+00:00,66.93640625,-1,2,True,NY      (16-22),Saturday,18
2024-05-04 19:15:00+00:00,2024-05-04 20:00:00+00:00,257.696171875,1,4,True,NY      (16-22),Saturday,19
2024-05-04 20:15:00+00:00,2024-05-04 21:30:00+00:00,196.129765625,-1,6,True,NY      (16-22),Saturday,20
2024-05-04 21:45:00+00:00,2024-05-04 22:00:00+00:00,3.1551562500000045,1,2,True,NY      (16-22),Saturday,21
2024-05-04 22:15:00+00:00,2024-05-04 23:30:00+00:00,-76.06359375,-1,6,False,Off     (22-00),Saturday,22
2024-05-04 23:45:00+00:00,2024-05-05 00:00:00+00:00,66.5809375,1,2,True,Off     (22-00),Saturday,23
2024-05-05 00:15:00+00:00,2024-05-05 01:15:00+00:00,366.83484375,-1,5,True,Asia    (00-07),Sunday,0
2024-05-05 01:30:00+00:00,2024-05-05 02:15:00+00:00,33.678593750000005,1,4,True,Asia    (00-07),Sunday,1
2024-05-05 02:30:00+00:00,2024-05-05 03:15:00+00:00,130.438359375,-1,4,True,Asia    (00-07),Sunday,2
2024-05-05 03:30:00+00:00,2024-05-05 05:00:00+00:00,181.094609375,1,7,True,Asia    (00-07),Sunday,3
2024-05-05 05:15:00+00:00,2024-05-05 05:45:00+00:00,109.559453125,-1,3,True,Asia    (00-07),Sunday,5
2024-05-05 06:00:00+00:00,2024-05-05 08:15:00+00:00,284.35828125,1,10,True,Asia    (00-07),Sunday,6
2024-05-05 08:30:00+00:00,2024-05-05 09:00:00+00:00,80.1590625,-1,3,True,London  (07-12),Sunday,8
2024-05-05 09:15:00+00:00,2024-05-05 16:00:00+00:00,439.6818602845858,1,28,True,London  (07-12),Sunday,9
2024-05-05 16:15:00+00:00,2024-05-05 20:15:00+00:00,418.28354239223484,-1,17,True,NY      (16-22),Sunday,16
2024-05-05 20:30:00+00:00,2024-05-06 00:15:00+00:00,250.49890625,1,16,True,NY      (16-22),Sunday,20
2024-05-06 00:30:00+00:00,2024-05-06 03:15:00+00:00,143.168828125,-1,12,True,Asia    (00-07),Monday,0
2024-05-06 03:30:00+00:00,2024-05-06 08:45:00+00:00,623.008671875,1,22,True,Asia    (00-07),Monday,3
2024-05-06 09:00:00+00:00,2024-05-06 11:00:00+00:00,336.55475350218364,-1,9,True,London  (07-12),Monday,9
2024-05-06 11:15:00+00:00,2024-05-06 12:00:00+00:00,-75.44769985923223,1,4,False,London  (07-12),Monday,11
2024-05-06 12:15:00+00:00,2024-05-06 12:15:00+00:00,140.59654620439824,-1,1,True,Overlap (12-16),Monday,12
2024-05-06 12:30:00+00:00,2024-05-06 14:00:00+00:00,83.11494360758053,1,7,True,Overlap (12-16),Monday,12
2024-05-06 14:15:00+00:00,2024-05-06 15:00:00+00:00,362.89549306037185,-1,4,True,Overlap (12-16),Monday,14
2024-05-06 15:15:00+00:00,2024-05-06 16:00:00+00:00,191.37013096923562,1,4,True,Overlap (12-16),Monday,15
2024-05-06 16:15:00+00:00,2024-05-06 18:00:00+00:00,198.9132578670696,-1,8,True,NY      (16-22),Monday,16
2024-05-06 18:15:00+00:00,2024-05-06 20:45:00+00:00,39.67588185216803,1,11,True,NY      (16-22),Monday,18
2024-05-06 21:00:00+00:00,2024-05-07 00:00:00+00:00,72.161015625,-1,13,True,NY      (16-22),Monday,21
2024-05-07 00:15:00+00:00,2024-05-07 00:30:00+00:00,195.01453125,1,2,True,Asia    (00-07),Tuesday,0
2024-05-07 00:45:00+00:00,2024-05-07 03:15:00+00:00,280.28263853287507,-1,11,True,Asia    (00-07),Tuesday,0
2024-05-07 03:30:00+00:00,2024-05-07 09:00:00+00:00,617.847623690532,1,23,True,Asia    (00-07),Tuesday,3
2024-05-07 09:15:00+00:00,2024-05-07 10:00:00+00:00,166.696171875,-1,4,True,London  (07-12),Tuesday,9
2024-05-07 10:15:00+00:00,2024-05-07 11:00:00+00:00,76.885625,1,4,True,London  (07-12),Tuesday,10
2024-05-07 11:15:00+00:00,2024-05-07 12:00:00+00:00,188.10046875,-1,4,True,London  (07-12),Tuesday,11
2024-05-07 12:15:00+00:00,2024-05-07 15:45:00+00:00,7.527267470930557,1,15,True,Overlap (12-16),Tuesday,12
2024-05-07 16:00:00+00:00,2024-05-08 02:00:00+00:00,476.66299015410857,-1,41,True,NY      (16-22),Tuesday,16
2024-05-08 02:15:00+00:00,2024-05-08 04:00:00+00:00,68.114140625,1,8,True,Asia    (00-07),Wednesday,2
2024-05-08 04:15:00+00:00,2024-05-08 06:15:00+00:00,338.12,-1,9,True,Asia    (00-07),Wednesday,4
2024-05-08 06:30:00+00:00,2024-05-08 07:00:00+00:00,70.200078125,1,3,True,Asia    (00-07),Wednesday,6
2024-05-08 07:15:00+00:00,2024-05-08 08:00:00+00:00,62.188359375000005,-1,4,True,London  (07-12),Wednesday,7
2024-05-08 08:15:00+00:00,2024-05-08 12:00:00+00:00,94.12390625,1,16,True,London  (07-12),Wednesday,8
2024-05-08 12:15:00+00:00,2024-05-08 12:30:00+00:00,109.0653125,-1,2,True,Overlap (12-16),Wednesday,12
2024-05-08 12:45:00+00:00,2024-05-08 15:15:00+00:00,-19.521693594297595,1,11,False,Overlap (12-16),Wednesday,12
2024-05-08 15:30:00+00:00,2024-05-08 16:15:00+00:00,-75.77121889144105,-1,4,False,Overlap (12-16),Wednesday,15
2024-05-08 16:30:00+00:00,2024-05-08 20:00:00+00:00,-154.57741209213185,1,15,False,NY      (16-22),Wednesday,16
2024-05-08 20:15:00+00:00,2024-05-08 23:30:00+00:00,462.4814859483692,-1,14,True,NY      (16-22),Wednesday,20
2024-05-08 23:45:00+00:00,2024-05-09 04:00:00+00:00,309.125859375,1,18,True,Off     (22-00),Wednesday,23
2024-05-09 04:15:00+00:00,2024-05-09 07:45:00+00:00,212.539921875,-1,15,True,Asia    (00-07),Thursday,4
2024-05-09 08:00:00+00:00,2024-05-09 10:00:00+00:00,-49.460078125,1,9,False,London  (07-12),Thursday,8
2024-05-09 10:15:00+00:00,2024-05-09 11:00:00+00:00,98.664921875,-1,4,True,London  (07-12),Thursday,10
2024-05-09 11:15:00+00:00,2024-05-09 11:30:00+00:00,82.06921875,1,2,True,London  (07-12),Thursday,11
2024-05-09 11:45:00+00:00,2024-05-09 12:00:00+00:00,-46.745234375,-1,2,False,London  (07-12),Thursday,11
2024-05-09 12:15:00+00:00,2024-05-09 16:00:00+00:00,560.4278201269159,1,16,True,Overlap (12-16),Thursday,12
2024-05-09 16:15:00+00:00,2024-05-09 16:45:00+00:00,205.8545620664463,-1,3,True,NY      (16-22),Thursday,16
2024-05-09 17:00:00+00:00,2024-05-10 00:30:00+00:00,460.4092807151401,1,31,True,NY      (16-22),Thursday,17
2024-05-10 00:45:00+00:00,2024-05-10 04:15:00+00:00,-83.2940625,-1,15,False,Asia    (00-07),Friday,0
2024-05-10 04:30:00+00:00,2024-05-10 07:15:00+00:00,118.180546875,1,12,True,Asia    (00-07),Friday,4
2024-05-10 07:30:00+00:00,2024-05-10 08:00:00+00:00,157.578984375,-1,3,True,London  (07-12),Friday,7
2024-05-10 08:15:00+00:00,2024-05-10 12:00:00+00:00,163.114140625,1,16,True,London  (07-12),Friday,8
2024-05-10 12:15:00+00:00,2024-05-10 13:15:00+00:00,214.985234375,-1,5,True,Overlap (12-16),Friday,12
2024-05-10 13:30:00+00:00,2024-05-10 13:45:00+00:00,80.985234375,1,2,True,Overlap (12-16),Friday,13
2024-05-10 14:00:00+00:00,2024-05-10 14:30:00+00:00,549.7453941460033,-1,3,True,Overlap (12-16),Friday,14
2024-05-10 14:45:00+00:00,2024-05-10 20:00:00+00:00,-268.2143470497451,1,22,False,Overlap (12-16),Friday,14
2024-05-10 20:15:00+00:00,2024-05-10 20:45:00+00:00,146.9567932514342,-1,3,True,NY      (16-22),Friday,20
2024-05-10 21:00:00+00:00,2024-05-10 22:45:00+00:00,153.664921875,1,8,True,NY      (16-22),Friday,21
2024-05-10 23:00:00+00:00,2024-05-11 02:00:00+00:00,17.205937500000005,-1,13,True,Off     (22-00),Friday,23
2024-05-11 02:15:00+00:00,2024-05-11 03:00:00+00:00,12.194218749999997,1,4,True,Asia    (00-07),Saturday,2
2024-05-11 03:15:00+00:00,2024-05-11 04:00:00+00:00,17.108281249999997,-1,4,True,Asia    (00-07),Saturday,3
2024-05-11 04:15:00+00:00,2024-05-11 08:15:00+00:00,8.114140624999997,1,17,True,Asia    (00-07),Saturday,4
2024-05-11 08:30:00+00:00,2024-05-11 09:15:00+00:00,38.789921875,-1,4,True,London  (07-12),Saturday,8
2024-05-11 09:30:00+00:00,2024-05-11 10:00:00+00:00,60.795781250000005,1,3,True,London  (07-12),Saturday,9
2024-05-11 10:15:00+00:00,2024-05-11 11:00:00+00:00,140.62,-1,4,True,London  (07-12),Saturday,10
2024-05-11 11:15:00+00:00,2024-05-11 20:00:00+00:00,254.614140625,1,36,True,London  (07-12),Saturday,11
2024-05-11 20:15:00+00:00,2024-05-12 00:00:00+00:00,63.889531250000005,-1,16,True,NY      (16-22),Saturday,20
2024-05-12 00:15:00+00:00,2024-05-12 01:00:00+00:00,27.889531249999997,1,4,True,Asia    (00-07),Sunday,0
2024-05-12 01:15:00+00:00,2024-05-12 01:45:00+00:00,64.125859375,-1,3,True,Asia    (00-07),Sunday,1
2024-05-12 02:00:00+00:00,2024-05-12 04:45:00+00:00,101.125859375,1,12,True,Asia    (00-07),Sunday,2
2024-05-12 05:00:00+00:00,2024-05-12 08:00:00+00:00,105.114140625,-1,13,True,Asia    (00-07),Sunday,5
2024-05-12 08:15:00+00:00,2024-05-12 14:00:00+00:00,183.114140625,1,24,True,London  (07-12),Sunday,8
2024-05-12 14:15:00+00:00,2024-05-12 14:30:00+00:00,29.430546874999997,-1,2,True,Overlap (12-16),Sunday,14
2024-05-12 14:45:00+00:00,2024-05-12 16:00:00+00:00,147.93640625,1,6,True,Overlap (12-16),Sunday,14
2024-05-12 16:15:00+00:00,2024-05-12 16:45:00+00:00,58.241093750000005,-1,3,True,NY      (16-22),Sunday,16
2024-05-12 17:00:00+00:00,2024-05-12 18:00:00+00:00,105.12,1,5,True,NY      (16-22),Sunday,17
2024-05-12 18:15:00+00:00,2024-05-12 19:00:00+00:00,123.510625,-1,4,True,NY      (16-22),Sunday,18
2024-05-12 19:15:00+00:00,2024-05-13 00:15:00+00:00,189.2215625,1,21,True,NY      (16-22),Sunday,19
2024-05-13 00:30:00+00:00,2024-05-13 01:30:00+00:00,223.215703125,-1,5,True,Asia    (00-07),Monday,0
2024-05-13 01:45:00+00:00,2024-05-13 02:00:00+00:00,29.254765625000005,1,2,True,Asia    (00-07),Monday,1
2024-05-13 02:15:00+00:00,2024-05-13 03:00:00+00:00,222.754765625,-1,4,True,Asia    (00-07),Monday,2
2024-05-13 03:15:00+00:00,2024-05-13 03:45:00+00:00,142.62,1,3,True,Asia    (00-07),Monday,3
2024-05-13 04:00:00+00:00,2024-05-13 06:00:00+00:00,-5.8858593749999955,-1,9,False,Asia    (00-07),Monday,4
2024-05-13 06:15:00+00:00,2024-05-13 14:00:00+00:00,915.6241128220054,1,32,True,Asia    (00-07),Monday,6
2024-05-13 14:15:00+00:00,2024-05-13 15:00:00+00:00,15.315312500000005,-1,4,True,Overlap (12-16),Monday,14
2024-05-13 15:15:00+00:00,2024-05-13 20:00:00+00:00,82.51453125,1,20,True,Overlap (12-16),Monday,15
2024-05-13 20:15:00+00:00,2024-05-14 03:00:00+00:00,281.664921875,-1,28,True,NY      (16-22),Monday,20
2024-05-14 03:15:00+00:00,2024-05-14 06:00:00+00:00,-378.710078125,1,12,False,Asia    (00-07),Tuesday,3
2024-05-14 06:15:00+00:00,2024-05-14 10:00:00+00:00,42.194218750000005,-1,16,True,Asia    (00-07),Tuesday,6
2024-05-14 10:15:00+00:00,2024-05-14 12:00:00+00:00,158.729375,1,8,True,London  (07-12),Tuesday,10
2024-05-14 12:15:00+00:00,2024-05-14 13:00:00+00:00,134.94421875,-1,4,True,Overlap (12-16),Tuesday,12
2024-05-14 13:15:00+00:00,2024-05-14 15:00:00+00:00,39.52032123107821,1,8,True,Overlap (12-16),Tuesday,13
2024-05-14 15:15:00+00:00,2024-05-14 18:15:00+00:00,225.24271157651307,-1,13,True,Overlap (12-16),Tuesday,15
2024-05-14 18:30:00+00:00,2024-05-14 21:45:00+00:00,203.62390625,1,14,True,NY      (16-22),Tuesday,18
2024-05-14 22:00:00+00:00,2024-05-15 01:00:00+00:00,18.864140625000005,-1,13,True,Off     (22-00),Tuesday,22
2024-05-15 01:15:00+00:00,2024-05-15 10:15:00+00:00,594.479375,1,37,True,Asia    (00-07),Wednesday,1
2024-05-15 10:30:00+00:00,2024-05-15 10:45:00+00:00,70.6590625,-1,2,True,London  (07-12),Wednesday,10
2024-05-15 11:00:00+00:00,2024-05-15 11:15:00+00:00,-123.23546875,1,2,False,London  (07-12),Wednesday,11
2024-05-15 11:30:00+00:00,2024-05-15 12:00:00+00:00,-53.444453125,-1,3,False,London  (07-12),Wednesday,11
2024-05-15 12:15:00+00:00,2024-05-16 00:00:00+00:00,1503.9990617600863,1,48,True,Overlap (12-16),Wednesday,12
2024-05-16 00:15:00+00:00,2024-05-16 03:00:00+00:00,247.4871875,-1,12,True,Asia    (00-07),Thursday,0
2024-05-16 03:15:00+00:00,2024-05-16 04:00:00+00:00,18.705937500000005,1,4,True,Asia    (00-07),Thursday,3
2024-05-16 04:15:00+00:00,2024-05-16 06:00:00+00:00,54.1590625,-1,8,True,Asia    (00-07),Thursday,4
2024-05-16 06:15:00+00:00,2024-05-16 09:45:00+00:00,276.3621875,1,15,True,Asia    (00-07),Thursday,6
2024-05-16 10:00:00+00:00,2024-05-16 11:00:00+00:00,138.47546875,-1,5,True,London  (07-12),Thursday,10
2024-05-16 11:15:00+00:00,2024-05-16 12:00:00+00:00,76.13171875,1,4,True,London  (07-12),Thursday,11
2024-05-16 12:15:00+00:00,2024-05-16 13:00:00+00:00,163.6415235959087,-1,4,True,Overlap (12-16),Thursday,12
2024-05-16 13:15:00+00:00,2024-05-16 14:00:00+00:00,59.11307167348687,1,4,True,Overlap (12-16),Thursday,13
2024-05-16 14:15:00+00:00,2024-05-16 17:15:00+00:00,505.03547046856613,-1,13,True,Overlap (12-16),Thursday,14
2024-05-16 17:30:00+00:00,2024-05-16 19:00:00+00:00,237.43588327545197,1,7,True,NY      (16-22),Thursday,17
2024-05-16 19:15:00+00:00,2024-05-16 20:00:00+00:00,59.19768903718811,-1,4,True,NY      (16-22),Thursday,19
2024-05-16 20:15:00+00:00,2024-05-16 22:45:00+00:00,129.4256027677397,1,11,True,NY      (16-22),Thursday,20
2024-05-16 23:00:00+00:00,2024-05-17 00:00:00+00:00,22.498906250000005,-1,5,True,Off     (22-00),Thursday,23
2024-05-17 00:15:00+00:00,2024-05-17 04:00:00+00:00,107.8153125,1,16,True,Asia    (00-07),Friday,0
2024-05-17 04:15:00+00:00,2024-05-17 05:00:00+00:00,10.842656249999997,-1,4,True,Asia    (00-07),Friday,4
2024-05-17 05:15:00+00:00,2024-05-17 08:00:00+00:00,379.06140625,1,12,True,Asia    (00-07),Friday,5
2024-05-17 08:15:00+00:00,2024-05-17 12:00:00+00:00,47.5028125,-1,16,True,London  (07-12),Friday,8
2024-05-17 12:15:00+00:00,2024-05-17 16:15:00+00:00,475.23407760565334,1,17,True,Overlap (12-16),Friday,12
2024-05-17 16:30:00+00:00,2024-05-17 23:00:00+00:00,180.5856531405788,-1,27,True,NY      (16-22),Friday,16
2024-05-17 23:15:00+00:00,2024-05-18 00:00:00+00:00,86.67078125,1,4,True,Off     (22-00),Friday,23
2024-05-18 00:15:00+00:00,2024-05-18 06:00:00+00:00,67.15515625,-1,24,True,Asia    (00-07),Saturday,0
2024-05-18 06:15:00+00:00,2024-05-18 07:00:00+00:00,30.014531249999997,1,4,True,Asia    (00-07),Saturday,6
2024-05-18 07:15:00+00:00,2024-05-18 08:00:00+00:00,-66.8096875,-1,4,False,London  (07-12),Saturday,7
2024-05-18 08:15:00+00:00,2024-05-18 11:00:00+00:00,136.40515625,1,12,True,London  (07-12),Saturday,8
2024-05-18 11:15:00+00:00,2024-05-18 11:45:00+00:00,40.323125,-1,3,True,London  (07-12),Saturday,11
2024-05-18 12:00:00+00:00,2024-05-18 12:00:00+00:00,-58.75109375,1,1,False,Overlap (12-16),Saturday,12
2024-05-18 12:15:00+00:00,2024-05-18 13:45:00+00:00,105.073125,-1,7,True,Overlap (12-16),Saturday,12
2024-05-18 14:00:00+00:00,2024-05-18 14:15:00+00:00,77.33484375,1,2,True,Overlap (12-16),Saturday,14
2024-05-18 14:30:00+00:00,2024-05-18 15:45:00+00:00,97.104375,-1,6,True,Overlap (12-16),Saturday,14
2024-05-18 16:00:00+00:00,2024-05-18 16:00:00+00:00,42.948125,1,1,True,NY      (16-22),Saturday,16
2024-05-18 16:15:00+00:00,2024-05-18 16:45:00+00:00,10.678593749999997,-1,3,True,NY      (16-22),Saturday,16
2024-05-18 17:00:00+00:00,2024-05-18 20:15:00+00:00,29.573124999999997,1,14,True,NY      (16-22),Saturday,17
2024-05-18 20:30:00+00:00,2024-05-18 21:30:00+00:00,37.979375,-1,5,True,NY      (16-22),Saturday,20
2024-05-18 21:45:00+00:00,2024-05-18 23:00:00+00:00,34.4403125,1,6,True,NY      (16-22),Saturday,21
2024-05-18 23:15:00+00:00,2024-05-19 01:30:00+00:00,14.506718749999997,-1,10,True,Off     (22-00),Saturday,23
2024-05-19 01:45:00+00:00,2024-05-19 03:15:00+00:00,144.50671875,1,7,True,Asia    (00-07),Sunday,1
2024-05-19 03:30:00+00:00,2024-05-19 04:15:00+00:00,71.42078125,-1,4,True,Asia    (00-07),Sunday,3
2024-05-19 04:30:00+00:00,2024-05-19 08:00:00+00:00,66.45984375,1,15,True,Asia    (00-07),Sunday,4
2024-05-19 08:15:00+00:00,2024-05-19 09:00:00+00:00,55.16296875,-1,4,True,London  (07-12),Sunday,8
2024-05-19 09:15:00+00:00,2024-05-19 10:15:00+00:00,86.1278125,1,5,True,London  (07-12),Sunday,9
2024-05-19 10:30:00+00:00,2024-05-19 11:00:00+00:00,59.463750000000005,-1,3,True,London  (07-12),Sunday,10
2024-05-19 11:15:00+00:00,2024-05-19 12:00:00+00:00,41.459843750000005,1,4,True,London  (07-12),Sunday,11
2024-05-19 12:15:00+00:00,2024-05-19 12:45:00+00:00,191.62390625,-1,3,True,Overlap (12-16),Sunday,12
2024-05-19 13:00:00+00:00,2024-05-19 13:45:00+00:00,93.62,1,4,True,Overlap (12-16),Sunday,13
2024-05-19 14:00:00+00:00,2024-05-19 21:15:00+00:00,443.47546875,-1,30,True,Overlap (12-16),Sunday,14
2024-05-19 21:30:00+00:00,2024-05-20 06:00:00+00:00,428.5340625,1,35,True,NY      (16-22),Sunday,21
2024-05-20 06:15:00+00:00,2024-05-20 06:45:00+00:00,290.1746875,-1,3,True,Asia    (00-07),Monday,6
2024-05-20 07:00:00+00:00,2024-05-20 11:15:00+00:00,375.12,1,18,True,London  (07-12),Monday,7
2024-05-20 11:30:00+00:00,2024-05-20 11:45:00+00:00,83.0184375,-1,2,True,London  (07-12),Monday,11
2024-05-20 12:00:00+00:00,2024-05-20 14:45:00+00:00,-8.977656249999995,1,12,False,Overlap (12-16),Monday,12
2024-05-20 15:00:00+00:00,2024-05-20 15:00:00+00:00,-56.16125,-1,1,False,Overlap (12-16),Monday,15
2024-05-20 15:15:00+00:00,2024-05-20 20:00:00+00:00,1054.0638809586994,1,20,True,Overlap (12-16),Monday,15
2024-05-20 20:15:00+00:00,2024-05-20 20:30:00+00:00,74.53090629776159,-1,2,True,NY      (16-22),Monday,20
2024-05-20 20:45:00+00:00,2024-05-21 00:30:00+00:00,558.3358056868548,1,16,True,NY      (16-22),Monday,20
2024-05-21 00:45:00+00:00,2024-05-21 08:15:00+00:00,175.79620990916175,-1,31,True,Asia    (00-07),Tuesday,0
2024-05-21 08:30:00+00:00,2024-05-21 12:45:00+00:00,161.13171875,1,18,True,London  (07-12),Tuesday,8
2024-05-21 13:00:00+00:00,2024-05-21 15:45:00+00:00,656.8004072583769,-1,12,True,Overlap (12-16),Tuesday,13
2024-05-21 16:00:00+00:00,2024-05-21 19:00:00+00:00,40.62744508510913,1,13,True,NY      (16-22),Tuesday,16
2024-05-21 19:15:00+00:00,2024-05-21 20:00:00+00:00,139.45338252127425,-1,4,True,NY      (16-22),Tuesday,19
2024-05-21 20:15:00+00:00,2024-05-21 23:15:00+00:00,375.35821885024893,1,13,True,NY      (16-22),Tuesday,20
2024-05-21 23:30:00+00:00,2024-05-22 03:15:00+00:00,159.46765625,-1,16,True,Off     (22-00),Tuesday,23
2024-05-22 03:30:00+00:00,2024-05-22 04:00:00+00:00,-98.39953125,1,3,False,Asia    (00-07),Wednesday,3
2024-05-22 04:15:00+00:00,2024-05-22 05:00:00+00:00,32.026250000000005,-1,4,True,Asia    (00-07),Wednesday,4
2024-05-22 05:15:00+00:00,2024-05-22 05:45:00+00:00,74.948125,1,3,True,Asia    (00-07),Wednesday,5
2024-05-22 06:00:00+00:00,2024-05-22 12:30:00+00:00,67.1825,-1,27,True,Asia    (00-07),Wednesday,6
2024-05-22 12:45:00+00:00,2024-05-22 16:00:00+00:00,381.5294359550603,1,14,True,Overlap (12-16),Wednesday,12
2024-05-22 16:15:00+00:00,2024-05-22 21:00:00+00:00,638.8960818808241,-1,20,True,NY      (16-22),Wednesday,16
2024-05-22 21:15:00+00:00,2024-05-22 22:00:00+00:00,122.01860502735137,1,4,True,NY      (16-22),Wednesday,21
2024-05-22 22:15:00+00:00,2024-05-23 02:30:00+00:00,-51.572740483034494,-1,18,False,Off     (22-00),Wednesday,22
2024-05-23 02:45:00+00:00,2024-05-23 08:00:00+00:00,139.495,1,22,True,Asia    (00-07),Thursday,2
2024-05-23 08:15:00+00:00,2024-05-23 08:30:00+00:00,50.90515625,-1,2,True,London  (07-12),Thursday,8
2024-05-23 08:45:00+00:00,2024-05-23 09:00:00+00:00,50.5340625,1,2,True,London  (07-12),Thursday,8
2024-05-23 09:15:00+00:00,2024-05-23 09:30:00+00:00,55.31921875,-1,2,True,London  (07-12),Thursday,9
2024-05-23 09:45:00+00:00,2024-05-23 10:00:00+00:00,31.311406249999997,1,2,True,London  (07-12),Thursday,9
2024-05-23 10:15:00+00:00,2024-05-23 11:00:00+00:00,-14.337031249999995,-1,4,False,London  (07-12),Thursday,10
2024-05-23 11:15:00+00:00,2024-05-23 12:00:00+00:00,104.56140625,1,4,True,London  (07-12),Thursday,11
2024-05-23 12:15:00+00:00,2024-05-23 14:00:00+00:00,745.1440503339934,-1,8,True,Overlap (12-16),Thursday,12
2024-05-23 14:15:00+00:00,2024-05-23 19:00:00+00:00,-400.3036484673328,1,20,False,Overlap (12-16),Thursday,14
2024-05-23 19:15:00+00:00,2024-05-23 20:00:00+00:00,198.46763982510475,-1,4,True,NY      (16-22),Thursday,19
2024-05-23 20:15:00+00:00,2024-05-24 02:45:00+00:00,420.5045797858924,1,27,True,NY      (16-22),Thursday,20
2024-05-24 03:00:00+00:00,2024-05-24 07:00:00+00:00,432.8075,-1,17,True,Asia    (00-07),Friday,3
2024-05-24 07:15:00+00:00,2024-05-24 13:15:00+00:00,121.5804247831766,1,25,True,London  (07-12),Friday,7
2024-05-24 13:30:00+00:00,2024-05-24 14:00:00+00:00,90.89734375,-1,3,True,Overlap (12-16),Friday,13
2024-05-24 14:15:00+00:00,2024-05-24 18:15:00+00:00,867.0839231151394,1,17,True,Overlap (12-16),Friday,14
2024-05-24 18:30:00+00:00,2024-05-24 19:00:00+00:00,108.15515625,-1,3,True,NY      (16-22),Friday,18
2024-05-24 19:15:00+00:00,2024-05-24 20:00:00+00:00,108.12,1,4,True,NY      (16-22),Friday,19
2024-05-24 20:15:00+00:00,2024-05-25 01:15:00+00:00,177.5496875,-1,21,True,NY      (16-22),Friday,20
2024-05-25 01:30:00+00:00,2024-05-25 11:00:00+00:00,386.5653125,1,39,True,Asia    (00-07),Saturday,1
2024-05-25 11:15:00+00:00,2024-05-25 11:45:00+00:00,181.7996875,-1,3,True,London  (07-12),Saturday,11
2024-05-25 12:00:00+00:00,2024-05-25 13:15:00+00:00,48.98328125,1,6,True,Overlap (12-16),Saturday,12
2024-05-25 13:30:00+00:00,2024-05-25 14:00:00+00:00,112.3075,-1,3,True,Overlap (12-16),Saturday,13
2024-05-25 14:15:00+00:00,2024-05-25 15:00:00+00:00,86.10828125,1,4,True,Overlap (12-16),Saturday,14
2024-05-25 15:15:00+00:00,2024-05-25 15:45:00+00:00,109.92078125,-1,3,True,Overlap (12-16),Saturday,15
2024-05-25 16:00:00+00:00,2024-05-26 00:30:00+00:00,113.854375,1,35,True,NY      (16-22),Saturday,16
2024-05-26 00:45:00+00:00,2024-05-26 03:15:00+00:00,109.1903125,-1,11,True,Asia    (00-07),Sunday,0
2024-05-26 03:30:00+00:00,2024-05-26 06:00:00+00:00,100.260625,1,11,True,Asia    (00-07),Sunday,3
2024-05-26 06:15:00+00:00,2024-05-26 06:45:00+00:00,17.307499999999997,-1,3,True,Asia    (00-07),Sunday,6
2024-05-26 07:00:00+00:00,2024-05-26 08:00:00+00:00,165.8153125,1,5,True,London  (07-12),Sunday,7
2024-05-26 08:15:00+00:00,2024-05-26 10:15:00+00:00,152.4871875,-1,9,True,London  (07-12),Sunday,8
2024-05-26 10:30:00+00:00,2024-05-26 11:00:00+00:00,29.784062499999997,1,3,True,London  (07-12),Sunday,10
2024-05-26 11:15:00+00:00,2024-05-26 13:00:00+00:00,112.6121875,-1,8,True,London  (07-12),Sunday,11
2024-05-26 13:15:00+00:00,2024-05-26 15:00:00+00:00,134.02234375,1,8,True,Overlap (12-16),Sunday,13
2024-05-26 15:15:00+00:00,2024-05-26 17:45:00+00:00,228.2684375,-1,11,True,Overlap (12-16),Sunday,15
2024-05-26 18:00:00+00:00,2024-05-26 20:00:00+00:00,25.323124999999997,1,9,True,NY      (16-22),Sunday,18
2024-05-26 20:15:00+00:00,2024-05-27 00:00:00+00:00,115.03796875,-1,16,True,NY      (16-22),Sunday,20
2024-05-27 00:15:00+00:00,2024-05-27 02:15:00+00:00,267.08484375,1,9,True,Asia    (00-07),Monday,0
2024-05-27 02:30:00+00:00,2024-05-27 07:00:00+00:00,359.65515625,-1,19,True,Asia    (00-07),Monday,2
2024-05-27 07:15:00+00:00,2024-05-27 08:00:00+00:00,156.25671875,1,4,True,London  (07-12),Monday,7
2024-05-27 08:15:00+00:00,2024-05-27 10:15:00+00:00,135.78015625,-1,9,True,London  (07-12),Monday,8
2024-05-27 10:30:00+00:00,2024-05-27 11:00:00+00:00,65.74890625,1,3,True,London  (07-12),Monday,10
2024-05-27 11:15:00+00:00,2024-05-27 12:00:00+00:00,82.7215625,-1,4,True,London  (07-12),Monday,11
2024-05-27 12:15:00+00:00,2024-05-27 16:00:00+00:00,1051.433395730674,1,16,True,Overlap (12-16),Monday,12
2024-05-27 16:15:00+00:00,2024-05-27 19:45:00+00:00,613.3142552562058,-1,15,True,NY      (16-22),Monday,16
2024-05-27 20:00:00+00:00,2024-05-28 00:45:00+00:00,43.819218750000005,1,20,True,NY      (16-22),Monday,20
2024-05-28 01:00:00+00:00,2024-05-28 02:30:00+00:00,344.51453125,-1,7,True,Asia    (00-07),Tuesday,1
2024-05-28 02:45:00+00:00,2024-05-28 04:45:00+00:00,-429.4374721553479,1,9,False,Asia    (00-07),Tuesday,2
2024-05-28 05:00:00+00:00,2024-05-28 08:00:00+00:00,-62.50920386498106,-1,13,False,Asia    (00-07),Tuesday,5
2024-05-28 08:15:00+00:00,2024-05-28 13:15:00+00:00,223.12,1,21,True,London  (07-12),Tuesday,8
2024-05-28 13:30:00+00:00,2024-05-28 14:30:00+00:00,267.1471070483393,-1,5,True,Overlap (12-16),Tuesday,13
2024-05-28 14:45:00+00:00,2024-05-28 16:00:00+00:00,179.54744717758808,1,6,True,Overlap (12-16),Tuesday,14
2024-05-28 16:15:00+00:00,2024-05-28 16:30:00+00:00,180.45796919296234,-1,2,True,NY      (16-22),Tuesday,16
2024-05-28 16:45:00+00:00,2024-05-29 04:15:00+00:00,504.9170521750545,1,47,True,NY      (16-22),Tuesday,16
2024-05-29 04:30:00+00:00,2024-05-29 16:00:00+00:00,802.6810140875718,-1,47,True,Asia    (00-07),Wednesday,4
2024-05-29 16:15:00+00:00,2024-05-29 16:45:00+00:00,135.1988338337048,1,3,True,NY      (16-22),Wednesday,16
2024-05-29 17:00:00+00:00,2024-05-29 20:00:00+00:00,119.85436053726383,-1,13,True,NY      (16-22),Wednesday,17
2024-05-29 20:15:00+00:00,2024-05-29 22:15:00+00:00,220.46375,1,9,True,NY      (16-22),Wednesday,20
2024-05-29 22:30:00+00:00,2024-05-30 01:00:00+00:00,8.373906250000005,-1,11,True,Off     (22-00),Wednesday,22
2024-05-30 01:15:00+00:00,2024-05-30 04:15:00+00:00,243.4559375,1,13,True,Asia    (00-07),Thursday,1
2024-05-30 04:30:00+00:00,2024-05-30 08:00:00+00:00,494.63171875,-1,15,True,Asia    (00-07),Thursday,4
2024-05-30 08:15:00+00:00,2024-05-30 11:00:00+00:00,365.89734375,1,12,True,London  (07-12),Thursday,8
2024-05-30 11:15:00+00:00,2024-05-30 12:00:00+00:00,-6.3839062499999955,-1,4,False,London  (07-12),Thursday,11
2024-05-30 12:15:00+00:00,2024-05-30 14:00:00+00:00,249.0184375,1,8,True,Overlap (12-16),Thursday,12
2024-05-30 14:15:00+00:00,2024-05-30 15:00:00+00:00,89.54578125,-1,4,True,Overlap (12-16),Thursday,14
2024-05-30 15:15:00+00:00,2024-05-30 19:00:00+00:00,454.15570034045453,1,16,True,Overlap (12-16),Thursday,15
2024-05-30 19:15:00+00:00,2024-05-30 20:00:00+00:00,462.9328860269261,-1,4,True,NY      (16-22),Thursday,19
2024-05-30 20:15:00+00:00,2024-05-31 01:00:00+00:00,183.7508932484938,1,20,True,NY      (16-22),Thursday,20
2024-05-31 01:15:00+00:00,2024-05-31 02:15:00+00:00,36.166875000000005,-1,5,True,Asia    (00-07),Friday,1
2024-05-31 02:30:00+00:00,2024-05-31 04:00:00+00:00,36.52234375,1,7,True,Asia    (00-07),Friday,2
2024-05-31 04:15:00+00:00,2024-05-31 08:45:00+00:00,230.56921875,-1,19,True,Asia    (00-07),Friday,4
2024-05-31 09:00:00+00:00,2024-05-31 11:00:00+00:00,122.9246875,1,9,True,London  (07-12),Friday,9
2024-05-31 11:15:00+00:00,2024-05-31 11:30:00+00:00,-13.079218750000003,-1,2,False,London  (07-12),Friday,11
2024-05-31 11:45:00+00:00,2024-05-31 12:30:00+00:00,208.8465625,1,4,True,London  (07-12),Friday,11
2024-05-31 12:45:00+00:00,2024-05-31 16:00:00+00:00,912.6007649578476,-1,14,True,Overlap (12-16),Friday,12
2024-05-31 16:15:00+00:00,2024-05-31 20:45:00+00:00,377.7128509670591,1,19,True,NY      (16-22),Friday,16
2024-05-31 21:00:00+00:00,2024-05-31 23:00:00+00:00,119.0496875,-1,9,True,NY      (16-22),Friday,21
2024-05-31 23:15:00+00:00,2024-06-01 07:00:00+00:00,96.745,1,32,True,Off     (22-00),Friday,23
2024-06-01 07:15:00+00:00,2024-06-01 08:00:00+00:00,2.7762499999999974,-1,4,True,London  (07-12),Saturday,7
2024-06-01 08:15:00+00:00,2024-06-01 10:00:00+00:00,37.073125,1,8,True,London  (07-12),Saturday,8
2024-06-01 10:15:00+00:00,2024-06-01 12:00:00+00:00,4.627812499999997,-1,8,True,London  (07-12),Saturday,10
2024-06-01 12:15:00+00:00,2024-06-01 15:00:00+00:00,17.619999999999997,1,12,True,Overlap (12-16),Saturday,12
2024-06-01 15:15:00+00:00,2024-06-01 15:45:00+00:00,18.983281249999997,-1,3,True,Overlap (12-16),Saturday,15
2024-06-01 16:00:00+00:00,2024-06-01 18:30:00+00:00,18.979374999999997,1,11,True,NY      (16-22),Saturday,16
2024-06-01 18:45:00+00:00,2024-06-01 19:00:00+00:00,4.315312499999997,-1,2,True,NY      (16-22),Saturday,18
2024-06-01 19:15:00+00:00,2024-06-01 21:15:00+00:00,4.819218749999997,1,9,True,NY      (16-22),Saturday,19
2024-06-01 21:30:00+00:00,2024-06-01 22:45:00+00:00,-17.575312500000003,-1,6,False,NY      (16-22),Saturday,21
2024-06-01 23:00:00+00:00,2024-06-02 01:00:00+00:00,5.354374999999997,1,9,True,Off     (22-00),Saturday,23
2024-06-02 01:15:00+00:00,2024-06-02 02:45:00+00:00,21.424687499999997,-1,7,True,Asia    (00-07),Sunday,1
2024-06-02 03:00:00+00:00,2024-06-02 05:00:00+00:00,27.869999999999997,1,9,True,Asia    (00-07),Sunday,3
2024-06-02 05:15:00+00:00,2024-06-02 06:15:00+00:00,3.2957812499999974,-1,5,True,Asia    (00-07),Sunday,5
2024-06-02 06:30:00+00:00,2024-06-02 07:00:00+00:00,-4.063593750000003,1,3,False,Asia    (00-07),Sunday,6
2024-06-02 07:15:00+00:00,2024-06-02 07:45:00+00:00,26.639531249999997,-1,3,True,London  (07-12),Sunday,7
2024-06-02 08:00:00+00:00,2024-06-02 12:15:00+00:00,170.62,1,18,True,London  (07-12),Sunday,8
2024-06-02 12:30:00+00:00,2024-06-02 19:00:00+00:00,207.88953125,-1,27,True,Overlap (12-16),Sunday,12
2024-06-02 19:15:00+00:00,2024-06-02 23:00:00+00:00,107.67078125,1,16,True,NY      (16-22),Sunday,19
2024-06-02 23:15:00+00:00,2024-06-02 23:45:00+00:00,48.08484375,-1,3,True,Off     (22-00),Sunday,23
2024-06-03 00:00:00+00:00,2024-06-03 07:00:00+00:00,644.2684375,1,29,True,Asia    (00-07),Monday,0
2024-06-03 07:15:00+00:00,2024-06-03 07:45:00+00:00,73.73328125,-1,3,True,London  (07-12),Monday,7
2024-06-03 08:00:00+00:00,2024-06-03 10:15:00+00:00,119.42859375,1,10,True,London  (07-12),Monday,8
2024-06-03 10:30:00+00:00,2024-06-03 11:30:00+00:00,22.166875000000005,-1,5,True,London  (07-12),Monday,10
2024-06-03 11:45:00+00:00,2024-06-03 13:30:00+00:00,428.5028125,1,8,True,London  (07-12),Monday,11
2024-06-03 13:45:00+00:00,2024-06-03 14:45:00+00:00,475.85509269424927,-1,5,True,Overlap (12-16),Monday,13
2024-06-03 15:00:00+00:00,2024-06-03 16:00:00+00:00,183.45436486956999,1,5,True,Overlap (12-16),Monday,15
2024-06-03 16:15:00+00:00,2024-06-04 00:00:00+00:00,224.9101812885824,-1,32,True,NY      (16-22),Monday,16
2024-06-04 00:15:00+00:00,2024-06-04 02:15:00+00:00,198.4559375,1,9,True,Asia    (00-07),Tuesday,0
2024-06-04 02:30:00+00:00,2024-06-04 07:45:00+00:00,110.80359375,-1,22,True,Asia    (00-07),Tuesday,2
2024-06-04 08:00:00+00:00,2024-06-04 08:00:00+00:00,33.698125,1,1,True,London  (07-12),Tuesday,8
2024-06-04 08:15:00+00:00,2024-06-04 09:00:00+00:00,150.44421875,-1,4,True,London  (07-12),Tuesday,8
2024-06-04 09:15:00+00:00,2024-06-04 10:45:00+00:00,40.377812500000005,1,7,True,London  (07-12),Tuesday,9
2024-06-04 11:00:00+00:00,2024-06-04 12:00:00+00:00,-58.09875,-1,5,False,London  (07-12),Tuesday,11
2024-06-04 12:15:00+00:00,2024-06-04 17:00:00+00:00,735.1756556445988,1,20,True,Overlap (12-16),Tuesday,12
2024-06-04 17:15:00+00:00,2024-06-04 18:45:00+00:00,-13.967344234512424,-1,7,False,NY      (16-22),Tuesday,17
2024-06-04 19:00:00+00:00,2024-06-04 22:15:00+00:00,-35.630176762332894,1,14,False,NY      (16-22),Tuesday,19
2024-06-04 22:30:00+00:00,2024-06-05 00:00:00+00:00,67.12390625,-1,7,True,Off     (22-00),Tuesday,22
2024-06-05 00:15:00+00:00,2024-06-05 02:15:00+00:00,232.99890625,1,9,True,Asia    (00-07),Wednesday,0
2024-06-05 02:30:00+00:00,2024-06-05 03:00:00+00:00,61.5496875,-1,3,True,Asia    (00-07),Wednesday,2
2024-06-05 03:15:00+00:00,2024-06-05 07:30:00+00:00,246.4246875,1,18,True,Asia    (00-07),Wednesday,3
2024-06-05 07:45:00+00:00,2024-06-05 12:00:00+00:00,234.57703125,-1,18,True,London  (07-12),Wednesday,7
2024-06-05 12:15:00+00:00,2024-06-05 13:00:00+00:00,69.3778125,1,4,True,Overlap (12-16),Wednesday,12
2024-06-05 13:15:00+00:00,2024-06-05 14:00:00+00:00,271.67078125,-1,4,True,Overlap (12-16),Wednesday,13
2024-06-05 14:15:00+00:00,2024-06-05 16:00:00+00:00,532.0557696389061,1,8,True,Overlap (12-16),Wednesday,14
2024-06-05 16:15:00+00:00,2024-06-05 17:45:00+00:00,-13.697481884942263,-1,7,False,NY      (16-22),Wednesday,16
2024-06-05 18:00:00+00:00,2024-06-05 18:00:00+00:00,-150.24280186520645,1,1,False,NY      (16-22),Wednesday,18
2024-06-05 18:15:00+00:00,2024-06-05 19:15:00+00:00,156.77530930512697,-1,5,True,NY      (16-22),Wednesday,18
2024-06-05 19:30:00+00:00,2024-06-05 20:15:00+00:00,140.01453125,1,4,True,NY      (16-22),Wednesday,19
2024-06-05 20:30:00+00:00,2024-06-06 01:00:00+00:00,133.8075,-1,19,True,NY      (16-22),Wednesday,20
2024-06-06 01:15:00+00:00,2024-06-06 03:00:00+00:00,83.3934375,1,8,True,Asia    (00-07),Thursday,1
2024-06-06 03:15:00+00:00,2024-06-06 07:00:00+00:00,101.245,-1,16,True,Asia    (00-07),Thursday,3
2024-06-06 07:15:00+00:00,2024-06-06 08:15:00+00:00,12.592656249999997,1,5,True,London  (07-12),Thursday,7
2024-06-06 08:30:00+00:00,2024-06-06 09:45:00+00:00,-16.712031249999995,-1,6,False,London  (07-12),Thursday,8
2024-06-06 10:00:00+00:00,2024-06-06 12:15:00+00:00,178.76453125,1,10,True,London  (07-12),Thursday,10
2024-06-06 12:30:00+00:00,2024-06-06 12:45:00+00:00,74.62,-1,2,True,Overlap (12-16),Thursday,12
2024-06-06 13:00:00+00:00,2024-06-06 13:15:00+00:00,-25.551875000000003,1,2,False,Overlap (12-16),Thursday,13
2024-06-06 13:30:00+00:00,2024-06-06 14:00:00+00:00,-23.379999999999995,-1,3,False,Overlap (12-16),Thursday,13
2024-06-06 14:15:00+00:00,2024-06-06 15:00:00+00:00,94.93640625,1,4,True,Overlap (12-16),Thursday,14
2024-06-06 15:15:00+00:00,2024-06-06 17:00:00+00:00,188.35046875,-1,8,True,Overlap (12-16),Thursday,15
2024-06-06 17:15:00+00:00,2024-06-06 17:15:00+00:00,77.12,1,1,True,NY      (16-22),Thursday,17
2024-06-06 17:30:00+00:00,2024-06-06 20:15:00+00:00,285.135625,-1,12,True,NY      (16-22),Thursday,17
2024-06-06 20:30:00+00:00,2024-06-07 05:30:00+00:00,379.95984375,1,37,True,NY      (16-22),Thursday,20
2024-06-07 05:45:00+00:00,2024-06-07 06:00:00+00:00,58.5340625,-1,2,True,Asia    (00-07),Friday,5
2024-06-07 06:15:00+00:00,2024-06-07 07:15:00+00:00,9.018437499999997,1,5,True,Asia    (00-07),Friday,6
2024-06-07 07:30:00+00:00,2024-06-07 08:00:00+00:00,80.4325,-1,3,True,London  (07-12),Friday,7
2024-06-07 08:15:00+00:00,2024-06-07 12:00:00+00:00,385.12390625,1,16,True,London  (07-12),Friday,8
2024-06-07 12:15:00+00:00,2024-06-07 13:00:00+00:00,329.7572886324105,-1,4,True,Overlap (12-16),Friday,12
2024-06-07 13:15:00+00:00,2024-06-07 13:45:00+00:00,136.5895697268124,1,3,True,Overlap (12-16),Friday,13
2024-06-07 14:00:00+00:00,2024-06-07 21:45:00+00:00,1067.1316029058862,-1,32,True,Overlap (12-16),Friday,14
2024-06-07 22:00:00+00:00,2024-06-08 03:15:00+00:00,114.41296875,1,22,True,Off     (22-00),Friday,22
2024-06-08 03:30:00+00:00,2024-06-08 04:45:00+00:00,81.05359375,-1,6,True,Asia    (00-07),Saturday,3
2024-06-08 05:00:00+00:00,2024-06-08 08:15:00+00:00,39.205937500000005,1,14,True,Asia    (00-07),Saturday,5
2024-06-08 08:30:00+00:00,2024-06-08 12:00:00+00:00,5.366093749999997,-1,15,True,London  (07-12),Saturday,8
2024-06-08 12:15:00+00:00,2024-06-08 15:30:00+00:00,20.616093750000005,1,14,True,Overlap (12-16),Saturday,12
2024-06-08 15:45:00+00:00,2024-06-08 16:15:00+00:00,41.81921875,-1,3,True,Overlap (12-16),Saturday,15
2024-06-08 16:30:00+00:00,2024-06-08 20:00:00+00:00,44.12,1,15,True,NY      (16-22),Saturday,16
2024-06-08 20:15:00+00:00,2024-06-09 01:00:00+00:00,86.885625,-1,20,True,NY      (16-22),Saturday,20
2024-06-09 01:15:00+00:00,2024-06-09 02:00:00+00:00,-12.614375000000003,1,4,False,Asia    (00-07),Sunday,1
2024-06-09 02:15:00+00:00,2024-06-09 03:00:00+00:00,17.616093749999997,-1,4,True,Asia    (00-07),Sunday,2
2024-06-09 03:15:00+00:00,2024-06-09 05:30:00+00:00,58.495,1,10,True,Asia    (00-07),Sunday,3
2024-06-09 05:45:00+00:00,2024-06-09 06:00:00+00:00,-17.497187500000003,-1,2,False,Asia    (00-07),Sunday,5
2024-06-09 06:15:00+00:00,2024-06-09 07:15:00+00:00,-3.5753125000000026,1,5,False,Asia    (00-07),Sunday,6
2024-06-09 07:30:00+00:00,2024-06-09 08:00:00+00:00,-1.2979687500000026,-1,3,False,London  (07-12),Sunday,7
2024-06-09 08:15:00+00:00,2024-06-09 13:00:00+00:00,136.37,1,20,True,London  (07-12),Sunday,8
2024-06-09 13:15:00+00:00,2024-06-09 13:45:00+00:00,74.573125,-1,3,True,Overlap (12-16),Sunday,13
2024-06-09 14:00:00+00:00,2024-06-09 19:00:00+00:00,155.0028125,1,21,True,Overlap (12-16),Sunday,14
2024-06-09 19:15:00+00:00,2024-06-09 20:00:00+00:00,57.81921875,-1,4,True,NY      (16-22),Sunday,19
2024-06-09 20:15:00+00:00,2024-06-09 21:00:00+00:00,7.846562499999997,1,4,True,NY      (16-22),Sunday,20
2024-06-09 21:15:00+00:00,2024-06-09 21:15:00+00:00,-19.954218750000003,-1,1,False,NY      (16-22),Sunday,21
2024-06-09 21:30:00+00:00,2024-06-09 22:00:00+00:00,-23.204218750000003,1,3,False,NY      (16-22),Sunday,21
2024-06-09 22:15:00+00:00,2024-06-10 04:00:00+00:00,48.6903125,-1,24,True,Off     (22-00),Sunday,22
2024-06-10 04:15:00+00:00,2024-06-10 04:45:00+00:00,35.67859375,1,3,True,Asia    (00-07),Monday,4
2024-06-10 05:00:00+00:00,2024-06-10 08:00:00+00:00,112.2840625,-1,13,True,Asia    (00-07),Monday,5
2024-06-10 08:15:00+00:00,2024-06-10 11:45:00+00:00,12.065312499999997,1,15,True,London  (07-12),Monday,8
2024-06-10 12:00:00+00:00,2024-06-10 13:00:00+00:00,67.0653125,-1,5,True,Overlap (12-16),Monday,12
2024-06-10 13:15:00+00:00,2024-06-10 16:00:00+00:00,267.13953125,1,12,True,Overlap (12-16),Monday,13
2024-06-10 16:15:00+00:00,2024-06-10 20:00:00+00:00,240.13953125,-1,16,True,NY      (16-22),Monday,16
2024-06-10 20:15:00+00:00,2024-06-11 00:00:00+00:00,70.35046875,1,16,True,NY      (16-22),Monday,20
2024-06-11 00:15:00+00:00,2024-06-11 02:15:00+00:00,674.354375,-1,9,True,Asia    (00-07),Tuesday,0
2024-06-11 02:30:00+00:00,2024-06-11 04:00:00+00:00,-46.92895401986536,1,7,False,Asia    (00-07),Tuesday,2
2024-06-11 04:15:00+00:00,2024-06-11 11:15:00+00:00,524.9850559932577,-1,29,True,Asia    (00-07),Tuesday,4
2024-06-11 11:30:00+00:00,2024-06-11 12:45:00+00:00,28.588435127028035,1,6,True,London  (07-12),Tuesday,11
2024-06-11 13:00:00+00:00,2024-06-11 14:00:00+00:00,-4.889120727384409,-1,5,False,Overlap (12-16),Tuesday,13
2024-06-11 14:15:00+00:00,2024-06-11 15:00:00+00:00,-5.261614887957364,1,4,False,Overlap (12-16),Tuesday,14
2024-06-11 15:15:00+00:00,2024-06-11 16:00:00+00:00,164.76609079944365,-1,4,True,Overlap (12-16),Tuesday,15
2024-06-11 16:15:00+00:00,2024-06-11 19:30:00+00:00,255.878012274985,1,14,True,NY      (16-22),Tuesday,16
2024-06-11 19:45:00+00:00,2024-06-11 19:45:00+00:00,-67.3253125,-1,1,False,NY      (16-22),Tuesday,19
2024-06-11 20:00:00+00:00,2024-06-11 22:00:00+00:00,45.577031250000005,1,9,True,NY      (16-22),Tuesday,20
2024-06-11 22:15:00+00:00,2024-06-11 22:30:00+00:00,89.0809375,-1,2,True,Off     (22-00),Tuesday,22
2024-06-11 22:45:00+00:00,2024-06-11 23:00:00+00:00,66.31921875,1,2,True,Off     (22-00),Tuesday,22
2024-06-11 23:15:00+00:00,2024-06-11 23:30:00+00:00,57.31921875,-1,2,True,Off     (22-00),Tuesday,23
2024-06-11 23:45:00+00:00,2024-06-12 03:30:00+00:00,21.116093750000005,1,16,True,Off     (22-00),Tuesday,23
2024-06-12 03:45:00+00:00,2024-06-12 04:45:00+00:00,-50.680781249999995,-1,5,False,Asia    (00-07),Wednesday,3
2024-06-12 05:00:00+00:00,2024-06-12 05:00:00+00:00,-52.42296875,1,1,False,Asia    (00-07),Wednesday,5
2024-06-12 05:15:00+00:00,2024-06-12 07:00:00+00:00,21.920781249999997,-1,8,True,Asia    (00-07),Wednesday,5
2024-06-12 07:15:00+00:00,2024-06-12 11:00:00+00:00,264.7528125,1,16,True,London  (07-12),Wednesday,7
2024-06-12 11:15:00+00:00,2024-06-12 12:00:00+00:00,48.70203125,-1,4,True,London  (07-12),Wednesday,11
2024-06-12 12:15:00+00:00,2024-06-12 16:45:00+00:00,887.2646168412635,1,19,True,Overlap (12-16),Wednesday,12
2024-06-12 17:00:00+00:00,2024-06-12 19:15:00+00:00,437.3395452161875,-1,10,True,NY      (16-22),Wednesday,17
2024-06-12 19:30:00+00:00,2024-06-13 01:00:00+00:00,-123.7869568348433,1,23,False,NY      (16-22),Wednesday,19
2024-06-13 01:15:00+00:00,2024-06-13 04:45:00+00:00,470.59459873335277,-1,15,True,Asia    (00-07),Thursday,1
2024-06-13 05:00:00+00:00,2024-06-13 11:15:00+00:00,279.11045919186535,1,26,True,Asia    (00-07),Thursday,5
2024-06-13 11:30:00+00:00,2024-06-13 11:45:00+00:00,77.26453125,-1,2,True,London  (07-12),Thursday,11
2024-06-13 12:00:00+00:00,2024-06-13 12:00:00+00:00,30.127812499999997,1,1,True,Overlap (12-16),Thursday,12
2024-06-13 12:15:00+00:00,2024-06-13 16:00:00+00:00,398.33217533363035,-1,16,True,Overlap (12-16),Thursday,12
2024-06-13 16:15:00+00:00,2024-06-13 22:30:00+00:00,82.99911399226643,1,26,True,NY      (16-22),Thursday,16
2024-06-13 22:45:00+00:00,2024-06-13 23:00:00+00:00,96.45984375,-1,2,True,Off     (22-00),Thursday,22
2024-06-13 23:15:00+00:00,2024-06-14 00:15:00+00:00,12.928593749999997,1,5,True,Off     (22-00),Thursday,23
2024-06-14 00:30:00+00:00,2024-06-14 01:15:00+00:00,61.4090625,-1,4,True,Asia    (00-07),Friday,0
2024-06-14 01:30:00+00:00,2024-06-14 03:30:00+00:00,50.659062500000005,1,9,True,Asia    (00-07),Friday,1
2024-06-14 03:45:00+00:00,2024-06-14 05:00:00+00:00,-15.653437500000003,-1,6,False,Asia    (00-07),Friday,3
2024-06-14 05:15:00+00:00,2024-06-14 06:00:00+00:00,114.6121875,1,4,True,Asia    (00-07),Friday,5
2024-06-14 06:15:00+00:00,2024-06-14 06:15:00+00:00,41.6121875,-1,1,True,Asia    (00-07),Friday,6
2024-06-14 06:30:00+00:00,2024-06-14 07:00:00+00:00,31.514531249999997,1,3,True,Asia    (00-07),Friday,6
2024-06-14 07:15:00+00:00,2024-06-14 09:45:00+00:00,27.014531250000005,-1,11,True,London  (07-12),Friday,7
2024-06-14 10:00:00+00:00,2024-06-14 12:00:00+00:00,102.3075,1,9,True,London  (07-12),Friday,10
2024-06-14 12:15:00+00:00,2024-06-14 15:45:00+00:00,366.31140625,-1,15,True,Overlap (12-16),Friday,12
2024-06-14 16:00:00+00:00,2024-06-14 19:15:00+00:00,-329.9538250363463,1,14,False,NY      (16-22),Friday,16
2024-06-14 19:30:00+00:00,2024-06-14 20:00:00+00:00,-13.463950030903234,-1,3,False,NY      (16-22),Friday,19
2024-06-14 20:15:00+00:00,2024-06-15 04:30:00+00:00,302.6213568083486,1,34,True,NY      (16-22),Friday,20
2024-06-15 04:45:00+00:00,2024-06-15 08:00:00+00:00,58.412968750000005,-1,14,True,Asia    (00-07),Saturday,4
2024-06-15 08:15:00+00:00,2024-06-15 11:15:00+00:00,91.4871875,1,13,True,London  (07-12),Saturday,8
2024-06-15 11:30:00+00:00,2024-06-15 12:15:00+00:00,7.619999999999997,-1,4,True,London  (07-12),Saturday,11
2024-06-15 12:30:00+00:00,2024-06-15 13:15:00+00:00,2.3973437499999974,1,4,True,Overlap (12-16),Saturday,12
2024-06-15 13:30:00+00:00,2024-06-15 15:30:00+00:00,6.405156249999997,-1,9,True,Overlap (12-16),Saturday,13
2024-06-15 15:45:00+00:00,2024-06-15 16:00:00+00:00,-28.876093750000003,1,2,False,Overlap (12-16),Saturday,15
2024-06-15 16:15:00+00:00,2024-06-15 18:00:00+00:00,29.983281249999997,-1,8,True,NY      (16-22),Saturday,16
2024-06-15 18:15:00+00:00,2024-06-15 23:30:00+00:00,26.213750000000005,1,22,True,NY      (16-22),Saturday,18
2024-06-15 23:45:00+00:00,2024-06-16 04:00:00+00:00,44.27234375,-1,18,True,Off     (22-00),Saturday,23
2024-06-16 04:15:00+00:00,2024-06-16 06:45:00+00:00,72.04578125,1,11,True,Asia    (00-07),Sunday,4
2024-06-16 07:00:00+00:00,2024-06-16 09:00:00+00:00,39.77234375,-1,9,True,London  (07-12),Sunday,7
2024-06-16 09:15:00+00:00,2024-06-16 11:00:00+00:00,219.83875,1,8,True,London  (07-12),Sunday,9
2024-06-16 11:15:00+00:00,2024-06-16 12:00:00+00:00,73.18640625,-1,4,True,London  (07-12),Sunday,11
2024-06-16 12:15:00+00:00,2024-06-16 14:00:00+00:00,121.12,1,8,True,Overlap (12-16),Sunday,12
2024-06-16 14:15:00+00:00,2024-06-16 15:00:00+00:00,67.44421875,-1,4,True,Overlap (12-16),Sunday,14
2024-06-16 15:15:00+00:00,2024-06-16 16:00:00+00:00,13.440312499999997,1,4,True,Overlap (12-16),Sunday,15
2024-06-16 16:15:00+00:00,2024-06-16 18:45:00+00:00,20.116093749999997,-1,11,True,NY      (16-22),Sunday,16
2024-06-16 19:00:00+00:00,2024-06-17 00:00:00+00:00,22.881718750000005,1,21,True,NY      (16-22),Sunday,19
2024-06-17 00:15:00+00:00,2024-06-17 03:45:00+00:00,206.885625,-1,15,True,Asia    (00-07),Monday,0
2024-06-17 04:00:00+00:00,2024-06-17 04:45:00+00:00,98.06140625,1,4,True,Asia    (00-07),Monday,4
2024-06-17 05:00:00+00:00,2024-06-17 07:00:00+00:00,214.9403125,-1,9,True,Asia    (00-07),Monday,5
2024-06-17 07:15:00+00:00,2024-06-17 08:00:00+00:00,146.99890625,1,4,True,London  (07-12),Monday,7
2024-06-17 08:15:00+00:00,2024-06-17 10:15:00+00:00,348.10828125,-1,9,True,London  (07-12),Monday,8
2024-06-17 10:30:00+00:00,2024-06-17 11:00:00+00:00,175.104375,1,3,True,London  (07-12),Monday,10
2024-06-17 11:15:00+00:00,2024-06-17 14:00:00+00:00,290.121953125,-1,12,True,London  (07-12),Monday,11
2024-06-17 14:15:00+00:00,2024-06-17 15:15:00+00:00,10.301640625000005,1,5,True,Overlap (12-16),Monday,14
2024-06-17 15:30:00+00:00,2024-06-17 16:00:00+00:00,-61.890205471589994,-1,3,False,Overlap (12-16),Monday,15
2024-06-17 16:15:00+00:00,2024-06-17 19:00:00+00:00,524.4241212498581,1,12,True,NY      (16-22),Monday,16
2024-06-17 19:15:00+00:00,2024-06-17 20:00:00+00:00,227.45039203574152,-1,4,True,NY      (16-22),Monday,19
2024-06-17 20:15:00+00:00,2024-06-17 22:45:00+00:00,164.7723179166348,1,11,True,NY      (16-22),Monday,20
2024-06-17 23:00:00+00:00,2024-06-18 01:30:00+00:00,953.5704842039445,-1,11,True,Off     (22-00),Monday,23
2024-06-18 01:45:00+00:00,2024-06-18 01:45:00+00:00,190.3371980625884,1,1,True,Asia    (00-07),Tuesday,1
2024-06-18 02:00:00+00:00,2024-06-18 02:00:00+00:00,91.37388937822513,-1,1,True,Asia    (00-07),Tuesday,2
2024-06-18 02:15:00+00:00,2024-06-18 02:45:00+00:00,192.61066687865116,1,3,True,Asia    (00-07),Tuesday,2
2024-06-18 03:00:00+00:00,2024-06-18 04:45:00+00:00,-38.569123082491444,-1,8,False,Asia    (00-07),Tuesday,3
2024-06-18 05:00:00+00:00,2024-06-18 08:30:00+00:00,49.2031674701157,1,15,True,Asia    (00-07),Tuesday,5
2024-06-18 08:45:00+00:00,2024-06-18 10:00:00+00:00,155.0340625,-1,6,True,London  (07-12),Tuesday,8
2024-06-18 10:15:00+00:00,2024-06-18 10:30:00+00:00,50.039921875,1,2,True,London  (07-12),Tuesday,10
2024-06-18 10:45:00+00:00,2024-06-18 11:00:00+00:00,84.481328125,-1,2,True,London  (07-12),Tuesday,10
2024-06-18 11:15:00+00:00,2024-06-18 12:45:00+00:00,-54.549921874999995,1,7,False,London  (07-12),Tuesday,11
2024-06-18 13:00:00+00:00,2024-06-18 15:00:00+00:00,314.0144957767865,-1,9,True,Overlap (12-16),Tuesday,13
2024-06-18 15:15:00+00:00,2024-06-18 19:00:00+00:00,-19.705468393988966,1,16,False,Overlap (12-16),Tuesday,15
2024-06-18 19:15:00+00:00,2024-06-18 20:00:00+00:00,4.013418313329506,-1,4,True,NY      (16-22),Tuesday,19
2024-06-18 20:15:00+00:00,2024-06-18 22:45:00+00:00,362.1556806848112,1,11,True,NY      (16-22),Tuesday,20
2024-06-18 23:00:00+00:00,2024-06-19 00:15:00+00:00,179.604375,-1,6,True,Off     (22-00),Tuesday,23
2024-06-19 00:30:00+00:00,2024-06-19 02:15:00+00:00,270.61609375,1,8,True,Asia    (00-07),Wednesday,0
2024-06-19 02:30:00+00:00,2024-06-19 02:30:00+00:00,96.055546875,-1,1,True,Asia    (00-07),Wednesday,2
2024-06-19 02:45:00+00:00,2024-06-19 04:00:00+00:00,173.05359375,1,6,True,Asia    (00-07),Wednesday,2
2024-06-19 04:15:00+00:00,2024-06-19 06:00:00+00:00,44.118046875000005,-1,8,True,Asia    (00-07),Wednesday,4
2024-06-19 06:15:00+00:00,2024-06-19 07:00:00+00:00,4.118046874999997,1,4,True,Asia    (00-07),Wednesday,6
2024-06-19 07:15:00+00:00,2024-06-19 10:15:00+00:00,177.129765625,-1,13,True,London  (07-12),Wednesday,7
2024-06-19 10:30:00+00:00,2024-06-19 10:45:00+00:00,169.125859375,1,2,True,London  (07-12),Wednesday,10
2024-06-19 11:00:00+00:00,2024-06-19 17:15:00+00:00,156.614140625,-1,26,True,London  (07-12),Wednesday,11
2024-06-19 17:30:00+00:00,2024-06-19 18:15:00+00:00,-67.00109375,1,4,False,NY      (16-22),Wednesday,17
2024-06-19 18:30:00+00:00,2024-06-19 19:00:00+00:00,59.19421875,-1,3,True,NY      (16-22),Wednesday,18
2024-06-19 19:15:00+00:00,2024-06-19 22:15:00+00:00,15.809453125000005,1,13,True,NY      (16-22),Wednesday,19
2024-06-19 22:30:00+00:00,2024-06-19 22:45:00+00:00,60.114140625,-1,2,True,Off     (22-00),Wednesday,22
2024-06-19 23:00:00+00:00,2024-06-20 03:30:00+00:00,159.649296875,1,19,True,Off     (22-00),Wednesday,23
2024-06-20 03:45:00+00:00,2024-06-20 04:00:00+00:00,37.305546875,-1,2,True,Asia    (00-07),Thursday,3
2024-06-20 04:15:00+00:00,2024-06-20 06:00:00+00:00,242.067265625,1,8,True,Asia    (00-07),Thursday,4
2024-06-20 06:15:00+00:00,2024-06-20 07:00:00+00:00,-8.809687500000003,-1,4,False,Asia    (00-07),Thursday,6
2024-06-20 07:15:00+00:00,2024-06-20 08:00:00+00:00,85.8934375,1,4,True,London  (07-12),Thursday,7
2024-06-20 08:15:00+00:00,2024-06-20 09:30:00+00:00,48.455937500000005,-1,6,True,London  (07-12),Thursday,8
2024-06-20 09:45:00+00:00,2024-06-20 11:00:00+00:00,358.4403125,1,6,True,London  (07-12),Thursday,9
2024-06-20 11:15:00+00:00,2024-06-20 11:45:00+00:00,102.17859375,-1,3,True,London  (07-12),Thursday,11
2024-06-20 12:00:00+00:00,2024-06-20 12:00:00+00:00,-45.25109375,1,1,False,Overlap (12-16),Thursday,12
2024-06-20 12:15:00+00:00,2024-06-20 14:00:00+00:00,592.8156546567509,-1,8,True,Overlap (12-16),Thursday,12
2024-06-20 14:15:00+00:00,2024-06-20 21:00:00+00:00,120.98233001318346,1,28,True,Overlap (12-16),Thursday,14
2024-06-20 21:15:00+00:00,2024-06-20 23:45:00+00:00,105.770390625,-1,11,True,NY      (16-22),Thursday,21
2024-06-21 00:00:00+00:00,2024-06-21 00:30:00+00:00,-2.1436718749999955,1,3,False,Asia    (00-07),Friday,0
2024-06-21 00:45:00+00:00,2024-06-21 01:00:00+00:00,96.981328125,-1,2,True,Asia    (00-07),Friday,0
2024-06-21 01:15:00+00:00,2024-06-21 02:00:00+00:00,115.250859375,1,4,True,Asia    (00-07),Friday,1
2024-06-21 02:15:00+00:00,2024-06-21 04:00:00+00:00,180.125859375,-1,8,True,Asia    (00-07),Friday,2
2024-06-21 04:15:00+00:00,2024-06-21 06:00:00+00:00,82.12,1,8,True,Asia    (00-07),Friday,4
2024-06-21 06:15:00+00:00,2024-06-21 09:00:00+00:00,506.104375,-1,12,True,Asia    (00-07),Friday,6
2024-06-21 09:15:00+00:00,2024-06-21 11:15:00+00:00,128.53015625,1,9,True,London  (07-12),Friday,9
2024-06-21 11:30:00+00:00,2024-06-21 11:45:00+00:00,90.539921875,-1,2,True,London  (07-12),Friday,11
2024-06-21 12:00:00+00:00,2024-06-21 13:30:00+00:00,2.2560385028640724,1,7,True,Overlap (12-16),Friday,12
2024-06-21 13:45:00+00:00,2024-06-21 14:00:00+00:00,-22.864374999999995,-1,2,False,Overlap (12-16),Friday,13
2024-06-21 14:15:00+00:00,2024-06-21 15:00:00+00:00,155.80621224463698,1,4,True,Overlap (12-16),Friday,14
2024-06-21 15:15:00+00:00,2024-06-21 17:15:00+00:00,247.74390964751382,-1,9,True,Overlap (12-16),Friday,15
2024-06-21 17:30:00+00:00,2024-06-21 20:45:00+00:00,283.99765766527514,1,14,True,NY      (16-22),Friday,17
2024-06-21 21:00:00+00:00,2024-06-21 21:15:00+00:00,124.385625,-1,2,True,NY      (16-22),Friday,21
2024-06-21 21:30:00+00:00,2024-06-22 06:30:00+00:00,274.12,1,37,True,NY      (16-22),Friday,21
2024-06-22 06:45:00+00:00,2024-06-22 07:00:00+00:00,53.10828125,-1,2,True,Asia    (00-07),Saturday,6
2024-06-22 07:15:00+00:00,2024-06-22 08:00:00+00:00,2.7586718749999974,1,4,True,London  (07-12),Saturday,7
2024-06-22 08:15:00+00:00,2024-06-22 08:45:00+00:00,40.1903125,-1,3,True,London  (07-12),Saturday,8
2024-06-22 09:00:00+00:00,2024-06-22 09:45:00+00:00,3.5399218749999974,1,4,True,London  (07-12),Saturday,9
2024-06-22 10:00:00+00:00,2024-06-22 12:00:00+00:00,1.1141406249999974,-1,9,True,London  (07-12),Saturday,10
2024-06-22 12:15:00+00:00,2024-06-22 14:15:00+00:00,20.114140624999997,1,9,True,Overlap (12-16),Saturday,12
2024-06-22 14:30:00+00:00,2024-06-22 14:45:00+00:00,23.133671874999997,-1,2,True,Overlap (12-16),Saturday,14
2024-06-22 15:00:00+00:00,2024-06-22 17:00:00+00:00,-12.751093750000003,1,9,False,Overlap (12-16),Saturday,15
2024-06-22 17:15:00+00:00,2024-06-22 19:00:00+00:00,-0.9600781250000026,-1,8,False,NY      (16-22),Saturday,17
2024-06-22 19:15:00+00:00,2024-06-22 22:45:00+00:00,10.825078124999997,1,15,True,NY      (16-22),Saturday,19
2024-06-22 23:00:00+00:00,2024-06-23 00:00:00+00:00,-34.241328125,-1,5,False,Off     (22-00),Saturday,23
2024-06-23 00:15:00+00:00,2024-06-23 03:00:00+00:00,33.864140625,1,12,True,Asia    (00-07),Sunday,0
2024-06-23 03:15:00+00:00,2024-06-23 05:15:00+00:00,28.315312499999997,-1,9,True,Asia    (00-07),Sunday,3
2024-06-23 05:30:00+00:00,2024-06-23 08:00:00+00:00,5.315312499999997,1,11,True,Asia    (00-07),Sunday,5
2024-06-23 08:15:00+00:00,2024-06-23 11:00:00+00:00,28.260624999999997,-1,12,True,London  (07-12),Sunday,8
2024-06-23 11:15:00+00:00,2024-06-23 12:45:00+00:00,13.254765624999997,1,7,True,London  (07-12),Sunday,11
2024-06-23 13:00:00+00:00,2024-06-23 15:45:00+00:00,126.114140625,-1,12,True,Overlap (12-16),Sunday,13
2024-06-23 16:00:00+00:00,2024-06-23 16:00:00+00:00,9.539921874999997,1,1,True,NY      (16-22),Sunday,16
2024-06-23 16:15:00+00:00,2024-06-23 16:45:00+00:00,92.79578125,-1,3,True,NY      (16-22),Sunday,16
2024-06-23 17:00:00+00:00,2024-06-23 20:00:00+00:00,77.485234375,1,13,True,NY      (16-22),Sunday,17
2024-06-23 20:15:00+00:00,2024-06-23 20:45:00+00:00,171.223515625,-1,3,True,NY      (16-22),Sunday,20
2024-06-23 21:00:00+00:00,2024-06-23 22:00:00+00:00,-35.975703125,1,5,False,NY      (16-22),Sunday,21
2024-06-23 22:15:00+00:00,2024-06-24 04:00:00+00:00,494.059453125,-1,24,True,Off     (22-00),Sunday,22
2024-06-24 04:15:00+00:00,2024-06-24 04:30:00+00:00,90.15515625,1,2,True,Asia    (00-07),Monday,4
2024-06-24 04:45:00+00:00,2024-06-24 06:00:00+00:00,287.010625,-1,6,True,Asia    (00-07),Monday,4
2024-06-24 06:15:00+00:00,2024-06-24 06:45:00+00:00,44.504765625,1,3,True,Asia    (00-07),Monday,6
2024-06-24 07:00:00+00:00,2024-06-24 07:00:00+00:00,40.54578125,-1,1,True,London  (07-12),Monday,7
2024-06-24 07:15:00+00:00,2024-06-24 07:30:00+00:00,122.039921875,1,2,True,London  (07-12),Monday,7
2024-06-24 07:45:00+00:00,2024-06-24 10:45:00+00:00,562.8250250010325,-1,13,True,London  (07-12),Monday,7
2024-06-24 11:00:00+00:00,2024-06-24 12:00:00+00:00,61.350242545165116,1,5,True,London  (07-12),Monday,11
2024-06-24 12:15:00+00:00,2024-06-24 13:00:00+00:00,134.1337228837658,-1,4,True,Overlap (12-16),Monday,12
2024-06-24 13:15:00+00:00,2024-06-24 15:00:00+00:00,68.9403125,1,8,True,Overlap (12-16),Monday,13
2024-06-24 15:15:00+00:00,2024-06-24 17:15:00+00:00,504.61978337967946,-1,9,True,Overlap (12-16),Monday,15
2024-06-24 17:30:00+00:00,2024-06-24 19:00:00+00:00,66.6174797131358,1,7,True,NY      (16-22),Monday,17
2024-06-24 19:15:00+00:00,2024-06-24 20:00:00+00:00,250.73364617677854,-1,4,True,NY      (16-22),Monday,19
2024-06-24 20:15:00+00:00,2024-06-25 05:00:00+00:00,833.9185826664586,1,36,True,NY      (16-22),Monday,20
2024-06-25 05:15:00+00:00,2024-06-25 08:15:00+00:00,288.260625,-1,13,True,Asia    (00-07),Tuesday,5
2024-06-25 08:30:00+00:00,2024-06-25 11:00:00+00:00,305.260625,1,11,True,London  (07-12),Tuesday,8
2024-06-25 11:15:00+00:00,2024-06-25 13:30:00+00:00,83.125859375,-1,10,True,London  (07-12),Tuesday,11
2024-06-25 13:45:00+00:00,2024-06-25 16:00:00+00:00,239.7839361202607,1,10,True,Overlap (12-16),Tuesday,13
2024-06-25 16:15:00+00:00,2024-06-25 17:45:00+00:00,156.42293531099324,-1,7,True,NY      (16-22),Tuesday,16
2024-06-25 18:00:00+00:00,2024-06-25 20:00:00+00:00,223.31676754329845,1,9,True,NY      (16-22),Tuesday,18
2024-06-25 20:15:00+00:00,2024-06-25 23:00:00+00:00,81.0276870871233,-1,12,True,NY      (16-22),Tuesday,20
2024-06-25 23:15:00+00:00,2024-06-26 02:15:00+00:00,220.180546875,1,13,True,Off     (22-00),Tuesday,23
2024-06-26 02:30:00+00:00,2024-06-26 06:15:00+00:00,281.356328125,-1,16,True,Asia    (00-07),Wednesday,2
2024-06-26 06:30:00+00:00,2024-06-26 08:15:00+00:00,-60.268671875,1,8,False,Asia    (00-07),Wednesday,6
2024-06-26 08:30:00+00:00,2024-06-26 10:30:00+00:00,127.49109375,-1,9,True,London  (07-12),Wednesday,8
2024-06-26 10:45:00+00:00,2024-06-26 11:45:00+00:00,91.74109375,1,5,True,London  (07-12),Wednesday,10
2024-06-26 12:00:00+00:00,2024-06-26 13:00:00+00:00,-7.255000000000003,-1,5,False,Overlap (12-16),Wednesday,12
2024-06-26 13:15:00+00:00,2024-06-26 14:00:00+00:00,223.24890625,1,4,True,Overlap (12-16),Wednesday,13
2024-06-26 14:15:00+00:00,2024-06-26 17:00:00+00:00,477.260625,-1,12,True,Overlap (12-16),Wednesday,14
2024-06-26 17:15:00+00:00,2024-06-26 17:45:00+00:00,145.5065631725247,1,3,True,NY      (16-22),Wednesday,17
2024-06-26 18:00:00+00:00,2024-06-26 19:00:00+00:00,201.60474673085898,-1,5,True,NY      (16-22),Wednesday,18
2024-06-26 19:15:00+00:00,2024-06-26 21:00:00+00:00,73.96795707902263,1,8,True,NY      (16-22),Wednesday,19
2024-06-26 21:15:00+00:00,2024-06-27 00:00:00+00:00,50.12,-1,12,True,NY      (16-22),Wednesday,21
2024-06-27 00:15:00+00:00,2024-06-27 05:00:00+00:00,75.114140625,1,20,True,Asia    (00-07),Thursday,0
2024-06-27 05:15:00+00:00,2024-06-27 05:45:00+00:00,92.37,-1,3,True,Asia    (00-07),Thursday,5
2024-06-27 06:00:00+00:00,2024-06-27 10:15:00+00:00,211.375859375,1,18,True,Asia    (00-07),Thursday,6
2024-06-27 10:30:00+00:00,2024-06-27 11:15:00+00:00,50.12,-1,4,True,London  (07-12),Thursday,10
2024-06-27 11:30:00+00:00,2024-06-27 14:00:00+00:00,601.114140625,1,11,True,London  (07-12),Thursday,11
2024-06-27 14:15:00+00:00,2024-06-27 14:45:00+00:00,285.81421521996356,-1,3,True,Overlap (12-16),Thursday,14
2024-06-27 15:00:00+00:00,2024-06-27 19:00:00+00:00,-40.14819684710638,1,17,False,Overlap (12-16),Thursday,15
2024-06-27 19:15:00+00:00,2024-06-27 19:45:00+00:00,90.125859375,-1,3,True,NY      (16-22),Thursday,19
2024-06-27 20:00:00+00:00,2024-06-28 00:00:00+00:00,99.590703125,1,17,True,NY      (16-22),Thursday,20
2024-06-28 00:15:00+00:00,2024-06-28 01:00:00+00:00,10.590703124999997,-1,4,True,Asia    (00-07),Friday,0
2024-06-28 01:15:00+00:00,2024-06-28 02:00:00+00:00,140.250859375,1,4,True,Asia    (00-07),Friday,1
2024-06-28 02:15:00+00:00,2024-06-28 03:00:00+00:00,63.245000000000005,-1,4,True,Asia    (00-07),Friday,2
2024-06-28 03:15:00+00:00,2024-06-28 04:45:00+00:00,-30.665156249999995,1,7,False,Asia    (00-07),Friday,3
2024-06-28 05:00:00+00:00,2024-06-28 08:00:00+00:00,195.33484375,-1,13,True,Asia    (00-07),Friday,5
2024-06-28 08:15:00+00:00,2024-06-28 12:00:00+00:00,203.114140625,1,16,True,London  (07-12),Friday,8
2024-06-28 12:15:00+00:00,2024-06-28 15:00:00+00:00,456.13584178655776,-1,12,True,Overlap (12-16),Friday,12
2024-06-28 15:15:00+00:00,2024-06-28 16:00:00+00:00,63.10349400185509,1,4,True,Overlap (12-16),Friday,15
2024-06-28 16:15:00+00:00,2024-06-28 20:00:00+00:00,377.758610734367,-1,16,True,NY      (16-22),Friday,16
2024-06-28 20:15:00+00:00,2024-06-29 09:00:00+00:00,342.5496875,1,52,True,NY      (16-22),Friday,20
2024-06-29 09:15:00+00:00,2024-06-29 09:15:00+00:00,-13.405390625000003,-1,1,False,London  (07-12),Saturday,9
2024-06-29 09:30:00+00:00,2024-06-29 10:30:00+00:00,19.289921874999997,1,5,True,London  (07-12),Saturday,9
2024-06-29 10:45:00+00:00,2024-06-29 10:45:00+00:00,-17.928828125000003,-1,1,False,London  (07-12),Saturday,10
2024-06-29 11:00:00+00:00,2024-06-29 12:00:00+00:00,29.946171875000005,1,5,True,London  (07-12),Saturday,11
2024-06-29 12:15:00+00:00,2024-06-29 12:15:00+00:00,-26.139765625000003,-1,1,False,Overlap (12-16),Saturday,12
2024-06-29 12:30:00+00:00,2024-06-29 12:30:00+00:00,-24.405390625000003,1,1,False,Overlap (12-16),Saturday,12
2024-06-29 12:45:00+00:00,2024-06-29 12:45:00+00:00,6.145390624999997,-1,1,True,Overlap (12-16),Saturday,12
2024-06-29 13:00:00+00:00,2024-06-29 14:00:00+00:00,13.479374999999997,1,5,True,Overlap (12-16),Saturday,13
2024-06-29 14:15:00+00:00,2024-06-29 14:30:00+00:00,41.4090625,-1,2,True,Overlap (12-16),Saturday,14
2024-06-29 14:45:00+00:00,2024-06-29 16:45:00+00:00,-4.710078125000003,1,9,False,Overlap (12-16),Saturday,14
2024-06-29 17:00:00+00:00,2024-06-29 23:45:00+00:00,-3.2647656250000026,-1,28,False,NY      (16-22),Saturday,17
2024-06-30 00:00:00+00:00,2024-06-30 00:30:00+00:00,20.885624999999997,1,3,True,Asia    (00-07),Sunday,0
2024-06-30 00:45:00+00:00,2024-06-30 03:00:00+00:00,97.22546875,-1,10,True,Asia    (00-07),Sunday,0
2024-06-30 03:15:00+00:00,2024-06-30 14:00:00+00:00,424.129765625,1,44,True,Asia    (00-07),Sunday,3
2024-06-30 14:15:00+00:00,2024-06-30 15:15:00+00:00,11.129765624999997,-1,5,True,Overlap (12-16),Sunday,14
2024-06-30 15:30:00+00:00,2024-06-30 15:30:00+00:00,17.475468749999997,1,1,True,Overlap (12-16),Sunday,15
2024-06-30 15:45:00+00:00,2024-06-30 16:15:00+00:00,42.47546875,-1,3,True,Overlap (12-16),Sunday,15
2024-06-30 16:30:00+00:00,2024-06-30 19:30:00+00:00,220.625859375,1,13,True,NY      (16-22),Sunday,16
2024-06-30 19:45:00+00:00,2024-06-30 20:45:00+00:00,30.620000000000005,-1,5,True,NY      (16-22),Sunday,19
2024-06-30 21:00:00+00:00,2024-06-30 23:15:00+00:00,438.114140625,1,10,True,NY      (16-22),Sunday,21
2024-06-30 23:30:00+00:00,2024-07-01 00:00:00+00:00,121.12,-1,3,True,Off     (22-00),Sunday,23
2024-07-01 00:15:00+00:00,2024-07-01 05:15:00+00:00,366.985234375,1,21,True,Asia    (00-07),Monday,0
2024-07-01 05:30:00+00:00,2024-07-01 11:30:00+00:00,310.125859375,-1,25,True,Asia    (00-07),Monday,5
2024-07-01 11:45:00+00:00,2024-07-01 13:15:00+00:00,89.260625,1,7,True,London  (07-12),Monday,11
2024-07-01 13:30:00+00:00,2024-07-01 14:00:00+00:00,145.735234375,-1,3,True,Overlap (12-16),Monday,13
2024-07-01 14:15:00+00:00,2024-07-01 16:00:00+00:00,313.735234375,1,8,True,Overlap (12-16),Monday,14
2024-07-01 16:15:00+00:00,2024-07-01 17:00:00+00:00,71.110234375,-1,4,True,NY      (16-22),Monday,16
2024-07-01 17:15:00+00:00,2024-07-01 18:15:00+00:00,190.360234375,1,5,True,NY      (16-22),Monday,17
2024-07-01 18:30:00+00:00,2024-07-01 22:15:00+00:00,304.700078125,-1,16,True,NY      (16-22),Monday,18
2024-07-01 22:30:00+00:00,2024-07-02 02:00:00+00:00,89.010625,1,15,True,Off     (22-00),Monday,22
2024-07-02 02:15:00+00:00,2024-07-02 02:30:00+00:00,40.67078125,-1,2,True,Asia    (00-07),Tuesday,2
2024-07-02 02:45:00+00:00,2024-07-02 04:00:00+00:00,100.7996875,1,6,True,Asia    (00-07),Tuesday,2
2024-07-02 04:15:00+00:00,2024-07-02 08:00:00+00:00,351.723515625,-1,16,True,Asia    (00-07),Tuesday,4
2024-07-02 08:15:00+00:00,2024-07-02 13:00:00+00:00,187.0340625,1,20,True,London  (07-12),Tuesday,8
2024-07-02 13:15:00+00:00,2024-07-02 17:00:00+00:00,465.024296875,-1,16,True,Overlap (12-16),Tuesday,13
2024-07-02 17:15:00+00:00,2024-07-03 00:15:00+00:00,149.024296875,1,29,True,NY      (16-22),Tuesday,17
2024-07-03 00:30:00+00:00,2024-07-03 03:00:00+00:00,701.6903125,-1,11,True,Asia    (00-07),Wednesday,0
2024-07-03 03:15:00+00:00,2024-07-03 06:15:00+00:00,117.434453125,1,13,True,Asia    (00-07),Wednesday,3
2024-07-03 06:30:00+00:00,2024-07-03 09:00:00+00:00,241.87,-1,11,True,Asia    (00-07),Wednesday,6
2024-07-03 09:15:00+00:00,2024-07-03 11:45:00+00:00,-104.86828125,1,11,False,London  (07-12),Wednesday,9
2024-07-03 12:00:00+00:00,2024-07-03 13:00:00+00:00,84.88755375133465,-1,5,True,Overlap (12-16),Wednesday,12
2024-07-03 13:15:00+00:00,2024-07-03 14:00:00+00:00,106.53939347733456,1,4,True,Overlap (12-16),Wednesday,13
2024-07-03 14:15:00+00:00,2024-07-03 20:15:00+00:00,339.74890625,-1,25,True,Overlap (12-16),Wednesday,14
2024-07-03 20:30:00+00:00,2024-07-03 22:45:00+00:00,270.62,1,10,True,NY      (16-22),Wednesday,20
2024-07-03 23:00:00+00:00,2024-07-03 23:00:00+00:00,-25.874140625000003,-1,1,False,Off     (22-00),Wednesday,23
2024-07-03 23:15:00+00:00,2024-07-03 23:15:00+00:00,-7.079218750000003,1,1,False,Off     (22-00),Wednesday,23
2024-07-03 23:30:00+00:00,2024-07-04 02:15:00+00:00,708.0599251156425,-1,12,True,Off     (22-00),Wednesday,23
2024-07-04 02:30:00+00:00,2024-07-04 04:45:00+00:00,-7.821255205602942,1,10,False,Asia    (00-07),Thursday,2
2024-07-04 05:00:00+00:00,2024-07-04 09:00:00+00:00,661.0227196900225,-1,17,True,Asia    (00-07),Thursday,5
2024-07-04 09:15:00+00:00,2024-07-04 10:45:00+00:00,128.21987761507586,1,7,True,London  (07-12),Thursday,9
2024-07-04 11:00:00+00:00,2024-07-04 12:15:00+00:00,158.25248040528646,-1,6,True,London  (07-12),Thursday,11
2024-07-04 12:30:00+00:00,2024-07-04 17:45:00+00:00,159.93413684658893,1,22,True,Overlap (12-16),Thursday,12
2024-07-04 18:00:00+00:00,2024-07-04 19:45:00+00:00,-32.86318543297737,-1,8,False,NY      (16-22),Thursday,18
2024-07-04 20:00:00+00:00,2024-07-04 22:00:00+00:00,105.30359375,1,9,True,NY      (16-22),Thursday,20
2024-07-04 22:15:00+00:00,2024-07-05 03:30:00+00:00,1140.955686865551,-1,22,True,Off     (22-00),Thursday,22
2024-07-05 03:45:00+00:00,2024-07-05 04:00:00+00:00,-91.27666536077538,1,2,False,Asia    (00-07),Friday,3
2024-07-05 04:15:00+00:00,2024-07-05 05:15:00+00:00,183.86277426351364,-1,5,True,Asia    (00-07),Friday,4
2024-07-05 05:30:00+00:00,2024-07-05 05:45:00+00:00,123.23884291678806,1,2,True,Asia    (00-07),Friday,5
2024-07-05 06:00:00+00:00,2024-07-05 09:00:00+00:00,282.4544933385659,-1,13,True,Asia    (00-07),Friday,6
2024-07-05 09:15:00+00:00,2024-07-05 17:00:00+00:00,955.0908300441188,1,32,True,London  (07-12),Friday,9
2024-07-05 17:15:00+00:00,2024-07-05 17:45:00+00:00,43.04280693353207,-1,3,True,NY      (16-22),Friday,17
2024-07-05 18:00:00+00:00,2024-07-05 19:15:00+00:00,77.22242895401763,1,6,True,NY      (16-22),Friday,18
2024-07-05 19:30:00+00:00,2024-07-05 19:45:00+00:00,92.77454454097435,-1,2,True,NY      (16-22),Friday,19
2024-07-05 20:00:00+00:00,2024-07-06 01:00:00+00:00,14.47643771619039,1,21,True,NY      (16-22),Friday,20
2024-07-06 01:15:00+00:00,2024-07-06 01:45:00+00:00,128.024296875,-1,3,True,Asia    (00-07),Saturday,1
2024-07-06 02:00:00+00:00,2024-07-06 03:45:00+00:00,80.2996875,1,8,True,Asia    (00-07),Saturday,2
2024-07-06 04:00:00+00:00,2024-07-06 05:15:00+00:00,0.9051562500000045,-1,6,True,Asia    (00-07),Saturday,4
2024-07-06 05:30:00+00:00,2024-07-06 06:15:00+00:00,60.90515625,1,4,True,Asia    (00-07),Saturday,5
2024-07-06 06:30:00+00:00,2024-07-06 08:15:00+00:00,-71.2159375,-1,8,False,Asia    (00-07),Saturday,6
2024-07-06 08:30:00+00:00,2024-07-06 10:45:00+00:00,53.784062500000005,1,10,True,London  (07-12),Saturday,8
2024-07-06 11:00:00+00:00,2024-07-06 11:30:00+00:00,42.26453125,-1,3,True,London  (07-12),Saturday,11
2024-07-06 11:45:00+00:00,2024-07-06 11:45:00+00:00,17.975468749999997,1,1,True,London  (07-12),Saturday,11
2024-07-06 12:00:00+00:00,2024-07-06 12:30:00+00:00,43.696171875,-1,3,True,Overlap (12-16),Saturday,12
2024-07-06 12:45:00+00:00,2024-07-06 18:00:00+00:00,623.8385741220469,1,22,True,Overlap (12-16),Saturday,12
2024-07-06 18:15:00+00:00,2024-07-06 18:45:00+00:00,33.453984375,-1,3,True,NY      (16-22),Saturday,18
2024-07-06 19:00:00+00:00,2024-07-07 00:00:00+00:00,122.635625,1,21,True,NY      (16-22),Saturday,19
2024-07-07 00:15:00+00:00,2024-07-07 08:00:00+00:00,273.63171875,-1,32,True,Asia    (00-07),Sunday,0
2024-07-07 08:15:00+00:00,2024-07-07 10:00:00+00:00,77.86609375,1,8,True,London  (07-12),Sunday,8
2024-07-07 10:15:00+00:00,2024-07-07 11:00:00+00:00,98.360234375,-1,4,True,London  (07-12),Sunday,10
2024-07-07 11:15:00+00:00,2024-07-07 12:00:00+00:00,38.67078125,1,4,True,London  (07-12),Sunday,11
2024-07-07 12:15:00+00:00,2024-07-07 16:00:00+00:00,325.11609375,-1,16,True,Overlap (12-16),Sunday,12
2024-07-07 16:15:00+00:00,2024-07-07 19:45:00+00:00,125.11609375,1,15,True,NY      (16-22),Sunday,16
2024-07-07 20:00:00+00:00,2024-07-08 04:00:00+00:00,879.0529265976382,-1,33,True,NY      (16-22),Sunday,20
2024-07-08 04:15:00+00:00,2024-07-08 10:00:00+00:00,1009.9705534501113,1,24,True,Asia    (00-07),Monday,4
2024-07-08 10:15:00+00:00,2024-07-08 10:45:00+00:00,244.61657428072607,-1,3,True,London  (07-12),Monday,10
2024-07-08 11:00:00+00:00,2024-07-08 13:00:00+00:00,144.1332209006463,1,9,True,London  (07-12),Monday,11
2024-07-08 13:15:00+00:00,2024-07-08 13:30:00+00:00,114.758652142616,-1,2,True,Overlap (12-16),Monday,13
2024-07-08 13:45:00+00:00,2024-07-08 14:00:00+00:00,57.146190949583534,1,2,True,Overlap (12-16),Monday,13
2024-07-08 14:15:00+00:00,2024-07-08 15:45:00+00:00,405.29689062777237,-1,7,True,Overlap (12-16),Monday,14
2024-07-08 16:00:00+00:00,2024-07-08 22:15:00+00:00,391.8917307306403,1,26,True,NY      (16-22),Monday,16
2024-07-08 22:30:00+00:00,2024-07-08 22:45:00+00:00,74.04282256071508,-1,2,True,Off     (22-00),Monday,22
2024-07-08 23:00:00+00:00,2024-07-09 01:00:00+00:00,182.645390625,1,9,True,Off     (22-00),Monday,23
2024-07-09 01:15:00+00:00,2024-07-09 01:45:00+00:00,229.88036570548567,-1,3,True,Asia    (00-07),Tuesday,1
2024-07-09 02:00:00+00:00,2024-07-09 03:45:00+00:00,251.2303122809866,1,8,True,Asia    (00-07),Tuesday,2
2024-07-09 04:00:00+00:00,2024-07-09 08:45:00+00:00,-230.44472957590074,-1,20,False,Asia    (00-07),Tuesday,4
2024-07-09 09:00:00+00:00,2024-07-09 14:00:00+00:00,102.9246875,1,21,True,London  (07-12),Tuesday,9
2024-07-09 14:15:00+00:00,2024-07-09 15:00:00+00:00,226.8975676318576,-1,4,True,Overlap (12-16),Tuesday,14
2024-07-09 15:15:00+00:00,2024-07-10 00:00:00+00:00,258.88749431485223,1,36,True,Overlap (12-16),Tuesday,15
2024-07-10 00:15:00+00:00,2024-07-10 01:00:00+00:00,128.8153125,-1,4,True,Asia    (00-07),Wednesday,0
2024-07-10 01:15:00+00:00,2024-07-10 03:45:00+00:00,281.8153125,1,11,True,Asia    (00-07),Wednesday,1
2024-07-10 04:00:00+00:00,2024-07-10 04:00:00+00:00,-288.4034375,-1,1,False,Asia    (00-07),Wednesday,4
2024-07-10 04:15:00+00:00,2024-07-10 05:15:00+00:00,170.22659522793617,1,5,True,Asia    (00-07),Wednesday,4
2024-07-10 05:30:00+00:00,2024-07-10 05:45:00+00:00,50.35437875619988,-1,2,True,Asia    (00-07),Wednesday,5
2024-07-10 06:00:00+00:00,2024-07-10 10:30:00+00:00,-190.14934623507548,1,19,False,Asia    (00-07),Wednesday,6
2024-07-10 10:45:00+00:00,2024-07-10 17:15:00+00:00,489.5827434994976,-1,27,True,London  (07-12),Wednesday,10
2024-07-10 17:30:00+00:00,2024-07-11 01:45:00+00:00,313.760625,1,34,True,NY      (16-22),Wednesday,17
2024-07-11 02:00:00+00:00,2024-07-11 03:30:00+00:00,399.4267265389138,-1,7,True,Asia    (00-07),Thursday,2
2024-07-11 03:45:00+00:00,2024-07-11 03:45:00+00:00,48.30900228652066,1,1,True,Asia    (00-07),Thursday,3
2024-07-11 04:00:00+00:00,2024-07-11 04:00:00+00:00,-36.375030357817174,-1,1,False,Asia    (00-07),Thursday,4
2024-07-11 04:15:00+00:00,2024-07-11 12:15:00+00:00,527.3238308181875,1,33,True,Asia    (00-07),Thursday,4
2024-07-11 12:30:00+00:00,2024-07-11 18:00:00+00:00,243.75812225140794,-1,23,True,Overlap (12-16),Thursday,12
2024-07-11 18:15:00+00:00,2024-07-11 21:00:00+00:00,-191.885859375,1,12,False,NY      (16-22),Thursday,18
2024-07-11 21:15:00+00:00,2024-07-11 23:00:00+00:00,70.114140625,-1,8,True,NY      (16-22),Thursday,21
2024-07-11 23:15:00+00:00,2024-07-12 00:00:00+00:00,-24.885859375000003,1,4,False,Off     (22-00),Thursday,23
2024-07-12 00:15:00+00:00,2024-07-12 02:00:00+00:00,119.114140625,-1,8,True,Asia    (00-07),Friday,0
2024-07-12 02:15:00+00:00,2024-07-12 03:00:00+00:00,-5.902953620850667,1,4,False,Asia    (00-07),Friday,2
2024-07-12 03:15:00+00:00,2024-07-12 04:15:00+00:00,130.4157906027442,-1,5,True,Asia    (00-07),Friday,3
2024-07-12 04:30:00+00:00,2024-07-12 07:00:00+00:00,234.90515625,1,11,True,Asia    (00-07),Friday,4
2024-07-12 07:15:00+00:00,2024-07-12 07:30:00+00:00,137.78015625,-1,2,True,London  (07-12),Friday,7
2024-07-12 07:45:00+00:00,2024-07-12 11:30:00+00:00,144.723515625,1,16,True,London  (07-12),Friday,7
2024-07-12 11:45:00+00:00,2024-07-12 12:15:00+00:00,-112.885859375,-1,3,False,London  (07-12),Friday,11
2024-07-12 12:30:00+00:00,2024-07-12 16:15:00+00:00,362.65551262981785,1,16,True,Overlap (12-16),Friday,12
2024-07-12 16:30:00+00:00,2024-07-12 18:15:00+00:00,25.269338385401056,-1,8,True,NY      (16-22),Friday,16
2024-07-12 18:30:00+00:00,2024-07-12 19:00:00+00:00,-5.5655468749999955,1,3,False,NY      (16-22),Friday,18
2024-07-12 19:15:00+00:00,2024-07-12 19:45:00+00:00,276.328984375,-1,3,True,NY      (16-22),Friday,19
2024-07-12 20:00:00+00:00,2024-07-13 00:30:00+00:00,110.12,1,19,True,NY      (16-22),Friday,20
2024-07-13 00:45:00+00:00,2024-07-13 04:15:00+00:00,5.6414843750000045,-1,15,True,Asia    (00-07),Saturday,0
2024-07-13 04:30:00+00:00,2024-07-13 06:15:00+00:00,167.786015625,1,8,True,Asia    (00-07),Saturday,4
2024-07-13 06:30:00+00:00,2024-07-13 07:00:00+00:00,17.455937499999997,-1,3,True,Asia    (00-07),Saturday,6
2024-07-13 07:15:00+00:00,2024-07-13 08:00:00+00:00,1.5262499999999974,1,4,True,London  (07-12),Saturday,7
2024-07-13 08:15:00+00:00,2024-07-13 08:45:00+00:00,69.375859375,-1,3,True,London  (07-12),Saturday,8
2024-07-13 09:00:00+00:00,2024-07-13 10:00:00+00:00,369.58484375,1,5,True,London  (07-12),Saturday,9
2024-07-13 10:15:00+00:00,2024-07-13 11:00:00+00:00,139.5496875,-1,4,True,London  (07-12),Saturday,10
2024-07-13 11:15:00+00:00,2024-07-13 15:45:00+00:00,195.434453125,1,19,True,London  (07-12),Saturday,11
2024-07-13 16:00:00+00:00,2024-07-13 17:15:00+00:00,100.934453125,-1,6,True,NY      (16-22),Saturday,16
2024-07-13 17:30:00+00:00,2024-07-13 18:00:00+00:00,38.33484375,1,3,True,NY      (16-22),Saturday,17
2024-07-13 18:15:00+00:00,2024-07-13 20:00:00+00:00,46.229375,-1,8,True,NY      (16-22),Saturday,18
2024-07-13 20:15:00+00:00,2024-07-13 23:15:00+00:00,383.51453125,1,13,True,NY      (16-22),Saturday,20
2024-07-13 23:30:00+00:00,2024-07-14 00:00:00+00:00,-36.25471458099098,-1,3,False,Off     (22-00),Saturday,23
2024-07-14 00:15:00+00:00,2024-07-14 06:00:00+00:00,332.28878378591014,1,24,True,Asia    (00-07),Sunday,0
2024-07-14 06:15:00+00:00,2024-07-14 07:00:00+00:00,95.9246875,-1,4,True,Asia    (00-07),Sunday,6
2024-07-14 07:15:00+00:00,2024-07-14 08:15:00+00:00,180.885625,1,5,True,London  (07-12),Sunday,7
2024-07-14 08:30:00+00:00,2024-07-14 10:30:00+00:00,128.9403125,-1,9,True,London  (07-12),Sunday,8
2024-07-14 10:45:00+00:00,2024-07-14 15:45:00+00:00,13.174687500000005,1,21,True,London  (07-12),Sunday,10
2024-07-14 16:00:00+00:00,2024-07-14 20:00:00+00:00,63.524296875000005,-1,17,True,NY      (16-22),Sunday,16
2024-07-14 20:15:00+00:00,2024-07-14 22:15:00+00:00,476.2840625,1,9,True,NY      (16-22),Sunday,20
2024-07-14 22:30:00+00:00,2024-07-14 23:45:00+00:00,24.961819676601024,-1,6,True,Off     (22-00),Sunday,22
2024-07-15 00:00:00+00:00,2024-07-15 03:45:00+00:00,779.4034559703939,1,16,True,Asia    (00-07),Monday,0
2024-07-15 04:00:00+00:00,2024-07-15 07:15:00+00:00,-85.79273459737274,-1,14,False,Asia    (00-07),Monday,4
2024-07-15 07:30:00+00:00,2024-07-15 08:15:00+00:00,81.5496875,1,4,True,London  (07-12),Monday,7
2024-07-15 08:30:00+00:00,2024-07-15 10:45:00+00:00,217.133671875,-1,10,True,London  (07-12),Monday,8
2024-07-15 11:00:00+00:00,2024-07-15 15:15:00+00:00,267.145390625,1,18,True,London  (07-12),Monday,11
2024-07-15 15:30:00+00:00,2024-07-15 16:00:00+00:00,22.131718749999997,-1,3,True,Overlap (12-16),Monday,15
2024-07-15 16:15:00+00:00,2024-07-15 17:00:00+00:00,281.1088983662177,1,4,True,NY      (16-22),Monday,16
2024-07-15 17:15:00+00:00,2024-07-15 18:00:00+00:00,145.5798211025593,-1,4,True,NY      (16-22),Monday,17
2024-07-15 18:15:00+00:00,2024-07-15 19:00:00+00:00,118.47682422911421,1,4,True,NY      (16-22),Monday,18
2024-07-15 19:15:00+00:00,2024-07-15 20:00:00+00:00,99.88219375420076,-1,4,True,NY      (16-22),Monday,19
2024-07-15 20:15:00+00:00,2024-07-16 03:00:00+00:00,600.1194328818148,1,28,True,NY      (16-22),Monday,20
2024-07-16 03:15:00+00:00,2024-07-16 07:15:00+00:00,862.4011902895121,-1,17,True,Asia    (00-07),Tuesday,3
2024-07-16 07:30:00+00:00,2024-07-16 12:15:00+00:00,506.4963316838244,1,20,True,London  (07-12),Tuesday,7
2024-07-16 12:30:00+00:00,2024-07-16 13:45:00+00:00,293.09224709406516,-1,6,True,Overlap (12-16),Tuesday,12
2024-07-16 14:00:00+00:00,2024-07-16 16:00:00+00:00,465.26643250052786,1,9,True,Overlap (12-16),Tuesday,14
2024-07-16 16:15:00+00:00,2024-07-16 17:15:00+00:00,107.74776145461695,-1,5,True,NY      (16-22),Tuesday,16
2024-07-16 17:30:00+00:00,2024-07-16 17:30:00+00:00,46.651532023146416,1,1,True,NY      (16-22),Tuesday,17
2024-07-16 17:45:00+00:00,2024-07-16 22:15:00+00:00,144.15281363031195,-1,19,True,NY      (16-22),Tuesday,17
2024-07-16 22:30:00+00:00,2024-07-17 05:00:00+00:00,767.4331989063132,1,27,True,Off     (22-00),Tuesday,22
2024-07-17 05:15:00+00:00,2024-07-17 08:00:00+00:00,397.254765625,-1,12,True,Asia    (00-07),Wednesday,5
2024-07-17 08:15:00+00:00,2024-07-17 10:00:00+00:00,84.7840625,1,8,True,London  (07-12),Wednesday,8
2024-07-17 10:15:00+00:00,2024-07-17 12:00:00+00:00,216.664921875,-1,8,True,London  (07-12),Wednesday,10
2024-07-17 12:15:00+00:00,2024-07-17 13:45:00+00:00,139.1544440877245,1,7,True,Overlap (12-16),Wednesday,12
2024-07-17 14:00:00+00:00,2024-07-18 00:00:00+00:00,500.32350159062884,-1,41,True,Overlap (12-16),Wednesday,14
2024-07-18 00:15:00+00:00,2024-07-18 03:15:00+00:00,414.71375,1,13,True,Asia    (00-07),Thursday,0
2024-07-18 03:30:00+00:00,2024-07-18 05:00:00+00:00,142.098515625,-1,7,True,Asia    (00-07),Thursday,3
2024-07-18 05:15:00+00:00,2024-07-18 07:00:00+00:00,195.598515625,1,8,True,Asia    (00-07),Thursday,5
2024-07-18 07:15:00+00:00,2024-07-18 08:15:00+00:00,36.608281250000005,-1,5,True,London  (07-12),Thursday,7
2024-07-18 08:30:00+00:00,2024-07-18 10:45:00+00:00,-99.89171875,1,10,False,London  (07-12),Thursday,8
2024-07-18 11:00:00+00:00,2024-07-18 11:00:00+00:00,25.364140624999997,-1,1,True,London  (07-12),Thursday,11
2024-07-18 11:15:00+00:00,2024-07-18 12:00:00+00:00,149.13953125,1,4,True,London  (07-12),Thursday,11
2024-07-18 12:15:00+00:00,2024-07-18 16:30:00+00:00,515.5140375315017,-1,18,True,Overlap (12-16),Thursday,12
2024-07-18 16:45:00+00:00,2024-07-18 17:00:00+00:00,-17.619380762715494,1,2,False,NY      (16-22),Thursday,16
2024-07-18 17:15:00+00:00,2024-07-18 19:00:00+00:00,144.43202356999868,-1,8,True,NY      (16-22),Thursday,17
2024-07-18 19:15:00+00:00,2024-07-19 04:00:00+00:00,369.74890625,1,36,True,NY      (16-22),Thursday,19
2024-07-19 04:15:00+00:00,2024-07-19 07:30:00+00:00,225.770390625,-1,14,True,Asia    (00-07),Friday,4
2024-07-19 07:45:00+00:00,2024-07-19 18:00:00+00:00,1275.1410947607358,1,42,True,London  (07-12),Friday,7
2024-07-19 18:15:00+00:00,2024-07-19 18:15:00+00:00,48.161801991146795,-1,1,True,NY      (16-22),Friday,18
2024-07-19 18:30:00+00:00,2024-07-19 20:00:00+00:00,183.2166136574321,1,7,True,NY      (16-22),Friday,18
2024-07-19 20:15:00+00:00,2024-07-20 00:15:00+00:00,241.2209143656273,-1,17,True,NY      (16-22),Friday,20
2024-07-20 00:30:00+00:00,2024-07-20 01:15:00+00:00,50.108281250000005,1,4,True,Asia    (00-07),Saturday,0
2024-07-20 01:30:00+00:00,2024-07-20 01:45:00+00:00,90.1121875,-1,2,True,Asia    (00-07),Saturday,1
2024-07-20 02:00:00+00:00,2024-07-20 03:00:00+00:00,140.12,1,5,True,Asia    (00-07),Saturday,2
2024-07-20 03:15:00+00:00,2024-07-20 06:15:00+00:00,29.971562500000005,-1,13,True,Asia    (00-07),Saturday,3
2024-07-20 06:30:00+00:00,2024-07-20 06:30:00+00:00,26.909062499999997,1,1,True,Asia    (00-07),Saturday,6
2024-07-20 06:45:00+00:00,2024-07-20 12:15:00+00:00,55.557500000000005,-1,23,True,Asia    (00-07),Saturday,6
2024-07-20 12:30:00+00:00,2024-07-20 19:00:00+00:00,467.6278125,1,27,True,Overlap (12-16),Saturday,12
2024-07-20 19:15:00+00:00,2024-07-20 20:15:00+00:00,71.135625,-1,5,True,NY      (16-22),Saturday,19
2024-07-20 20:30:00+00:00,2024-07-20 22:00:00+00:00,-74.864375,1,7,False,NY      (16-22),Saturday,20
2024-07-20 22:15:00+00:00,2024-07-20 22:30:00+00:00,143.12390625,-1,2,True,Off     (22-00),Saturday,22
2024-07-20 22:45:00+00:00,2024-07-21 00:00:00+00:00,152.12,1,6,True,Off     (22-00),Saturday,22
2024-07-21 00:15:00+00:00,2024-07-21 00:30:00+00:00,100.61609375,-1,2,True,Asia    (00-07),Sunday,0
2024-07-21 00:45:00+00:00,2024-07-21 02:45:00+00:00,136.12,1,9,True,Asia    (00-07),Sunday,0
2024-07-21 03:00:00+00:00,2024-07-21 07:00:00+00:00,250.90515625,-1,17,True,Asia    (00-07),Sunday,3
2024-07-21 07:15:00+00:00,2024-07-21 08:30:00+00:00,18.397343749999997,1,6,True,London  (07-12),Sunday,7
2024-07-21 08:45:00+00:00,2024-07-21 08:45:00+00:00,-1.8878125000000026,-1,1,False,London  (07-12),Sunday,8
2024-07-21 09:00:00+00:00,2024-07-21 10:00:00+00:00,83.1121875,1,5,True,London  (07-12),Sunday,9
2024-07-21 10:15:00+00:00,2024-07-21 10:45:00+00:00,81.6825,-1,3,True,London  (07-12),Sunday,10
2024-07-21 11:00:00+00:00,2024-07-21 13:00:00+00:00,62.6903125,1,9,True,London  (07-12),Sunday,11
2024-07-21 13:15:00+00:00,2024-07-21 13:30:00+00:00,100.479375,-1,2,True,Overlap (12-16),Sunday,13
2024-07-21 13:45:00+00:00,2024-07-21 15:00:00+00:00,192.479375,1,6,True,Overlap (12-16),Sunday,13
2024-07-21 15:15:00+00:00,2024-07-21 15:15:00+00:00,-55.87609375,-1,1,False,Overlap (12-16),Sunday,15
2024-07-21 15:30:00+00:00,2024-07-21 17:00:00+00:00,123.948125,1,7,True,Overlap (12-16),Sunday,15
2024-07-21 17:15:00+00:00,2024-07-21 18:00:00+00:00,517.423948173146,-1,4,True,NY      (16-22),Sunday,17
2024-07-21 18:15:00+00:00,2024-07-21 22:45:00+00:00,545.6804407873102,1,19,True,NY      (16-22),Sunday,18
2024-07-21 23:00:00+00:00,2024-07-21 23:15:00+00:00,-31.73999726137938,-1,2,False,Off     (22-00),Sunday,23
2024-07-21 23:30:00+00:00,2024-07-22 00:15:00+00:00,70.78304483271391,1,4,True,Off     (22-00),Sunday,23
2024-07-22 00:30:00+00:00,2024-07-22 02:00:00+00:00,186.12,-1,7,True,Asia    (00-07),Monday,0
2024-07-22 02:15:00+00:00,2024-07-22 03:00:00+00:00,98.11609375,1,4,True,Asia    (00-07),Monday,2
2024-07-22 03:15:00+00:00,2024-07-22 08:45:00+00:00,466.88171875,-1,23,True,Asia    (00-07),Monday,3
2024-07-22 09:00:00+00:00,2024-07-22 11:45:00+00:00,202.885625,1,12,True,London  (07-12),Monday,9
2024-07-22 12:00:00+00:00,2024-07-22 15:00:00+00:00,335.81379447786696,-1,13,True,Overlap (12-16),Monday,12
2024-07-22 15:15:00+00:00,2024-07-22 20:00:00+00:00,649.9923987342132,1,20,True,Overlap (12-16),Monday,15
2024-07-22 20:15:00+00:00,2024-07-22 23:00:00+00:00,401.12390625,-1,12,True,NY      (16-22),Monday,20
2024-07-22 23:15:00+00:00,2024-07-22 23:45:00+00:00,82.12390625,1,3,True,Off     (22-00),Monday,23
2024-07-23 00:00:00+00:00,2024-07-23 02:15:00+00:00,44.123906250000005,-1,10,True,Asia    (00-07),Tuesday,0
2024-07-23 02:30:00+00:00,2024-07-23 03:00:00+00:00,94.260625,1,3,True,Asia    (00-07),Tuesday,2
2024-07-23 03:15:00+00:00,2024-07-23 07:00:00+00:00,546.260625,-1,16,True,Asia    (00-07),Tuesday,3
2024-07-23 07:15:00+00:00,2024-07-23 09:15:00+00:00,226.11609375,1,9,True,London  (07-12),Tuesday,7
2024-07-23 09:30:00+00:00,2024-07-23 14:00:00+00:00,259.1238154796084,-1,19,True,London  (07-12),Tuesday,9
2024-07-23 14:15:00+00:00,2024-07-23 15:00:00+00:00,218.21073810536825,1,4,True,Overlap (12-16),Tuesday,14
2024-07-23 15:15:00+00:00,2024-07-23 20:00:00+00:00,436.99028505630713,-1,20,True,Overlap (12-16),Tuesday,15
2024-07-23 20:15:00+00:00,2024-07-23 23:00:00+00:00,116.12390625,1,12,True,NY      (16-22),Tuesday,20
2024-07-23 23:15:00+00:00,2024-07-23 23:15:00+00:00,70.6121875,-1,1,True,Off     (22-00),Tuesday,23
2024-07-23 23:30:00+00:00,2024-07-24 00:15:00+00:00,75.6121875,1,4,True,Off     (22-00),Tuesday,23
2024-07-24 00:30:00+00:00,2024-07-24 00:45:00+00:00,87.77234375,-1,2,True,Asia    (00-07),Wednesday,0
2024-07-24 01:00:00+00:00,2024-07-24 01:15:00+00:00,97.76453125,1,2,True,Asia    (00-07),Wednesday,1
2024-07-24 01:30:00+00:00,2024-07-24 02:00:00+00:00,212.11609375,-1,3,True,Asia    (00-07),Wednesday,1
2024-07-24 02:15:00+00:00,2024-07-24 03:30:00+00:00,260.7059375,1,6,True,Asia    (00-07),Wednesday,2
2024-07-24 03:45:00+00:00,2024-07-24 04:45:00+00:00,108.7059375,-1,5,True,Asia    (00-07),Wednesday,3
2024-07-24 05:00:00+00:00,2024-07-24 11:00:00+00:00,305.2684375,1,25,True,Asia    (00-07),Wednesday,5
2024-07-24 11:15:00+00:00,2024-07-24 13:45:00+00:00,63.268437500000005,-1,11,True,London  (07-12),Wednesday,11
2024-07-24 14:00:00+00:00,2024-07-24 15:00:00+00:00,118.75276652916291,1,5,True,Overlap (12-16),Wednesday,14
2024-07-24 15:15:00+00:00,2024-07-24 15:45:00+00:00,174.66105366121363,-1,3,True,Overlap (12-16),Wednesday,15
2024-07-24 16:00:00+00:00,2024-07-24 17:15:00+00:00,157.43055626918868,1,6,True,NY      (16-22),Wednesday,16
2024-07-24 17:30:00+00:00,2024-07-24 19:45:00+00:00,437.42859375,-1,10,True,NY      (16-22),Wednesday,17
2024-07-24 20:00:00+00:00,2024-07-24 22:15:00+00:00,-64.33290519631583,1,10,False,NY      (16-22),Wednesday,20
2024-07-24 22:30:00+00:00,2024-07-25 04:00:00+00:00,625.1348547907022,-1,23,True,Off     (22-00),Wednesday,22
2024-07-25 04:15:00+00:00,2024-07-25 07:15:00+00:00,72.98048381285486,1,13,True,Asia    (00-07),Thursday,4
2024-07-25 07:30:00+00:00,2024-07-25 08:00:00+00:00,85.383671875,-1,3,True,London  (07-12),Thursday,7
2024-07-25 08:15:00+00:00,2024-07-25 08:45:00+00:00,114.12,1,3,True,London  (07-12),Thursday,8
2024-07-25 09:00:00+00:00,2024-07-25 10:15:00+00:00,148.12,-1,6,True,London  (07-12),Thursday,9
2024-07-25 10:30:00+00:00,2024-07-25 11:00:00+00:00,95.26453125,1,3,True,London  (07-12),Thursday,10
2024-07-25 11:15:00+00:00,2024-07-25 12:30:00+00:00,129.26453125,-1,6,True,London  (07-12),Thursday,11
2024-07-25 12:45:00+00:00,2024-07-25 13:15:00+00:00,150.12,1,3,True,Overlap (12-16),Thursday,12
2024-07-25 13:30:00+00:00,2024-07-25 14:00:00+00:00,305.4222659694074,-1,3,True,Overlap (12-16),Thursday,13
2024-07-25 14:15:00+00:00,2024-07-25 17:30:00+00:00,541.3909019120589,1,14,True,Overlap (12-16),Thursday,14
2024-07-25 17:45:00+00:00,2024-07-25 19:45:00+00:00,126.12990170081676,-1,9,True,NY      (16-22),Thursday,17
2024-07-25 20:00:00+00:00,2024-07-25 22:15:00+00:00,499.9116062672769,1,10,True,NY      (16-22),Thursday,20
2024-07-25 22:30:00+00:00,2024-07-25 23:30:00+00:00,53.459742897563416,-1,5,True,Off     (22-00),Thursday,22
2024-07-25 23:45:00+00:00,2024-07-26 03:15:00+00:00,689.9099914501162,1,15,True,Off     (22-00),Thursday,23
2024-07-26 03:30:00+00:00,2024-07-26 03:45:00+00:00,14.343654579609009,-1,2,True,Asia    (00-07),Friday,3
2024-07-26 04:00:00+00:00,2024-07-26 04:45:00+00:00,2.492677453292515,1,4,True,Asia    (00-07),Friday,4
2024-07-26 05:00:00+00:00,2024-07-26 08:30:00+00:00,-17.965937499999995,-1,15,False,Asia    (00-07),Friday,5
2024-07-26 08:45:00+00:00,2024-07-26 10:15:00+00:00,139.12390625,1,7,True,London  (07-12),Friday,8
2024-07-26 10:30:00+00:00,2024-07-26 11:00:00+00:00,74.35046875,-1,3,True,London  (07-12),Friday,10
2024-07-26 11:15:00+00:00,2024-07-26 14:00:00+00:00,252.22546875,1,12,True,London  (07-12),Friday,11
2024-07-26 14:15:00+00:00,2024-07-26 16:45:00+00:00,163.34162663075475,-1,11,True,Overlap (12-16),Friday,14
2024-07-26 17:00:00+00:00,2024-07-26 20:00:00+00:00,151.29781588347117,1,13,True,NY      (16-22),Friday,17
2024-07-26 20:15:00+00:00,2024-07-26 21:00:00+00:00,1.6317187500000045,-1,4,True,NY      (16-22),Friday,20
2024-07-26 21:15:00+00:00,2024-07-26 21:30:00+00:00,173.12,1,2,True,NY      (16-22),Friday,21
2024-07-26 21:45:00+00:00,2024-07-27 02:00:00+00:00,171.604375,-1,18,True,NY      (16-22),Friday,21
2024-07-27 02:15:00+00:00,2024-07-27 03:15:00+00:00,43.120000000000005,1,5,True,Asia    (00-07),Saturday,2
2024-07-27 03:30:00+00:00,2024-07-27 06:00:00+00:00,-67.63,-1,11,False,Asia    (00-07),Saturday,3
2024-07-27 06:15:00+00:00,2024-07-27 07:00:00+00:00,106.37390625,1,4,True,Asia    (00-07),Saturday,6
2024-07-27 07:15:00+00:00,2024-07-27 08:30:00+00:00,94.90515625,-1,6,True,London  (07-12),Saturday,7
2024-07-27 08:45:00+00:00,2024-07-27 10:00:00+00:00,142.40125,1,6,True,London  (07-12),Saturday,8
2024-07-27 10:15:00+00:00,2024-07-27 10:30:00+00:00,60.62,-1,2,True,London  (07-12),Saturday,10
2024-07-27 10:45:00+00:00,2024-07-27 14:00:00+00:00,510.0965625,1,14,True,London  (07-12),Saturday,10
2024-07-27 14:15:00+00:00,2024-07-27 15:15:00+00:00,168.09265625,-1,5,True,Overlap (12-16),Saturday,14
2024-07-27 15:30:00+00:00,2024-07-27 16:00:00+00:00,-51.13350462707542,1,3,False,Overlap (12-16),Saturday,15
2024-07-27 16:15:00+00:00,2024-07-27 17:30:00+00:00,97.66426839995691,-1,6,True,NY      (16-22),Saturday,16
2024-07-27 17:45:00+00:00,2024-07-27 18:00:00+00:00,86.45203125,1,2,True,NY      (16-22),Saturday,17
2024-07-27 18:15:00+00:00,2024-07-28 07:00:00+00:00,646.3785126908126,-1,52,True,NY      (16-22),Saturday,18
2024-07-28 07:15:00+00:00,2024-07-28 10:15:00+00:00,99.9090625,1,13,True,London  (07-12),Sunday,7
2024-07-28 10:30:00+00:00,2024-07-28 11:00:00+00:00,-32.051875,-1,3,False,London  (07-12),Sunday,10
2024-07-28 11:15:00+00:00,2024-07-28 12:30:00+00:00,190.1590625,1,6,True,London  (07-12),Sunday,11
2024-07-28 12:45:00+00:00,2024-07-28 16:15:00+00:00,187.38953125,-1,15,True,Overlap (12-16),Sunday,12
2024-07-28 16:30:00+00:00,2024-07-28 19:15:00+00:00,283.3934375,1,12,True,NY      (16-22),Sunday,16
2024-07-28 19:30:00+00:00,2024-07-28 20:00:00+00:00,91.12390625,-1,3,True,NY      (16-22),Sunday,19
2024-07-28 20:15:00+00:00,2024-07-28 22:15:00+00:00,78.18640625,1,9,True,NY      (16-22),Sunday,20
2024-07-28 22:30:00+00:00,2024-07-28 22:45:00+00:00,98.0653125,-1,2,True,Off     (22-00),Sunday,22
2024-07-28 23:00:00+00:00,2024-07-29 03:00:00+00:00,725.916476784506,1,17,True,Off     (22-00),Sunday,23
2024-07-29 03:15:00+00:00,2024-07-29 04:00:00+00:00,80.5013349200913,-1,4,True,Asia    (00-07),Monday,3
2024-07-29 04:15:00+00:00,2024-07-29 06:30:00+00:00,204.8153125,1,10,True,Asia    (00-07),Monday,4
2024-07-29 06:45:00+00:00,2024-07-29 06:45:00+00:00,64.81140625,-1,1,True,Asia    (00-07),Monday,6
2024-07-29 07:00:00+00:00,2024-07-29 08:00:00+00:00,41.116093750000005,1,5,True,London  (07-12),Monday,7
2024-07-29 08:15:00+00:00,2024-07-29 08:45:00+00:00,106.37,-1,3,True,London  (07-12),Monday,8
2024-07-29 09:00:00+00:00,2024-07-29 11:00:00+00:00,121.37,1,9,True,London  (07-12),Monday,9
2024-07-29 11:15:00+00:00,2024-07-29 12:00:00+00:00,142.11609375,-1,4,True,London  (07-12),Monday,11
2024-07-29 12:15:00+00:00,2024-07-29 13:00:00+00:00,255.4325,1,4,True,Overlap (12-16),Monday,12
2024-07-29 13:15:00+00:00,2024-07-29 15:00:00+00:00,810.6799055691854,-1,8,True,Overlap (12-16),Monday,13
2024-07-29 15:15:00+00:00,2024-07-29 16:00:00+00:00,-47.205410394850375,1,4,False,Overlap (12-16),Monday,15
2024-07-29 16:15:00+00:00,2024-07-30 00:15:00+00:00,707.0934159918563,-1,33,True,NY      (16-22),Monday,16
2024-07-30 00:30:00+00:00,2024-07-30 00:45:00+00:00,135.37635345436493,1,2,True,Asia    (00-07),Tuesday,0
2024-07-30 01:00:00+00:00,2024-07-30 02:00:00+00:00,67.33012624337047,-1,5,True,Asia    (00-07),Tuesday,1
2024-07-30 02:15:00+00:00,2024-07-30 08:00:00+00:00,263.23030549338444,1,24,True,Asia    (00-07),Tuesday,2
2024-07-30 08:15:00+00:00,2024-07-30 10:00:00+00:00,229.35828125,-1,8,True,London  (07-12),Tuesday,8
2024-07-30 10:15:00+00:00,2024-07-30 12:45:00+00:00,79.12,1,11,True,London  (07-12),Tuesday,10
2024-07-30 13:00:00+00:00,2024-07-30 15:00:00+00:00,367.25044189217294,-1,9,True,Overlap (12-16),Tuesday,13
2024-07-30 15:15:00+00:00,2024-07-30 17:00:00+00:00,48.10424881368765,1,8,True,Overlap (12-16),Tuesday,15
2024-07-30 17:15:00+00:00,2024-07-30 19:00:00+00:00,199.314921873266,-1,8,True,NY      (16-22),Tuesday,17
2024-07-30 19:15:00+00:00,2024-07-30 22:45:00+00:00,272.59748053998703,1,15,True,NY      (16-22),Tuesday,19
2024-07-30 23:00:00+00:00,2024-07-30 23:00:00+00:00,11.108281249999997,-1,1,True,Off     (22-00),Tuesday,23
2024-07-30 23:15:00+00:00,2024-07-31 01:00:00+00:00,72.10828125,1,8,True,Off     (22-00),Tuesday,23
2024-07-31 01:15:00+00:00,2024-07-31 04:30:00+00:00,314.76453125,-1,14,True,Asia    (00-07),Wednesday,1
2024-07-31 04:45:00+00:00,2024-07-31 07:00:00+00:00,362.729375,1,10,True,Asia    (00-07),Wednesday,4
2024-07-31 07:15:00+00:00,2024-07-31 07:45:00+00:00,93.08484375,-1,3,True,London  (07-12),Wednesday,7
2024-07-31 08:00:00+00:00,2024-07-31 09:00:00+00:00,-24.883906249999995,1,5,False,London  (07-12),Wednesday,8
2024-07-31 09:15:00+00:00,2024-07-31 11:45:00+00:00,40.112187500000005,-1,11,True,London  (07-12),Wednesday,9
2024-07-31 12:00:00+00:00,2024-07-31 16:00:00+00:00,251.45627030861377,1,17,True,Overlap (12-16),Wednesday,12
2024-07-31 16:15:00+00:00,2024-07-31 17:00:00+00:00,82.63627695530114,-1,4,True,NY      (16-22),Wednesday,16
2024-07-31 17:15:00+00:00,2024-07-31 19:00:00+00:00,-98.91553903915391,1,8,False,NY      (16-22),Wednesday,17
2024-07-31 19:15:00+00:00,2024-08-01 02:15:00+00:00,944.0364281297401,-1,29,True,NY      (16-22),Wednesday,19
2024-08-01 02:30:00+00:00,2024-08-01 04:00:00+00:00,0.19819723692028646,1,7,True,Asia    (00-07),Thursday,2
2024-08-01 04:15:00+00:00,2024-08-01 04:45:00+00:00,135.7578239650954,-1,3,True,Asia    (00-07),Thursday,4
2024-08-01 05:00:00+00:00,2024-08-01 12:00:00+00:00,517.914921875,1,29,True,Asia    (00-07),Thursday,5
2024-08-01 12:15:00+00:00,2024-08-01 16:30:00+00:00,936.1967019733042,-1,18,True,Overlap (12-16),Thursday,12
2024-08-01 16:45:00+00:00,2024-08-01 18:00:00+00:00,154.83850033305998,1,6,True,NY      (16-22),Thursday,16
2024-08-01 18:15:00+00:00,2024-08-01 18:30:00+00:00,135.53435029844104,-1,2,True,NY      (16-22),Thursday,18
2024-08-01 18:45:00+00:00,2024-08-02 00:15:00+00:00,853.1058970748898,1,23,True,NY      (16-22),Thursday,18
2024-08-02 00:30:00+00:00,2024-08-02 06:00:00+00:00,579.4668341332074,-1,23,True,Asia    (00-07),Friday,0
2024-08-02 06:15:00+00:00,2024-08-02 07:00:00+00:00,143.20984375,1,4,True,Asia    (00-07),Friday,6
2024-08-02 07:15:00+00:00,2024-08-02 08:00:00+00:00,95.8878994090444,-1,4,True,London  (07-12),Friday,7
2024-08-02 08:15:00+00:00,2024-08-02 11:15:00+00:00,365.47315497764885,1,13,True,London  (07-12),Friday,8
2024-08-02 11:30:00+00:00,2024-08-02 12:30:00+00:00,249.125859375,-1,5,True,London  (07-12),Friday,11
2024-08-02 12:45:00+00:00,2024-08-02 13:30:00+00:00,478.9160949741741,1,4,True,Overlap (12-16),Friday,12
2024-08-02 13:45:00+00:00,2024-08-02 15:00:00+00:00,784.583856008418,-1,6,True,Overlap (12-16),Friday,13
2024-08-02 15:15:00+00:00,2024-08-02 21:00:00+00:00,-321.3937399098336,1,24,False,Overlap (12-16),Friday,15
2024-08-02 21:15:00+00:00,2024-08-03 01:00:00+00:00,364.3115280668468,-1,16,True,NY      (16-22),Friday,21
2024-08-03 01:15:00+00:00,2024-08-03 04:15:00+00:00,343.4503719857833,1,13,True,Asia    (00-07),Saturday,1
2024-08-03 04:30:00+00:00,2024-08-03 08:00:00+00:00,60.82868504261117,-1,15,True,Asia    (00-07),Saturday,4
2024-08-03 08:15:00+00:00,2024-08-03 12:00:00+00:00,151.92078125,1,16,True,London  (07-12),Saturday,8
2024-08-03 12:15:00+00:00,2024-08-03 16:00:00+00:00,551.075078125,-1,16,True,Overlap (12-16),Saturday,12
2024-08-03 16:15:00+00:00,2024-08-04 03:00:00+00:00,16.33725705376878,1,44,True,NY      (16-22),Saturday,16
2024-08-04 03:15:00+00:00,2024-08-04 05:00:00+00:00,78.3465625,-1,8,True,Asia    (00-07),Sunday,3
2024-08-04 05:15:00+00:00,2024-08-04 05:30:00+00:00,101.12,1,2,True,Asia    (00-07),Sunday,5
2024-08-04 05:45:00+00:00,2024-08-04 08:00:00+00:00,286.12,-1,10,True,Asia    (00-07),Sunday,5
2024-08-04 08:15:00+00:00,2024-08-04 11:15:00+00:00,344.075078125,1,13,True,London  (07-12),Sunday,8
2024-08-04 11:30:00+00:00,2024-08-04 15:45:00+00:00,913.6113115439539,-1,18,True,London  (07-12),Sunday,11
2024-08-04 16:00:00+00:00,2024-08-05 00:00:00+00:00,-645.8959906217564,1,33,False,NY      (16-22),Sunday,16
2024-08-05 00:15:00+00:00,2024-08-05 06:15:00+00:00,1324.534464220344,-1,25,True,Asia    (00-07),Monday,0
2024-08-05 06:30:00+00:00,2024-08-05 06:45:00+00:00,202.94881990380216,1,2,True,Asia    (00-07),Monday,6
2024-08-05 07:00:00+00:00,2024-08-05 07:00:00+00:00,-11.14349971876166,-1,1,False,London  (07-12),Monday,7
2024-08-05 07:15:00+00:00,2024-08-05 10:45:00+00:00,-116.07898207068945,1,15,False,London  (07-12),Monday,7
2024-08-05 11:00:00+00:00,2024-08-05 12:45:00+00:00,253.46311949490672,-1,8,True,London  (07-12),Monday,11
2024-08-05 13:00:00+00:00,2024-08-05 15:15:00+00:00,511.7425737835543,1,10,True,Overlap (12-16),Monday,13
2024-08-05 15:30:00+00:00,2024-08-05 18:30:00+00:00,162.42540014079793,-1,13,True,Overlap (12-16),Monday,15
2024-08-05 18:45:00+00:00,2024-08-05 23:00:00+00:00,264.132977305083,1,18,True,NY      (16-22),Monday,18
2024-08-05 23:15:00+00:00,2024-08-06 00:00:00+00:00,-40.19857115931978,-1,4,False,Off     (22-00),Monday,23
2024-08-06 00:15:00+00:00,2024-08-06 06:15:00+00:00,230.90556342699898,1,25,True,Asia    (00-07),Tuesday,0
2024-08-06 06:30:00+00:00,2024-08-06 07:00:00+00:00,123.45876095171036,-1,3,True,Asia    (00-07),Tuesday,6
2024-08-06 07:15:00+00:00,2024-08-06 08:00:00+00:00,89.35830089288388,1,4,True,London  (07-12),Tuesday,7
2024-08-06 08:15:00+00:00,2024-08-06 09:00:00+00:00,341.57587859253925,-1,4,True,London  (07-12),Tuesday,8
2024-08-06 09:15:00+00:00,2024-08-06 10:15:00+00:00,124.50576873603075,1,5,True,London  (07-12),Tuesday,9
2024-08-06 10:30:00+00:00,2024-08-06 12:45:00+00:00,155.22294596327208,-1,10,True,London  (07-12),Tuesday,10
2024-08-06 13:00:00+00:00,2024-08-06 22:00:00+00:00,508.9558137579119,1,37,True,Overlap (12-16),Tuesday,13
2024-08-06 22:15:00+00:00,2024-08-07 00:00:00+00:00,332.771452290965,-1,8,True,Off     (22-00),Tuesday,22
2024-08-07 00:15:00+00:00,2024-08-07 02:15:00+00:00,464.49525696357534,1,9,True,Asia    (00-07),Wednesday,0
2024-08-07 02:30:00+00:00,2024-08-07 05:30:00+00:00,116.54766022435693,-1,13,True,Asia    (00-07),Wednesday,2
2024-08-07 05:45:00+00:00,2024-08-07 10:00:00+00:00,294.7440465522751,1,18,True,Asia    (00-07),Wednesday,5
2024-08-07 10:15:00+00:00,2024-08-07 10:15:00+00:00,-54.01671875,-1,1,False,London  (07-12),Wednesday,10
2024-08-07 10:30:00+00:00,2024-08-07 10:30:00+00:00,-67.04424726992218,1,1,False,London  (07-12),Wednesday,10
2024-08-07 10:45:00+00:00,2024-08-07 10:45:00+00:00,34.10597428469883,-1,1,True,London  (07-12),Wednesday,10
2024-08-07 11:00:00+00:00,2024-08-07 11:00:00+00:00,-14.892702352783303,1,1,False,London  (07-12),Wednesday,11
2024-08-07 11:15:00+00:00,2024-08-07 12:00:00+00:00,158.39172788577378,-1,4,True,London  (07-12),Wednesday,11
2024-08-07 12:15:00+00:00,2024-08-07 12:15:00+00:00,59.190875961458865,1,1,True,Overlap (12-16),Wednesday,12
2024-08-07 12:30:00+00:00,2024-08-07 15:15:00+00:00,402.8369709729773,-1,12,True,Overlap (12-16),Wednesday,12
2024-08-07 15:30:00+00:00,2024-08-07 16:15:00+00:00,1.2519966805926503,1,4,True,Overlap (12-16),Wednesday,15
2024-08-07 16:30:00+00:00,2024-08-07 20:00:00+00:00,388.7019403551272,-1,15,True,NY      (16-22),Wednesday,16
2024-08-07 20:15:00+00:00,2024-08-08 02:15:00+00:00,850.186457306873,1,25,True,NY      (16-22),Wednesday,20
2024-08-08 02:30:00+00:00,2024-08-08 02:30:00+00:00,81.04725359508976,-1,1,True,Asia    (00-07),Thursday,2
2024-08-08 02:45:00+00:00,2024-08-08 03:00:00+00:00,31.265254762109706,1,2,True,Asia    (00-07),Thursday,2
2024-08-08 03:15:00+00:00,2024-08-08 03:45:00+00:00,97.34486590615883,-1,3,True,Asia    (00-07),Thursday,3
2024-08-08 04:00:00+00:00,2024-08-08 04:00:00+00:00,30.358220410873336,1,1,True,Asia    (00-07),Thursday,4
2024-08-08 04:15:00+00:00,2024-08-08 04:15:00+00:00,44.67967015893292,-1,1,True,Asia    (00-07),Thursday,4
2024-08-08 04:30:00+00:00,2024-08-08 10:15:00+00:00,271.5416382587764,1,24,True,Asia    (00-07),Thursday,4
2024-08-08 10:30:00+00:00,2024-08-08 12:00:00+00:00,90.40515625,-1,7,True,London  (07-12),Thursday,10
2024-08-08 12:15:00+00:00,2024-08-08 13:00:00+00:00,290.67331771660014,1,4,True,Overlap (12-16),Thursday,12
2024-08-08 13:15:00+00:00,2024-08-08 14:00:00+00:00,170.0439916738835,-1,4,True,Overlap (12-16),Thursday,13
2024-08-08 14:15:00+00:00,2024-08-08 17:15:00+00:00,586.4858729234345,1,13,True,Overlap (12-16),Thursday,14
2024-08-08 17:30:00+00:00,2024-08-08 20:00:00+00:00,99.51805844197862,-1,11,True,NY      (16-22),Thursday,17
2024-08-08 20:15:00+00:00,2024-08-08 23:00:00+00:00,1034.257237920734,1,12,True,NY      (16-22),Thursday,20
2024-08-08 23:15:00+00:00,2024-08-09 04:45:00+00:00,535.583530677508,-1,23,True,Off     (22-00),Thursday,23
2024-08-09 05:00:00+00:00,2024-08-09 09:00:00+00:00,120.164921875,1,17,True,Asia    (00-07),Friday,5
2024-08-09 09:15:00+00:00,2024-08-09 11:00:00+00:00,193.99454373035996,-1,8,True,London  (07-12),Friday,9
2024-08-09 11:15:00+00:00,2024-08-09 12:00:00+00:00,23.878755175536888,1,4,True,London  (07-12),Friday,11
2024-08-09 12:15:00+00:00,2024-08-09 13:30:00+00:00,284.9513022525835,-1,6,True,Overlap (12-16),Friday,12
2024-08-09 13:45:00+00:00,2024-08-09 14:00:00+00:00,331.4048110424211,1,2,True,Overlap (12-16),Friday,13
2024-08-09 14:15:00+00:00,2024-08-09 16:00:00+00:00,289.3607208562224,-1,8,True,Overlap (12-16),Friday,14
2024-08-09 16:15:00+00:00,2024-08-09 17:00:00+00:00,165.1479630824617,1,4,True,NY      (16-22),Friday,16
2024-08-09 17:15:00+00:00,2024-08-09 18:00:00+00:00,145.82610454835884,-1,4,True,NY      (16-22),Friday,17
2024-08-09 18:15:00+00:00,2024-08-09 20:00:00+00:00,313.3578613127233,1,8,True,NY      (16-22),Friday,18
2024-08-09 20:15:00+00:00,2024-08-09 21:00:00+00:00,261.09367379492886,-1,4,True,NY      (16-22),Friday,20
2024-08-09 21:15:00+00:00,2024-08-09 22:15:00+00:00,250.51254876504007,1,5,True,NY      (16-22),Friday,21
2024-08-09 22:30:00+00:00,2024-08-09 23:00:00+00:00,110.05268282918573,-1,3,True,Off     (22-00),Friday,22
2024-08-09 23:15:00+00:00,2024-08-10 00:00:00+00:00,120.31517114528462,1,4,True,Off     (22-00),Friday,23
2024-08-10 00:15:00+00:00,2024-08-10 02:00:00+00:00,121.21850957316734,-1,8,True,Asia    (00-07),Saturday,0
2024-08-10 02:15:00+00:00,2024-08-10 10:00:00+00:00,192.40501237505208,1,32,True,Asia    (00-07),Saturday,2
2024-08-10 10:15:00+00:00,2024-08-10 10:45:00+00:00,71.745,-1,3,True,London  (07-12),Saturday,10
2024-08-10 11:00:00+00:00,2024-08-10 12:00:00+00:00,6.239140624999997,1,5,True,London  (07-12),Saturday,11
2024-08-10 12:15:00+00:00,2024-08-10 15:45:00+00:00,142.2996875,-1,15,True,Overlap (12-16),Saturday,12
2024-08-10 16:00:00+00:00,2024-08-10 20:15:00+00:00,188.180546875,1,18,True,NY      (16-22),Saturday,16
2024-08-10 20:30:00+00:00,2024-08-10 21:30:00+00:00,-48.133906249999995,-1,5,False,NY      (16-22),Saturday,20
2024-08-10 21:45:00+00:00,2024-08-11 03:15:00+00:00,152.72546875,1,23,True,NY      (16-22),Saturday,21
2024-08-11 03:30:00+00:00,2024-08-11 05:00:00+00:00,163.844609375,-1,7,True,Asia    (00-07),Sunday,3
2024-08-11 05:15:00+00:00,2024-08-11 08:00:00+00:00,118.219609375,1,12,True,Asia    (00-07),Sunday,5
2024-08-11 08:15:00+00:00,2024-08-11 13:00:00+00:00,454.81370833030985,-1,20,True,London  (07-12),Sunday,8
2024-08-11 13:15:00+00:00,2024-08-11 14:00:00+00:00,75.42765165323246,1,4,True,Overlap (12-16),Sunday,13
2024-08-11 14:15:00+00:00,2024-08-11 16:00:00+00:00,204.69511000754218,-1,8,True,Overlap (12-16),Sunday,14
2024-08-11 16:15:00+00:00,2024-08-11 19:00:00+00:00,11.770390625000005,1,12,True,NY      (16-22),Sunday,16
2024-08-11 19:15:00+00:00,2024-08-12 02:00:00+00:00,704.6209661197543,-1,28,True,NY      (16-22),Sunday,19
2024-08-12 02:15:00+00:00,2024-08-12 03:00:00+00:00,-59.16034400283519,1,4,False,Asia    (00-07),Monday,2
2024-08-12 03:15:00+00:00,2024-08-12 04:00:00+00:00,24.07922492995298,-1,4,True,Asia    (00-07),Monday,3
2024-08-12 04:15:00+00:00,2024-08-12 08:00:00+00:00,152.65995310521112,1,16,True,Asia    (00-07),Monday,4
2024-08-12 08:15:00+00:00,2024-08-12 09:15:00+00:00,184.88652767388015,-1,5,True,London  (07-12),Monday,8
2024-08-12 09:30:00+00:00,2024-08-12 13:00:00+00:00,570.4363537651124,1,15,True,London  (07-12),Monday,9
2024-08-12 13:15:00+00:00,2024-08-12 13:45:00+00:00,542.8033310908193,-1,3,True,Overlap (12-16),Monday,13
2024-08-12 14:00:00+00:00,2024-08-12 16:00:00+00:00,453.6806483134034,1,9,True,Overlap (12-16),Monday,14
2024-08-12 16:15:00+00:00,2024-08-12 18:45:00+00:00,388.73737003287374,-1,11,True,NY      (16-22),Monday,16
2024-08-12 19:00:00+00:00,2024-08-13 00:45:00+00:00,491.3020163655401,1,24,True,NY      (16-22),Monday,19
2024-08-13 01:00:00+00:00,2024-08-13 04:00:00+00:00,369.4592000039158,-1,13,True,Asia    (00-07),Tuesday,1
2024-08-13 04:15:00+00:00,2024-08-13 07:00:00+00:00,220.3032231495225,1,12,True,Asia    (00-07),Tuesday,4
2024-08-13 07:15:00+00:00,2024-08-13 07:15:00+00:00,132.9403125,-1,1,True,London  (07-12),Tuesday,7
2024-08-13 07:30:00+00:00,2024-08-13 07:30:00+00:00,76.42078125,1,1,True,London  (07-12),Tuesday,7
2024-08-13 07:45:00+00:00,2024-08-13 11:00:00+00:00,272.414921875,-1,14,True,London  (07-12),Tuesday,7
2024-08-13 11:15:00+00:00,2024-08-13 15:15:00+00:00,370.4724950652082,1,17,True,London  (07-12),Tuesday,11
2024-08-13 15:30:00+00:00,2024-08-13 16:00:00+00:00,-119.5243784712782,-1,3,False,Overlap (12-16),Tuesday,15
2024-08-13 16:15:00+00:00,2024-08-13 17:00:00+00:00,620.3756183288696,1,4,True,NY      (16-22),Tuesday,16
2024-08-13 17:15:00+00:00,2024-08-13 17:45:00+00:00,55.56451961098759,-1,3,True,NY      (16-22),Tuesday,17
2024-08-13 18:00:00+00:00,2024-08-13 22:00:00+00:00,-210.8931060926252,1,17,False,NY      (16-22),Tuesday,18
2024-08-13 22:15:00+00:00,2024-08-14 01:30:00+00:00,-85.40623372263343,-1,14,False,Off     (22-00),Tuesday,22
2024-08-14 01:45:00+00:00,2024-08-14 03:15:00+00:00,130.875859375,1,7,True,Asia    (00-07),Wednesday,1
2024-08-14 03:30:00+00:00,2024-08-14 06:00:00+00:00,173.12,-1,11,True,Asia    (00-07),Wednesday,3
2024-08-14 06:15:00+00:00,2024-08-14 09:15:00+00:00,95.729375,1,13,True,Asia    (00-07),Wednesday,6
2024-08-14 09:30:00+00:00,2024-08-14 10:00:00+00:00,-72.276484375,-1,3,False,London  (07-12),Wednesday,9
2024-08-14 10:15:00+00:00,2024-08-14 12:00:00+00:00,85.078984375,1,8,True,London  (07-12),Wednesday,10
2024-08-14 12:15:00+00:00,2024-08-14 14:00:00+00:00,663.682633305415,-1,8,True,Overlap (12-16),Wednesday,12
2024-08-14 14:15:00+00:00,2024-08-14 15:30:00+00:00,122.6683266894414,1,6,True,Overlap (12-16),Wednesday,14
2024-08-14 15:45:00+00:00,2024-08-14 20:00:00+00:00,137.53069076152462,-1,18,True,Overlap (12-16),Wednesday,15
2024-08-14 20:15:00+00:00,2024-08-14 21:00:00+00:00,-32.874140625,1,4,False,NY      (16-22),Wednesday,20
2024-08-14 21:15:00+00:00,2024-08-14 22:00:00+00:00,122.610234375,-1,4,True,NY      (16-22),Wednesday,21
2024-08-14 22:15:00+00:00,2024-08-14 23:00:00+00:00,73.8153125,1,4,True,Off     (22-00),Wednesday,22
2024-08-14 23:15:00+00:00,2024-08-15 02:15:00+00:00,300.961796875,-1,13,True,Off     (22-00),Wednesday,23
2024-08-15 02:30:00+00:00,2024-08-15 05:15:00+00:00,103.395390625,1,12,True,Asia    (00-07),Thursday,2
2024-08-15 05:30:00+00:00,2024-08-15 07:15:00+00:00,349.01453125,-1,8,True,Asia    (00-07),Thursday,5
2024-08-15 07:30:00+00:00,2024-08-15 09:30:00+00:00,324.4246875,1,9,True,London  (07-12),Thursday,7
2024-08-15 09:45:00+00:00,2024-08-15 09:45:00+00:00,22.854374999999997,-1,1,True,London  (07-12),Thursday,9
2024-08-15 10:00:00+00:00,2024-08-15 16:00:00+00:00,502.4248229720746,1,25,True,London  (07-12),Thursday,10
2024-08-15 16:15:00+00:00,2024-08-15 19:00:00+00:00,931.2973616812476,-1,12,True,NY      (16-22),Thursday,16
2024-08-15 19:15:00+00:00,2024-08-15 22:30:00+00:00,127.79835818250847,1,14,True,NY      (16-22),Thursday,19
2024-08-15 22:45:00+00:00,2024-08-15 22:45:00+00:00,28.792465818470234,-1,1,True,Off     (22-00),Thursday,22
2024-08-15 23:00:00+00:00,2024-08-15 23:15:00+00:00,30.11692282208444,1,2,True,Off     (22-00),Thursday,23
2024-08-15 23:30:00+00:00,2024-08-16 00:15:00+00:00,129.3321053223125,-1,4,True,Off     (22-00),Thursday,23
2024-08-16 00:30:00+00:00,2024-08-16 03:15:00+00:00,331.9298717014894,1,12,True,Asia    (00-07),Friday,0
2024-08-16 03:30:00+00:00,2024-08-16 04:00:00+00:00,106.27954556307023,-1,3,True,Asia    (00-07),Friday,3
2024-08-16 04:15:00+00:00,2024-08-16 11:15:00+00:00,284.5916132027912,1,29,True,Asia    (00-07),Friday,4
2024-08-16 11:30:00+00:00,2024-08-16 15:15:00+00:00,211.41511776124293,-1,16,True,London  (07-12),Friday,11
2024-08-16 15:30:00+00:00,2024-08-16 20:00:00+00:00,546.7049291592527,1,19,True,Overlap (12-16),Friday,15
2024-08-16 20:15:00+00:00,2024-08-16 20:15:00+00:00,7.76862051692191,-1,1,True,NY      (16-22),Friday,20
2024-08-16 20:30:00+00:00,2024-08-17 06:30:00+00:00,-153.76482722534772,1,41,False,NY      (16-22),Friday,20
2024-08-17 06:45:00+00:00,2024-08-17 07:00:00+00:00,38.245,-1,2,True,Asia    (00-07),Saturday,6
2024-08-17 07:15:00+00:00,2024-08-17 09:15:00+00:00,120.914921875,1,9,True,London  (07-12),Saturday,7
2024-08-17 09:30:00+00:00,2024-08-17 11:30:00+00:00,118.125859375,-1,9,True,London  (07-12),Saturday,9
2024-08-17 11:45:00+00:00,2024-08-17 15:00:00+00:00,197.11609375,1,14,True,London  (07-12),Saturday,11
2024-08-17 15:15:00+00:00,2024-08-17 16:15:00+00:00,-24.383906250000003,-1,5,False,Overlap (12-16),Saturday,15
2024-08-17 16:30:00+00:00,2024-08-17 17:00:00+00:00,-18.438593750000003,1,3,False,NY      (16-22),Saturday,16
2024-08-17 17:15:00+00:00,2024-08-17 17:30:00+00:00,3.2000781249999974,-1,2,True,NY      (16-22),Saturday,17
2024-08-17 17:45:00+00:00,2024-08-18 01:00:00+00:00,53.748906250000005,1,30,True,NY      (16-22),Saturday,17
2024-08-18 01:15:00+00:00,2024-08-18 02:00:00+00:00,69.508671875,-1,4,True,Asia    (00-07),Sunday,1
2024-08-18 02:15:00+00:00,2024-08-18 02:45:00+00:00,320.114140625,1,3,True,Asia    (00-07),Sunday,2
2024-08-18 03:00:00+00:00,2024-08-18 04:00:00+00:00,323.114140625,-1,5,True,Asia    (00-07),Sunday,3
2024-08-18 04:15:00+00:00,2024-08-18 10:15:00+00:00,311.098515625,1,25,True,Asia    (00-07),Sunday,4
2024-08-18 10:30:00+00:00,2024-08-18 11:00:00+00:00,54.623906250000005,-1,3,True,London  (07-12),Sunday,10
2024-08-18 11:15:00+00:00,2024-08-18 12:15:00+00:00,60.049687500000005,1,5,True,London  (07-12),Sunday,11
2024-08-18 12:30:00+00:00,2024-08-18 15:00:00+00:00,156.536015625,-1,11,True,Overlap (12-16),Sunday,12
2024-08-18 15:15:00+00:00,2024-08-18 16:15:00+00:00,58.180546875,1,5,True,Overlap (12-16),Sunday,15
2024-08-18 16:30:00+00:00,2024-08-18 18:00:00+00:00,198.309453125,-1,7,True,NY      (16-22),Sunday,16
2024-08-18 18:15:00+00:00,2024-08-18 20:00:00+00:00,100.6903125,1,8,True,NY      (16-22),Sunday,18
2024-08-18 20:15:00+00:00,2024-08-19 00:30:00+00:00,553.1002794770095,-1,18,True,NY      (16-22),Sunday,20
2024-08-19 00:45:00+00:00,2024-08-19 02:45:00+00:00,20.719065607207803,1,9,True,Asia    (00-07),Monday,0
2024-08-19 03:00:00+00:00,2024-08-19 03:00:00+00:00,22.58369562489223,-1,1,True,Asia    (00-07),Monday,3
2024-08-19 03:15:00+00:00,2024-08-19 05:30:00+00:00,-38.815546874999995,1,10,False,Asia    (00-07),Monday,3
2024-08-19 05:45:00+00:00,2024-08-19 06:00:00+00:00,58.2840625,-1,2,True,Asia    (00-07),Monday,5
2024-08-19 06:15:00+00:00,2024-08-19 06:45:00+00:00,70.12,1,3,True,Asia    (00-07),Monday,6
2024-08-19 07:00:00+00:00,2024-08-19 08:00:00+00:00,-2.2940624999999955,-1,5,False,London  (07-12),Monday,7
2024-08-19 08:15:00+00:00,2024-08-19 08:15:00+00:00,19.705937499999997,1,1,True,London  (07-12),Monday,8
2024-08-19 08:30:00+00:00,2024-08-19 10:15:00+00:00,215.40515625,-1,8,True,London  (07-12),Monday,8
2024-08-19 10:30:00+00:00,2024-08-19 13:00:00+00:00,194.229375,1,11,True,London  (07-12),Monday,10
2024-08-19 13:15:00+00:00,2024-08-19 14:00:00+00:00,114.309453125,-1,4,True,Overlap (12-16),Monday,13
2024-08-19 14:15:00+00:00,2024-08-19 18:45:00+00:00,325.1445973222083,1,19,True,Overlap (12-16),Monday,14
2024-08-19 19:00:00+00:00,2024-08-19 20:15:00+00:00,-46.89171875,-1,6,False,NY      (16-22),Monday,19
2024-08-19 20:30:00+00:00,2024-08-20 03:45:00+00:00,752.1545502537601,1,30,True,NY      (16-22),Monday,20
2024-08-20 04:00:00+00:00,2024-08-20 04:30:00+00:00,-128.284296875,-1,3,False,Asia    (00-07),Tuesday,4
2024-08-20 04:45:00+00:00,2024-08-20 06:00:00+00:00,62.881718750000005,1,6,True,Asia    (00-07),Tuesday,4
2024-08-20 06:15:00+00:00,2024-08-20 13:00:00+00:00,252.075078125,-1,28,True,Asia    (00-07),Tuesday,6
2024-08-20 13:15:00+00:00,2024-08-20 13:45:00+00:00,197.313359375,1,3,True,Overlap (12-16),Tuesday,13
2024-08-20 14:00:00+00:00,2024-08-20 17:45:00+00:00,790.1077890617801,-1,16,True,Overlap (12-16),Tuesday,14
2024-08-20 18:00:00+00:00,2024-08-20 20:00:00+00:00,218.79989822253154,1,9,True,NY      (16-22),Tuesday,18
2024-08-20 20:15:00+00:00,2024-08-21 00:45:00+00:00,256.614140625,-1,19,True,NY      (16-22),Tuesday,20
2024-08-21 01:00:00+00:00,2024-08-21 03:00:00+00:00,200.360234375,1,9,True,Asia    (00-07),Wednesday,1
2024-08-21 03:15:00+00:00,2024-08-21 03:30:00+00:00,65.305546875,-1,2,True,Asia    (00-07),Wednesday,3
2024-08-21 03:45:00+00:00,2024-08-21 08:15:00+00:00,80.559453125,1,19,True,Asia    (00-07),Wednesday,3
2024-08-21 08:30:00+00:00,2024-08-21 10:00:00+00:00,28.713750000000005,-1,7,True,London  (07-12),Wednesday,8
2024-08-21 10:15:00+00:00,2024-08-21 11:00:00+00:00,37.08484375,1,4,True,London  (07-12),Wednesday,10
2024-08-21 11:15:00+00:00,2024-08-21 12:00:00+00:00,66.004765625,-1,4,True,London  (07-12),Wednesday,11
2024-08-21 12:15:00+00:00,2024-08-21 14:00:00+00:00,124.52961259218455,1,8,True,Overlap (12-16),Wednesday,12
2024-08-21 14:15:00+00:00,2024-08-21 16:15:00+00:00,-39.759779509209054,-1,9,False,Overlap (12-16),Wednesday,14
2024-08-21 16:30:00+00:00,2024-08-21 20:00:00+00:00,864.9837407707081,1,15,True,NY      (16-22),Wednesday,16
2024-08-21 20:15:00+00:00,2024-08-21 21:00:00+00:00,191.06667576003275,-1,4,True,NY      (16-22),Wednesday,20
2024-08-21 21:15:00+00:00,2024-08-21 22:00:00+00:00,119.92511586097076,1,4,True,NY      (16-22),Wednesday,21
2024-08-21 22:15:00+00:00,2024-08-22 03:15:00+00:00,465.40608391639796,-1,21,True,Off     (22-00),Wednesday,22
2024-08-22 03:30:00+00:00,2024-08-22 08:15:00+00:00,308.125859375,1,20,True,Asia    (00-07),Thursday,3
2024-08-22 08:30:00+00:00,2024-08-22 09:00:00+00:00,65.875859375,-1,3,True,London  (07-12),Thursday,8
2024-08-22 09:15:00+00:00,2024-08-22 12:00:00+00:00,153.87,1,12,True,London  (07-12),Thursday,9
2024-08-22 12:15:00+00:00,2024-08-22 13:15:00+00:00,185.10828125,-1,5,True,Overlap (12-16),Thursday,12
2024-08-22 13:30:00+00:00,2024-08-22 14:15:00+00:00,-101.51714630517324,1,4,False,Overlap (12-16),Thursday,13
2024-08-22 14:30:00+00:00,2024-08-22 18:00:00+00:00,113.07590772158272,-1,15,True,Overlap (12-16),Thursday,14
2024-08-22 18:15:00+00:00,2024-08-22 21:30:00+00:00,94.21375,1,14,True,NY      (16-22),Thursday,18
2024-08-22 21:45:00+00:00,2024-08-22 23:00:00+00:00,92.399296875,-1,6,True,NY      (16-22),Thursday,21
2024-08-22 23:15:00+00:00,2024-08-23 02:00:00+00:00,194.989140625,1,12,True,Off     (22-00),Thursday,23
2024-08-23 02:15:00+00:00,2024-08-23 02:45:00+00:00,57.38953125,-1,3,True,Asia    (00-07),Friday,2
2024-08-23 03:00:00+00:00,2024-08-23 07:00:00+00:00,240.76453125,1,17,True,Asia    (00-07),Friday,3
2024-08-23 07:15:00+00:00,2024-08-23 12:00:00+00:00,143.133671875,-1,20,True,London  (07-12),Friday,7
2024-08-23 12:15:00+00:00,2024-08-23 14:00:00+00:00,618.63953125,1,8,True,Overlap (12-16),Friday,12
2024-08-23 14:15:00+00:00,2024-08-23 15:00:00+00:00,316.8528182005831,-1,4,True,Overlap (12-16),Friday,14
2024-08-23 15:15:00+00:00,2024-08-23 20:00:00+00:00,802.2547346684106,1,20,True,Overlap (12-16),Friday,15
2024-08-23 20:15:00+00:00,2024-08-23 20:30:00+00:00,23.203014278593532,-1,2,True,NY      (16-22),Friday,20
2024-08-23 20:45:00+00:00,2024-08-23 22:00:00+00:00,254.1763010862612,1,6,True,NY      (16-22),Friday,20
2024-08-23 22:15:00+00:00,2024-08-23 22:45:00+00:00,91.2642211791342,-1,3,True,Off     (22-00),Friday,22
2024-08-23 23:00:00+00:00,2024-08-24 02:00:00+00:00,-77.83299528060121,1,13,False,Off     (22-00),Friday,23
2024-08-24 02:15:00+00:00,2024-08-24 05:00:00+00:00,-11.774531250000003,-1,12,False,Asia    (00-07),Saturday,2
2024-08-24 05:15:00+00:00,2024-08-24 06:30:00+00:00,126.309453125,1,6,True,Asia    (00-07),Saturday,5
2024-08-24 06:45:00+00:00,2024-08-24 08:00:00+00:00,-5.2100781249999955,-1,6,False,Asia    (00-07),Saturday,6
2024-08-24 08:15:00+00:00,2024-08-24 08:45:00+00:00,104.10046875,1,3,True,London  (07-12),Saturday,8
2024-08-24 09:00:00+00:00,2024-08-24 12:45:00+00:00,149.625859375,-1,16,True,London  (07-12),Saturday,9
2024-08-24 13:00:00+00:00,2024-08-24 15:00:00+00:00,-17.368281250000003,1,9,False,Overlap (12-16),Saturday,13
2024-08-24 15:15:00+00:00,2024-08-24 15:30:00+00:00,49.641484375,-1,2,True,Overlap (12-16),Saturday,15
2024-08-24 15:45:00+00:00,2024-08-24 17:00:00+00:00,123.635625,1,6,True,Overlap (12-16),Saturday,15
2024-08-24 17:15:00+00:00,2024-08-24 18:00:00+00:00,127.12,-1,4,True,NY      (16-22),Saturday,17
2024-08-24 18:15:00+00:00,2024-08-24 18:15:00+00:00,212.12,1,1,True,NY      (16-22),Saturday,18
2024-08-24 18:30:00+00:00,2024-08-24 22:00:00+00:00,350.62,-1,15,True,NY      (16-22),Saturday,18
2024-08-24 22:15:00+00:00,2024-08-25 00:15:00+00:00,320.559453125,1,9,True,Off     (22-00),Saturday,22
2024-08-25 00:30:00+00:00,2024-08-25 03:30:00+00:00,155.05359375,-1,13,True,Asia    (00-07),Sunday,0
2024-08-25 03:45:00+00:00,2024-08-25 05:00:00+00:00,78.95984375,1,6,True,Asia    (00-07),Sunday,3
2024-08-25 05:15:00+00:00,2024-08-25 08:00:00+00:00,133.510625,-1,12,True,Asia    (00-07),Sunday,5
2024-08-25 08:15:00+00:00,2024-08-25 11:15:00+00:00,30.159062499999997,1,13,True,London  (07-12),Sunday,8
2024-08-25 11:30:00+00:00,2024-08-25 11:45:00+00:00,38.6590625,-1,2,True,London  (07-12),Sunday,11
2024-08-25 12:00:00+00:00,2024-08-25 15:15:00+00:00,168.664921875,1,14,True,Overlap (12-16),Sunday,12
2024-08-25 15:30:00+00:00,2024-08-25 16:30:00+00:00,87.62,-1,5,True,Overlap (12-16),Sunday,15
2024-08-25 16:45:00+00:00,2024-08-25 23:00:00+00:00,381.125859375,1,26,True,NY      (16-22),Sunday,16
2024-08-25 23:15:00+00:00,2024-08-26 02:15:00+00:00,403.20283598641674,-1,13,True,Off     (22-00),Sunday,23
2024-08-26 02:30:00+00:00,2024-08-26 04:00:00+00:00,39.715703125,1,7,True,Asia    (00-07),Monday,2
2024-08-26 04:15:00+00:00,2024-08-26 08:00:00+00:00,136.5496875,-1,16,True,Asia    (00-07),Monday,4
2024-08-26 08:15:00+00:00,2024-08-26 10:00:00+00:00,68.543828125,1,8,True,London  (07-12),Monday,8
2024-08-26 10:15:00+00:00,2024-08-26 11:00:00+00:00,17.114140625000005,-1,4,True,London  (07-12),Monday,10
2024-08-26 11:15:00+00:00,2024-08-26 12:00:00+00:00,2.1258593749999974,1,4,True,London  (07-12),Monday,11
2024-08-26 12:15:00+00:00,2024-08-26 13:30:00+00:00,142.12,-1,6,True,Overlap (12-16),Monday,12
2024-08-26 13:45:00+00:00,2024-08-26 14:00:00+00:00,-52.37609375,1,2,False,Overlap (12-16),Monday,13
2024-08-26 14:15:00+00:00,2024-08-26 16:00:00+00:00,-4.375846726993444,-1,8,False,Overlap (12-16),Monday,14
2024-08-26 16:15:00+00:00,2024-08-26 17:00:00+00:00,43.0129703327608,1,4,True,NY      (16-22),Monday,16
2024-08-26 17:15:00+00:00,2024-08-26 18:00:00+00:00,117.06805055689239,-1,4,True,NY      (16-22),Monday,17
2024-08-26 18:15:00+00:00,2024-08-26 18:45:00+00:00,112.590703125,1,3,True,NY      (16-22),Monday,18
2024-08-26 19:00:00+00:00,2024-08-27 01:45:00+00:00,309.6903125,-1,28,True,NY      (16-22),Monday,19
2024-08-27 02:00:00+00:00,2024-08-27 02:15:00+00:00,28.225468750000005,1,2,True,Asia    (00-07),Tuesday,2
2024-08-27 02:30:00+00:00,2024-08-27 02:30:00+00:00,56.13171875,-1,1,True,Asia    (00-07),Tuesday,2
2024-08-27 02:45:00+00:00,2024-08-27 06:00:00+00:00,51.926640625000005,1,14,True,Asia    (00-07),Tuesday,2
2024-08-27 06:15:00+00:00,2024-08-27 07:00:00+00:00,74.8153125,-1,4,True,Asia    (00-07),Tuesday,6
2024-08-27 07:15:00+00:00,2024-08-27 08:45:00+00:00,-54.796015624999995,1,7,False,London  (07-12),Tuesday,7
2024-08-27 09:00:00+00:00,2024-08-27 11:00:00+00:00,183.354375,-1,9,True,London  (07-12),Tuesday,9
2024-08-27 11:15:00+00:00,2024-08-27 12:45:00+00:00,-13.555781249999995,1,7,False,London  (07-12),Tuesday,11
2024-08-27 13:00:00+00:00,2024-08-27 16:45:00+00:00,404.14043794134454,-1,16,True,Overlap (12-16),Tuesday,13
2024-08-27 17:00:00+00:00,2024-08-27 20:00:00+00:00,169.059453125,1,13,True,NY      (16-22),Tuesday,17
2024-08-27 20:15:00+00:00,2024-08-28 01:45:00+00:00,997.4501372508927,-1,23,True,NY      (16-22),Tuesday,20
2024-08-28 02:00:00+00:00,2024-08-28 04:00:00+00:00,62.745773808257695,1,9,True,Asia    (00-07),Wednesday,2
2024-08-28 04:15:00+00:00,2024-08-28 06:30:00+00:00,176.090703125,-1,10,True,Asia    (00-07),Wednesday,4
2024-08-28 06:45:00+00:00,2024-08-28 07:00:00+00:00,-15.909296875000003,1,2,False,Asia    (00-07),Wednesday,6
2024-08-28 07:15:00+00:00,2024-08-28 07:45:00+00:00,251.629765625,-1,3,True,London  (07-12),Wednesday,7
2024-08-28 08:00:00+00:00,2024-08-28 10:00:00+00:00,682.1642261649754,1,9,True,London  (07-12),Wednesday,8
2024-08-28 10:15:00+00:00,2024-08-28 11:15:00+00:00,-17.659289997710115,-1,5,False,London  (07-12),Wednesday,10
2024-08-28 11:30:00+00:00,2024-08-28 12:00:00+00:00,19.023607372771046,1,3,True,London  (07-12),Wednesday,11
2024-08-28 12:15:00+00:00,2024-08-28 14:30:00+00:00,388.82999502119645,-1,10,True,Overlap (12-16),Wednesday,12
2024-08-28 14:45:00+00:00,2024-08-28 17:00:00+00:00,-124.034352064794,1,10,False,Overlap (12-16),Wednesday,14
2024-08-28 17:15:00+00:00,2024-08-28 18:00:00+00:00,33.80524038729361,-1,4,True,NY      (16-22),Wednesday,17
2024-08-28 18:15:00+00:00,2024-08-28 19:00:00+00:00,152.64062251979124,1,4,True,NY      (16-22),Wednesday,18
2024-08-28 19:15:00+00:00,2024-08-28 20:00:00+00:00,101.84292302504576,-1,4,True,NY      (16-22),Wednesday,19
2024-08-28 20:15:00+00:00,2024-08-28 21:15:00+00:00,90.75867743827075,1,5,True,NY      (16-22),Wednesday,20
2024-08-28 21:30:00+00:00,2024-08-28 21:45:00+00:00,72.82534177164308,-1,2,True,NY      (16-22),Wednesday,21
2024-08-28 22:00:00+00:00,2024-08-29 09:15:00+00:00,314.5821449483137,1,46,True,Off     (22-00),Wednesday,22
2024-08-29 09:30:00+00:00,2024-08-29 09:45:00+00:00,67.114140625,-1,2,True,London  (07-12),Thursday,9
2024-08-29 10:00:00+00:00,2024-08-29 15:15:00+00:00,693.173480395672,1,22,True,London  (07-12),Thursday,10
2024-08-29 15:30:00+00:00,2024-08-29 15:45:00+00:00,98.88003232836547,-1,2,True,Overlap (12-16),Thursday,15
2024-08-29 16:00:00+00:00,2024-08-29 16:00:00+00:00,52.68000531389967,1,1,True,NY      (16-22),Thursday,16
2024-08-29 16:15:00+00:00,2024-08-29 17:00:00+00:00,313.83527260078006,-1,4,True,NY      (16-22),Thursday,16
2024-08-29 17:15:00+00:00,2024-08-29 18:00:00+00:00,-123.9416323532933,1,4,False,NY      (16-22),Thursday,17
2024-08-29 18:15:00+00:00,2024-08-29 20:00:00+00:00,253.8915038086147,-1,8,True,NY      (16-22),Thursday,18
2024-08-29 20:15:00+00:00,2024-08-30 00:30:00+00:00,-72.36757899355482,1,18,False,NY      (16-22),Thursday,20
2024-08-30 00:45:00+00:00,2024-08-30 01:15:00+00:00,98.26453125,-1,3,True,Asia    (00-07),Friday,0
2024-08-30 01:30:00+00:00,2024-08-30 02:00:00+00:00,92.10828125,1,3,True,Asia    (00-07),Friday,1
2024-08-30 02:15:00+00:00,2024-08-30 05:15:00+00:00,243.719609375,-1,13,True,Asia    (00-07),Friday,2
2024-08-30 05:30:00+00:00,2024-08-30 07:00:00+00:00,315.22546875,1,7,True,Asia    (00-07),Friday,5
2024-08-30 07:15:00+00:00,2024-08-30 08:00:00+00:00,-2.2549999999999955,-1,4,False,London  (07-12),Friday,7
2024-08-30 08:15:00+00:00,2024-08-30 12:15:00+00:00,65.245,1,17,True,London  (07-12),Friday,8
2024-08-30 12:30:00+00:00,2024-08-30 13:00:00+00:00,3.5692187500000045,-1,3,True,Overlap (12-16),Friday,12
2024-08-30 13:15:00+00:00,2024-08-30 14:00:00+00:00,-117.06795186273007,1,4,False,Overlap (12-16),Friday,13
2024-08-30 14:15:00+00:00,2024-08-30 15:00:00+00:00,295.46193967199,-1,4,True,Overlap (12-16),Friday,14
2024-08-30 15:15:00+00:00,2024-08-31 05:00:00+00:00,277.9113967642363,1,56,True,Overlap (12-16),Friday,15
2024-08-31 05:15:00+00:00,2024-08-31 08:45:00+00:00,137.60828125,-1,15,True,Asia    (00-07),Saturday,5
2024-08-31 09:00:00+00:00,2024-08-31 13:00:00+00:00,92.62,1,17,True,London  (07-12),Saturday,9
2024-08-31 13:15:00+00:00,2024-08-31 15:30:00+00:00,68.13171875,-1,10,True,Overlap (12-16),Saturday,13
2024-08-31 15:45:00+00:00,2024-08-31 16:15:00+00:00,-39.36828125,1,3,False,Overlap (12-16),Saturday,15
2024-08-31 16:30:00+00:00,2024-08-31 17:00:00+00:00,39.62,-1,3,True,NY      (16-22),Saturday,16
2024-08-31 17:15:00+00:00,2024-08-31 17:45:00+00:00,53.69421875,1,3,True,NY      (16-22),Saturday,17
2024-08-31 18:00:00+00:00,2024-08-31 20:00:00+00:00,69.000859375,-1,9,True,NY      (16-22),Saturday,18
2024-08-31 20:15:00+00:00,2024-08-31 22:00:00+00:00,129.42078125,1,8,True,NY      (16-22),Saturday,20
2024-08-31 22:15:00+00:00,2024-08-31 22:30:00+00:00,35.125859375,-1,2,True,Off     (22-00),Saturday,22
2024-08-31 22:45:00+00:00,2024-09-01 00:00:00+00:00,-12.813593750000003,1,6,False,Off     (22-00),Saturday,22
2024-09-01 00:15:00+00:00,2024-09-01 06:00:00+00:00,414.891484375,-1,24,True,Asia    (00-07),Sunday,0
2024-09-01 06:15:00+00:00,2024-09-01 06:30:00+00:00,18.305546874999997,1,2,True,Asia    (00-07),Sunday,6
2024-09-01 06:45:00+00:00,2024-09-01 07:00:00+00:00,7.100468749999997,-1,2,True,Asia    (00-07),Sunday,6
2024-09-01 07:15:00+00:00,2024-09-01 07:45:00+00:00,123.946171875,1,3,True,London  (07-12),Sunday,7
2024-09-01 08:00:00+00:00,2024-09-01 11:00:00+00:00,225.434453125,-1,13,True,London  (07-12),Sunday,8
2024-09-01 11:15:00+00:00,2024-09-01 12:00:00+00:00,104.614140625,1,4,True,London  (07-12),Sunday,11
2024-09-01 12:15:00+00:00,2024-09-01 12:30:00+00:00,117.614140625,-1,2,True,Overlap (12-16),Sunday,12
2024-09-01 12:45:00+00:00,2024-09-01 14:30:00+00:00,-38.592128849610816,1,8,False,Overlap (12-16),Sunday,12
2024-09-01 14:45:00+00:00,2024-09-01 15:15:00+00:00,28.83471924829406,-1,3,True,Overlap (12-16),Sunday,14
2024-09-01 15:30:00+00:00,2024-09-01 20:00:00+00:00,338.74317720195745,1,19,True,Overlap (12-16),Sunday,15
2024-09-01 20:15:00+00:00,2024-09-01 21:15:00+00:00,183.635625,-1,5,True,NY      (16-22),Sunday,20
2024-09-01 21:30:00+00:00,2024-09-01 21:45:00+00:00,70.200078125,1,2,True,NY      (16-22),Sunday,21
2024-09-01 22:00:00+00:00,2024-09-01 23:00:00+00:00,515.0462521563562,-1,5,True,Off     (22-00),Sunday,22
2024-09-01 23:15:00+00:00,2024-09-02 02:00:00+00:00,123.25067581186124,1,12,True,Off     (22-00),Sunday,23
2024-09-02 02:15:00+00:00,2024-09-02 02:15:00+00:00,21.998906249999997,-1,1,True,Asia    (00-07),Monday,2
2024-09-02 02:30:00+00:00,2024-09-02 04:00:00+00:00,79.504765625,1,7,True,Asia    (00-07),Monday,2
2024-09-02 04:15:00+00:00,2024-09-02 07:30:00+00:00,94.229375,-1,14,True,Asia    (00-07),Monday,4
2024-09-02 07:45:00+00:00,2024-09-02 10:15:00+00:00,518.989140625,1,11,True,London  (07-12),Monday,7
2024-09-02 10:30:00+00:00,2024-09-02 12:00:00+00:00,90.879765625,-1,7,True,London  (07-12),Monday,10
2024-09-02 12:15:00+00:00,2024-09-02 15:15:00+00:00,100.6590625,1,13,True,Overlap (12-16),Monday,12
2024-09-02 15:30:00+00:00,2024-09-02 17:30:00+00:00,56.164921875000005,-1,9,True,Overlap (12-16),Monday,15
2024-09-02 17:45:00+00:00,2024-09-02 18:00:00+00:00,75.62,1,2,True,NY      (16-22),Monday,17
2024-09-02 18:15:00+00:00,2024-09-02 20:00:00+00:00,10.108281249999997,-1,8,True,NY      (16-22),Monday,18
2024-09-02 20:15:00+00:00,2024-09-02 23:00:00+00:00,342.614140625,1,12,True,NY      (16-22),Monday,20
2024-09-02 23:15:00+00:00,2024-09-03 04:15:00+00:00,47.135625000000005,-1,21,True,Off     (22-00),Monday,23
2024-09-03 04:30:00+00:00,2024-09-03 08:00:00+00:00,-45.348749999999995,1,15,False,Asia    (00-07),Tuesday,4
2024-09-03 08:15:00+00:00,2024-09-03 09:00:00+00:00,114.135625,-1,4,True,London  (07-12),Tuesday,8
2024-09-03 09:15:00+00:00,2024-09-03 10:15:00+00:00,171.12,1,5,True,London  (07-12),Tuesday,9
2024-09-03 10:30:00+00:00,2024-09-03 17:45:00+00:00,719.2903880901065,-1,30,True,London  (07-12),Tuesday,10
2024-09-03 18:00:00+00:00,2024-09-03 21:30:00+00:00,142.62,1,15,True,NY      (16-22),Tuesday,18
2024-09-03 21:45:00+00:00,2024-09-04 01:00:00+00:00,812.743667385646,-1,14,True,NY      (16-22),Tuesday,21
2024-09-04 01:15:00+00:00,2024-09-04 01:30:00+00:00,213.45255661461874,1,2,True,Asia    (00-07),Wednesday,1
2024-09-04 01:45:00+00:00,2024-09-04 04:00:00+00:00,28.906807148246553,-1,10,True,Asia    (00-07),Wednesday,1
2024-09-04 04:15:00+00:00,2024-09-04 05:00:00+00:00,-74.33507722724605,1,4,False,Asia    (00-07),Wednesday,4
2024-09-04 05:15:00+00:00,2024-09-04 06:00:00+00:00,115.680546875,-1,4,True,Asia    (00-07),Wednesday,5
2024-09-04 06:15:00+00:00,2024-09-04 09:15:00+00:00,203.500859375,1,13,True,Asia    (00-07),Wednesday,6
2024-09-04 09:30:00+00:00,2024-09-04 11:15:00+00:00,88.489140625,-1,8,True,London  (07-12),Wednesday,9
2024-09-04 11:30:00+00:00,2024-09-04 14:45:00+00:00,464.34377054536276,1,14,True,London  (07-12),Wednesday,11
2024-09-04 15:00:00+00:00,2024-09-04 16:15:00+00:00,-315.33762839939016,-1,6,False,Overlap (12-16),Wednesday,15
2024-09-04 16:30:00+00:00,2024-09-04 17:00:00+00:00,-21.216088576137857,1,3,False,NY      (16-22),Wednesday,16
2024-09-04 17:15:00+00:00,2024-09-04 17:15:00+00:00,92.4034658829934,-1,1,True,NY      (16-22),Wednesday,17
2024-09-04 17:30:00+00:00,2024-09-04 17:30:00+00:00,-26.110774830391488,1,1,False,NY      (16-22),Wednesday,17
2024-09-04 17:45:00+00:00,2024-09-04 19:15:00+00:00,-25.16226411644655,-1,7,False,NY      (16-22),Wednesday,17
2024-09-04 19:30:00+00:00,2024-09-04 22:00:00+00:00,203.614140625,1,11,True,NY      (16-22),Wednesday,19
2024-09-04 22:15:00+00:00,2024-09-05 04:00:00+00:00,536.62,-1,24,True,Off     (22-00),Wednesday,22
2024-09-05 04:15:00+00:00,2024-09-05 08:15:00+00:00,-71.88,1,17,False,Asia    (00-07),Thursday,4
2024-09-05 08:30:00+00:00,2024-09-05 10:15:00+00:00,200.7840625,-1,8,True,London  (07-12),Thursday,8
2024-09-05 10:30:00+00:00,2024-09-05 12:00:00+00:00,45.278203125,1,7,True,London  (07-12),Thursday,10
2024-09-05 12:15:00+00:00,2024-09-05 13:00:00+00:00,95.17859375,-1,4,True,Overlap (12-16),Thursday,12
2024-09-05 13:15:00+00:00,2024-09-05 14:00:00+00:00,67.25086392973672,1,4,True,Overlap (12-16),Thursday,13
2024-09-05 14:15:00+00:00,2024-09-05 16:00:00+00:00,212.75577179317727,-1,8,True,Overlap (12-16),Thursday,14
2024-09-05 16:15:00+00:00,2024-09-05 19:00:00+00:00,90.79595843396282,1,12,True,NY      (16-22),Thursday,16
2024-09-05 19:15:00+00:00,2024-09-05 19:30:00+00:00,222.625859375,-1,2,True,NY      (16-22),Thursday,19
2024-09-05 19:45:00+00:00,2024-09-06 03:00:00+00:00,406.12,1,30,True,NY      (16-22),Thursday,19
2024-09-06 03:15:00+00:00,2024-09-06 08:15:00+00:00,453.114140625,-1,21,True,Asia    (00-07),Friday,3
2024-09-06 08:30:00+00:00,2024-09-06 12:30:00+00:00,321.114140625,1,17,True,London  (07-12),Friday,8
2024-09-06 12:45:00+00:00,2024-09-06 19:30:00+00:00,939.6750893711206,-1,28,True,Overlap (12-16),Friday,12
2024-09-06 19:45:00+00:00,2024-09-06 20:00:00+00:00,110.45411032051649,1,2,True,NY      (16-22),Friday,19
2024-09-06 20:15:00+00:00,2024-09-06 20:45:00+00:00,277.65474009264983,-1,3,True,NY      (16-22),Friday,20
2024-09-06 21:00:00+00:00,2024-09-06 21:45:00+00:00,256.56321810676104,1,4,True,NY      (16-22),Friday,21
2024-09-06 22:00:00+00:00,2024-09-06 22:00:00+00:00,-20.306415780494802,-1,1,False,Off     (22-00),Friday,22
2024-09-06 22:15:00+00:00,2024-09-06 22:15:00+00:00,-1.2450316860546238,1,1,False,Off     (22-00),Friday,22
2024-09-06 22:30:00+00:00,2024-09-06 23:15:00+00:00,-0.37717891898062916,-1,4,False,Off     (22-00),Friday,22
2024-09-06 23:30:00+00:00,2024-09-06 23:30:00+00:00,16.986745181141153,1,1,True,Off     (22-00),Friday,23
2024-09-06 23:45:00+00:00,2024-09-07 04:00:00+00:00,-12.303295786070777,-1,18,False,Off     (22-00),Friday,23
2024-09-07 04:15:00+00:00,2024-09-07 10:30:00+00:00,264.266484375,1,26,True,Asia    (00-07),Saturday,4
2024-09-07 10:45:00+00:00,2024-09-07 10:45:00+00:00,19.254765624999997,-1,1,True,London  (07-12),Saturday,10
2024-09-07 11:00:00+00:00,2024-09-07 11:00:00+00:00,14.114140624999997,1,1,True,London  (07-12),Saturday,11
2024-09-07 11:15:00+00:00,2024-09-07 12:00:00+00:00,-23.024531250000003,-1,4,False,London  (07-12),Saturday,11
2024-09-07 12:15:00+00:00,2024-09-07 16:00:00+00:00,130.9246875,1,16,True,Overlap (12-16),Saturday,12
2024-09-07 16:15:00+00:00,2024-09-07 18:00:00+00:00,270.879765625,-1,8,True,NY      (16-22),Saturday,16
2024-09-07 18:15:00+00:00,2024-09-08 02:15:00+00:00,153.43640625,1,33,True,NY      (16-22),Saturday,18
2024-09-08 02:30:00+00:00,2024-09-08 02:45:00+00:00,54.911015625,-1,2,True,Asia    (00-07),Sunday,2
2024-09-08 03:00:00+00:00,2024-09-08 05:00:00+00:00,64.40515625,1,9,True,Asia    (00-07),Sunday,3
2024-09-08 05:15:00+00:00,2024-09-08 06:00:00+00:00,27.625859374999997,-1,4,True,Asia    (00-07),Sunday,5
2024-09-08 06:15:00+00:00,2024-09-08 09:00:00+00:00,101.4559375,1,12,True,Asia    (00-07),Sunday,6
2024-09-08 09:15:00+00:00,2024-09-08 09:45:00+00:00,78.9403125,-1,3,True,London  (07-12),Sunday,9
2024-09-08 10:00:00+00:00,2024-09-08 11:00:00+00:00,90.5496875,1,5,True,London  (07-12),Sunday,10
2024-09-08 11:15:00+00:00,2024-09-08 13:00:00+00:00,238.008671875,-1,8,True,London  (07-12),Sunday,11
2024-09-08 13:15:00+00:00,2024-09-08 14:00:00+00:00,-27.424921874999995,1,4,False,Overlap (12-16),Sunday,13
2024-09-08 14:15:00+00:00,2024-09-08 15:45:00+00:00,209.625859375,-1,7,True,Overlap (12-16),Sunday,14
2024-09-08 16:00:00+00:00,2024-09-08 21:00:00+00:00,414.430546875,1,21,True,NY      (16-22),Sunday,16
2024-09-08 21:15:00+00:00,2024-09-08 21:30:00+00:00,31.436406250000005,-1,2,True,NY      (16-22),Sunday,21
2024-09-08 21:45:00+00:00,2024-09-08 22:15:00+00:00,363.12,1,3,True,NY      (16-22),Sunday,21
2024-09-08 22:30:00+00:00,2024-09-08 22:45:00+00:00,324.614140625,-1,2,True,Off     (22-00),Sunday,22
2024-09-08 23:00:00+00:00,2024-09-09 03:30:00+00:00,289.67340047473743,1,19,True,Off     (22-00),Sunday,23
2024-09-09 03:45:00+00:00,2024-09-09 04:45:00+00:00,158.075078125,-1,5,True,Asia    (00-07),Monday,3
2024-09-09 05:00:00+00:00,2024-09-09 09:15:00+00:00,211.301640625,1,18,True,Asia    (00-07),Monday,5
2024-09-09 09:30:00+00:00,2024-09-09 10:00:00+00:00,0.11999999999999744,-1,3,True,London  (07-12),Monday,9
2024-09-09 10:15:00+00:00,2024-09-09 14:00:00+00:00,129.10828125,1,16,True,London  (07-12),Monday,10
2024-09-09 14:15:00+00:00,2024-09-09 14:45:00+00:00,345.10828125,-1,3,True,Overlap (12-16),Monday,14
2024-09-09 15:00:00+00:00,2024-09-09 21:00:00+00:00,1173.4716020191631,1,25,True,Overlap (12-16),Monday,15
2024-09-09 21:15:00+00:00,2024-09-10 04:15:00+00:00,391.19077414244384,-1,29,True,NY      (16-22),Monday,21
2024-09-10 04:30:00+00:00,2024-09-10 08:00:00+00:00,300.125859375,1,15,True,Asia    (00-07),Tuesday,4
2024-09-10 08:15:00+00:00,2024-09-10 10:00:00+00:00,151.12,-1,8,True,London  (07-12),Tuesday,8
2024-09-10 10:15:00+00:00,2024-09-10 12:00:00+00:00,163.114140625,1,8,True,London  (07-12),Tuesday,10
2024-09-10 12:15:00+00:00,2024-09-10 14:00:00+00:00,346.12,-1,8,True,Overlap (12-16),Tuesday,12
2024-09-10 14:15:00+00:00,2024-09-10 15:00:00+00:00,158.58198639119897,1,4,True,Overlap (12-16),Tuesday,14
2024-09-10 15:15:00+00:00,2024-09-10 16:00:00+00:00,122.72292317854097,-1,4,True,Overlap (12-16),Tuesday,15
2024-09-10 16:15:00+00:00,2024-09-10 20:00:00+00:00,535.750234270256,1,16,True,NY      (16-22),Tuesday,16
2024-09-10 20:15:00+00:00,2024-09-11 02:15:00+00:00,393.4769070639486,-1,25,True,NY      (16-22),Tuesday,20
2024-09-11 02:30:00+00:00,2024-09-11 05:45:00+00:00,-369.40293431874994,1,14,False,Asia    (00-07),Wednesday,2
2024-09-11 06:00:00+00:00,2024-09-11 09:00:00+00:00,-167.270625,-1,13,False,Asia    (00-07),Wednesday,6
2024-09-11 09:15:00+00:00,2024-09-11 10:00:00+00:00,-2.2764843750000026,1,4,False,London  (07-12),Wednesday,9
2024-09-11 10:15:00+00:00,2024-09-11 11:00:00+00:00,-68.89171875,-1,4,False,London  (07-12),Wednesday,10
2024-09-11 11:15:00+00:00,2024-09-11 12:00:00+00:00,50.114140625,1,4,True,London  (07-12),Wednesday,11
2024-09-11 12:15:00+00:00,2024-09-11 14:00:00+00:00,441.82100657019976,-1,8,True,Overlap (12-16),Wednesday,12
2024-09-11 14:15:00+00:00,2024-09-11 23:00:00+00:00,496.12118181844596,1,36,True,Overlap (12-16),Wednesday,14
2024-09-11 23:15:00+00:00,2024-09-12 00:00:00+00:00,-25.424921875000003,-1,4,False,Off     (22-00),Wednesday,23
2024-09-12 00:15:00+00:00,2024-09-12 02:15:00+00:00,238.416875,1,9,True,Asia    (00-07),Thursday,0
2024-09-12 02:30:00+00:00,2024-09-12 03:45:00+00:00,-140.41674122587148,-1,6,False,Asia    (00-07),Thursday,2
2024-09-12 04:00:00+00:00,2024-09-12 04:00:00+00:00,62.754765625,1,1,True,Asia    (00-07),Thursday,4
2024-09-12 04:15:00+00:00,2024-09-12 06:30:00+00:00,222.12,-1,10,True,Asia    (00-07),Thursday,4
2024-09-12 06:45:00+00:00,2024-09-12 08:00:00+00:00,138.63171875,1,6,True,Asia    (00-07),Thursday,6
2024-09-12 08:15:00+00:00,2024-09-12 11:00:00+00:00,125.805546875,-1,12,True,London  (07-12),Thursday,8
2024-09-12 11:15:00+00:00,2024-09-12 12:00:00+00:00,57.293828125,1,4,True,London  (07-12),Thursday,11
2024-09-12 12:15:00+00:00,2024-09-12 14:45:00+00:00,241.9436005341123,-1,11,True,Overlap (12-16),Thursday,12
2024-09-12 15:00:00+00:00,2024-09-12 18:15:00+00:00,351.57070090644163,1,14,True,Overlap (12-16),Thursday,15
2024-09-12 18:30:00+00:00,2024-09-12 19:45:00+00:00,-14.885859374999995,-1,6,False,NY      (16-22),Thursday,18
2024-09-12 20:00:00+00:00,2024-09-12 20:00:00+00:00,-121.82921875,1,1,False,NY      (16-22),Thursday,20
2024-09-12 20:15:00+00:00,2024-09-12 22:00:00+00:00,93.245,-1,8,True,NY      (16-22),Thursday,20
2024-09-12 22:15:00+00:00,2024-09-13 00:00:00+00:00,116.74890625,1,8,True,Off     (22-00),Thursday,22
2024-09-13 00:15:00+00:00,2024-09-13 01:00:00+00:00,148.289921875,-1,4,True,Asia    (00-07),Friday,0
2024-09-13 01:15:00+00:00,2024-09-13 02:15:00+00:00,55.735234375000005,1,5,True,Asia    (00-07),Friday,1
2024-09-13 02:30:00+00:00,2024-09-13 04:30:00+00:00,72.875859375,-1,9,True,Asia    (00-07),Friday,2
2024-09-13 04:45:00+00:00,2024-09-13 08:15:00+00:00,74.555546875,1,15,True,Asia    (00-07),Friday,4
2024-09-13 08:30:00+00:00,2024-09-13 12:00:00+00:00,70.793828125,-1,15,True,London  (07-12),Friday,8
2024-09-13 12:15:00+00:00,2024-09-13 16:45:00+00:00,732.2501224448935,1,19,True,Overlap (12-16),Friday,12
2024-09-13 17:00:00+00:00,2024-09-13 18:00:00+00:00,-65.45824909489717,-1,5,False,NY      (16-22),Friday,17
2024-09-13 18:15:00+00:00,2024-09-13 19:00:00+00:00,126.33611699532756,1,4,True,NY      (16-22),Friday,18
2024-09-13 19:15:00+00:00,2024-09-13 19:45:00+00:00,51.911015625000005,-1,3,True,NY      (16-22),Friday,19
2024-09-13 20:00:00+00:00,2024-09-14 04:15:00+00:00,274.12,1,34,True,NY      (16-22),Friday,20
2024-09-14 04:30:00+00:00,2024-09-14 06:15:00+00:00,156.12,-1,8,True,Asia    (00-07),Saturday,4
2024-09-14 06:30:00+00:00,2024-09-14 08:00:00+00:00,13.125859375000005,1,7,True,Asia    (00-07),Saturday,6
2024-09-14 08:15:00+00:00,2024-09-14 11:30:00+00:00,159.42078125,-1,14,True,London  (07-12),Saturday,8
2024-09-14 11:45:00+00:00,2024-09-14 16:45:00+00:00,132.414921875,1,21,True,London  (07-12),Saturday,11
2024-09-14 17:00:00+00:00,2024-09-14 20:00:00+00:00,80.114140625,-1,13,True,NY      (16-22),Saturday,17
2024-09-14 20:15:00+00:00,2024-09-14 21:15:00+00:00,108.305546875,1,5,True,NY      (16-22),Saturday,20
2024-09-14 21:30:00+00:00,2024-09-14 21:45:00+00:00,-13.694453125000003,-1,2,False,NY      (16-22),Saturday,21
2024-09-14 22:00:00+00:00,2024-09-15 02:45:00+00:00,86.125859375,1,20,True,Off     (22-00),Saturday,22
2024-09-15 03:00:00+00:00,2024-09-15 03:45:00+00:00,26.161015624999997,-1,4,True,Asia    (00-07),Sunday,3
2024-09-15 04:00:00+00:00,2024-09-15 04:00:00+00:00,4.161015624999997,1,1,True,Asia    (00-07),Sunday,4
2024-09-15 04:15:00+00:00,2024-09-15 04:15:00+00:00,14.241093749999997,-1,1,True,Asia    (00-07),Sunday,4
2024-09-15 04:30:00+00:00,2024-09-15 08:00:00+00:00,-2.7706250000000026,1,15,False,Asia    (00-07),Sunday,4
2024-09-15 08:15:00+00:00,2024-09-15 09:45:00+00:00,57.114140625,-1,7,True,London  (07-12),Sunday,8
2024-09-15 10:00:00+00:00,2024-09-15 16:00:00+00:00,62.889531250000005,1,25,True,London  (07-12),Sunday,10
2024-09-15 16:15:00+00:00,2024-09-15 18:30:00+00:00,176.133671875,-1,10,True,NY      (16-22),Sunday,16
2024-09-15 18:45:00+00:00,2024-09-15 19:00:00+00:00,111.004765625,1,2,True,NY      (16-22),Sunday,18
2024-09-15 19:15:00+00:00,2024-09-16 03:00:00+00:00,810.5068042660268,-1,32,True,NY      (16-22),Sunday,19
2024-09-16 03:15:00+00:00,2024-09-16 08:15:00+00:00,350.12,1,21,True,Asia    (00-07),Monday,3
2024-09-16 08:30:00+00:00,2024-09-16 10:00:00+00:00,235.12,-1,7,True,London  (07-12),Monday,8
2024-09-16 10:15:00+00:00,2024-09-16 11:00:00+00:00,85.12,1,4,True,London  (07-12),Monday,10
2024-09-16 11:15:00+00:00,2024-09-16 13:30:00+00:00,328.12,-1,10,True,London  (07-12),Monday,11
2024-09-16 13:45:00+00:00,2024-09-16 14:00:00+00:00,128.12,1,2,True,Overlap (12-16),Monday,13
2024-09-16 14:15:00+00:00,2024-09-16 16:45:00+00:00,275.0035377867526,-1,11,True,Overlap (12-16),Monday,14
2024-09-16 17:00:00+00:00,2024-09-16 19:30:00+00:00,75.75781907161203,1,11,True,NY      (16-22),Monday,17
2024-09-16 19:45:00+00:00,2024-09-16 20:30:00+00:00,67.12390625,-1,4,True,NY      (16-22),Monday,19
2024-09-16 20:45:00+00:00,2024-09-17 00:00:00+00:00,240.135625,1,14,True,NY      (16-22),Monday,20
2024-09-17 00:15:00+00:00,2024-09-17 01:00:00+00:00,289.495,-1,4,True,Asia    (00-07),Tuesday,0
2024-09-17 01:15:00+00:00,2024-09-17 06:30:00+00:00,407.51453125,1,22,True,Asia    (00-07),Tuesday,1
2024-09-17 06:45:00+00:00,2024-09-17 07:15:00+00:00,-14.485468750000003,-1,3,False,Asia    (00-07),Tuesday,6
2024-09-17 07:30:00+00:00,2024-09-17 11:00:00+00:00,268.73328125,1,15,True,London  (07-12),Tuesday,7
2024-09-17 11:15:00+00:00,2024-09-17 12:00:00+00:00,9.409062499999997,-1,4,True,London  (07-12),Tuesday,11
2024-09-17 12:15:00+00:00,2024-09-17 13:15:00+00:00,85.719609375,1,5,True,Overlap (12-16),Tuesday,12
2024-09-17 13:30:00+00:00,2024-09-17 14:00:00+00:00,-248.98546875,-1,3,False,Overlap (12-16),Tuesday,13
2024-09-17 14:15:00+00:00,2024-09-17 16:00:00+00:00,545.3199930774985,1,8,True,Overlap (12-16),Tuesday,14
2024-09-17 16:15:00+00:00,2024-09-17 17:00:00+00:00,78.72855022147657,-1,4,True,NY      (16-22),Tuesday,16
2024-09-17 17:15:00+00:00,2024-09-17 18:00:00+00:00,17.385786187360516,1,4,True,NY      (16-22),Tuesday,17
2024-09-17 18:15:00+00:00,2024-09-17 19:45:00+00:00,438.1965177800565,-1,7,True,NY      (16-22),Tuesday,18
2024-09-17 20:00:00+00:00,2024-09-18 03:30:00+00:00,366.255557237827,1,31,True,NY      (16-22),Tuesday,20
2024-09-18 03:45:00+00:00,2024-09-18 06:00:00+00:00,198.106328125,-1,10,True,Asia    (00-07),Wednesday,3
2024-09-18 06:15:00+00:00,2024-09-18 07:15:00+00:00,32.06140625,1,5,True,Asia    (00-07),Wednesday,6
2024-09-18 07:30:00+00:00,2024-09-18 10:00:00+00:00,420.075078125,-1,11,True,London  (07-12),Wednesday,7
2024-09-18 10:15:00+00:00,2024-09-18 11:15:00+00:00,204.383671875,1,5,True,London  (07-12),Wednesday,10
2024-09-18 11:30:00+00:00,2024-09-18 16:00:00+00:00,230.59505422890527,-1,19,True,London  (07-12),Wednesday,11
2024-09-18 16:15:00+00:00,2024-09-18 19:00:00+00:00,460.0896684386159,1,12,True,NY      (16-22),Wednesday,16
2024-09-18 19:15:00+00:00,2024-09-18 20:00:00+00:00,261.0616113858666,-1,4,True,NY      (16-22),Wednesday,19
2024-09-18 20:15:00+00:00,2024-09-19 05:45:00+00:00,978.9010619650458,1,39,True,NY      (16-22),Wednesday,20
2024-09-19 06:00:00+00:00,2024-09-19 06:00:00+00:00,54.291875,-1,1,True,Asia    (00-07),Thursday,6
2024-09-19 06:15:00+00:00,2024-09-19 06:30:00+00:00,112.961796875,1,2,True,Asia    (00-07),Thursday,6
2024-09-19 06:45:00+00:00,2024-09-19 07:00:00+00:00,56.00671875,-1,2,True,Asia    (00-07),Thursday,6
2024-09-19 07:15:00+00:00,2024-09-19 08:00:00+00:00,65.125859375,1,4,True,London  (07-12),Thursday,7
2024-09-19 08:15:00+00:00,2024-09-19 09:00:00+00:00,-11.335078124999995,-1,4,False,London  (07-12),Thursday,8
2024-09-19 09:15:00+00:00,2024-09-19 14:00:00+00:00,558.1960470756916,1,20,True,London  (07-12),Thursday,9
2024-09-19 14:15:00+00:00,2024-09-19 14:45:00+00:00,129.94068665370503,-1,3,True,Overlap (12-16),Thursday,14
2024-09-19 15:00:00+00:00,2024-09-19 18:00:00+00:00,264.3106293438341,1,13,True,Overlap (12-16),Thursday,15
2024-09-19 18:15:00+00:00,2024-09-19 20:45:00+00:00,266.63969887947405,-1,11,True,NY      (16-22),Thursday,18
2024-09-19 21:00:00+00:00,2024-09-19 23:15:00+00:00,-20.249140624999995,1,10,False,NY      (16-22),Thursday,21
2024-09-19 23:30:00+00:00,2024-09-20 01:00:00+00:00,133.469609375,-1,7,True,Off     (22-00),Thursday,23
2024-09-20 01:15:00+00:00,2024-09-20 04:00:00+00:00,604.479375,1,12,True,Asia    (00-07),Friday,1
2024-09-20 04:15:00+00:00,2024-09-20 10:15:00+00:00,221.129765625,-1,25,True,Asia    (00-07),Friday,4
2024-09-20 10:30:00+00:00,2024-09-20 11:00:00+00:00,28.620000000000005,1,3,True,London  (07-12),Friday,10
2024-09-20 11:15:00+00:00,2024-09-20 14:00:00+00:00,458.164921875,-1,12,True,London  (07-12),Friday,11
2024-09-20 14:15:00+00:00,2024-09-20 16:00:00+00:00,233.02726702905443,1,8,True,Overlap (12-16),Friday,14
2024-09-20 16:15:00+00:00,2024-09-20 18:00:00+00:00,268.0035345228034,-1,8,True,NY      (16-22),Friday,16
2024-09-20 18:15:00+00:00,2024-09-20 19:15:00+00:00,208.911015625,1,5,True,NY      (16-22),Friday,18
2024-09-20 19:30:00+00:00,2024-09-20 20:00:00+00:00,80.12,-1,3,True,NY      (16-22),Friday,19
2024-09-20 20:15:00+00:00,2024-09-21 01:00:00+00:00,132.1590625,1,20,True,NY      (16-22),Friday,20
2024-09-21 01:15:00+00:00,2024-09-21 02:00:00+00:00,74.22546875,-1,4,True,Asia    (00-07),Saturday,1
2024-09-21 02:15:00+00:00,2024-09-21 08:00:00+00:00,90.1746875,1,24,True,Asia    (00-07),Saturday,2
2024-09-21 08:15:00+00:00,2024-09-21 12:00:00+00:00,-7.311640625000003,-1,16,False,London  (07-12),Saturday,8
2024-09-21 12:15:00+00:00,2024-09-21 15:15:00+00:00,60.694218750000005,1,13,True,Overlap (12-16),Saturday,12
2024-09-21 15:30:00+00:00,2024-09-21 16:15:00+00:00,29.119999999999997,-1,4,True,Overlap (12-16),Saturday,15
2024-09-21 16:30:00+00:00,2024-09-21 17:00:00+00:00,89.12,1,3,True,NY      (16-22),Saturday,16
2024-09-21 17:15:00+00:00,2024-09-21 20:30:00+00:00,65.930546875,-1,14,True,NY      (16-22),Saturday,17
2024-09-21 20:45:00+00:00,2024-09-22 00:00:00+00:00,40.295781250000005,1,14,True,NY      (16-22),Saturday,20
2024-09-22 00:15:00+00:00,2024-09-22 03:00:00+00:00,29.594609375000005,-1,12,True,Asia    (00-07),Sunday,0
2024-09-22 03:15:00+00:00,2024-09-22 03:15:00+00:00,-45.815546875,1,1,False,Asia    (00-07),Sunday,3
2024-09-22 03:30:00+00:00,2024-09-22 03:30:00+00:00,2.0809374999999974,-1,1,True,Asia    (00-07),Sunday,3
2024-09-22 03:45:00+00:00,2024-09-22 04:15:00+00:00,4.125859374999997,1,3,True,Asia    (00-07),Sunday,3
2024-09-22 04:30:00+00:00,2024-09-22 07:00:00+00:00,84.379765625,-1,11,True,Asia    (00-07),Sunday,4
2024-09-22 07:15:00+00:00,2024-09-22 08:45:00+00:00,35.055546875,1,7,True,London  (07-12),Sunday,7
2024-09-22 09:00:00+00:00,2024-09-22 10:00:00+00:00,143.145390625,-1,5,True,London  (07-12),Sunday,9
2024-09-22 10:15:00+00:00,2024-09-22 12:00:00+00:00,75.934453125,1,8,True,London  (07-12),Sunday,10
2024-09-22 12:15:00+00:00,2024-09-22 14:15:00+00:00,163.854375,-1,9,True,Overlap (12-16),Sunday,12
2024-09-22 14:30:00+00:00,2024-09-22 15:15:00+00:00,96.383671875,1,4,True,Overlap (12-16),Sunday,14
2024-09-22 15:30:00+00:00,2024-09-22 16:00:00+00:00,117.418828125,-1,3,True,Overlap (12-16),Sunday,15
2024-09-22 16:15:00+00:00,2024-09-22 21:00:00+00:00,370.4246875,1,20,True,NY      (16-22),Sunday,16
2024-09-22 21:15:00+00:00,2024-09-22 22:00:00+00:00,293.059453125,-1,4,True,NY      (16-22),Sunday,21
2024-09-22 22:15:00+00:00,2024-09-23 02:45:00+00:00,554.3417846190808,1,19,True,Off     (22-00),Sunday,22
2024-09-23 03:00:00+00:00,2024-09-23 03:45:00+00:00,-166.01063465130574,-1,4,False,Asia    (00-07),Monday,3
2024-09-23 04:00:00+00:00,2024-09-23 04:00:00+00:00,-24.927308730682356,1,1,False,Asia    (00-07),Monday,4
2024-09-23 04:15:00+00:00,2024-09-23 12:45:00+00:00,473.8104539788251,-1,35,True,Asia    (00-07),Monday,4
2024-09-23 13:00:00+00:00,2024-09-23 16:00:00+00:00,72.97251271065926,1,13,True,Overlap (12-16),Monday,13
2024-09-23 16:15:00+00:00,2024-09-23 21:00:00+00:00,32.64769742201197,-1,20,True,NY      (16-22),Monday,16
2024-09-23 21:15:00+00:00,2024-09-24 00:00:00+00:00,-70.909296875,1,12,False,NY      (16-22),Monday,21
2024-09-24 00:15:00+00:00,2024-09-24 01:15:00+00:00,145.76453125,-1,5,True,Asia    (00-07),Tuesday,0
2024-09-24 01:30:00+00:00,2024-09-24 02:45:00+00:00,80.33875,1,6,True,Asia    (00-07),Tuesday,1
2024-09-24 03:00:00+00:00,2024-09-24 04:00:00+00:00,10.114140624999997,-1,5,True,Asia    (00-07),Tuesday,3
2024-09-24 04:15:00+00:00,2024-09-24 09:15:00+00:00,247.87,1,21,True,Asia    (00-07),Tuesday,4
2024-09-24 09:30:00+00:00,2024-09-24 10:45:00+00:00,21.869999999999997,-1,6,True,London  (07-12),Tuesday,9
2024-09-24 11:00:00+00:00,2024-09-24 12:00:00+00:00,-32.389765625,1,5,False,London  (07-12),Tuesday,11
2024-09-24 12:15:00+00:00,2024-09-24 17:00:00+00:00,37.610234375000005,-1,20,True,Overlap (12-16),Tuesday,12
2024-09-24 17:15:00+00:00,2024-09-24 21:00:00+00:00,429.31921875,1,16,True,NY      (16-22),Tuesday,17
2024-09-24 21:15:00+00:00,2024-09-24 21:30:00+00:00,121.563359375,-1,2,True,NY      (16-22),Tuesday,21
2024-09-24 21:45:00+00:00,2024-09-24 23:00:00+00:00,190.35828125,1,6,True,NY      (16-22),Tuesday,21
2024-09-24 23:15:00+00:00,2024-09-25 01:00:00+00:00,90.114140625,-1,8,True,Off     (22-00),Tuesday,23
2024-09-25 01:15:00+00:00,2024-09-25 01:30:00+00:00,191.12,1,2,True,Asia    (00-07),Wednesday,1
2024-09-25 01:45:00+00:00,2024-09-25 02:00:00+00:00,112.125859375,-1,2,True,Asia    (00-07),Wednesday,1
2024-09-25 02:15:00+00:00,2024-09-25 04:00:00+00:00,-7.9600781249999955,1,8,False,Asia    (00-07),Wednesday,2
2024-09-25 04:15:00+00:00,2024-09-25 07:15:00+00:00,259.039921875,-1,13,True,Asia    (00-07),Wednesday,4
2024-09-25 07:30:00+00:00,2024-09-25 08:30:00+00:00,16.526249999999997,1,5,True,London  (07-12),Wednesday,7
2024-09-25 08:45:00+00:00,2024-09-25 11:00:00+00:00,138.52625,-1,10,True,London  (07-12),Wednesday,8
2024-09-25 11:15:00+00:00,2024-09-25 12:00:00+00:00,80.625859375,1,4,True,London  (07-12),Wednesday,11
2024-09-25 12:15:00+00:00,2024-09-25 13:00:00+00:00,123.63953125,-1,4,True,Overlap (12-16),Wednesday,12
2024-09-25 13:15:00+00:00,2024-09-25 15:00:00+00:00,164.51453125,1,8,True,Overlap (12-16),Wednesday,13
2024-09-25 15:15:00+00:00,2024-09-25 20:00:00+00:00,240.500859375,-1,20,True,Overlap (12-16),Wednesday,15
2024-09-25 20:15:00+00:00,2024-09-25 20:45:00+00:00,66.016484375,1,3,True,NY      (16-22),Wednesday,20
2024-09-25 21:00:00+00:00,2024-09-25 22:30:00+00:00,152.786015625,-1,7,True,NY      (16-22),Wednesday,21
2024-09-25 22:45:00+00:00,2024-09-26 08:00:00+00:00,283.895390625,1,38,True,Off     (22-00),Wednesday,22
2024-09-26 08:15:00+00:00,2024-09-26 08:30:00+00:00,-20.880000000000003,-1,2,False,London  (07-12),Thursday,8
2024-09-26 08:45:00+00:00,2024-09-26 14:15:00+00:00,443.000859375,1,23,True,London  (07-12),Thursday,8
2024-09-26 14:30:00+00:00,2024-09-26 15:00:00+00:00,-15.007712833666105,-1,3,False,Overlap (12-16),Thursday,14
2024-09-26 15:15:00+00:00,2024-09-26 16:45:00+00:00,231.34896993027556,1,7,True,Overlap (12-16),Thursday,15
2024-09-26 17:00:00+00:00,2024-09-26 17:45:00+00:00,61.87074741376198,-1,4,True,NY      (16-22),Thursday,17
2024-09-26 18:00:00+00:00,2024-09-26 19:00:00+00:00,11.991936303113413,1,5,True,NY      (16-22),Thursday,18
2024-09-26 19:15:00+00:00,2024-09-26 20:00:00+00:00,228.11315911206023,-1,4,True,NY      (16-22),Thursday,19
2024-09-26 20:15:00+00:00,2024-09-27 02:00:00+00:00,182.821171875,1,24,True,NY      (16-22),Thursday,20
2024-09-27 02:15:00+00:00,2024-09-27 02:15:00+00:00,80.309453125,-1,1,True,Asia    (00-07),Friday,2
2024-09-27 02:30:00+00:00,2024-09-27 04:00:00+00:00,204.6746875,1,7,True,Asia    (00-07),Friday,2
2024-09-27 04:15:00+00:00,2024-09-27 05:15:00+00:00,65.680546875,-1,5,True,Asia    (00-07),Friday,4
2024-09-27 05:30:00+00:00,2024-09-27 06:00:00+00:00,133.125859375,1,3,True,Asia    (00-07),Friday,5
2024-09-27 06:15:00+00:00,2024-09-27 12:00:00+00:00,-3.8800000000000026,-1,24,False,Asia    (00-07),Friday,6
2024-09-27 12:15:00+00:00,2024-09-27 15:15:00+00:00,420.875859375,1,13,True,Overlap (12-16),Friday,12
2024-09-27 15:30:00+00:00,2024-09-27 16:00:00+00:00,103.51357354084035,-1,3,True,Overlap (12-16),Friday,15
2024-09-27 16:15:00+00:00,2024-09-27 16:45:00+00:00,82.97564837022446,1,3,True,NY      (16-22),Friday,16
2024-09-27 17:00:00+00:00,2024-09-27 18:15:00+00:00,331.3186588374254,-1,6,True,NY      (16-22),Friday,17
2024-09-27 18:30:00+00:00,2024-09-27 19:00:00+00:00,65.45984375,1,3,True,NY      (16-22),Friday,18
2024-09-27 19:15:00+00:00,2024-09-27 23:15:00+00:00,-7.8839062499999955,-1,17,False,NY      (16-22),Friday,19
2024-09-27 23:30:00+00:00,2024-09-28 03:00:00+00:00,185.15125,1,15,True,Off     (22-00),Friday,23
2024-09-28 03:15:00+00:00,2024-09-28 08:45:00+00:00,238.20203125,-1,23,True,Asia    (00-07),Saturday,3
2024-09-28 09:00:00+00:00,2024-09-28 12:00:00+00:00,17.166875000000005,1,13,True,London  (07-12),Saturday,9
2024-09-28 12:15:00+00:00,2024-09-28 14:00:00+00:00,14.627812500000005,-1,8,True,Overlap (12-16),Saturday,12
2024-09-28 14:15:00+00:00,2024-09-28 15:00:00+00:00,5.869999999999997,1,4,True,Overlap (12-16),Saturday,14
2024-09-28 15:15:00+00:00,2024-09-28 16:30:00+00:00,63.74890625,-1,6,True,Overlap (12-16),Saturday,15
2024-09-28 16:45:00+00:00,2024-09-29 00:00:00+00:00,150.8621875,1,30,True,NY      (16-22),Saturday,16
2024-09-29 00:15:00+00:00,2024-09-29 01:00:00+00:00,68.4715625,-1,4,True,Asia    (00-07),Sunday,0
2024-09-29 01:15:00+00:00,2024-09-29 01:45:00+00:00,76.56921875,1,3,True,Asia    (00-07),Sunday,1
2024-09-29 02:00:00+00:00,2024-09-29 06:45:00+00:00,171.575078125,-1,20,True,Asia    (00-07),Sunday,2
2024-09-29 07:00:00+00:00,2024-09-29 12:30:00+00:00,87.899296875,1,23,True,London  (07-12),Sunday,7
2024-09-29 12:45:00+00:00,2024-09-29 15:15:00+00:00,13.987187500000005,-1,11,True,Overlap (12-16),Sunday,12
2024-09-29 15:30:00+00:00,2024-09-29 20:00:00+00:00,117.21375,1,19,True,Overlap (12-16),Sunday,15
2024-09-29 20:15:00+00:00,2024-09-29 22:30:00+00:00,99.12,-1,10,True,NY      (16-22),Sunday,20
2024-09-29 22:45:00+00:00,2024-09-30 00:00:00+00:00,-106.874140625,1,6,False,Off     (22-00),Sunday,22
2024-09-30 00:15:00+00:00,2024-09-30 02:00:00+00:00,466.321171875,-1,8,True,Asia    (00-07),Monday,0
2024-09-30 02:15:00+00:00,2024-09-30 08:00:00+00:00,-63.315546874999995,1,24,False,Asia    (00-07),Monday,2
2024-09-30 08:15:00+00:00,2024-09-30 10:00:00+00:00,551.489140625,-1,8,True,London  (07-12),Monday,8
2024-09-30 10:15:00+00:00,2024-09-30 11:45:00+00:00,240.840703125,1,7,True,London  (07-12),Monday,10
2024-09-30 12:00:00+00:00,2024-09-30 17:00:00+00:00,166.840703125,-1,21,True,Overlap (12-16),Monday,12
2024-09-30 17:15:00+00:00,2024-09-30 21:15:00+00:00,150.754765625,1,17,True,NY      (16-22),Monday,17
2024-09-30 21:30:00+00:00,2024-09-30 23:30:00+00:00,389.504765625,-1,9,True,NY      (16-22),Monday,21
2024-09-30 23:45:00+00:00,2024-10-01 01:15:00+00:00,279.87,1,7,True,Off     (22-00),Monday,23
2024-10-01 01:30:00+00:00,2024-10-01 02:00:00+00:00,156.2059375,-1,3,True,Asia    (00-07),Tuesday,1
2024-10-01 02:15:00+00:00,2024-10-01 09:00:00+00:00,415.5965625,1,28,True,Asia    (00-07),Tuesday,2
2024-10-01 09:15:00+00:00,2024-10-01 10:00:00+00:00,151.555546875,-1,4,True,London  (07-12),Tuesday,9
2024-10-01 10:15:00+00:00,2024-10-01 11:00:00+00:00,77.15515625,1,4,True,London  (07-12),Tuesday,10
2024-10-01 11:15:00+00:00,2024-10-01 15:00:00+00:00,799.7874042963977,-1,16,True,London  (07-12),Tuesday,11
2024-10-01 15:15:00+00:00,2024-10-01 15:30:00+00:00,169.514513472532,1,2,True,Overlap (12-16),Tuesday,15
2024-10-01 15:45:00+00:00,2024-10-01 21:15:00+00:00,583.1844940027597,-1,23,True,Overlap (12-16),Tuesday,15
2024-10-01 21:30:00+00:00,2024-10-01 23:30:00+00:00,41.628589495060325,1,9,True,NY      (16-22),Tuesday,21
2024-10-01 23:45:00+00:00,2024-10-02 00:00:00+00:00,49.998765209875046,-1,2,True,Off     (22-00),Tuesday,23
2024-10-02 00:15:00+00:00,2024-10-02 07:30:00+00:00,492.08875,1,30,True,Asia    (00-07),Wednesday,0
2024-10-02 07:45:00+00:00,2024-10-02 10:45:00+00:00,318.328984375,-1,13,True,London  (07-12),Wednesday,7
2024-10-02 11:00:00+00:00,2024-10-02 14:00:00+00:00,-7.500579575713338,1,13,False,London  (07-12),Wednesday,11
2024-10-02 14:15:00+00:00,2024-10-02 15:00:00+00:00,-64.59983716319391,-1,4,False,Overlap (12-16),Wednesday,14
2024-10-02 15:15:00+00:00,2024-10-02 16:00:00+00:00,229.7587181914247,1,4,True,Overlap (12-16),Wednesday,15
2024-10-02 16:15:00+00:00,2024-10-02 20:00:00+00:00,686.3339058634093,-1,16,True,NY      (16-22),Wednesday,16
2024-10-02 20:15:00+00:00,2024-10-02 23:15:00+00:00,143.82775726706592,1,13,True,NY      (16-22),Wednesday,20
2024-10-02 23:30:00+00:00,2024-10-03 00:15:00+00:00,-19.874140625000003,-1,4,False,Off     (22-00),Wednesday,23
2024-10-03 00:30:00+00:00,2024-10-03 01:15:00+00:00,182.809453125,1,4,True,Asia    (00-07),Thursday,0
2024-10-03 01:30:00+00:00,2024-10-03 01:30:00+00:00,49.7996875,-1,1,True,Asia    (00-07),Thursday,1
2024-10-03 01:45:00+00:00,2024-10-03 06:30:00+00:00,171.135625,1,20,True,Asia    (00-07),Thursday,1
2024-10-03 06:45:00+00:00,2024-10-03 09:00:00+00:00,481.13953125,-1,10,True,Asia    (00-07),Thursday,6
2024-10-03 09:15:00+00:00,2024-10-03 10:30:00+00:00,235.114140625,1,6,True,London  (07-12),Thursday,9
2024-10-03 10:45:00+00:00,2024-10-03 15:00:00+00:00,313.4961507105989,-1,18,True,London  (07-12),Thursday,10
2024-10-03 15:15:00+00:00,2024-10-03 20:00:00+00:00,297.2031542765322,1,20,True,Overlap (12-16),Thursday,15
2024-10-03 20:15:00+00:00,2024-10-03 21:45:00+00:00,47.555546875000005,-1,7,True,NY      (16-22),Thursday,20
2024-10-03 22:00:00+00:00,2024-10-03 22:15:00+00:00,29.555546874999997,1,2,True,Off     (22-00),Thursday,22
2024-10-03 22:30:00+00:00,2024-10-03 22:30:00+00:00,33.12,-1,1,True,Off     (22-00),Thursday,22
2024-10-03 22:45:00+00:00,2024-10-04 02:30:00+00:00,128.12,1,16,True,Off     (22-00),Thursday,22
2024-10-04 02:45:00+00:00,2024-10-04 05:00:00+00:00,-43.879999999999995,-1,10,False,Asia    (00-07),Friday,2
2024-10-04 05:15:00+00:00,2024-10-04 08:15:00+00:00,195.12,1,13,True,Asia    (00-07),Friday,5
2024-10-04 08:30:00+00:00,2024-10-04 09:30:00+00:00,91.559453125,-1,5,True,London  (07-12),Friday,8
2024-10-04 09:45:00+00:00,2024-10-04 13:00:00+00:00,198.559453125,1,14,True,London  (07-12),Friday,9
2024-10-04 13:15:00+00:00,2024-10-04 15:00:00+00:00,111.4452933848755,-1,8,True,Overlap (12-16),Friday,13
2024-10-04 15:15:00+00:00,2024-10-04 21:00:00+00:00,295.82082097353486,1,24,True,Overlap (12-16),Friday,15
2024-10-04 21:15:00+00:00,2024-10-04 23:15:00+00:00,175.0809375,-1,9,True,NY      (16-22),Friday,21
2024-10-04 23:30:00+00:00,2024-10-05 01:30:00+00:00,14.801640624999997,1,9,True,Off     (22-00),Friday,23
2024-10-05 01:45:00+00:00,2024-10-05 03:00:00+00:00,84.81140625,-1,6,True,Asia    (00-07),Saturday,1
2024-10-05 03:15:00+00:00,2024-10-05 04:30:00+00:00,57.141484375,1,6,True,Asia    (00-07),Saturday,3
2024-10-05 04:45:00+00:00,2024-10-05 04:45:00+00:00,12.119999999999997,-1,1,True,Asia    (00-07),Saturday,4
2024-10-05 05:00:00+00:00,2024-10-05 06:45:00+00:00,122.114140625,1,8,True,Asia    (00-07),Saturday,5
2024-10-05 07:00:00+00:00,2024-10-05 08:00:00+00:00,49.51453125,-1,5,True,London  (07-12),Saturday,7
2024-10-05 08:15:00+00:00,2024-10-05 12:45:00+00:00,88.53015625,1,19,True,London  (07-12),Saturday,8
2024-10-05 13:00:00+00:00,2024-10-05 14:00:00+00:00,73.164921875,-1,5,True,Overlap (12-16),Saturday,13
2024-10-05 14:15:00+00:00,2024-10-05 16:00:00+00:00,-27.344843750000003,1,8,False,Overlap (12-16),Saturday,14
2024-10-05 16:15:00+00:00,2024-10-05 17:15:00+00:00,47.36609375,-1,5,True,NY      (16-22),Saturday,16
2024-10-05 17:30:00+00:00,2024-10-06 00:30:00+00:00,-49.14953125,1,29,False,NY      (16-22),Saturday,17
2024-10-06 00:45:00+00:00,2024-10-06 03:00:00+00:00,-29.860468749999995,-1,10,False,Asia    (00-07),Sunday,0
2024-10-06 03:15:00+00:00,2024-10-06 16:00:00+00:00,426.149296875,1,52,True,Asia    (00-07),Sunday,3
2024-10-06 16:15:00+00:00,2024-10-06 20:15:00+00:00,57.12,-1,17,True,NY      (16-22),Sunday,16
2024-10-06 20:30:00+00:00,2024-10-07 00:45:00+00:00,486.110234375,1,18,True,NY      (16-22),Sunday,20
2024-10-07 01:00:00+00:00,2024-10-07 03:30:00+00:00,86.11609375,-1,11,True,Asia    (00-07),Monday,1
2024-10-07 03:45:00+00:00,2024-10-07 04:00:00+00:00,63.12,1,2,True,Asia    (00-07),Monday,3
2024-10-07 04:15:00+00:00,2024-10-07 05:45:00+00:00,111.10828125,-1,7,True,Asia    (00-07),Monday,4
2024-10-07 06:00:00+00:00,2024-10-07 08:00:00+00:00,101.809453125,1,9,True,Asia    (00-07),Monday,6
2024-10-07 08:15:00+00:00,2024-10-07 10:45:00+00:00,346.075078125,-1,11,True,London  (07-12),Monday,8
2024-10-07 11:00:00+00:00,2024-10-07 11:45:00+00:00,107.10046875,1,4,True,London  (07-12),Monday,11
2024-10-07 12:00:00+00:00,2024-10-07 12:45:00+00:00,111.176640625,-1,4,True,Overlap (12-16),Monday,12
2024-10-07 13:00:00+00:00,2024-10-07 16:45:00+00:00,460.3974826270248,1,16,True,Overlap (12-16),Monday,13
2024-10-07 17:00:00+00:00,2024-10-07 19:15:00+00:00,282.5372299658057,-1,10,True,NY      (16-22),Monday,17
2024-10-07 19:30:00+00:00,2024-10-07 20:00:00+00:00,23.385625000000005,1,3,True,NY      (16-22),Monday,19
2024-10-07 20:15:00+00:00,2024-10-07 22:45:00+00:00,394.586796875,-1,11,True,NY      (16-22),Monday,20
2024-10-07 23:00:00+00:00,2024-10-08 04:15:00+00:00,119.67078125,1,22,True,Off     (22-00),Monday,23
2024-10-08 04:30:00+00:00,2024-10-08 06:15:00+00:00,225.20984375,-1,8,True,Asia    (00-07),Tuesday,4
2024-10-08 06:30:00+00:00,2024-10-08 07:00:00+00:00,15.114140625000005,1,3,True,Asia    (00-07),Tuesday,6
2024-10-08 07:15:00+00:00,2024-10-08 08:00:00+00:00,26.293828124999997,-1,4,True,London  (07-12),Tuesday,7
2024-10-08 08:15:00+00:00,2024-10-08 12:00:00+00:00,141.309453125,1,16,True,London  (07-12),Tuesday,8
2024-10-08 12:15:00+00:00,2024-10-08 13:00:00+00:00,60.399296875,-1,4,True,Overlap (12-16),Tuesday,12
2024-10-08 13:15:00+00:00,2024-10-08 14:45:00+00:00,174.38953125,1,7,True,Overlap (12-16),Tuesday,13
2024-10-08 15:00:00+00:00,2024-10-08 16:00:00+00:00,226.25758229971314,-1,5,True,Overlap (12-16),Tuesday,15
2024-10-08 16:15:00+00:00,2024-10-08 16:45:00+00:00,111.84512830553764,1,3,True,NY      (16-22),Tuesday,16
2024-10-08 17:00:00+00:00,2024-10-08 19:00:00+00:00,290.01379874148654,-1,9,True,NY      (16-22),Tuesday,17
2024-10-08 19:15:00+00:00,2024-10-08 20:45:00+00:00,229.12390625,1,7,True,NY      (16-22),Tuesday,19
2024-10-08 21:00:00+00:00,2024-10-08 23:15:00+00:00,164.575078125,-1,10,True,NY      (16-22),Tuesday,21
2024-10-08 23:30:00+00:00,2024-10-09 02:00:00+00:00,124.5653125,1,11,True,Off     (22-00),Tuesday,23
2024-10-09 02:15:00+00:00,2024-10-09 03:00:00+00:00,23.119999999999997,-1,4,True,Asia    (00-07),Wednesday,2
2024-10-09 03:15:00+00:00,2024-10-09 10:00:00+00:00,-24.440546874999995,1,28,False,Asia    (00-07),Wednesday,3
2024-10-09 10:15:00+00:00,2024-10-09 12:30:00+00:00,158.559453125,-1,10,True,London  (07-12),Wednesday,10
2024-10-09 12:45:00+00:00,2024-10-09 16:00:00+00:00,85.12,1,14,True,Overlap (12-16),Wednesday,12
2024-10-09 16:15:00+00:00,2024-10-09 21:00:00+00:00,711.969609375,-1,20,True,NY      (16-22),Wednesday,16
2024-10-09 21:15:00+00:00,2024-10-09 21:45:00+00:00,123.97546875,1,3,True,NY      (16-22),Wednesday,21
2024-10-09 22:00:00+00:00,2024-10-10 00:15:00+00:00,188.12,-1,10,True,Off     (22-00),Wednesday,22
2024-10-10 00:30:00+00:00,2024-10-10 02:30:00+00:00,189.989140625,1,9,True,Asia    (00-07),Thursday,0
2024-10-10 02:45:00+00:00,2024-10-10 04:00:00+00:00,21.250859374999997,-1,6,True,Asia    (00-07),Thursday,2
2024-10-10 04:15:00+00:00,2024-10-10 07:00:00+00:00,136.885625,1,12,True,Asia    (00-07),Thursday,4
2024-10-10 07:15:00+00:00,2024-10-10 08:00:00+00:00,107.594609375,-1,4,True,London  (07-12),Thursday,7
2024-10-10 08:15:00+00:00,2024-10-10 12:00:00+00:00,189.08484375,1,16,True,London  (07-12),Thursday,8
2024-10-10 12:15:00+00:00,2024-10-10 15:15:00+00:00,392.12,-1,13,True,Overlap (12-16),Thursday,12
2024-10-10 15:30:00+00:00,2024-10-10 16:00:00+00:00,111.2774762101727,1,3,True,Overlap (12-16),Thursday,15
2024-10-10 16:15:00+00:00,2024-10-10 18:30:00+00:00,677.4647292893084,-1,10,True,NY      (16-22),Thursday,16
2024-10-10 18:45:00+00:00,2024-10-11 07:00:00+00:00,753.3011218679095,1,50,True,NY      (16-22),Thursday,18
2024-10-11 07:15:00+00:00,2024-10-11 08:00:00+00:00,61.104375000000005,-1,4,True,London  (07-12),Friday,7
2024-10-11 08:15:00+00:00,2024-10-11 11:30:00+00:00,216.56921875,1,14,True,London  (07-12),Friday,8
2024-10-11 11:45:00+00:00,2024-10-11 12:30:00+00:00,-29.450312499999995,-1,4,False,London  (07-12),Friday,11
2024-10-11 12:45:00+00:00,2024-10-11 19:15:00+00:00,904.513167726823,1,27,True,Overlap (12-16),Friday,12
2024-10-11 19:30:00+00:00,2024-10-11 19:30:00+00:00,19.264531249999997,-1,1,True,NY      (16-22),Friday,19
2024-10-11 19:45:00+00:00,2024-10-11 21:00:00+00:00,23.270390624999997,1,6,True,NY      (16-22),Friday,19
2024-10-11 21:15:00+00:00,2024-10-12 00:30:00+00:00,128.12,-1,14,True,NY      (16-22),Friday,21
2024-10-12 00:45:00+00:00,2024-10-12 11:00:00+00:00,160.12,1,42,True,Asia    (00-07),Saturday,0
2024-10-12 11:15:00+00:00,2024-10-12 12:00:00+00:00,62.955937500000005,-1,4,True,London  (07-12),Saturday,11
2024-10-12 12:15:00+00:00,2024-10-12 15:00:00+00:00,224.67078125,1,12,True,Overlap (12-16),Saturday,12
2024-10-12 15:15:00+00:00,2024-10-12 15:30:00+00:00,173.328984375,-1,2,True,Overlap (12-16),Saturday,15
2024-10-12 15:45:00+00:00,2024-10-12 16:00:00+00:00,126.325078125,1,2,True,Overlap (12-16),Saturday,15
2024-10-12 16:15:00+00:00,2024-10-12 20:30:00+00:00,131.836796875,-1,18,True,NY      (16-22),Saturday,16
2024-10-12 20:45:00+00:00,2024-10-12 23:00:00+00:00,127.97546875,1,10,True,NY      (16-22),Saturday,20
2024-10-12 23:15:00+00:00,2024-10-13 02:00:00+00:00,282.895390625,-1,12,True,Off     (22-00),Saturday,23
2024-10-13 02:15:00+00:00,2024-10-13 03:15:00+00:00,8.475468749999997,1,5,True,Asia    (00-07),Sunday,2
2024-10-13 03:30:00+00:00,2024-10-13 04:00:00+00:00,-4.456171875000003,-1,3,False,Asia    (00-07),Sunday,3
2024-10-13 04:15:00+00:00,2024-10-13 08:00:00+00:00,54.10828125,1,16,True,Asia    (00-07),Sunday,4
2024-10-13 08:15:00+00:00,2024-10-13 12:45:00+00:00,103.10828125,-1,19,True,London  (07-12),Sunday,8
2024-10-13 13:00:00+00:00,2024-10-13 13:00:00+00:00,11.133671874999997,1,1,True,Overlap (12-16),Sunday,13
2024-10-13 13:15:00+00:00,2024-10-13 16:00:00+00:00,204.13953125,-1,12,True,Overlap (12-16),Sunday,13
2024-10-13 16:15:00+00:00,2024-10-13 17:15:00+00:00,216.92078125,1,5,True,NY      (16-22),Sunday,16
2024-10-13 17:30:00+00:00,2024-10-13 18:00:00+00:00,182.3153125,-1,3,True,NY      (16-22),Sunday,17
2024-10-13 18:15:00+00:00,2024-10-13 22:00:00+00:00,311.51453125,1,16,True,NY      (16-22),Sunday,18
2024-10-13 22:15:00+00:00,2024-10-13 23:00:00+00:00,138.385625,-1,4,True,Off     (22-00),Sunday,22
2024-10-13 23:15:00+00:00,2024-10-14 00:00:00+00:00,-13.059687499999995,1,4,False,Off     (22-00),Sunday,23
2024-10-14 00:15:00+00:00,2024-10-14 01:00:00+00:00,-4.6299999999999955,-1,4,False,Asia    (00-07),Monday,0
2024-10-14 01:15:00+00:00,2024-10-14 10:00:00+00:00,1085.6458854703524,1,36,True,Asia    (00-07),Monday,1
2024-10-14 10:15:00+00:00,2024-10-14 12:30:00+00:00,-18.614375000000003,-1,10,False,London  (07-12),Monday,10
2024-10-14 12:45:00+00:00,2024-10-14 23:15:00+00:00,634.0195489730535,1,43,True,Overlap (12-16),Monday,12
2024-10-14 23:30:00+00:00,2024-10-15 00:00:00+00:00,79.28015625,-1,3,True,Off     (22-00),Monday,23
2024-10-15 00:15:00+00:00,2024-10-15 00:15:00+00:00,167.58484375,1,1,True,Asia    (00-07),Tuesday,0
2024-10-15 00:30:00+00:00,2024-10-15 01:30:00+00:00,201.12,-1,5,True,Asia    (00-07),Tuesday,0
2024-10-15 01:45:00+00:00,2024-10-15 03:00:00+00:00,-122.38390625,1,6,False,Asia    (00-07),Tuesday,1
2024-10-15 03:15:00+00:00,2024-10-15 04:00:00+00:00,76.625859375,-1,4,True,Asia    (00-07),Tuesday,3
2024-10-15 04:15:00+00:00,2024-10-15 07:00:00+00:00,135.133671875,1,12,True,Asia    (00-07),Tuesday,4
2024-10-15 07:15:00+00:00,2024-10-15 12:00:00+00:00,165.848515625,-1,20,True,London  (07-12),Tuesday,7
2024-10-15 12:15:00+00:00,2024-10-15 13:45:00+00:00,984.5235006451206,1,7,True,Overlap (12-16),Tuesday,12
2024-10-15 14:00:00+00:00,2024-10-15 15:00:00+00:00,664.3412771864273,-1,5,True,Overlap (12-16),Tuesday,14
2024-10-15 15:15:00+00:00,2024-10-15 20:00:00+00:00,312.29227222399703,1,20,True,Overlap (12-16),Tuesday,15
2024-10-15 20:15:00+00:00,2024-10-15 21:00:00+00:00,200.98593275050155,-1,4,True,NY      (16-22),Tuesday,20
2024-10-15 21:15:00+00:00,2024-10-16 00:00:00+00:00,239.9287558005197,1,12,True,NY      (16-22),Tuesday,21
2024-10-16 00:15:00+00:00,2024-10-16 01:00:00+00:00,0.12390624999999744,-1,4,True,Asia    (00-07),Wednesday,0
2024-10-16 01:15:00+00:00,2024-10-16 01:30:00+00:00,143.3075,1,2,True,Asia    (00-07),Wednesday,1
2024-10-16 01:45:00+00:00,2024-10-16 07:00:00+00:00,196.3075,-1,22,True,Asia    (00-07),Wednesday,1
2024-10-16 07:15:00+00:00,2024-10-16 12:15:00+00:00,583.12,1,21,True,London  (07-12),Wednesday,7
2024-10-16 12:30:00+00:00,2024-10-16 14:15:00+00:00,118.94132687935954,-1,8,True,Overlap (12-16),Wednesday,12
2024-10-16 14:30:00+00:00,2024-10-16 18:00:00+00:00,43.77209413306842,1,15,True,Overlap (12-16),Wednesday,14
2024-10-16 18:15:00+00:00,2024-10-16 19:45:00+00:00,76.12,-1,7,True,NY      (16-22),Wednesday,18
2024-10-16 20:00:00+00:00,2024-10-16 20:00:00+00:00,55.26453125,1,1,True,NY      (16-22),Wednesday,20
2024-10-16 20:15:00+00:00,2024-10-16 21:00:00+00:00,113.12,-1,4,True,NY      (16-22),Wednesday,20
2024-10-16 21:15:00+00:00,2024-10-17 02:00:00+00:00,20.979375000000005,1,20,True,NY      (16-22),Wednesday,21
2024-10-17 02:15:00+00:00,2024-10-17 03:00:00+00:00,70.5184375,-1,4,True,Asia    (00-07),Thursday,2
2024-10-17 03:15:00+00:00,2024-10-17 04:00:00+00:00,-25.700312500000003,1,4,False,Asia    (00-07),Thursday,3
2024-10-17 04:15:00+00:00,2024-10-17 05:00:00+00:00,39.909062500000005,-1,4,True,Asia    (00-07),Thursday,4
2024-10-17 05:15:00+00:00,2024-10-17 05:30:00+00:00,-11.876093750000003,1,2,False,Asia    (00-07),Thursday,5
2024-10-17 05:45:00+00:00,2024-10-17 07:00:00+00:00,85.10828125,-1,6,True,Asia    (00-07),Thursday,5
2024-10-17 07:15:00+00:00,2024-10-17 09:00:00+00:00,102.10828125,1,8,True,London  (07-12),Thursday,7
2024-10-17 09:15:00+00:00,2024-10-17 10:15:00+00:00,146.12,-1,5,True,London  (07-12),Thursday,9
2024-10-17 10:30:00+00:00,2024-10-17 11:00:00+00:00,-25.641718749999995,1,3,False,London  (07-12),Thursday,10
2024-10-17 11:15:00+00:00,2024-10-17 12:00:00+00:00,62.358281250000005,-1,4,True,London  (07-12),Thursday,11
2024-10-17 12:15:00+00:00,2024-10-17 13:30:00+00:00,129.12,1,6,True,Overlap (12-16),Thursday,12
2024-10-17 13:45:00+00:00,2024-10-17 14:00:00+00:00,89.12,-1,2,True,Overlap (12-16),Thursday,13
2024-10-17 14:15:00+00:00,2024-10-17 16:00:00+00:00,136.40976350914764,1,8,True,Overlap (12-16),Thursday,14
2024-10-17 16:15:00+00:00,2024-10-17 19:45:00+00:00,217.54956302863894,-1,15,True,NY      (16-22),Thursday,16
2024-10-17 20:00:00+00:00,2024-10-17 23:45:00+00:00,276.010625,1,16,True,NY      (16-22),Thursday,20
2024-10-18 00:00:00+00:00,2024-10-18 00:45:00+00:00,88.7996875,-1,4,True,Asia    (00-07),Friday,0
2024-10-18 01:00:00+00:00,2024-10-18 03:00:00+00:00,345.9090625,1,9,True,Asia    (00-07),Friday,1
2024-10-18 03:15:00+00:00,2024-10-18 03:45:00+00:00,175.42078125,-1,3,True,Asia    (00-07),Friday,3
2024-10-18 04:00:00+00:00,2024-10-18 04:30:00+00:00,125.54578125,1,3,True,Asia    (00-07),Friday,4
2024-10-18 04:45:00+00:00,2024-10-18 04:45:00+00:00,31.885624999999997,-1,1,True,Asia    (00-07),Friday,4
2024-10-18 05:00:00+00:00,2024-10-18 08:45:00+00:00,74.9871875,1,16,True,Asia    (00-07),Friday,5
2024-10-18 09:00:00+00:00,2024-10-18 09:45:00+00:00,45.3465625,-1,4,True,London  (07-12),Friday,9
2024-10-18 10:00:00+00:00,2024-10-18 10:15:00+00:00,45.12,1,2,True,London  (07-12),Friday,10
2024-10-18 10:30:00+00:00,2024-10-18 12:15:00+00:00,87.9715625,-1,8,True,London  (07-12),Friday,10
2024-10-18 12:30:00+00:00,2024-10-18 17:00:00+00:00,545.8923212087884,1,19,True,Overlap (12-16),Friday,12
2024-10-18 17:15:00+00:00,2024-10-18 18:15:00+00:00,-11.910200715489466,-1,5,False,NY      (16-22),Friday,17
2024-10-18 18:30:00+00:00,2024-10-18 19:00:00+00:00,-12.684687500000003,1,3,False,NY      (16-22),Friday,18
2024-10-18 19:15:00+00:00,2024-10-19 07:30:00+00:00,248.2059375,-1,50,True,NY      (16-22),Friday,19
2024-10-19 07:45:00+00:00,2024-10-19 09:00:00+00:00,34.01453125,1,6,True,London  (07-12),Saturday,7
2024-10-19 09:15:00+00:00,2024-10-19 12:00:00+00:00,113.12390625,-1,12,True,London  (07-12),Saturday,9
2024-10-19 12:15:00+00:00,2024-10-19 17:45:00+00:00,-40.879999999999995,1,23,False,Overlap (12-16),Saturday,12
2024-10-19 18:00:00+00:00,2024-10-19 20:00:00+00:00,-59.27453125,-1,9,False,NY      (16-22),Saturday,18
2024-10-19 20:15:00+00:00,2024-10-19 21:15:00+00:00,52.08875,1,5,True,NY      (16-22),Saturday,20
2024-10-19 21:30:00+00:00,2024-10-19 21:45:00+00:00,46.26453125,-1,2,True,NY      (16-22),Saturday,21
2024-10-19 22:00:00+00:00,2024-10-20 00:00:00+00:00,93.90125,1,9,True,Off     (22-00),Saturday,22
2024-10-20 00:15:00+00:00,2024-10-20 01:30:00+00:00,120.12,-1,6,True,Asia    (00-07),Sunday,0
2024-10-20 01:45:00+00:00,2024-10-20 07:45:00+00:00,89.12390625,1,25,True,Asia    (00-07),Sunday,1
2024-10-20 08:00:00+00:00,2024-10-20 11:15:00+00:00,-43.493281249999995,-1,14,False,London  (07-12),Sunday,8
2024-10-20 11:30:00+00:00,2024-10-20 12:00:00+00:00,-21.012812500000003,1,3,False,London  (07-12),Sunday,11
2024-10-20 12:15:00+00:00,2024-10-20 12:45:00+00:00,62.42078125,-1,3,True,Overlap (12-16),Sunday,12
2024-10-20 13:00:00+00:00,2024-10-20 16:00:00+00:00,132.9403125,1,13,True,Overlap (12-16),Sunday,13
2024-10-20 16:15:00+00:00,2024-10-20 17:15:00+00:00,10.123906249999997,-1,5,True,NY      (16-22),Sunday,16
2024-10-20 17:30:00+00:00,2024-10-20 18:15:00+00:00,50.760625,1,4,True,NY      (16-22),Sunday,17
2024-10-20 18:30:00+00:00,2024-10-20 20:00:00+00:00,43.60046875,-1,7,True,NY      (16-22),Sunday,18
2024-10-20 20:15:00+00:00,2024-10-21 02:00:00+00:00,313.1746875,1,24,True,NY      (16-22),Sunday,20
2024-10-21 02:15:00+00:00,2024-10-21 03:00:00+00:00,260.5496875,-1,4,True,Asia    (00-07),Monday,2
2024-10-21 03:15:00+00:00,2024-10-21 05:00:00+00:00,155.34265625,1,8,True,Asia    (00-07),Monday,3
2024-10-21 05:15:00+00:00,2024-10-21 08:45:00+00:00,321.3934375,-1,15,True,Asia    (00-07),Monday,5
2024-10-21 09:00:00+00:00,2024-10-21 10:15:00+00:00,31.389531250000005,1,6,True,London  (07-12),Monday,9
2024-10-21 10:30:00+00:00,2024-10-21 15:15:00+00:00,694.414110990333,-1,20,True,London  (07-12),Monday,10
2024-10-21 15:30:00+00:00,2024-10-21 20:00:00+00:00,301.6068729104368,1,19,True,Overlap (12-16),Monday,15
2024-10-21 20:15:00+00:00,2024-10-22 01:00:00+00:00,173.541875,-1,20,True,NY      (16-22),Monday,20
2024-10-22 01:15:00+00:00,2024-10-22 02:00:00+00:00,153.8309375,1,4,True,Asia    (00-07),Tuesday,1
2024-10-22 02:15:00+00:00,2024-10-22 03:15:00+00:00,102.41296875,-1,5,True,Asia    (00-07),Tuesday,2
2024-10-22 03:30:00+00:00,2024-10-22 06:15:00+00:00,174.12390625,1,12,True,Asia    (00-07),Tuesday,3
2024-10-22 06:30:00+00:00,2024-10-22 09:15:00+00:00,441.135625,-1,12,True,Asia    (00-07),Tuesday,6
2024-10-22 09:30:00+00:00,2024-10-22 11:00:00+00:00,238.135625,1,7,True,London  (07-12),Tuesday,9
2024-10-22 11:15:00+00:00,2024-10-22 12:30:00+00:00,220.96375,-1,6,True,London  (07-12),Tuesday,11
2024-10-22 12:45:00+00:00,2024-10-22 15:00:00+00:00,264.5155845436326,1,10,True,Overlap (12-16),Tuesday,12
2024-10-22 15:15:00+00:00,2024-10-22 16:15:00+00:00,173.91094855231836,-1,5,True,Overlap (12-16),Tuesday,15
2024-10-22 16:30:00+00:00,2024-10-22 20:45:00+00:00,217.29987493996384,1,18,True,NY      (16-22),Tuesday,16
2024-10-22 21:00:00+00:00,2024-10-23 03:15:00+00:00,273.81140625,-1,26,True,NY      (16-22),Tuesday,21
2024-10-23 03:30:00+00:00,2024-10-23 03:30:00+00:00,21.807499999999997,1,1,True,Asia    (00-07),Wednesday,3
2024-10-23 03:45:00+00:00,2024-10-23 09:00:00+00:00,391.81921875,-1,22,True,Asia    (00-07),Wednesday,3
2024-10-23 09:15:00+00:00,2024-10-23 10:00:00+00:00,135.81921875,1,4,True,London  (07-12),Wednesday,9
2024-10-23 10:15:00+00:00,2024-10-23 12:00:00+00:00,68.21765625,-1,8,True,London  (07-12),Wednesday,10
2024-10-23 12:15:00+00:00,2024-10-23 12:45:00+00:00,18.580937500000005,1,3,True,Overlap (12-16),Wednesday,12
2024-10-23 13:00:00+00:00,2024-10-23 13:00:00+00:00,-61.43078125,-1,1,False,Overlap (12-16),Wednesday,13
2024-10-23 13:15:00+00:00,2024-10-23 14:00:00+00:00,-1.2940624999999955,1,4,False,Overlap (12-16),Wednesday,13
2024-10-23 14:15:00+00:00,2024-10-23 15:30:00+00:00,259.6121875,-1,6,True,Overlap (12-16),Wednesday,14
2024-10-23 15:45:00+00:00,2024-10-23 21:00:00+00:00,247.6227328768673,1,22,True,Overlap (12-16),Wednesday,15
2024-10-23 21:15:00+00:00,2024-10-23 21:30:00+00:00,69.47234907004444,-1,2,True,NY      (16-22),Wednesday,21
2024-10-23 21:45:00+00:00,2024-10-24 02:45:00+00:00,499.9403125,1,21,True,NY      (16-22),Wednesday,21
2024-10-24 03:00:00+00:00,2024-10-24 03:45:00+00:00,108.35828125,-1,4,True,Asia    (00-07),Thursday,3
2024-10-24 04:00:00+00:00,2024-10-24 04:45:00+00:00,69.635625,1,4,True,Asia    (00-07),Thursday,4
2024-10-24 05:00:00+00:00,2024-10-24 07:45:00+00:00,114.6746875,-1,12,True,Asia    (00-07),Thursday,5
2024-10-24 08:00:00+00:00,2024-10-24 14:30:00+00:00,355.1590625,1,27,True,London  (07-12),Thursday,8
2024-10-24 14:45:00+00:00,2024-10-24 16:00:00+00:00,188.9462500411523,-1,6,True,Overlap (12-16),Thursday,14
2024-10-24 16:15:00+00:00,2024-10-24 20:00:00+00:00,380.21778537489115,1,16,True,NY      (16-22),Thursday,16
2024-10-24 20:15:00+00:00,2024-10-25 01:00:00+00:00,158.0028125,-1,20,True,NY      (16-22),Thursday,20
2024-10-25 01:15:00+00:00,2024-10-25 02:15:00+00:00,34.6746875,1,5,True,Asia    (00-07),Friday,1
2024-10-25 02:30:00+00:00,2024-10-25 07:15:00+00:00,317.49109375,-1,20,True,Asia    (00-07),Friday,2
2024-10-25 07:30:00+00:00,2024-10-25 12:00:00+00:00,408.60046875,1,19,True,London  (07-12),Friday,7
2024-10-25 12:15:00+00:00,2024-10-25 13:15:00+00:00,55.49890625,-1,5,True,Overlap (12-16),Friday,12
2024-10-25 13:30:00+00:00,2024-10-25 14:00:00+00:00,204.51453125,1,3,True,Overlap (12-16),Friday,13
2024-10-25 14:15:00+00:00,2024-10-25 23:00:00+00:00,1196.8086643170916,-1,36,True,Overlap (12-16),Friday,14
2024-10-25 23:15:00+00:00,2024-10-26 00:00:00+00:00,301.47763599260094,1,4,True,Off     (22-00),Friday,23
2024-10-26 00:15:00+00:00,2024-10-26 02:00:00+00:00,22.046740341012054,-1,8,True,Asia    (00-07),Saturday,0
2024-10-26 02:15:00+00:00,2024-10-26 10:15:00+00:00,266.9399916885737,1,33,True,Asia    (00-07),Saturday,2
2024-10-26 10:30:00+00:00,2024-10-26 10:30:00+00:00,55.11609375,-1,1,True,London  (07-12),Saturday,10
2024-10-26 10:45:00+00:00,2024-10-26 12:00:00+00:00,11.303593749999997,1,6,True,London  (07-12),Saturday,10
2024-10-26 12:15:00+00:00,2024-10-26 14:30:00+00:00,122.3075,-1,10,True,Overlap (12-16),Saturday,12
2024-10-26 14:45:00+00:00,2024-10-26 15:30:00+00:00,75.47546875,1,4,True,Overlap (12-16),Saturday,14
2024-10-26 15:45:00+00:00,2024-10-26 16:00:00+00:00,64.8075,-1,2,True,Overlap (12-16),Saturday,15
2024-10-26 16:15:00+00:00,2024-10-26 20:15:00+00:00,252.17078125,1,17,True,NY      (16-22),Saturday,16
2024-10-26 20:30:00+00:00,2024-10-27 00:00:00+00:00,150.3309375,-1,15,True,NY      (16-22),Saturday,20
2024-10-27 00:15:00+00:00,2024-10-27 04:00:00+00:00,88.5653125,1,16,True,Asia    (00-07),Sunday,0
2024-10-27 04:15:00+00:00,2024-10-27 11:00:00+00:00,74.06921875,-1,28,True,Asia    (00-07),Sunday,4
2024-10-27 11:15:00+00:00,2024-10-28 00:00:00+00:00,483.10828125,1,52,True,London  (07-12),Sunday,11
2024-10-28 00:15:00+00:00,2024-10-28 02:00:00+00:00,144.52234375,-1,8,True,Asia    (00-07),Monday,0
2024-10-28 02:15:00+00:00,2024-10-28 03:00:00+00:00,77.6903125,1,4,True,Asia    (00-07),Monday,2
2024-10-28 03:15:00+00:00,2024-10-28 04:00:00+00:00,47.280156250000005,-1,4,True,Asia    (00-07),Monday,3
2024-10-28 04:15:00+00:00,2024-10-28 12:15:00+00:00,546.66296875,1,33,True,Asia    (00-07),Monday,4
2024-10-28 12:30:00+00:00,2024-10-28 16:15:00+00:00,53.020331369050794,-1,16,True,Overlap (12-16),Monday,12
2024-10-28 16:30:00+00:00,2024-10-29 03:00:00+00:00,1230.576931830597,1,43,True,NY      (16-22),Monday,16
2024-10-29 03:15:00+00:00,2024-10-29 09:00:00+00:00,-1.049727488937151,-1,24,False,Asia    (00-07),Tuesday,3
2024-10-29 09:15:00+00:00,2024-10-29 17:15:00+00:00,726.7155842885036,1,33,True,London  (07-12),Tuesday,9
2024-10-29 17:30:00+00:00,2024-10-29 18:00:00+00:00,38.76617040438553,-1,3,True,NY      (16-22),Tuesday,17
2024-10-29 18:15:00+00:00,2024-10-29 19:00:00+00:00,333.1365170836268,1,4,True,NY      (16-22),Tuesday,18
2024-10-29 19:15:00+00:00,2024-10-29 20:00:00+00:00,427.3284496760863,-1,4,True,NY      (16-22),Tuesday,19
2024-10-29 20:15:00+00:00,2024-10-30 00:00:00+00:00,13.699704334716252,1,16,True,NY      (16-22),Tuesday,20
2024-10-30 00:15:00+00:00,2024-10-30 09:00:00+00:00,43.830937500000005,-1,36,True,Asia    (00-07),Wednesday,0
2024-10-30 09:15:00+00:00,2024-10-30 10:00:00+00:00,53.416875,1,4,True,London  (07-12),Wednesday,9
2024-10-30 10:15:00+00:00,2024-10-30 12:30:00+00:00,295.49890625,-1,10,True,London  (07-12),Wednesday,10
2024-10-30 12:45:00+00:00,2024-10-30 16:00:00+00:00,-5.254818090974766,1,14,False,Overlap (12-16),Wednesday,12
2024-10-30 16:15:00+00:00,2024-10-30 20:00:00+00:00,-31.954932806571904,-1,16,False,NY      (16-22),Wednesday,16
2024-10-30 20:15:00+00:00,2024-10-30 21:00:00+00:00,271.73255723287576,1,4,True,NY      (16-22),Wednesday,20
2024-10-30 21:15:00+00:00,2024-10-30 21:30:00+00:00,103.00409002777174,-1,2,True,NY      (16-22),Wednesday,21
2024-10-30 21:45:00+00:00,2024-10-31 03:00:00+00:00,125.30763389911462,1,22,True,NY      (16-22),Wednesday,21
2024-10-31 03:15:00+00:00,2024-10-31 05:00:00+00:00,137.6590625,-1,8,True,Asia    (00-07),Thursday,3
2024-10-31 05:15:00+00:00,2024-10-31 08:00:00+00:00,23.120000000000005,1,12,True,Asia    (00-07),Thursday,5
2024-10-31 08:15:00+00:00,2024-10-31 08:15:00+00:00,31.116093749999997,-1,1,True,London  (07-12),Thursday,8
2024-10-31 08:30:00+00:00,2024-10-31 08:45:00+00:00,11.139531249999997,1,2,True,London  (07-12),Thursday,8
2024-10-31 09:00:00+00:00,2024-10-31 10:00:00+00:00,-38.24328125,-1,5,False,London  (07-12),Thursday,9
2024-10-31 10:15:00+00:00,2024-10-31 10:45:00+00:00,143.37,1,3,True,London  (07-12),Thursday,10
2024-10-31 11:00:00+00:00,2024-10-31 18:15:00+00:00,1095.5080082621653,-1,30,True,London  (07-12),Thursday,11
2024-10-31 18:30:00+00:00,2024-10-31 19:00:00+00:00,157.6324642807412,1,3,True,NY      (16-22),Thursday,18
2024-10-31 19:15:00+00:00,2024-10-31 20:00:00+00:00,302.3690933063437,-1,4,True,NY      (16-22),Thursday,19
2024-10-31 20:15:00+00:00,2024-10-31 23:00:00+00:00,180.43889782168156,1,12,True,NY      (16-22),Thursday,20
2024-10-31 23:15:00+00:00,2024-11-01 02:30:00+00:00,574.1528883410449,-1,14,True,Off     (22-00),Thursday,23
2024-11-01 02:45:00+00:00,2024-11-01 03:15:00+00:00,114.61379306884028,1,3,True,Asia    (00-07),Friday,2
2024-11-01 03:30:00+00:00,2024-11-01 07:00:00+00:00,250.0586152239383,-1,15,True,Asia    (00-07),Friday,3
2024-11-01 07:15:00+00:00,2024-11-01 11:15:00+00:00,528.68640625,1,17,True,London  (07-12),Friday,7
2024-11-01 11:30:00+00:00,2024-11-01 13:00:00+00:00,-22.297968749999995,-1,7,False,London  (07-12),Friday,11
2024-11-01 13:15:00+00:00,2024-11-01 13:30:00+00:00,190.30693255108403,1,2,True,Overlap (12-16),Friday,13
2024-11-01 13:45:00+00:00,2024-11-01 15:45:00+00:00,255.3409979615767,-1,9,True,Overlap (12-16),Friday,13
2024-11-01 16:00:00+00:00,2024-11-02 02:00:00+00:00,215.18336602896625,1,41,True,NY      (16-22),Friday,16
2024-11-02 02:15:00+00:00,2024-11-02 02:45:00+00:00,27.139531250000005,-1,3,True,Asia    (00-07),Saturday,2
2024-11-02 03:00:00+00:00,2024-11-02 08:00:00+00:00,19.143437499999997,1,21,True,Asia    (00-07),Saturday,3
2024-11-02 08:15:00+00:00,2024-11-02 10:00:00+00:00,109.1278125,-1,8,True,London  (07-12),Saturday,8
2024-11-02 10:15:00+00:00,2024-11-02 11:15:00+00:00,59.12390625,1,5,True,London  (07-12),Saturday,10
2024-11-02 11:30:00+00:00,2024-11-02 14:00:00+00:00,145.4715625,-1,11,True,London  (07-12),Saturday,11
2024-11-02 14:15:00+00:00,2024-11-02 22:30:00+00:00,79.760625,1,34,True,Overlap (12-16),Saturday,14
2024-11-02 22:45:00+00:00,2024-11-02 23:15:00+00:00,147.40515625,-1,3,True,Off     (22-00),Saturday,22
2024-11-02 23:30:00+00:00,2024-11-03 00:00:00+00:00,82.12,1,3,True,Off     (22-00),Saturday,23
2024-11-03 00:15:00+00:00,2024-11-03 06:00:00+00:00,459.7996875,-1,24,True,Asia    (00-07),Sunday,0
2024-11-03 06:15:00+00:00,2024-11-03 09:00:00+00:00,36.452031250000005,1,12,True,Asia    (00-07),Sunday,6
2024-11-03 09:15:00+00:00,2024-11-03 10:00:00+00:00,50.405156250000005,-1,4,True,London  (07-12),Sunday,9
2024-11-03 10:15:00+00:00,2024-11-03 11:15:00+00:00,37.748906250000005,1,5,True,London  (07-12),Sunday,10
2024-11-03 11:30:00+00:00,2024-11-03 11:30:00+00:00,32.104375,-1,1,True,London  (07-12),Sunday,11
2024-11-03 11:45:00+00:00,2024-11-03 12:45:00+00:00,27.127812499999997,1,5,True,London  (07-12),Sunday,11
2024-11-03 13:00:00+00:00,2024-11-03 15:00:00+00:00,361.1434375,-1,9,True,Overlap (12-16),Sunday,13
2024-11-03 15:15:00+00:00,2024-11-03 21:15:00+00:00,750.7997506916778,1,25,True,Overlap (12-16),Sunday,15
2024-11-03 21:30:00+00:00,2024-11-03 23:00:00+00:00,271.1121875,-1,7,True,NY      (16-22),Sunday,21
2024-11-03 23:15:00+00:00,2024-11-04 03:00:00+00:00,204.33473335292354,1,16,True,Off     (22-00),Sunday,23
2024-11-04 03:15:00+00:00,2024-11-04 09:30:00+00:00,261.12390625,-1,26,True,Asia    (00-07),Monday,3
2024-11-04 09:45:00+00:00,2024-11-04 13:00:00+00:00,238.23328125,1,14,True,London  (07-12),Monday,9
2024-11-04 13:15:00+00:00,2024-11-04 15:00:00+00:00,433.448125,-1,8,True,Overlap (12-16),Monday,13
2024-11-04 15:15:00+00:00,2024-11-04 16:00:00+00:00,182.25121059818744,1,4,True,Overlap (12-16),Monday,15
2024-11-04 16:15:00+00:00,2024-11-04 22:00:00+00:00,470.16622114327697,-1,24,True,NY      (16-22),Monday,16
2024-11-04 22:15:00+00:00,2024-11-05 02:00:00+00:00,129.73100890115612,1,16,True,Off     (22-00),Monday,22
2024-11-05 02:15:00+00:00,2024-11-05 03:00:00+00:00,-32.2940625,-1,4,False,Asia    (00-07),Tuesday,2
2024-11-05 03:15:00+00:00,2024-11-05 09:00:00+00:00,455.4559375,1,24,True,Asia    (00-07),Tuesday,3
2024-11-05 09:15:00+00:00,2024-11-05 12:00:00+00:00,85.385625,-1,12,True,London  (07-12),Tuesday,9
2024-11-05 12:15:00+00:00,2024-11-05 16:30:00+00:00,598.9611291455419,1,18,True,Overlap (12-16),Tuesday,12
2024-11-05 16:45:00+00:00,2024-11-05 18:00:00+00:00,100.52556189944464,-1,6,True,NY      (16-22),Tuesday,16
2024-11-05 18:15:00+00:00,2024-11-05 18:45:00+00:00,150.28119478394714,1,3,True,NY      (16-22),Tuesday,18
2024-11-05 19:00:00+00:00,2024-11-05 19:45:00+00:00,439.80434381458963,-1,4,True,NY      (16-22),Tuesday,19
2024-11-05 20:00:00+00:00,2024-11-06 04:00:00+00:00,1519.7245636127893,1,33,True,NY      (16-22),Tuesday,20
2024-11-06 04:15:00+00:00,2024-11-06 07:45:00+00:00,240.29553969095875,-1,15,True,Asia    (00-07),Wednesday,4
2024-11-06 08:00:00+00:00,2024-11-06 12:00:00+00:00,338.3119426961831,1,17,True,London  (07-12),Wednesday,8
2024-11-06 12:15:00+00:00,2024-11-06 15:30:00+00:00,165.70490898682294,-1,14,True,Overlap (12-16),Wednesday,12
2024-11-06 15:45:00+00:00,2024-11-06 20:15:00+00:00,550.0132949204266,1,19,True,Overlap (12-16),Wednesday,15
2024-11-06 20:30:00+00:00,2024-11-07 06:00:00+00:00,573.4799003772696,-1,39,True,NY      (16-22),Wednesday,20
2024-11-07 06:15:00+00:00,2024-11-07 07:00:00+00:00,195.42859375,1,4,True,Asia    (00-07),Thursday,6
2024-11-07 07:15:00+00:00,2024-11-07 10:15:00+00:00,-23.696406249999995,-1,13,False,London  (07-12),Thursday,7
2024-11-07 10:30:00+00:00,2024-11-07 11:00:00+00:00,39.905156250000005,1,3,True,London  (07-12),Thursday,10
2024-11-07 11:15:00+00:00,2024-11-07 12:00:00+00:00,-20.266718749999995,-1,4,False,London  (07-12),Thursday,11
2024-11-07 12:15:00+00:00,2024-11-07 16:15:00+00:00,314.78060305897736,1,17,True,Overlap (12-16),Thursday,12
2024-11-07 16:30:00+00:00,2024-11-07 18:00:00+00:00,-170.80254578248596,-1,7,False,NY      (16-22),Thursday,16
2024-11-07 18:15:00+00:00,2024-11-07 19:45:00+00:00,150.51333560848767,1,7,True,NY      (16-22),Thursday,18
2024-11-07 20:00:00+00:00,2024-11-07 22:00:00+00:00,306.8079633087336,-1,9,True,NY      (16-22),Thursday,20
2024-11-07 22:15:00+00:00,2024-11-07 22:45:00+00:00,73.96542031179382,1,3,True,Off     (22-00),Thursday,22
2024-11-07 23:00:00+00:00,2024-11-08 01:45:00+00:00,-71.45174981199082,-1,12,False,Off     (22-00),Thursday,23
2024-11-08 02:00:00+00:00,2024-11-08 02:45:00+00:00,-151.2628125,1,4,False,Asia    (00-07),Friday,2
2024-11-08 03:00:00+00:00,2024-11-08 03:00:00+00:00,-84.3096875,-1,1,False,Asia    (00-07),Friday,3
2024-11-08 03:15:00+00:00,2024-11-08 08:15:00+00:00,7.1512500000000045,1,21,True,Asia    (00-07),Friday,3
2024-11-08 08:30:00+00:00,2024-11-08 10:00:00+00:00,4.1317187500000045,-1,7,True,London  (07-12),Friday,8
2024-11-08 10:15:00+00:00,2024-11-08 10:45:00+00:00,172.08875,1,3,True,London  (07-12),Friday,10
2024-11-08 11:00:00+00:00,2024-11-08 12:00:00+00:00,114.40515625,-1,5,True,London  (07-12),Friday,11
2024-11-08 12:15:00+00:00,2024-11-08 14:00:00+00:00,17.073124999999997,1,8,True,Overlap (12-16),Friday,12
2024-11-08 14:15:00+00:00,2024-11-08 14:45:00+00:00,126.77625,-1,3,True,Overlap (12-16),Friday,14
2024-11-08 15:00:00+00:00,2024-11-08 16:00:00+00:00,274.5434400159507,1,5,True,Overlap (12-16),Friday,15
2024-11-08 16:15:00+00:00,2024-11-08 17:00:00+00:00,175.23490675998184,-1,4,True,NY      (16-22),Friday,16
2024-11-08 17:15:00+00:00,2024-11-08 19:30:00+00:00,479.5607158473427,1,10,True,NY      (16-22),Friday,17
2024-11-08 19:45:00+00:00,2024-11-08 22:45:00+00:00,318.3852605323267,-1,13,True,NY      (16-22),Friday,19
2024-11-08 23:00:00+00:00,2024-11-09 00:00:00+00:00,97.49109375,1,5,True,Off     (22-00),Friday,23
2024-11-09 00:15:00+00:00,2024-11-09 02:00:00+00:00,170.35828125,-1,8,True,Asia    (00-07),Saturday,0
2024-11-09 02:15:00+00:00,2024-11-09 03:45:00+00:00,44.162968750000005,1,7,True,Asia    (00-07),Saturday,2
2024-11-09 04:00:00+00:00,2024-11-09 05:00:00+00:00,-47.08703125,-1,5,False,Asia    (00-07),Saturday,4
2024-11-09 05:15:00+00:00,2024-11-09 06:00:00+00:00,132.57703125,1,4,True,Asia    (00-07),Saturday,5
2024-11-09 06:15:00+00:00,2024-11-09 07:00:00+00:00,93.5184375,-1,4,True,Asia    (00-07),Saturday,6
2024-11-09 07:15:00+00:00,2024-11-09 08:30:00+00:00,59.166875,1,6,True,London  (07-12),Saturday,7
2024-11-09 08:45:00+00:00,2024-11-09 11:15:00+00:00,115.8934375,-1,11,True,London  (07-12),Saturday,8
2024-11-09 11:30:00+00:00,2024-11-09 12:00:00+00:00,-3.6495312500000026,1,3,False,London  (07-12),Saturday,11
2024-11-09 12:15:00+00:00,2024-11-09 13:15:00+00:00,14.952031249999997,-1,5,True,Overlap (12-16),Saturday,12
2024-11-09 13:30:00+00:00,2024-11-09 15:30:00+00:00,2.7137499999999974,1,9,True,Overlap (12-16),Saturday,13
2024-11-09 15:45:00+00:00,2024-11-09 17:00:00+00:00,238.72546875,-1,6,True,Overlap (12-16),Saturday,15
2024-11-09 17:15:00+00:00,2024-11-09 19:00:00+00:00,303.45984375,1,8,True,NY      (16-22),Saturday,17
2024-11-09 19:15:00+00:00,2024-11-09 20:00:00+00:00,91.1903125,-1,4,True,NY      (16-22),Saturday,19
2024-11-09 20:15:00+00:00,2024-11-10 05:15:00+00:00,1393.1268398287798,1,37,True,NY      (16-22),Saturday,20
2024-11-10 05:30:00+00:00,2024-11-10 05:45:00+00:00,168.1197058420838,-1,2,True,Asia    (00-07),Sunday,5
2024-11-10 06:00:00+00:00,2024-11-10 06:00:00+00:00,15.228426489642912,1,1,True,Asia    (00-07),Sunday,6
2024-11-10 06:15:00+00:00,2024-11-10 06:30:00+00:00,116.05143690169959,-1,2,True,Asia    (00-07),Sunday,6
2024-11-10 06:45:00+00:00,2024-11-10 12:00:00+00:00,294.32239861827713,1,22,True,Asia    (00-07),Sunday,6
2024-11-10 12:15:00+00:00,2024-11-10 14:30:00+00:00,-2.444453081445374,-1,10,False,Overlap (12-16),Sunday,12
2024-11-10 14:45:00+00:00,2024-11-10 18:00:00+00:00,614.8913307340117,1,14,True,Overlap (12-16),Sunday,14
2024-11-10 18:15:00+00:00,2024-11-10 18:45:00+00:00,66.8648169802251,-1,3,True,NY      (16-22),Sunday,18
2024-11-10 19:00:00+00:00,2024-11-10 19:00:00+00:00,45.16224387504204,1,1,True,NY      (16-22),Sunday,19
2024-11-10 19:15:00+00:00,2024-11-10 21:00:00+00:00,600.3043978406395,-1,8,True,NY      (16-22),Sunday,19
2024-11-10 21:15:00+00:00,2024-11-11 04:00:00+00:00,744.0675432272085,1,28,True,NY      (16-22),Sunday,21
2024-11-11 04:15:00+00:00,2024-11-11 06:00:00+00:00,255.004367519494,-1,8,True,Asia    (00-07),Monday,4
2024-11-11 06:15:00+00:00,2024-11-11 19:15:00+00:00,1538.997904590057,1,53,True,Asia    (00-07),Monday,6
2024-11-11 19:30:00+00:00,2024-11-11 20:45:00+00:00,-188.9169959063691,-1,6,False,NY      (16-22),Monday,19
2024-11-11 21:00:00+00:00,2024-11-12 00:30:00+00:00,201.7317566749298,1,15,True,NY      (16-22),Monday,21
2024-11-12 00:45:00+00:00,2024-11-12 03:15:00+00:00,54.248659323134426,-1,11,True,Asia    (00-07),Tuesday,0
2024-11-12 03:30:00+00:00,2024-11-12 07:00:00+00:00,551.220121059841,1,15,True,Asia    (00-07),Tuesday,3
2024-11-12 07:15:00+00:00,2024-11-12 10:30:00+00:00,844.7903905905501,-1,14,True,London  (07-12),Tuesday,7
2024-11-12 10:45:00+00:00,2024-11-12 10:45:00+00:00,91.87502250958347,1,1,True,London  (07-12),Tuesday,10
2024-11-12 11:00:00+00:00,2024-11-12 11:45:00+00:00,-67.38519138016903,-1,4,False,London  (07-12),Tuesday,11
2024-11-12 12:00:00+00:00,2024-11-12 12:00:00+00:00,77.09380483715576,1,1,True,Overlap (12-16),Tuesday,12
2024-11-12 12:15:00+00:00,2024-11-12 12:45:00+00:00,195.76672803791385,-1,3,True,Overlap (12-16),Tuesday,12
2024-11-12 13:00:00+00:00,2024-11-12 15:00:00+00:00,177.94259528911854,1,9,True,Overlap (12-16),Tuesday,13
2024-11-12 15:15:00+00:00,2024-11-12 16:00:00+00:00,265.7478820193624,-1,4,True,Overlap (12-16),Tuesday,15
2024-11-12 16:15:00+00:00,2024-11-12 17:30:00+00:00,294.3605969832848,1,6,True,NY      (16-22),Tuesday,16
2024-11-12 17:45:00+00:00,2024-11-12 18:00:00+00:00,-15.286044801689599,-1,2,False,NY      (16-22),Tuesday,17
2024-11-12 18:15:00+00:00,2024-11-12 20:15:00+00:00,348.5969894044869,1,9,True,NY      (16-22),Tuesday,18
2024-11-12 20:30:00+00:00,2024-11-12 21:30:00+00:00,206.88323040009976,-1,5,True,NY      (16-22),Tuesday,20
2024-11-12 21:45:00+00:00,2024-11-12 22:30:00+00:00,8.081956259996048,1,4,True,NY      (16-22),Tuesday,21
2024-11-12 22:45:00+00:00,2024-11-13 04:15:00+00:00,305.9097673205015,-1,23,True,Off     (22-00),Tuesday,22
2024-11-13 04:30:00+00:00,2024-11-13 05:15:00+00:00,32.416585177457804,1,4,True,Asia    (00-07),Wednesday,4
2024-11-13 05:30:00+00:00,2024-11-13 05:45:00+00:00,172.43017684399416,-1,2,True,Asia    (00-07),Wednesday,5
2024-11-13 06:00:00+00:00,2024-11-13 16:00:00+00:00,1672.032801333876,1,41,True,Asia    (00-07),Wednesday,6
2024-11-13 16:15:00+00:00,2024-11-13 19:30:00+00:00,388.99143213992556,-1,14,True,NY      (16-22),Wednesday,16
2024-11-13 19:45:00+00:00,2024-11-14 01:45:00+00:00,-13.866642875254314,1,25,False,NY      (16-22),Wednesday,19
2024-11-14 02:00:00+00:00,2024-11-14 04:15:00+00:00,176.29261366780622,-1,10,True,Asia    (00-07),Thursday,2
2024-11-14 04:30:00+00:00,2024-11-14 06:00:00+00:00,118.1693115384482,1,7,True,Asia    (00-07),Thursday,4
2024-11-14 06:15:00+00:00,2024-11-14 07:00:00+00:00,154.12833828218882,-1,4,True,Asia    (00-07),Thursday,6
2024-11-14 07:15:00+00:00,2024-11-14 08:00:00+00:00,549.5638519357481,1,4,True,London  (07-12),Thursday,7
2024-11-14 08:15:00+00:00,2024-11-14 09:00:00+00:00,215.20899424846252,-1,4,True,London  (07-12),Thursday,8
2024-11-14 09:15:00+00:00,2024-11-14 10:15:00+00:00,118.36299023895506,1,5,True,London  (07-12),Thursday,9
2024-11-14 10:30:00+00:00,2024-11-14 10:30:00+00:00,17.931573277851285,-1,1,True,London  (07-12),Thursday,10
2024-11-14 10:45:00+00:00,2024-11-14 12:00:00+00:00,129.12367316264385,1,6,True,London  (07-12),Thursday,10
2024-11-14 12:15:00+00:00,2024-11-14 15:45:00+00:00,739.7077558260678,-1,15,True,Overlap (12-16),Thursday,12
2024-11-14 16:00:00+00:00,2024-11-14 20:00:00+00:00,-79.10229521051116,1,17,False,NY      (16-22),Thursday,16
2024-11-14 20:15:00+00:00,2024-11-15 01:00:00+00:00,92.75815383923612,-1,20,True,NY      (16-22),Thursday,20
2024-11-15 01:15:00+00:00,2024-11-15 04:00:00+00:00,30.850618744932227,1,12,True,Asia    (00-07),Friday,1
2024-11-15 04:15:00+00:00,2024-11-15 06:15:00+00:00,23.1268937534937,-1,9,True,Asia    (00-07),Friday,4
2024-11-15 06:30:00+00:00,2024-11-15 07:00:00+00:00,31.283048126104944,1,3,True,Asia    (00-07),Friday,6
2024-11-15 07:15:00+00:00,2024-11-15 08:00:00+00:00,210.20916659392373,-1,4,True,London  (07-12),Friday,7
2024-11-15 08:15:00+00:00,2024-11-15 12:00:00+00:00,1085.5077269973526,1,16,True,London  (07-12),Friday,8
2024-11-15 12:15:00+00:00,2024-11-15 13:15:00+00:00,310.58178484207417,-1,5,True,Overlap (12-16),Friday,12
2024-11-15 13:30:00+00:00,2024-11-15 14:00:00+00:00,43.926685336534916,1,3,True,Overlap (12-16),Friday,13
2024-11-15 14:15:00+00:00,2024-11-15 16:45:00+00:00,111.3255525414536,-1,11,True,Overlap (12-16),Friday,14
2024-11-15 17:00:00+00:00,2024-11-15 21:15:00+00:00,449.9829815969956,1,18,True,NY      (16-22),Friday,17
2024-11-15 21:30:00+00:00,2024-11-15 22:15:00+00:00,8.688902714754889,-1,4,True,NY      (16-22),Friday,21
2024-11-15 22:30:00+00:00,2024-11-15 22:30:00+00:00,53.72362301124089,1,1,True,Off     (22-00),Friday,22
2024-11-15 22:45:00+00:00,2024-11-15 22:45:00+00:00,53.25507415551764,-1,1,True,Off     (22-00),Friday,22
2024-11-15 23:00:00+00:00,2024-11-16 05:15:00+00:00,165.49691059138874,1,26,True,Off     (22-00),Friday,23
2024-11-16 05:30:00+00:00,2024-11-16 08:00:00+00:00,224.7840625,-1,11,True,Asia    (00-07),Saturday,5
2024-11-16 08:15:00+00:00,2024-11-16 09:00:00+00:00,142.12390625,1,4,True,London  (07-12),Saturday,8
2024-11-16 09:15:00+00:00,2024-11-16 12:15:00+00:00,274.479375,-1,13,True,London  (07-12),Saturday,9
2024-11-16 12:30:00+00:00,2024-11-16 12:30:00+00:00,43.854375,1,1,True,Overlap (12-16),Saturday,12
2024-11-16 12:45:00+00:00,2024-11-16 14:00:00+00:00,37.77892182770823,-1,6,True,Overlap (12-16),Saturday,12
2024-11-16 14:15:00+00:00,2024-11-16 15:45:00+00:00,-126.5709266013265,1,7,False,Overlap (12-16),Saturday,14
2024-11-16 16:00:00+00:00,2024-11-16 16:00:00+00:00,14.673908218346515,-1,1,True,NY      (16-22),Saturday,16
2024-11-16 16:15:00+00:00,2024-11-16 20:00:00+00:00,208.26716109772553,1,16,True,NY      (16-22),Saturday,16
2024-11-16 20:15:00+00:00,2024-11-16 23:15:00+00:00,217.08484375,-1,13,True,NY      (16-22),Saturday,20
2024-11-16 23:30:00+00:00,2024-11-17 00:15:00+00:00,112.87,1,4,True,Off     (22-00),Saturday,23
2024-11-17 00:30:00+00:00,2024-11-17 02:00:00+00:00,609.0088433698368,-1,7,True,Asia    (00-07),Sunday,0
2024-11-17 02:15:00+00:00,2024-11-17 03:45:00+00:00,308.5921802983056,1,7,True,Asia    (00-07),Sunday,2
2024-11-17 04:00:00+00:00,2024-11-17 04:15:00+00:00,-78.26579050121205,-1,2,False,Asia    (00-07),Sunday,4
2024-11-17 04:30:00+00:00,2024-11-17 05:00:00+00:00,117.26687115962147,1,3,True,Asia    (00-07),Sunday,4
2024-11-17 05:15:00+00:00,2024-11-17 06:00:00+00:00,134.21705032339858,-1,4,True,Asia    (00-07),Sunday,5
2024-11-17 06:15:00+00:00,2024-11-17 10:00:00+00:00,387.6448006985923,1,16,True,Asia    (00-07),Sunday,6
2024-11-17 10:15:00+00:00,2024-11-17 15:15:00+00:00,388.0577235338826,-1,21,True,London  (07-12),Sunday,10
2024-11-17 15:30:00+00:00,2024-11-17 15:30:00+00:00,31.52431440801448,1,1,True,Overlap (12-16),Sunday,15
2024-11-17 15:45:00+00:00,2024-11-17 15:45:00+00:00,79.92001178846277,-1,1,True,Overlap (12-16),Sunday,15
2024-11-17 16:00:00+00:00,2024-11-17 18:00:00+00:00,-10.84362790913211,1,9,False,NY      (16-22),Sunday,16
2024-11-17 18:15:00+00:00,2024-11-17 19:00:00+00:00,191.3311048747861,-1,4,True,NY      (16-22),Sunday,18
2024-11-17 19:15:00+00:00,2024-11-17 20:00:00+00:00,124.9882445434204,1,4,True,NY      (16-22),Sunday,19
2024-11-17 20:15:00+00:00,2024-11-17 22:00:00+00:00,347.6326129657062,-1,8,True,NY      (16-22),Sunday,20
2024-11-17 22:15:00+00:00,2024-11-18 00:45:00+00:00,193.8163266508425,1,11,True,Off     (22-00),Sunday,22
2024-11-18 01:00:00+00:00,2024-11-18 02:30:00+00:00,-277.4619763751798,-1,7,False,Asia    (00-07),Monday,1
2024-11-18 02:45:00+00:00,2024-11-18 07:00:00+00:00,657.9695490480149,1,18,True,Asia    (00-07),Monday,2
2024-11-18 07:15:00+00:00,2024-11-18 13:45:00+00:00,883.0092807003895,-1,27,True,London  (07-12),Monday,7
2024-11-18 14:00:00+00:00,2024-11-18 16:15:00+00:00,563.5521055652174,1,10,True,Overlap (12-16),Monday,14
2024-11-18 16:30:00+00:00,2024-11-18 19:00:00+00:00,369.89897408945245,-1,11,True,NY      (16-22),Monday,16
2024-11-18 19:15:00+00:00,2024-11-18 21:00:00+00:00,410.56509583497154,1,8,True,NY      (16-22),Monday,19
2024-11-18 21:15:00+00:00,2024-11-19 01:45:00+00:00,281.09381220106127,-1,19,True,NY      (16-22),Monday,21
2024-11-19 02:00:00+00:00,2024-11-19 09:00:00+00:00,446.8887325139996,1,29,True,Asia    (00-07),Tuesday,2
2024-11-19 09:15:00+00:00,2024-11-19 09:15:00+00:00,275.7711897019081,-1,1,True,London  (07-12),Tuesday,9
2024-11-19 09:30:00+00:00,2024-11-19 11:00:00+00:00,202.4006993352023,1,7,True,London  (07-12),Tuesday,9
2024-11-19 11:15:00+00:00,2024-11-19 12:00:00+00:00,-173.82285954387052,-1,4,False,London  (07-12),Tuesday,11
2024-11-19 12:15:00+00:00,2024-11-19 13:00:00+00:00,299.995594335041,1,4,True,Overlap (12-16),Tuesday,12
2024-11-19 13:15:00+00:00,2024-11-19 14:00:00+00:00,436.74111290695225,-1,4,True,Overlap (12-16),Tuesday,13
2024-11-19 14:15:00+00:00,2024-11-19 19:00:00+00:00,530.8383020370865,1,20,True,Overlap (12-16),Tuesday,14
2024-11-19 19:15:00+00:00,2024-11-19 23:00:00+00:00,510.5748199512324,-1,16,True,NY      (16-22),Tuesday,19
2024-11-19 23:15:00+00:00,2024-11-20 01:00:00+00:00,62.40332259032273,1,8,True,Off     (22-00),Tuesday,23
2024-11-20 01:15:00+00:00,2024-11-20 03:00:00+00:00,167.79979605968293,-1,8,True,Asia    (00-07),Wednesday,1
2024-11-20 03:15:00+00:00,2024-11-20 06:15:00+00:00,405.3620255731541,1,13,True,Asia    (00-07),Wednesday,3
2024-11-20 06:30:00+00:00,2024-11-20 07:15:00+00:00,-72.708125,-1,4,False,Asia    (00-07),Wednesday,6
2024-11-20 07:30:00+00:00,2024-11-20 09:00:00+00:00,377.8153125,1,7,True,London  (07-12),Wednesday,7
2024-11-20 09:15:00+00:00,2024-11-20 09:45:00+00:00,167.12,-1,3,True,London  (07-12),Wednesday,9
2024-11-20 10:00:00+00:00,2024-11-20 10:30:00+00:00,185.1121875,1,3,True,London  (07-12),Wednesday,10
2024-11-20 10:45:00+00:00,2024-11-20 10:45:00+00:00,95.86609375,-1,1,True,London  (07-12),Wednesday,10
2024-11-20 11:00:00+00:00,2024-11-20 17:00:00+00:00,322.2182528988122,1,25,True,London  (07-12),Wednesday,11
2024-11-20 17:15:00+00:00,2024-11-20 17:45:00+00:00,6.2526593276413465,-1,3,True,NY      (16-22),Wednesday,17
2024-11-20 18:00:00+00:00,2024-11-20 18:00:00+00:00,60.61791181021363,1,1,True,NY      (16-22),Wednesday,18
2024-11-20 18:15:00+00:00,2024-11-20 19:00:00+00:00,143.6650301689008,-1,4,True,NY      (16-22),Wednesday,18
2024-11-20 19:15:00+00:00,2024-11-20 20:30:00+00:00,223.82249367716034,1,6,True,NY      (16-22),Wednesday,19
2024-11-20 20:45:00+00:00,2024-11-20 21:00:00+00:00,103.02325709955272,-1,2,True,NY      (16-22),Wednesday,20
2024-11-20 21:15:00+00:00,2024-11-20 22:00:00+00:00,70.20763101294597,1,4,True,NY      (16-22),Wednesday,21
2024-11-20 22:15:00+00:00,2024-11-20 23:15:00+00:00,140.10724126537036,-1,5,True,Off     (22-00),Wednesday,22
2024-11-20 23:30:00+00:00,2024-11-21 05:00:00+00:00,1125.6143646366029,1,23,True,Off     (22-00),Wednesday,23
2024-11-21 05:15:00+00:00,2024-11-21 07:30:00+00:00,72.64327678122028,-1,10,True,Asia    (00-07),Thursday,5
2024-11-21 07:45:00+00:00,2024-11-21 11:00:00+00:00,480.48937544644184,1,14,True,London  (07-12),Thursday,7
2024-11-21 11:15:00+00:00,2024-11-21 13:15:00+00:00,418.53937551534426,-1,9,True,London  (07-12),Thursday,11
2024-11-21 13:30:00+00:00,2024-11-21 14:00:00+00:00,90.16363732407721,1,3,True,Overlap (12-16),Thursday,13
2024-11-21 14:15:00+00:00,2024-11-21 16:30:00+00:00,97.54246145272096,-1,10,True,Overlap (12-16),Thursday,14
2024-11-21 16:45:00+00:00,2024-11-21 19:00:00+00:00,381.03680104228215,1,10,True,NY      (16-22),Thursday,16
2024-11-21 19:15:00+00:00,2024-11-21 20:15:00+00:00,69.42696281012171,-1,5,True,NY      (16-22),Thursday,19
2024-11-21 20:30:00+00:00,2024-11-22 00:00:00+00:00,-104.86567038155732,1,15,False,NY      (16-22),Thursday,20
2024-11-22 00:15:00+00:00,2024-11-22 01:30:00+00:00,127.64807857237813,-1,6,True,Asia    (00-07),Friday,0
2024-11-22 01:45:00+00:00,2024-11-22 08:00:00+00:00,471.4400832901938,1,26,True,Asia    (00-07),Friday,1
2024-11-22 08:15:00+00:00,2024-11-22 09:15:00+00:00,261.9411634444115,-1,5,True,London  (07-12),Friday,8
2024-11-22 09:30:00+00:00,2024-11-22 09:45:00+00:00,100.05788540775102,1,2,True,London  (07-12),Friday,9
2024-11-22 10:00:00+00:00,2024-11-22 11:00:00+00:00,57.527386691003684,-1,5,True,London  (07-12),Friday,10
2024-11-22 11:15:00+00:00,2024-11-22 12:00:00+00:00,59.87944165036849,1,4,True,London  (07-12),Friday,11
2024-11-22 12:15:00+00:00,2024-11-22 15:00:00+00:00,372.1859116337634,-1,12,True,Overlap (12-16),Friday,12
2024-11-22 15:15:00+00:00,2024-11-22 17:00:00+00:00,280.87489219945576,1,8,True,Overlap (12-16),Friday,15
2024-11-22 17:15:00+00:00,2024-11-22 17:30:00+00:00,65.67636075130203,-1,2,True,NY      (16-22),Friday,17
2024-11-22 17:45:00+00:00,2024-11-22 19:00:00+00:00,112.68409456644227,1,6,True,NY      (16-22),Friday,17
2024-11-22 19:15:00+00:00,2024-11-22 19:45:00+00:00,30.345472647330666,-1,3,True,NY      (16-22),Friday,19
2024-11-22 20:00:00+00:00,2024-11-22 20:00:00+00:00,44.01926931082241,1,1,True,NY      (16-22),Friday,20
2024-11-22 20:15:00+00:00,2024-11-22 20:30:00+00:00,78.40820942895654,-1,2,True,NY      (16-22),Friday,20
2024-11-22 20:45:00+00:00,2024-11-22 22:00:00+00:00,-2.8116457849748713,1,6,False,NY      (16-22),Friday,20
2024-11-22 22:15:00+00:00,2024-11-23 12:00:00+00:00,169.16060727715058,-1,56,True,Off     (22-00),Friday,22
2024-11-23 12:15:00+00:00,2024-11-23 13:00:00+00:00,116.135625,1,4,True,Overlap (12-16),Saturday,12
2024-11-23 13:15:00+00:00,2024-11-23 14:00:00+00:00,118.8465625,-1,4,True,Overlap (12-16),Saturday,13
2024-11-23 14:15:00+00:00,2024-11-23 15:00:00+00:00,33.971562500000005,1,4,True,Overlap (12-16),Saturday,14
2024-11-23 15:15:00+00:00,2024-11-23 20:00:00+00:00,627.6196090189053,-1,20,True,Overlap (12-16),Saturday,15
2024-11-23 20:15:00+00:00,2024-11-23 22:00:00+00:00,273.61609375,1,8,True,NY      (16-22),Saturday,20
2024-11-23 22:15:00+00:00,2024-11-23 23:00:00+00:00,79.66296875,-1,4,True,Off     (22-00),Saturday,22
2024-11-23 23:15:00+00:00,2024-11-24 02:15:00+00:00,398.56140625,1,13,True,Off     (22-00),Saturday,23
2024-11-24 02:30:00+00:00,2024-11-24 02:30:00+00:00,21.092656249999997,-1,1,True,Asia    (00-07),Sunday,2
2024-11-24 02:45:00+00:00,2024-11-24 03:00:00+00:00,-41.80578125,1,2,False,Asia    (00-07),Sunday,2
2024-11-24 03:15:00+00:00,2024-11-24 04:00:00+00:00,89.11609375,-1,4,True,Asia    (00-07),Sunday,3
2024-11-24 04:15:00+00:00,2024-11-24 08:00:00+00:00,90.80359375,1,16,True,Asia    (00-07),Sunday,4
2024-11-24 08:15:00+00:00,2024-11-24 11:45:00+00:00,546.78796875,-1,15,True,London  (07-12),Sunday,8
2024-11-24 12:00:00+00:00,2024-11-24 12:00:00+00:00,25.420781249999997,1,1,True,Overlap (12-16),Sunday,12
2024-11-24 12:15:00+00:00,2024-11-24 14:00:00+00:00,240.96595584688575,-1,8,True,Overlap (12-16),Sunday,12
2024-11-24 14:15:00+00:00,2024-11-24 14:45:00+00:00,93.96307205892772,1,3,True,Overlap (12-16),Sunday,14
2024-11-24 15:00:00+00:00,2024-11-24 16:00:00+00:00,260.14976295720305,-1,5,True,Overlap (12-16),Sunday,15
2024-11-24 16:15:00+00:00,2024-11-24 23:15:00+00:00,896.981957624263,1,29,True,NY      (16-22),Sunday,16
2024-11-24 23:30:00+00:00,2024-11-25 03:00:00+00:00,170.8578856041999,-1,15,True,Off     (22-00),Sunday,23
2024-11-25 03:15:00+00:00,2024-11-25 04:00:00+00:00,215.65498752936801,1,4,True,Asia    (00-07),Monday,3
2024-11-25 04:15:00+00:00,2024-11-25 04:45:00+00:00,76.8952899717422,-1,3,True,Asia    (00-07),Monday,4
2024-11-25 05:00:00+00:00,2024-11-25 10:00:00+00:00,345.2684375,1,21,True,Asia    (00-07),Monday,5
2024-11-25 10:15:00+00:00,2024-11-25 14:45:00+00:00,1217.574174875899,-1,19,True,London  (07-12),Monday,10
2024-11-25 15:00:00+00:00,2024-11-25 16:15:00+00:00,160.75149899767626,1,6,True,Overlap (12-16),Monday,15
2024-11-25 16:30:00+00:00,2024-11-25 18:30:00+00:00,225.1478262215022,-1,9,True,NY      (16-22),Monday,16
2024-11-25 18:45:00+00:00,2024-11-25 19:15:00+00:00,12.098632573099408,1,3,True,NY      (16-22),Monday,18
2024-11-25 19:30:00+00:00,2024-11-25 22:00:00+00:00,240.82648784076147,-1,11,True,NY      (16-22),Monday,19
2024-11-25 22:15:00+00:00,2024-11-25 23:00:00+00:00,6.041877393875978,1,4,True,Off     (22-00),Monday,22
2024-11-25 23:15:00+00:00,2024-11-26 00:00:00+00:00,174.37717858828086,-1,4,True,Off     (22-00),Monday,23
2024-11-26 00:15:00+00:00,2024-11-26 04:30:00+00:00,166.1585711621228,1,18,True,Asia    (00-07),Tuesday,0
2024-11-26 04:45:00+00:00,2024-11-26 11:15:00+00:00,858.9684166584454,-1,27,True,Asia    (00-07),Tuesday,4
2024-11-26 11:30:00+00:00,2024-11-26 12:00:00+00:00,196.65454171592833,1,3,True,London  (07-12),Tuesday,11
2024-11-26 12:15:00+00:00,2024-11-26 12:30:00+00:00,97.58718734476777,-1,2,True,Overlap (12-16),Tuesday,12
2024-11-26 12:45:00+00:00,2024-11-26 15:30:00+00:00,248.48281692999672,1,12,True,Overlap (12-16),Tuesday,12
2024-11-26 15:45:00+00:00,2024-11-26 16:00:00+00:00,24.95483587513135,-1,2,True,Overlap (12-16),Tuesday,15
2024-11-26 16:15:00+00:00,2024-11-26 16:15:00+00:00,197.04005318710983,1,1,True,NY      (16-22),Tuesday,16
2024-11-26 16:30:00+00:00,2024-11-26 19:30:00+00:00,481.1636470216104,-1,13,True,NY      (16-22),Tuesday,16
2024-11-26 19:45:00+00:00,2024-11-27 03:00:00+00:00,296.65504585027224,1,30,True,NY      (16-22),Tuesday,19
2024-11-27 03:15:00+00:00,2024-11-27 04:45:00+00:00,123.6832200727381,-1,7,True,Asia    (00-07),Wednesday,3
2024-11-27 05:00:00+00:00,2024-11-27 11:00:00+00:00,536.1828177372894,1,25,True,Asia    (00-07),Wednesday,5
2024-11-27 11:15:00+00:00,2024-11-27 12:00:00+00:00,252.12390625,-1,4,True,London  (07-12),Wednesday,11
2024-11-27 12:15:00+00:00,2024-11-27 20:00:00+00:00,1275.326544790235,1,32,True,Overlap (12-16),Wednesday,12
2024-11-27 20:15:00+00:00,2024-11-28 00:00:00+00:00,394.4871160884933,-1,16,True,NY      (16-22),Wednesday,20
2024-11-28 00:15:00+00:00,2024-11-28 01:00:00+00:00,177.84015332861938,1,4,True,Asia    (00-07),Thursday,0
2024-11-28 01:15:00+00:00,2024-11-28 02:45:00+00:00,215.63769408274226,-1,7,True,Asia    (00-07),Thursday,1
2024-11-28 03:00:00+00:00,2024-11-28 05:00:00+00:00,-31.219666352265502,1,9,False,Asia    (00-07),Thursday,3
2024-11-28 05:15:00+00:00,2024-11-28 08:00:00+00:00,208.180717838768,-1,12,True,Asia    (00-07),Thursday,5
2024-11-28 08:15:00+00:00,2024-11-28 12:00:00+00:00,101.40084561920062,1,16,True,London  (07-12),Thursday,8
2024-11-28 12:15:00+00:00,2024-11-28 16:45:00+00:00,161.94837635095092,-1,19,True,Overlap (12-16),Thursday,12
2024-11-28 17:00:00+00:00,2024-11-28 23:15:00+00:00,436.4148516379189,1,26,True,NY      (16-22),Thursday,17
2024-11-28 23:30:00+00:00,2024-11-29 01:00:00+00:00,184.50902818236358,-1,7,True,Off     (22-00),Thursday,23
2024-11-29 01:15:00+00:00,2024-11-29 03:00:00+00:00,500.37078826884203,1,8,True,Asia    (00-07),Friday,1
2024-11-29 03:15:00+00:00,2024-11-29 06:00:00+00:00,280.0079911669425,-1,12,True,Asia    (00-07),Friday,3
2024-11-29 06:15:00+00:00,2024-11-29 07:00:00+00:00,124.5028125,1,4,True,Asia    (00-07),Friday,6
2024-11-29 07:15:00+00:00,2024-11-29 08:15:00+00:00,231.11609375,-1,5,True,London  (07-12),Friday,7
2024-11-29 08:30:00+00:00,2024-11-29 12:00:00+00:00,767.12390625,1,15,True,London  (07-12),Friday,8
2024-11-29 12:15:00+00:00,2024-11-29 13:00:00+00:00,217.75299623975295,-1,4,True,Overlap (12-16),Friday,12
2024-11-29 13:15:00+00:00,2024-11-29 16:00:00+00:00,543.6005182619563,1,12,True,Overlap (12-16),Friday,13
2024-11-29 16:15:00+00:00,2024-11-29 18:45:00+00:00,258.70169410733985,-1,11,True,NY      (16-22),Friday,16
2024-11-29 19:00:00+00:00,2024-11-29 22:00:00+00:00,60.340278800387196,1,13,True,NY      (16-22),Friday,19
2024-11-29 22:15:00+00:00,2024-11-29 23:00:00+00:00,48.42078125,-1,4,True,Off     (22-00),Friday,22
2024-11-29 23:15:00+00:00,2024-11-30 00:00:00+00:00,-15.969843749999995,1,4,False,Off     (22-00),Friday,23
2024-11-30 00:15:00+00:00,2024-11-30 02:30:00+00:00,333.30359375,-1,10,True,Asia    (00-07),Saturday,0
2024-11-30 02:45:00+00:00,2024-11-30 03:45:00+00:00,35.135625,1,5,True,Asia    (00-07),Saturday,2
2024-11-30 04:00:00+00:00,2024-11-30 05:00:00+00:00,-82.864375,-1,5,False,Asia    (00-07),Saturday,4
2024-11-30 05:15:00+00:00,2024-11-30 06:15:00+00:00,28.502812500000005,1,5,True,Asia    (00-07),Saturday,5
2024-11-30 06:30:00+00:00,2024-11-30 07:15:00+00:00,50.065312500000005,-1,4,True,Asia    (00-07),Saturday,6
2024-11-30 07:30:00+00:00,2024-11-30 08:30:00+00:00,69.9325,1,5,True,London  (07-12),Saturday,7
2024-11-30 08:45:00+00:00,2024-11-30 11:45:00+00:00,302.37,-1,13,True,London  (07-12),Saturday,8
2024-11-30 12:00:00+00:00,2024-11-30 13:00:00+00:00,170.1121875,1,5,True,Overlap (12-16),Saturday,12
2024-11-30 13:15:00+00:00,2024-11-30 14:00:00+00:00,9.498906250000005,-1,4,True,Overlap (12-16),Saturday,13
2024-11-30 14:15:00+00:00,2024-11-30 17:15:00+00:00,125.36609375,1,13,True,Overlap (12-16),Saturday,14
2024-11-30 17:30:00+00:00,2024-11-30 22:30:00+00:00,118.97546875,-1,21,True,NY      (16-22),Saturday,17
2024-11-30 22:45:00+00:00,2024-12-01 00:15:00+00:00,-15.176874999999995,1,7,False,Off     (22-00),Saturday,22
2024-12-01 00:30:00+00:00,2024-12-01 03:00:00+00:00,219.08295112798393,-1,11,True,Asia    (00-07),Sunday,0
2024-12-01 03:15:00+00:00,2024-12-01 10:00:00+00:00,324.8034198893413,1,28,True,Asia    (00-07),Sunday,3
2024-12-01 10:15:00+00:00,2024-12-01 10:15:00+00:00,-21.297968750000003,-1,1,False,London  (07-12),Sunday,10
2024-12-01 10:30:00+00:00,2024-12-01 12:00:00+00:00,87.6746875,1,7,True,London  (07-12),Sunday,10
2024-12-01 12:15:00+00:00,2024-12-01 14:00:00+00:00,-37.13,-1,8,False,Overlap (12-16),Sunday,12
2024-12-01 14:15:00+00:00,2024-12-01 15:00:00+00:00,31.420781250000005,1,4,True,Overlap (12-16),Sunday,14
2024-12-01 15:15:00+00:00,2024-12-01 16:00:00+00:00,-28.372187499999995,-1,4,False,Overlap (12-16),Sunday,15
2024-12-01 16:15:00+00:00,2024-12-01 18:00:00+00:00,119.55359375,1,8,True,NY      (16-22),Sunday,16
2024-12-01 18:15:00+00:00,2024-12-01 18:45:00+00:00,179.74109375,-1,3,True,NY      (16-22),Sunday,18
2024-12-01 19:00:00+00:00,2024-12-01 20:45:00+00:00,-24.227656250000003,1,8,False,NY      (16-22),Sunday,19
2024-12-01 21:00:00+00:00,2024-12-01 21:00:00+00:00,-96.38390625,-1,1,False,NY      (16-22),Sunday,21
2024-12-01 21:15:00+00:00,2024-12-01 22:30:00+00:00,86.4090625,1,6,True,NY      (16-22),Sunday,21
2024-12-01 22:45:00+00:00,2024-12-02 04:00:00+00:00,456.2590213797587,-1,22,True,Off     (22-00),Sunday,22
2024-12-02 04:15:00+00:00,2024-12-02 05:00:00+00:00,240.77017108593674,1,4,True,Asia    (00-07),Monday,4
2024-12-02 05:15:00+00:00,2024-12-02 06:00:00+00:00,266.0895367123736,-1,4,True,Asia    (00-07),Monday,5
2024-12-02 06:15:00+00:00,2024-12-02 08:00:00+00:00,-141.82794479899732,1,8,False,Asia    (00-07),Monday,6
2024-12-02 08:15:00+00:00,2024-12-02 09:30:00+00:00,353.31683475314867,-1,6,True,London  (07-12),Monday,8
2024-12-02 09:45:00+00:00,2024-12-02 10:15:00+00:00,9.626314812293895,1,3,True,London  (07-12),Monday,9
2024-12-02 10:30:00+00:00,2024-12-02 12:30:00+00:00,37.46061753816264,-1,9,True,London  (07-12),Monday,10
2024-12-02 12:45:00+00:00,2024-12-02 16:00:00+00:00,749.5001310441858,1,14,True,Overlap (12-16),Monday,12
2024-12-02 16:15:00+00:00,2024-12-02 18:15:00+00:00,400.4444892639773,-1,9,True,NY      (16-22),Monday,16
2024-12-02 18:30:00+00:00,2024-12-03 04:15:00+00:00,273.01669283499194,1,40,True,NY      (16-22),Monday,18
2024-12-03 04:30:00+00:00,2024-12-03 07:45:00+00:00,280.12390625,-1,14,True,Asia    (00-07),Tuesday,4
2024-12-03 08:00:00+00:00,2024-12-03 09:00:00+00:00,-107.88,1,5,False,London  (07-12),Tuesday,8
2024-12-03 09:15:00+00:00,2024-12-03 09:15:00+00:00,56.010625,-1,1,True,London  (07-12),Tuesday,9
2024-12-03 09:30:00+00:00,2024-12-03 09:45:00+00:00,2.0145312499999974,1,2,True,London  (07-12),Tuesday,9
2024-12-03 10:00:00+00:00,2024-12-03 11:15:00+00:00,175.8934375,-1,6,True,London  (07-12),Tuesday,10
2024-12-03 11:30:00+00:00,2024-12-03 13:00:00+00:00,-153.54730020311808,1,7,False,London  (07-12),Tuesday,11
2024-12-03 13:15:00+00:00,2024-12-03 13:45:00+00:00,310.6449339129071,-1,3,True,Overlap (12-16),Tuesday,13
2024-12-03 14:00:00+00:00,2024-12-03 15:00:00+00:00,603.4499474132977,1,5,True,Overlap (12-16),Tuesday,14
2024-12-03 15:15:00+00:00,2024-12-03 17:00:00+00:00,123.39230826744058,-1,8,True,Overlap (12-16),Tuesday,15
2024-12-03 17:15:00+00:00,2024-12-03 18:00:00+00:00,79.59256443527968,1,4,True,NY      (16-22),Tuesday,17
2024-12-03 18:15:00+00:00,2024-12-03 19:00:00+00:00,148.16162158672392,-1,4,True,NY      (16-22),Tuesday,18
2024-12-03 19:15:00+00:00,2024-12-03 23:00:00+00:00,308.30593548258184,1,16,True,NY      (16-22),Tuesday,19
2024-12-03 23:15:00+00:00,2024-12-04 01:00:00+00:00,187.4499105133426,-1,8,True,Off     (22-00),Tuesday,23
2024-12-04 01:15:00+00:00,2024-12-04 01:30:00+00:00,437.00478240763186,1,2,True,Asia    (00-07),Wednesday,1
2024-12-04 01:45:00+00:00,2024-12-04 02:30:00+00:00,341.8885814109231,-1,4,True,Asia    (00-07),Wednesday,1
2024-12-04 02:45:00+00:00,2024-12-04 02:45:00+00:00,54.58582692654412,1,1,True,Asia    (00-07),Wednesday,2
2024-12-04 03:00:00+00:00,2024-12-04 04:00:00+00:00,3.1372761277761914,-1,5,True,Asia    (00-07),Wednesday,3
2024-12-04 04:15:00+00:00,2024-12-04 06:15:00+00:00,414.68790570600436,1,9,True,Asia    (00-07),Wednesday,4
2024-12-04 06:30:00+00:00,2024-12-04 07:00:00+00:00,92.1278125,-1,3,True,Asia    (00-07),Wednesday,6
2024-12-04 07:15:00+00:00,2024-12-04 12:45:00+00:00,-260.54796875,1,23,False,London  (07-12),Wednesday,7
2024-12-04 13:00:00+00:00,2024-12-04 14:00:00+00:00,215.12,-1,5,True,Overlap (12-16),Wednesday,13
2024-12-04 14:15:00+00:00,2024-12-04 15:30:00+00:00,206.43435636421793,1,6,True,Overlap (12-16),Wednesday,14
2024-12-04 15:45:00+00:00,2024-12-04 17:00:00+00:00,315.5822888354795,-1,6,True,Overlap (12-16),Wednesday,15
2024-12-04 17:15:00+00:00,2024-12-04 21:15:00+00:00,1036.9232888874412,1,17,True,NY      (16-22),Wednesday,17
2024-12-04 21:30:00+00:00,2024-12-04 21:45:00+00:00,182.36538978367514,-1,2,True,NY      (16-22),Wednesday,21
2024-12-04 22:00:00+00:00,2024-12-05 04:00:00+00:00,1168.8792291541345,1,25,True,Off     (22-00),Wednesday,22
2024-12-05 04:15:00+00:00,2024-12-05 09:30:00+00:00,17.651678020627124,-1,22,True,Asia    (00-07),Thursday,4
2024-12-05 09:45:00+00:00,2024-12-05 10:00:00+00:00,55.08830809070298,1,2,True,London  (07-12),Thursday,9
2024-12-05 10:15:00+00:00,2024-12-05 10:45:00+00:00,192.58804898533583,-1,3,True,London  (07-12),Thursday,10
2024-12-05 11:00:00+00:00,2024-12-05 12:00:00+00:00,207.20059260708513,1,5,True,London  (07-12),Thursday,11
2024-12-05 12:15:00+00:00,2024-12-05 14:00:00+00:00,3.5954829493350786,-1,8,True,Overlap (12-16),Thursday,12
2024-12-05 14:15:00+00:00,2024-12-05 15:00:00+00:00,236.5158638310242,1,4,True,Overlap (12-16),Thursday,14
2024-12-05 15:15:00+00:00,2024-12-05 17:00:00+00:00,630.1800974903592,-1,8,True,Overlap (12-16),Thursday,15
2024-12-05 17:15:00+00:00,2024-12-05 18:00:00+00:00,101.92472163083526,1,4,True,NY      (16-22),Thursday,17
2024-12-05 18:15:00+00:00,2024-12-05 20:00:00+00:00,543.799509883438,-1,8,True,NY      (16-22),Thursday,18
2024-12-05 20:15:00+00:00,2024-12-05 21:00:00+00:00,142.31431512160668,1,4,True,NY      (16-22),Thursday,20
2024-12-05 21:15:00+00:00,2024-12-06 01:00:00+00:00,312.9337039550102,-1,16,True,NY      (16-22),Thursday,21
2024-12-06 01:15:00+00:00,2024-12-06 02:30:00+00:00,19.46755849616168,1,6,True,Asia    (00-07),Friday,1
2024-12-06 02:45:00+00:00,2024-12-06 03:00:00+00:00,96.67564058477339,-1,2,True,Asia    (00-07),Friday,2
2024-12-06 03:15:00+00:00,2024-12-06 06:45:00+00:00,196.21873696889196,1,15,True,Asia    (00-07),Friday,3
2024-12-06 07:00:00+00:00,2024-12-06 07:30:00+00:00,39.276026259683796,-1,3,True,London  (07-12),Friday,7
2024-12-06 07:45:00+00:00,2024-12-06 07:45:00+00:00,67.55004810973702,1,1,True,London  (07-12),Friday,7
2024-12-06 08:00:00+00:00,2024-12-06 10:15:00+00:00,68.47508540232121,-1,10,True,London  (07-12),Friday,8
2024-12-06 10:30:00+00:00,2024-12-06 12:00:00+00:00,163.450272981456,1,7,True,London  (07-12),Friday,10
2024-12-06 12:15:00+00:00,2024-12-06 12:45:00+00:00,275.81222188443866,-1,3,True,Overlap (12-16),Friday,12
2024-12-06 13:00:00+00:00,2024-12-06 20:00:00+00:00,1065.8301702024085,1,29,True,Overlap (12-16),Friday,13
2024-12-06 20:15:00+00:00,2024-12-07 04:15:00+00:00,860.4663714369012,-1,33,True,NY      (16-22),Friday,20
2024-12-07 04:30:00+00:00,2024-12-07 12:00:00+00:00,205.60532430320103,1,31,True,Asia    (00-07),Saturday,4
2024-12-07 12:15:00+00:00,2024-12-07 12:45:00+00:00,104.6825,-1,3,True,Overlap (12-16),Saturday,12
2024-12-07 13:00:00+00:00,2024-12-07 21:00:00+00:00,399.68640625,1,33,True,Overlap (12-16),Saturday,13
2024-12-07 21:15:00+00:00,2024-12-07 21:30:00+00:00,227.13171875,-1,2,True,NY      (16-22),Saturday,21
2024-12-07 21:45:00+00:00,2024-12-07 22:00:00+00:00,113.1825,1,2,True,NY      (16-22),Saturday,21
2024-12-07 22:15:00+00:00,2024-12-07 22:45:00+00:00,201.61609375,-1,3,True,Off     (22-00),Saturday,22
2024-12-07 23:00:00+00:00,2024-12-08 04:00:00+00:00,193.99109375,1,21,True,Off     (22-00),Saturday,23
2024-12-08 04:15:00+00:00,2024-12-08 06:00:00+00:00,243.5496875,-1,8,True,Asia    (00-07),Sunday,4
2024-12-08 06:15:00+00:00,2024-12-08 06:30:00+00:00,134.1825,1,2,True,Asia    (00-07),Sunday,6
2024-12-08 06:45:00+00:00,2024-12-08 09:45:00+00:00,440.166875,-1,13,True,Asia    (00-07),Sunday,6
2024-12-08 10:00:00+00:00,2024-12-08 10:00:00+00:00,246.89734375,1,1,True,London  (07-12),Sunday,10
2024-12-08 10:15:00+00:00,2024-12-08 11:45:00+00:00,-155.32422730982753,-1,7,False,London  (07-12),Sunday,10
2024-12-08 12:00:00+00:00,2024-12-08 14:00:00+00:00,210.83148963473622,1,9,True,Overlap (12-16),Sunday,12
2024-12-08 14:15:00+00:00,2024-12-08 14:45:00+00:00,199.61198161384274,-1,3,True,Overlap (12-16),Sunday,14
2024-12-08 15:00:00+00:00,2024-12-08 20:00:00+00:00,136.46282655003284,1,21,True,Overlap (12-16),Sunday,15
2024-12-08 20:15:00+00:00,2024-12-08 21:00:00+00:00,132.92078125,-1,4,True,NY      (16-22),Sunday,20
2024-12-08 21:15:00+00:00,2024-12-09 00:00:00+00:00,466.731385783158,1,12,True,NY      (16-22),Sunday,21
2024-12-09 00:15:00+00:00,2024-12-09 07:00:00+00:00,831.4542004105499,-1,28,True,Asia    (00-07),Monday,0
2024-12-09 07:15:00+00:00,2024-12-09 08:00:00+00:00,400.41869832483997,1,4,True,London  (07-12),Monday,7
2024-12-09 08:15:00+00:00,2024-12-09 10:00:00+00:00,349.5837150998881,-1,8,True,London  (07-12),Monday,8
2024-12-09 10:15:00+00:00,2024-12-09 11:00:00+00:00,-46.647175556010865,1,4,False,London  (07-12),Monday,10
2024-12-09 11:15:00+00:00,2024-12-09 12:00:00+00:00,18.446845811471917,-1,4,True,London  (07-12),Monday,11
2024-12-09 12:15:00+00:00,2024-12-09 14:45:00+00:00,594.5300446787047,1,11,True,Overlap (12-16),Monday,12
2024-12-09 15:00:00+00:00,2024-12-09 21:00:00+00:00,951.23076909804,-1,25,True,Overlap (12-16),Monday,15
2024-12-09 21:15:00+00:00,2024-12-10 01:15:00+00:00,247.65207654488566,1,17,True,NY      (16-22),Monday,21
2024-12-10 01:30:00+00:00,2024-12-10 03:00:00+00:00,552.0202350652303,-1,7,True,Asia    (00-07),Tuesday,1
2024-12-10 03:15:00+00:00,2024-12-10 07:45:00+00:00,246.88613441074463,1,19,True,Asia    (00-07),Tuesday,3
2024-12-10 08:00:00+00:00,2024-12-10 08:00:00+00:00,64.09384684983452,-1,1,True,London  (07-12),Tuesday,8
2024-12-10 08:15:00+00:00,2024-12-10 12:00:00+00:00,198.0387095229196,1,16,True,London  (07-12),Tuesday,8
2024-12-10 12:15:00+00:00,2024-12-10 13:15:00+00:00,27.36245202520621,-1,5,True,Overlap (12-16),Tuesday,12
2024-12-10 13:30:00+00:00,2024-12-10 14:15:00+00:00,200.63284737114265,1,4,True,Overlap (12-16),Tuesday,13
2024-12-10 14:30:00+00:00,2024-12-10 16:00:00+00:00,521.1982521318816,-1,7,True,Overlap (12-16),Tuesday,14
2024-12-10 16:15:00+00:00,2024-12-10 23:00:00+00:00,183.7984801909769,1,28,True,NY      (16-22),Tuesday,16
2024-12-10 23:15:00+00:00,2024-12-10 23:45:00+00:00,65.90161677905729,-1,3,True,Off     (22-00),Tuesday,23
2024-12-11 00:00:00+00:00,2024-12-11 03:15:00+00:00,111.04587260523994,1,14,True,Asia    (00-07),Wednesday,0
2024-12-11 03:30:00+00:00,2024-12-11 08:00:00+00:00,-214.33134861009182,-1,19,False,Asia    (00-07),Wednesday,3
2024-12-11 08:15:00+00:00,2024-12-11 11:15:00+00:00,305.0914118921176,1,13,True,London  (07-12),Wednesday,8
2024-12-11 11:30:00+00:00,2024-12-11 11:30:00+00:00,121.81140625,-1,1,True,London  (07-12),Wednesday,11
2024-12-11 11:45:00+00:00,2024-12-11 17:00:00+00:00,998.1369291612158,1,22,True,London  (07-12),Wednesday,11
2024-12-11 17:15:00+00:00,2024-12-11 17:30:00+00:00,139.73999322165668,-1,2,True,NY      (16-22),Wednesday,17
2024-12-11 17:45:00+00:00,2024-12-11 22:00:00+00:00,374.33701184896995,1,18,True,NY      (16-22),Wednesday,17
2024-12-11 22:15:00+00:00,2024-12-12 02:00:00+00:00,413.98951496357665,-1,16,True,Off     (22-00),Wednesday,22
2024-12-12 02:15:00+00:00,2024-12-12 02:45:00+00:00,552.8116215814495,1,3,True,Asia    (00-07),Thursday,2
2024-12-12 03:00:00+00:00,2024-12-12 08:00:00+00:00,441.1005603562943,-1,21,True,Asia    (00-07),Thursday,3
2024-12-12 08:15:00+00:00,2024-12-12 09:00:00+00:00,186.5340625,1,4,True,London  (07-12),Thursday,8
2024-12-12 09:15:00+00:00,2024-12-12 11:30:00+00:00,342.90515625,-1,10,True,London  (07-12),Thursday,9
2024-12-12 11:45:00+00:00,2024-12-12 16:00:00+00:00,717.008428346419,1,18,True,London  (07-12),Thursday,11
2024-12-12 16:15:00+00:00,2024-12-12 20:00:00+00:00,613.8555387674843,-1,16,True,NY      (16-22),Thursday,16
2024-12-12 20:15:00+00:00,2024-12-13 00:15:00+00:00,100.0972759197593,1,17,True,NY      (16-22),Thursday,20
2024-12-13 00:30:00+00:00,2024-12-13 01:45:00+00:00,379.8491238842698,-1,6,True,Asia    (00-07),Friday,0
2024-12-13 02:00:00+00:00,2024-12-13 02:45:00+00:00,60.30575789748204,1,4,True,Asia    (00-07),Friday,2
2024-12-13 03:00:00+00:00,2024-12-13 04:00:00+00:00,-172.85346981438633,-1,5,False,Asia    (00-07),Friday,3
2024-12-13 04:15:00+00:00,2024-12-13 11:00:00+00:00,317.68640625,1,28,True,Asia    (00-07),Friday,4
2024-12-13 11:15:00+00:00,2024-12-13 14:00:00+00:00,4.1551562500000045,-1,12,True,London  (07-12),Friday,11
2024-12-13 14:15:00+00:00,2024-12-13 15:00:00+00:00,369.66952972499155,1,4,True,Overlap (12-16),Friday,14
2024-12-13 15:15:00+00:00,2024-12-13 16:00:00+00:00,400.7279620460986,-1,4,True,Overlap (12-16),Friday,15
2024-12-13 16:15:00+00:00,2024-12-13 20:45:00+00:00,451.9501669844311,1,19,True,NY      (16-22),Friday,16
2024-12-13 21:00:00+00:00,2024-12-14 00:30:00+00:00,176.94722220833236,-1,15,True,NY      (16-22),Friday,21
2024-12-14 00:45:00+00:00,2024-12-14 03:15:00+00:00,453.6676195877555,1,11,True,Asia    (00-07),Saturday,0
2024-12-14 03:30:00+00:00,2024-12-14 07:15:00+00:00,201.26651591236896,-1,16,True,Asia    (00-07),Saturday,3
2024-12-14 07:30:00+00:00,2024-12-14 08:00:00+00:00,11.959843750000005,1,3,True,London  (07-12),Saturday,7
2024-12-14 08:15:00+00:00,2024-12-14 10:15:00+00:00,103.62390625,-1,9,True,London  (07-12),Saturday,8
2024-12-14 10:30:00+00:00,2024-12-14 11:30:00+00:00,87.2840625,1,5,True,London  (07-12),Saturday,10
2024-12-14 11:45:00+00:00,2024-12-14 14:00:00+00:00,100.04578125,-1,10,True,London  (07-12),Saturday,11
2024-12-14 14:15:00+00:00,2024-12-14 16:45:00+00:00,99.9246875,1,11,True,Overlap (12-16),Saturday,14
2024-12-14 17:00:00+00:00,2024-12-14 18:15:00+00:00,344.31921875,-1,6,True,NY      (16-22),Saturday,17
2024-12-14 18:30:00+00:00,2024-12-14 20:00:00+00:00,153.5965625,1,7,True,NY      (16-22),Saturday,18
2024-12-14 20:15:00+00:00,2024-12-14 21:45:00+00:00,82.43640625,-1,7,True,NY      (16-22),Saturday,20
2024-12-14 22:00:00+00:00,2024-12-15 02:15:00+00:00,411.78015625,1,18,True,Off     (22-00),Saturday,22
2024-12-15 02:30:00+00:00,2024-12-15 02:30:00+00:00,43.58484375,-1,1,True,Asia    (00-07),Sunday,2
2024-12-15 02:45:00+00:00,2024-12-15 03:00:00+00:00,45.448125,1,2,True,Asia    (00-07),Sunday,2
2024-12-15 03:15:00+00:00,2024-12-15 04:15:00+00:00,-355.30578125,-1,5,False,Asia    (00-07),Sunday,3
2024-12-15 04:30:00+00:00,2024-12-15 04:45:00+00:00,-138.083125,1,2,False,Asia    (00-07),Sunday,4
2024-12-15 05:00:00+00:00,2024-12-15 07:15:00+00:00,238.85046875,-1,10,True,Asia    (00-07),Sunday,5
2024-12-15 07:30:00+00:00,2024-12-15 13:15:00+00:00,406.7874312292381,1,24,True,London  (07-12),Sunday,7
2024-12-15 13:30:00+00:00,2024-12-15 16:00:00+00:00,-132.02670485834315,-1,11,False,Overlap (12-16),Sunday,13
2024-12-15 16:15:00+00:00,2024-12-15 21:15:00+00:00,-125.74902155326765,1,21,False,NY      (16-22),Sunday,16
2024-12-15 21:30:00+00:00,2024-12-15 22:00:00+00:00,-136.81359375,-1,3,False,NY      (16-22),Sunday,21
2024-12-15 22:15:00+00:00,2024-12-16 02:00:00+00:00,773.0411375477756,1,16,True,Off     (22-00),Sunday,22
2024-12-16 02:15:00+00:00,2024-12-16 02:45:00+00:00,93.35394902815051,-1,3,True,Asia    (00-07),Monday,2
2024-12-16 03:00:00+00:00,2024-12-16 06:00:00+00:00,245.28331293272532,1,13,True,Asia    (00-07),Monday,3
2024-12-16 06:15:00+00:00,2024-12-16 06:45:00+00:00,7.908453509128982,-1,3,True,Asia    (00-07),Monday,6
2024-12-16 07:00:00+00:00,2024-12-16 07:00:00+00:00,44.135625,1,1,True,London  (07-12),Monday,7
2024-12-16 07:15:00+00:00,2024-12-16 10:15:00+00:00,403.12,-1,13,True,London  (07-12),Monday,7
2024-12-16 10:30:00+00:00,2024-12-16 11:00:00+00:00,123.12,1,3,True,London  (07-12),Monday,10
2024-12-16 11:15:00+00:00,2024-12-16 13:15:00+00:00,337.93453230071077,-1,9,True,London  (07-12),Monday,11
2024-12-16 13:30:00+00:00,2024-12-16 14:45:00+00:00,446.9095813741549,1,6,True,Overlap (12-16),Monday,13
2024-12-16 15:00:00+00:00,2024-12-16 15:45:00+00:00,-229.64909462151726,-1,4,False,Overlap (12-16),Monday,15
2024-12-16 16:00:00+00:00,2024-12-16 18:00:00+00:00,185.60152165831317,1,9,True,NY      (16-22),Monday,16
2024-12-16 18:15:00+00:00,2024-12-16 18:45:00+00:00,28.962394135917606,-1,3,True,NY      (16-22),Monday,18
2024-12-16 19:00:00+00:00,2024-12-16 20:00:00+00:00,-199.7112491354745,1,5,False,NY      (16-22),Monday,19
2024-12-16 20:15:00+00:00,2024-12-17 01:00:00+00:00,89.14281820803099,-1,20,True,NY      (16-22),Monday,20
2024-12-17 01:15:00+00:00,2024-12-17 02:00:00+00:00,201.5165298347597,1,4,True,Asia    (00-07),Tuesday,1
2024-12-17 02:15:00+00:00,2024-12-17 03:00:00+00:00,37.8557395818116,-1,4,True,Asia    (00-07),Tuesday,2
2024-12-17 03:15:00+00:00,2024-12-17 04:00:00+00:00,90.4130674732998,1,4,True,Asia    (00-07),Tuesday,3
2024-12-17 04:15:00+00:00,2024-12-17 05:00:00+00:00,45.59470954949563,-1,4,True,Asia    (00-07),Tuesday,4
2024-12-17 05:15:00+00:00,2024-12-17 05:45:00+00:00,140.99109375,1,3,True,Asia    (00-07),Tuesday,5
2024-12-17 06:00:00+00:00,2024-12-17 08:00:00+00:00,-125.7315625,-1,9,False,Asia    (00-07),Tuesday,6
2024-12-17 08:15:00+00:00,2024-12-17 08:30:00+00:00,165.55359375,1,2,True,London  (07-12),Tuesday,8
2024-12-17 08:45:00+00:00,2024-12-17 10:30:00+00:00,178.8342087395348,-1,8,True,London  (07-12),Tuesday,8
2024-12-17 10:45:00+00:00,2024-12-17 11:00:00+00:00,123.291875,1,2,True,London  (07-12),Tuesday,10
2024-12-17 11:15:00+00:00,2024-12-17 11:45:00+00:00,223.6903125,-1,3,True,London  (07-12),Tuesday,11
2024-12-17 12:00:00+00:00,2024-12-17 12:45:00+00:00,148.96765625,1,4,True,Overlap (12-16),Tuesday,12
2024-12-17 13:00:00+00:00,2024-12-17 14:00:00+00:00,-205.9659375,-1,5,False,Overlap (12-16),Tuesday,13
2024-12-17 14:15:00+00:00,2024-12-17 15:00:00+00:00,-109.06579092400216,1,4,False,Overlap (12-16),Tuesday,14
2024-12-17 15:15:00+00:00,2024-12-18 03:30:00+00:00,709.183495370916,-1,50,True,Overlap (12-16),Tuesday,15
2024-12-18 03:45:00+00:00,2024-12-18 04:30:00+00:00,-186.41462711187728,1,4,False,Asia    (00-07),Wednesday,3
2024-12-18 04:45:00+00:00,2024-12-18 08:15:00+00:00,45.068527919581626,-1,15,True,Asia    (00-07),Wednesday,4
2024-12-18 08:30:00+00:00,2024-12-18 12:00:00+00:00,633.2367411742187,1,15,True,London  (07-12),Wednesday,8
2024-12-18 12:15:00+00:00,2024-12-18 15:00:00+00:00,472.0278857739473,-1,12,True,Overlap (12-16),Wednesday,12
2024-12-18 15:15:00+00:00,2024-12-18 19:00:00+00:00,-72.17419288533537,1,16,False,Overlap (12-16),Wednesday,15
2024-12-18 19:15:00+00:00,2024-12-19 00:30:00+00:00,712.2835379011807,-1,22,True,NY      (16-22),Wednesday,19
2024-12-19 00:45:00+00:00,2024-12-19 01:00:00+00:00,31.747119281454815,1,2,True,Asia    (00-07),Thursday,0
2024-12-19 01:15:00+00:00,2024-12-19 01:45:00+00:00,185.24477365600234,-1,3,True,Asia    (00-07),Thursday,1
2024-12-19 02:00:00+00:00,2024-12-19 12:00:00+00:00,871.4674782009633,1,41,True,Asia    (00-07),Thursday,2
2024-12-19 12:15:00+00:00,2024-12-19 14:45:00+00:00,523.3285737247353,-1,11,True,Overlap (12-16),Thursday,12
2024-12-19 15:00:00+00:00,2024-12-19 17:00:00+00:00,-173.95704873138027,1,9,False,Overlap (12-16),Thursday,15
2024-12-19 17:15:00+00:00,2024-12-19 20:00:00+00:00,660.5008544714576,-1,12,True,NY      (16-22),Thursday,17
2024-12-19 20:15:00+00:00,2024-12-19 23:00:00+00:00,235.06739427250065,1,12,True,NY      (16-22),Thursday,20
2024-12-19 23:15:00+00:00,2024-12-20 02:00:00+00:00,229.39922084670923,-1,12,True,Off     (22-00),Thursday,23
2024-12-20 02:15:00+00:00,2024-12-20 03:00:00+00:00,115.50095831540011,1,4,True,Asia    (00-07),Friday,2
2024-12-20 03:15:00+00:00,2024-12-20 04:00:00+00:00,74.08035235498932,-1,4,True,Asia    (00-07),Friday,3
2024-12-20 04:15:00+00:00,2024-12-20 08:00:00+00:00,-12.654250690756385,1,16,False,Asia    (00-07),Friday,4
2024-12-20 08:15:00+00:00,2024-12-20 09:30:00+00:00,467.03029295110565,-1,6,True,London  (07-12),Friday,8
2024-12-20 09:45:00+00:00,2024-12-20 11:15:00+00:00,-288.5964626369074,1,7,False,London  (07-12),Friday,9
2024-12-20 11:30:00+00:00,2024-12-20 11:45:00+00:00,147.79935912142668,-1,2,True,London  (07-12),Friday,11
2024-12-20 12:00:00+00:00,2024-12-21 03:15:00+00:00,738.1968611682692,1,62,True,Overlap (12-16),Friday,12
2024-12-21 03:30:00+00:00,2024-12-21 04:00:00+00:00,-74.2784375,-1,3,False,Asia    (00-07),Saturday,3
2024-12-21 04:15:00+00:00,2024-12-21 06:00:00+00:00,638.1434375,1,8,True,Asia    (00-07),Saturday,4
2024-12-21 06:15:00+00:00,2024-12-21 07:00:00+00:00,46.8266284516569,-1,4,True,Asia    (00-07),Saturday,6
2024-12-21 07:15:00+00:00,2024-12-21 07:30:00+00:00,328.470589723258,1,2,True,London  (07-12),Saturday,7
2024-12-21 07:45:00+00:00,2024-12-21 11:00:00+00:00,493.84835720644,-1,14,True,London  (07-12),Saturday,7
2024-12-21 11:15:00+00:00,2024-12-21 12:00:00+00:00,-92.70571336637741,1,4,False,London  (07-12),Saturday,11
2024-12-21 12:15:00+00:00,2024-12-21 19:15:00+00:00,387.5234467393838,-1,29,True,Overlap (12-16),Saturday,12
2024-12-21 19:30:00+00:00,2024-12-22 00:15:00+00:00,67.49588728407333,1,20,True,NY      (16-22),Saturday,19
2024-12-22 00:30:00+00:00,2024-12-22 03:00:00+00:00,218.55352592981674,-1,11,True,Asia    (00-07),Sunday,0
2024-12-22 03:15:00+00:00,2024-12-22 04:00:00+00:00,101.15632000884688,1,4,True,Asia    (00-07),Sunday,3
2024-12-22 04:15:00+00:00,2024-12-22 06:00:00+00:00,221.2377106606275,-1,8,True,Asia    (00-07),Sunday,4
2024-12-22 06:15:00+00:00,2024-12-22 07:00:00+00:00,163.73265501205677,1,4,True,Asia    (00-07),Sunday,6
2024-12-22 07:15:00+00:00,2024-12-22 08:00:00+00:00,124.53525316399279,-1,4,True,London  (07-12),Sunday,7
2024-12-22 08:15:00+00:00,2024-12-22 12:15:00+00:00,306.2638006622924,1,17,True,London  (07-12),Sunday,8
2024-12-22 12:30:00+00:00,2024-12-22 15:45:00+00:00,762.5758026788129,-1,14,True,Overlap (12-16),Sunday,12
2024-12-22 16:00:00+00:00,2024-12-22 18:15:00+00:00,264.21698337115595,1,10,True,NY      (16-22),Sunday,16
2024-12-22 18:30:00+00:00,2024-12-22 20:00:00+00:00,533.458163962878,-1,7,True,NY      (16-22),Sunday,18
2024-12-22 20:15:00+00:00,2024-12-23 00:00:00+00:00,108.02644628323577,1,16,True,NY      (16-22),Sunday,20
2024-12-23 00:15:00+00:00,2024-12-23 02:00:00+00:00,240.98161810718955,-1,8,True,Asia    (00-07),Monday,0
2024-12-23 02:15:00+00:00,2024-12-23 04:00:00+00:00,542.234152663053,1,8,True,Asia    (00-07),Monday,2
2024-12-23 04:15:00+00:00,2024-12-23 07:00:00+00:00,289.01144425249055,-1,12,True,Asia    (00-07),Monday,4
2024-12-23 07:15:00+00:00,2024-12-23 12:15:00+00:00,359.93365306463124,1,21,True,London  (07-12),Monday,7
2024-12-23 12:30:00+00:00,2024-12-23 16:15:00+00:00,897.2381878953311,-1,16,True,Overlap (12-16),Monday,12
2024-12-23 16:30:00+00:00,2024-12-23 17:00:00+00:00,-12.99507332670754,1,3,False,NY      (16-22),Monday,16
2024-12-23 17:15:00+00:00,2024-12-23 19:45:00+00:00,87.32183828050766,-1,11,True,NY      (16-22),Monday,17
2024-12-23 20:00:00+00:00,2024-12-23 23:30:00+00:00,445.96480277338844,1,15,True,NY      (16-22),Monday,20
2024-12-23 23:45:00+00:00,2024-12-24 00:30:00+00:00,70.42111812456434,-1,4,True,Off     (22-00),Monday,23
2024-12-24 00:45:00+00:00,2024-12-24 00:45:00+00:00,11.76943779412263,1,1,True,Asia    (00-07),Tuesday,0
2024-12-24 01:00:00+00:00,2024-12-24 02:00:00+00:00,195.4087210533093,-1,5,True,Asia    (00-07),Tuesday,1
2024-12-24 02:15:00+00:00,2024-12-24 06:00:00+00:00,179.94418277977496,1,16,True,Asia    (00-07),Tuesday,2
2024-12-24 06:15:00+00:00,2024-12-24 07:00:00+00:00,239.8075,-1,4,True,Asia    (00-07),Tuesday,6
2024-12-24 07:15:00+00:00,2024-12-24 16:15:00+00:00,1781.5933175503071,1,37,True,London  (07-12),Tuesday,7
2024-12-24 16:30:00+00:00,2024-12-24 16:30:00+00:00,81.48105185808,-1,1,True,NY      (16-22),Tuesday,16
2024-12-24 16:45:00+00:00,2024-12-24 16:45:00+00:00,79.89304765735086,1,1,True,NY      (16-22),Tuesday,16
2024-12-24 17:00:00+00:00,2024-12-24 20:00:00+00:00,244.40186148450326,-1,13,True,NY      (16-22),Tuesday,17
2024-12-24 20:15:00+00:00,2024-12-25 00:15:00+00:00,222.485797613852,1,17,True,NY      (16-22),Tuesday,20
2024-12-25 00:30:00+00:00,2024-12-25 01:15:00+00:00,130.46538184346454,-1,4,True,Asia    (00-07),Wednesday,0
2024-12-25 01:30:00+00:00,2024-12-25 03:15:00+00:00,-0.744736956920093,1,8,False,Asia    (00-07),Wednesday,1
2024-12-25 03:30:00+00:00,2024-12-25 07:15:00+00:00,43.086105679582374,-1,16,True,Asia    (00-07),Wednesday,3
2024-12-25 07:30:00+00:00,2024-12-25 08:15:00+00:00,66.91296875,1,4,True,London  (07-12),Wednesday,7
2024-12-25 08:30:00+00:00,2024-12-25 09:00:00+00:00,95.46375,-1,3,True,London  (07-12),Wednesday,8
2024-12-25 09:15:00+00:00,2024-12-25 10:00:00+00:00,282.31140625,1,4,True,London  (07-12),Wednesday,9
2024-12-25 10:15:00+00:00,2024-12-25 12:00:00+00:00,185.75957446762536,-1,8,True,London  (07-12),Wednesday,10
2024-12-25 12:15:00+00:00,2024-12-25 21:00:00+00:00,349.949246346973,1,36,True,Overlap (12-16),Wednesday,12
2024-12-25 21:15:00+00:00,2024-12-25 22:00:00+00:00,177.62055818547813,-1,4,True,NY      (16-22),Wednesday,21
2024-12-25 22:15:00+00:00,2024-12-26 00:00:00+00:00,461.93544823470165,1,8,True,Off     (22-00),Wednesday,22
2024-12-26 00:15:00+00:00,2024-12-26 10:00:00+00:00,1740.0596681362326,-1,40,True,Asia    (00-07),Thursday,0
2024-12-26 10:15:00+00:00,2024-12-26 11:15:00+00:00,152.94990073916873,1,5,True,London  (07-12),Thursday,10
2024-12-26 11:30:00+00:00,2024-12-26 12:45:00+00:00,47.411486657370176,-1,6,True,London  (07-12),Thursday,11
2024-12-26 13:00:00+00:00,2024-12-26 14:00:00+00:00,220.7566617890663,1,5,True,Overlap (12-16),Thursday,13
2024-12-26 14:15:00+00:00,2024-12-26 15:00:00+00:00,269.565883865339,-1,4,True,Overlap (12-16),Thursday,14
2024-12-26 15:15:00+00:00,2024-12-26 16:30:00+00:00,232.00789272013827,1,6,True,Overlap (12-16),Thursday,15
2024-12-26 16:45:00+00:00,2024-12-26 18:00:00+00:00,164.97428883077683,-1,6,True,NY      (16-22),Thursday,16
2024-12-26 18:15:00+00:00,2024-12-26 20:00:00+00:00,0.587063324528895,1,8,True,NY      (16-22),Thursday,18
2024-12-26 20:15:00+00:00,2024-12-27 00:15:00+00:00,-24.854306223077153,-1,17,False,NY      (16-22),Thursday,20
2024-12-27 00:30:00+00:00,2024-12-27 04:00:00+00:00,298.05969573969253,1,15,True,Asia    (00-07),Friday,0
2024-12-27 04:15:00+00:00,2024-12-27 06:00:00+00:00,94.78715986215191,-1,8,True,Asia    (00-07),Friday,4
2024-12-27 06:15:00+00:00,2024-12-27 07:00:00+00:00,-60.969843749999995,1,4,False,Asia    (00-07),Friday,6
2024-12-27 07:15:00+00:00,2024-12-27 09:00:00+00:00,-137.3658987636549,-1,8,False,London  (07-12),Friday,7
2024-12-27 09:15:00+00:00,2024-12-27 12:00:00+00:00,-86.52804834279547,1,12,False,London  (07-12),Friday,9
2024-12-27 12:15:00+00:00,2024-12-27 17:15:00+00:00,1073.5770922320921,-1,21,True,Overlap (12-16),Friday,12
2024-12-27 17:30:00+00:00,2024-12-27 20:15:00+00:00,184.4540282669698,1,12,True,NY      (16-22),Friday,17
2024-12-27 20:30:00+00:00,2024-12-28 00:30:00+00:00,83.85665300770539,-1,17,True,NY      (16-22),Friday,20
2024-12-28 00:45:00+00:00,2024-12-28 02:00:00+00:00,102.51453125,1,6,True,Asia    (00-07),Saturday,0
2024-12-28 02:15:00+00:00,2024-12-28 02:45:00+00:00,108.51453125,-1,3,True,Asia    (00-07),Saturday,2
2024-12-28 03:00:00+00:00,2024-12-28 07:15:00+00:00,94.11609375,1,18,True,Asia    (00-07),Saturday,3
2024-12-28 07:30:00+00:00,2024-12-28 08:00:00+00:00,45.787968750000005,-1,3,True,London  (07-12),Saturday,7
2024-12-28 08:15:00+00:00,2024-12-28 12:00:00+00:00,148.64734375,1,16,True,London  (07-12),Saturday,8
2024-12-28 12:15:00+00:00,2024-12-28 13:30:00+00:00,83.33484375,-1,6,True,Overlap (12-16),Saturday,12
2024-12-28 13:45:00+00:00,2024-12-28 14:00:00+00:00,143.35046875,1,2,True,Overlap (12-16),Saturday,13
2024-12-28 14:15:00+00:00,2024-12-28 15:45:00+00:00,202.3465625,-1,7,True,Overlap (12-16),Saturday,14
2024-12-28 16:00:00+00:00,2024-12-28 23:15:00+00:00,423.5714987416569,1,30,True,NY      (16-22),Saturday,16
2024-12-28 23:30:00+00:00,2024-12-29 04:30:00+00:00,112.46765625,-1,21,True,Off     (22-00),Saturday,23
2024-12-29 04:45:00+00:00,2024-12-29 08:00:00+00:00,32.924687500000005,1,14,True,Asia    (00-07),Sunday,4
2024-12-29 08:15:00+00:00,2024-12-29 09:00:00+00:00,39.9090625,-1,4,True,London  (07-12),Sunday,8
2024-12-29 09:15:00+00:00,2024-12-29 10:00:00+00:00,40.96375,1,4,True,London  (07-12),Sunday,9
2024-12-29 10:15:00+00:00,2024-12-29 13:15:00+00:00,131.33484375,-1,13,True,London  (07-12),Sunday,10
2024-12-29 13:30:00+00:00,2024-12-29 14:00:00+00:00,32.86609375,1,3,True,Overlap (12-16),Sunday,13
2024-12-29 14:15:00+00:00,2024-12-29 19:30:00+00:00,715.0767117396488,-1,22,True,Overlap (12-16),Sunday,14
2024-12-29 19:45:00+00:00,2024-12-29 21:15:00+00:00,191.354375,1,7,True,NY      (16-22),Sunday,19
2024-12-29 21:30:00+00:00,2024-12-29 22:00:00+00:00,250.10331991150989,-1,3,True,NY      (16-22),Sunday,21
2024-12-29 22:15:00+00:00,2024-12-29 22:30:00+00:00,136.45774115778875,1,2,True,Off     (22-00),Sunday,22
2024-12-29 22:45:00+00:00,2024-12-29 23:00:00+00:00,227.74853193752054,-1,2,True,Off     (22-00),Sunday,22
2024-12-29 23:15:00+00:00,2024-12-30 00:00:00+00:00,245.443526943148,1,4,True,Off     (22-00),Sunday,23
2024-12-30 00:15:00+00:00,2024-12-30 01:00:00+00:00,108.35460280991497,-1,4,True,Asia    (00-07),Monday,0
2024-12-30 01:15:00+00:00,2024-12-30 01:45:00+00:00,201.10296138136135,1,3,True,Asia    (00-07),Monday,1
2024-12-30 02:00:00+00:00,2024-12-30 02:00:00+00:00,108.53511528353683,-1,1,True,Asia    (00-07),Monday,2
2024-12-30 02:15:00+00:00,2024-12-30 02:45:00+00:00,104.21211768053456,1,3,True,Asia    (00-07),Monday,2
2024-12-30 03:00:00+00:00,2024-12-30 04:45:00+00:00,248.71243606917182,-1,8,True,Asia    (00-07),Monday,3
2024-12-30 05:00:00+00:00,2024-12-30 10:15:00+00:00,302.63423149371465,1,22,True,Asia    (00-07),Monday,5
2024-12-30 10:30:00+00:00,2024-12-30 10:30:00+00:00,33.4715625,-1,1,True,London  (07-12),Monday,10
2024-12-30 10:45:00+00:00,2024-12-30 12:00:00+00:00,59.420781250000005,1,6,True,London  (07-12),Monday,10
2024-12-30 12:15:00+00:00,2024-12-30 13:45:00+00:00,610.6402315099912,-1,7,True,Overlap (12-16),Monday,12
2024-12-30 14:00:00+00:00,2024-12-30 14:15:00+00:00,169.0391735245114,1,2,True,Overlap (12-16),Monday,14
2024-12-30 14:30:00+00:00,2024-12-30 15:00:00+00:00,465.1640043227029,-1,3,True,Overlap (12-16),Monday,14
2024-12-30 15:15:00+00:00,2024-12-30 18:00:00+00:00,644.1593990114596,1,12,True,Overlap (12-16),Monday,15
2024-12-30 18:15:00+00:00,2024-12-30 22:00:00+00:00,543.7867536411541,-1,16,True,NY      (16-22),Monday,18
2024-12-30 22:15:00+00:00,2024-12-31 00:15:00+00:00,-16.394220377724437,1,9,False,Off     (22-00),Monday,22
2024-12-31 00:30:00+00:00,2024-12-31 04:45:00+00:00,22.970532006797328,-1,18,True,Asia    (00-07),Tuesday,0
2024-12-31 05:00:00+00:00,2024-12-31 16:00:00+00:00,1444.5553574764765,1,45,True,Asia    (00-07),Tuesday,5
2024-12-31 16:15:00+00:00,2024-12-31 17:30:00+00:00,439.34660239213963,-1,6,True,NY      (16-22),Tuesday,16
2024-12-31 17:45:00+00:00,2024-12-31 20:15:00+00:00,86.05414216592152,1,11,True,NY      (16-22),Tuesday,17
2024-12-31 20:30:00+00:00,2024-12-31 21:15:00+00:00,125.01839578225716,-1,4,True,NY      (16-22),Tuesday,20
2024-12-31 21:30:00+00:00,2025-01-01 01:30:00+00:00,140.52311340285934,1,17,True,NY      (16-22),Tuesday,21
2025-01-01 01:45:00+00:00,2025-01-01 02:15:00+00:00,65.41224705186687,-1,3,True,Asia    (00-07),Wednesday,1
2025-01-01 02:30:00+00:00,2025-01-01 03:00:00+00:00,95.37388195331033,1,3,True,Asia    (00-07),Wednesday,2
2025-01-01 03:15:00+00:00,2025-01-01 05:00:00+00:00,153.12312168763097,-1,8,True,Asia    (00-07),Wednesday,3
2025-01-01 05:15:00+00:00,2025-01-01 06:45:00+00:00,44.659062500000005,1,7,True,Asia    (00-07),Wednesday,5
2025-01-01 07:00:00+00:00,2025-01-01 09:30:00+00:00,310.7528125,-1,11,True,London  (07-12),Wednesday,7
2025-01-01 09:45:00+00:00,2025-01-01 09:45:00+00:00,138.495,1,1,True,London  (07-12),Wednesday,9
2025-01-01 10:00:00+00:00,2025-01-01 11:00:00+00:00,25.862187499999997,-1,5,True,London  (07-12),Wednesday,10
2025-01-01 11:15:00+00:00,2025-01-01 11:30:00+00:00,115.95203125,1,2,True,London  (07-12),Wednesday,11
2025-01-01 11:45:00+00:00,2025-01-01 12:00:00+00:00,56.0496875,-1,2,True,London  (07-12),Wednesday,11
2025-01-01 12:15:00+00:00,2025-01-01 16:00:00+00:00,388.5248169025718,1,16,True,Overlap (12-16),Wednesday,12
2025-01-01 16:15:00+00:00,2025-01-01 16:30:00+00:00,106.1056640272815,-1,2,True,NY      (16-22),Wednesday,16
2025-01-01 16:45:00+00:00,2025-01-01 18:45:00+00:00,150.6730805241624,1,9,True,NY      (16-22),Wednesday,16
2025-01-01 19:00:00+00:00,2025-01-01 19:15:00+00:00,24.155156249999997,-1,2,True,NY      (16-22),Wednesday,19
2025-01-01 19:30:00+00:00,2025-01-01 22:00:00+00:00,272.1278125,1,11,True,NY      (16-22),Wednesday,19
2025-01-01 22:15:00+00:00,2025-01-02 00:00:00+00:00,137.96765625,-1,8,True,Off     (22-00),Wednesday,22
2025-01-02 00:15:00+00:00,2025-01-02 06:00:00+00:00,462.4772925848408,1,24,True,Asia    (00-07),Thursday,0
2025-01-02 06:15:00+00:00,2025-01-02 08:00:00+00:00,-231.0177669741417,-1,8,False,Asia    (00-07),Thursday,6
2025-01-02 08:15:00+00:00,2025-01-02 10:15:00+00:00,352.3075,1,9,True,London  (07-12),Thursday,8
2025-01-02 10:30:00+00:00,2025-01-02 11:45:00+00:00,-32.39953125,-1,6,False,London  (07-12),Thursday,10
2025-01-02 12:00:00+00:00,2025-01-02 12:45:00+00:00,43.6278125,1,4,True,Overlap (12-16),Thursday,12
2025-01-02 13:00:00+00:00,2025-01-02 14:00:00+00:00,226.09265625,-1,5,True,Overlap (12-16),Thursday,13
2025-01-02 14:15:00+00:00,2025-01-02 15:00:00+00:00,269.5863077738542,1,4,True,Overlap (12-16),Thursday,14
2025-01-02 15:15:00+00:00,2025-01-02 16:00:00+00:00,125.01427149590126,-1,4,True,Overlap (12-16),Thursday,15
2025-01-02 16:15:00+00:00,2025-01-02 17:00:00+00:00,222.3286055124199,1,4,True,NY      (16-22),Thursday,16
2025-01-02 17:15:00+00:00,2025-01-02 17:30:00+00:00,195.88609580563696,-1,2,True,NY      (16-22),Thursday,17
2025-01-02 17:45:00+00:00,2025-01-02 19:00:00+00:00,196.592203615348,1,6,True,NY      (16-22),Thursday,17
2025-01-02 19:15:00+00:00,2025-01-03 01:00:00+00:00,308.73061676000185,-1,24,True,NY      (16-22),Thursday,19
2025-01-03 01:15:00+00:00,2025-01-03 02:15:00+00:00,249.62,1,5,True,Asia    (00-07),Friday,1
2025-01-03 02:30:00+00:00,2025-01-03 03:00:00+00:00,124.61609375,-1,3,True,Asia    (00-07),Friday,2
2025-01-03 03:15:00+00:00,2025-01-03 04:00:00+00:00,-23.684687500000003,1,4,False,Asia    (00-07),Friday,3
2025-01-03 04:15:00+00:00,2025-01-03 09:00:00+00:00,297.47546875,-1,20,True,Asia    (00-07),Friday,4
2025-01-03 09:15:00+00:00,2025-01-03 09:15:00+00:00,62.2059375,1,1,True,London  (07-12),Friday,9
2025-01-03 09:30:00+00:00,2025-01-03 11:00:00+00:00,-23.969843749999995,-1,7,False,London  (07-12),Friday,9
2025-01-03 11:15:00+00:00,2025-01-03 19:15:00+00:00,830.734334408435,1,33,True,London  (07-12),Friday,11
2025-01-03 19:30:00+00:00,2025-01-03 19:30:00+00:00,-11.965760549597043,-1,1,False,NY      (16-22),Friday,19
2025-01-03 19:45:00+00:00,2025-01-03 22:30:00+00:00,-151.47574098597914,1,12,False,NY      (16-22),Friday,19
2025-01-03 22:45:00+00:00,2025-01-04 01:00:00+00:00,245.010625,-1,10,True,Off     (22-00),Friday,22
2025-01-04 01:15:00+00:00,2025-01-04 03:15:00+00:00,84.1278125,1,9,True,Asia    (00-07),Saturday,1
2025-01-04 03:30:00+00:00,2025-01-04 10:00:00+00:00,174.05359375,-1,27,True,Asia    (00-07),Saturday,3
2025-01-04 10:15:00+00:00,2025-01-04 12:15:00+00:00,91.60046875,1,9,True,London  (07-12),Saturday,10
2025-01-04 12:30:00+00:00,2025-01-04 16:30:00+00:00,127.854375,-1,17,True,Overlap (12-16),Saturday,12
2025-01-04 16:45:00+00:00,2025-01-04 18:00:00+00:00,199.46765625,1,6,True,NY      (16-22),Saturday,16
2025-01-04 18:15:00+00:00,2025-01-04 19:00:00+00:00,-44.04015625,-1,4,False,NY      (16-22),Saturday,18
2025-01-04 19:15:00+00:00,2025-01-04 21:00:00+00:00,197.64734375,1,8,True,NY      (16-22),Saturday,19
2025-01-04 21:15:00+00:00,2025-01-04 22:00:00+00:00,89.0965625,-1,4,True,NY      (16-22),Saturday,21
2025-01-04 22:15:00+00:00,2025-01-05 00:00:00+00:00,-41.762812499999995,1,8,False,Off     (22-00),Saturday,22
2025-01-05 00:15:00+00:00,2025-01-05 03:30:00+00:00,78.50671875,-1,14,True,Asia    (00-07),Sunday,0
2025-01-05 03:45:00+00:00,2025-01-05 03:45:00+00:00,29.100468749999997,1,1,True,Asia    (00-07),Sunday,3
2025-01-05 04:00:00+00:00,2025-01-05 04:00:00+00:00,-54.32921875,-1,1,False,Asia    (00-07),Sunday,4
2025-01-05 04:15:00+00:00,2025-01-05 07:00:00+00:00,39.694218750000005,1,12,True,Asia    (00-07),Sunday,4
2025-01-05 07:15:00+00:00,2025-01-05 10:00:00+00:00,310.71765625,-1,12,True,London  (07-12),Sunday,7
2025-01-05 10:15:00+00:00,2025-01-05 13:00:00+00:00,53.444218750000005,1,12,True,London  (07-12),Sunday,10
2025-01-05 13:15:00+00:00,2025-01-05 14:00:00+00:00,93.35046875,-1,4,True,Overlap (12-16),Sunday,13
2025-01-05 14:15:00+00:00,2025-01-05 16:15:00+00:00,203.791875,1,9,True,Overlap (12-16),Sunday,14
2025-01-05 16:30:00+00:00,2025-01-05 16:30:00+00:00,28.233281249999997,-1,1,True,NY      (16-22),Sunday,16
2025-01-05 16:45:00+00:00,2025-01-05 17:00:00+00:00,-5.778437500000003,1,2,False,NY      (16-22),Sunday,16
2025-01-05 17:15:00+00:00,2025-01-05 18:00:00+00:00,141.87390625,-1,4,True,NY      (16-22),Sunday,17
2025-01-05 18:15:00+00:00,2025-01-05 23:00:00+00:00,412.635625,1,20,True,NY      (16-22),Sunday,18
2025-01-05 23:15:00+00:00,2025-01-06 01:30:00+00:00,125.541875,-1,10,True,Off     (22-00),Sunday,23
2025-01-06 01:45:00+00:00,2025-01-06 05:00:00+00:00,504.47630277464077,1,14,True,Asia    (00-07),Monday,1
2025-01-06 05:15:00+00:00,2025-01-06 06:45:00+00:00,-63.62269584423126,-1,7,False,Asia    (00-07),Monday,5
2025-01-06 07:00:00+00:00,2025-01-06 08:00:00+00:00,10.893437500000005,1,5,True,London  (07-12),Monday,7
2025-01-06 08:15:00+00:00,2025-01-06 09:15:00+00:00,209.87,-1,5,True,London  (07-12),Monday,8
2025-01-06 09:30:00+00:00,2025-01-06 16:15:00+00:00,938.649163845399,1,28,True,London  (07-12),Monday,9
2025-01-06 16:30:00+00:00,2025-01-06 20:30:00+00:00,73.24365033067417,-1,17,True,NY      (16-22),Monday,16
2025-01-06 20:45:00+00:00,2025-01-07 00:00:00+00:00,-5.380925788896732,1,14,False,NY      (16-22),Monday,20
2025-01-07 00:15:00+00:00,2025-01-07 06:00:00+00:00,132.50859038364288,-1,24,True,Asia    (00-07),Tuesday,0
2025-01-07 06:15:00+00:00,2025-01-07 07:00:00+00:00,49.6434375,1,4,True,Asia    (00-07),Tuesday,6
2025-01-07 07:15:00+00:00,2025-01-07 08:00:00+00:00,100.93640625,-1,4,True,London  (07-12),Tuesday,7
2025-01-07 08:15:00+00:00,2025-01-07 08:45:00+00:00,119.47546875,1,3,True,London  (07-12),Tuesday,8
2025-01-07 09:00:00+00:00,2025-01-07 11:30:00+00:00,604.3309375,-1,11,True,London  (07-12),Tuesday,9
2025-01-07 11:45:00+00:00,2025-01-07 12:30:00+00:00,79.041875,1,4,True,London  (07-12),Tuesday,11
2025-01-07 12:45:00+00:00,2025-01-07 20:00:00+00:00,1232.365405162968,-1,30,True,Overlap (12-16),Tuesday,12
2025-01-07 20:15:00+00:00,2025-01-08 04:15:00+00:00,-107.13590326540483,1,33,False,NY      (16-22),Tuesday,20
2025-01-08 04:30:00+00:00,2025-01-08 05:00:00+00:00,63.96813989224893,-1,3,True,Asia    (00-07),Wednesday,4
2025-01-08 05:15:00+00:00,2025-01-08 06:00:00+00:00,77.56191361705258,1,4,True,Asia    (00-07),Wednesday,5
2025-01-08 06:15:00+00:00,2025-01-08 07:15:00+00:00,430.1621054603685,-1,5,True,Asia    (00-07),Wednesday,6
2025-01-08 07:30:00+00:00,2025-01-08 08:45:00+00:00,174.42888760025173,1,6,True,London  (07-12),Wednesday,7
2025-01-08 09:00:00+00:00,2025-01-08 09:45:00+00:00,198.88699638818693,-1,4,True,London  (07-12),Wednesday,9
2025-01-08 10:00:00+00:00,2025-01-08 11:00:00+00:00,126.49904164436651,1,5,True,London  (07-12),Wednesday,10
2025-01-08 11:15:00+00:00,2025-01-08 11:30:00+00:00,380.3813537251565,-1,2,True,London  (07-12),Wednesday,11
2025-01-08 11:45:00+00:00,2025-01-08 16:00:00+00:00,103.21726858841102,1,18,True,London  (07-12),Wednesday,11
2025-01-08 16:15:00+00:00,2025-01-08 17:15:00+00:00,427.6857279028583,-1,5,True,NY      (16-22),Wednesday,16
2025-01-08 17:30:00+00:00,2025-01-08 17:45:00+00:00,181.66343023776037,1,2,True,NY      (16-22),Wednesday,17
2025-01-08 18:00:00+00:00,2025-01-08 21:00:00+00:00,53.2039454263176,-1,13,True,NY      (16-22),Wednesday,18
2025-01-08 21:15:00+00:00,2025-01-09 02:30:00+00:00,181.13490385992066,1,22,True,NY      (16-22),Wednesday,21
2025-01-09 02:45:00+00:00,2025-01-09 04:00:00+00:00,319.5548655146178,-1,6,True,Asia    (00-07),Thursday,2
2025-01-09 04:15:00+00:00,2025-01-09 04:45:00+00:00,177.7091156344173,1,3,True,Asia    (00-07),Thursday,4
2025-01-09 05:00:00+00:00,2025-01-09 08:00:00+00:00,721.4858317381464,-1,13,True,Asia    (00-07),Thursday,5
2025-01-09 08:15:00+00:00,2025-01-09 17:00:00+00:00,201.02437553889024,1,36,True,London  (07-12),Thursday,8
2025-01-09 17:15:00+00:00,2025-01-09 20:00:00+00:00,580.3397398863269,-1,12,True,NY      (16-22),Thursday,17
2025-01-09 20:15:00+00:00,2025-01-10 09:15:00+00:00,1228.2292293970445,1,53,True,NY      (16-22),Thursday,20
2025-01-10 09:30:00+00:00,2025-01-10 09:30:00+00:00,19.772231288429722,-1,1,True,London  (07-12),Friday,9
2025-01-10 09:45:00+00:00,2025-01-10 12:00:00+00:00,-13.86907713730902,1,10,False,London  (07-12),Friday,9
2025-01-10 12:15:00+00:00,2025-01-10 14:00:00+00:00,285.71949100458926,-1,8,True,Overlap (12-16),Friday,12
2025-01-10 14:15:00+00:00,2025-01-10 15:30:00+00:00,-50.07065163016384,1,6,False,Overlap (12-16),Friday,14
2025-01-10 15:45:00+00:00,2025-01-10 16:00:00+00:00,65.45970551868561,-1,2,True,Overlap (12-16),Friday,15
2025-01-10 16:15:00+00:00,2025-01-10 18:00:00+00:00,261.6013439821558,1,8,True,NY      (16-22),Friday,16
2025-01-10 18:15:00+00:00,2025-01-11 02:15:00+00:00,359.7829689216657,-1,33,True,NY      (16-22),Friday,18
2025-01-11 02:30:00+00:00,2025-01-11 03:00:00+00:00,-33.1065625,1,3,False,Asia    (00-07),Saturday,2
2025-01-11 03:15:00+00:00,2025-01-11 05:15:00+00:00,9.803593749999997,-1,9,True,Asia    (00-07),Saturday,3
2025-01-11 05:30:00+00:00,2025-01-11 06:00:00+00:00,82.18640625,1,3,True,Asia    (00-07),Saturday,5
2025-01-11 06:15:00+00:00,2025-01-11 07:15:00+00:00,83.073125,-1,5,True,Asia    (00-07),Saturday,6
2025-01-11 07:30:00+00:00,2025-01-11 12:15:00+00:00,191.8075,1,20,True,London  (07-12),Saturday,7
2025-01-11 12:30:00+00:00,2025-01-11 13:45:00+00:00,85.745,-1,6,True,Overlap (12-16),Saturday,12
2025-01-11 14:00:00+00:00,2025-01-11 15:00:00+00:00,35.389531250000005,1,5,True,Overlap (12-16),Saturday,14
2025-01-11 15:15:00+00:00,2025-01-11 18:45:00+00:00,97.49890625,-1,15,True,Overlap (12-16),Saturday,15
2025-01-11 19:00:00+00:00,2025-01-11 19:00:00+00:00,-28.071406250000003,1,1,False,NY      (16-22),Saturday,19
2025-01-11 19:15:00+00:00,2025-01-11 20:00:00+00:00,1.7176562499999974,-1,4,True,NY      (16-22),Saturday,19
2025-01-11 20:15:00+00:00,2025-01-11 22:00:00+00:00,280.49109375,1,8,True,NY      (16-22),Saturday,20
2025-01-11 22:15:00+00:00,2025-01-11 23:00:00+00:00,86.90125,-1,4,True,Off     (22-00),Saturday,22
2025-01-11 23:15:00+00:00,2025-01-12 03:45:00+00:00,-5.3760937499999955,1,19,False,Off     (22-00),Saturday,23
2025-01-12 04:00:00+00:00,2025-01-12 07:45:00+00:00,134.3934375,-1,16,True,Asia    (00-07),Sunday,4
2025-01-12 08:00:00+00:00,2025-01-12 08:00:00+00:00,4.280156249999997,1,1,True,London  (07-12),Sunday,8
2025-01-12 08:15:00+00:00,2025-01-12 10:00:00+00:00,181.7840625,-1,8,True,London  (07-12),Sunday,8
2025-01-12 10:15:00+00:00,2025-01-12 16:45:00+00:00,524.07703125,1,27,True,London  (07-12),Sunday,10
2025-01-12 17:00:00+00:00,2025-01-13 13:45:00+00:00,1530.8999792452123,-1,84,True,NY      (16-22),Sunday,17
2025-01-13 14:00:00+00:00,2025-01-13 15:00:00+00:00,217.44227045600894,1,5,True,Overlap (12-16),Monday,14
2025-01-13 15:15:00+00:00,2025-01-13 15:45:00+00:00,40.83815271141468,-1,3,True,Overlap (12-16),Monday,15
2025-01-13 16:00:00+00:00,2025-01-13 16:30:00+00:00,-13.41700124254583,1,3,False,NY      (16-22),Monday,16
2025-01-13 16:45:00+00:00,2025-01-13 18:15:00+00:00,66.68001046599684,-1,7,True,NY      (16-22),Monday,16
2025-01-13 18:30:00+00:00,2025-01-13 22:30:00+00:00,644.364234771696,1,17,True,NY      (16-22),Monday,18
2025-01-13 22:45:00+00:00,2025-01-13 23:00:00+00:00,-26.605428821717716,-1,2,False,Off     (22-00),Monday,22
2025-01-13 23:15:00+00:00,2025-01-14 02:15:00+00:00,314.37102518302436,1,13,True,Off     (22-00),Monday,23
2025-01-14 02:30:00+00:00,2025-01-14 04:15:00+00:00,105.54895538960497,-1,8,True,Asia    (00-07),Tuesday,2
2025-01-14 04:30:00+00:00,2025-01-14 05:00:00+00:00,241.1590625,1,3,True,Asia    (00-07),Tuesday,4
2025-01-14 05:15:00+00:00,2025-01-14 06:00:00+00:00,284.745,-1,4,True,Asia    (00-07),Tuesday,5
2025-01-14 06:15:00+00:00,2025-01-14 07:00:00+00:00,94.5340625,1,4,True,Asia    (00-07),Tuesday,6
2025-01-14 07:15:00+00:00,2025-01-14 08:00:00+00:00,-248.1221875,-1,4,False,London  (07-12),Tuesday,7
2025-01-14 08:15:00+00:00,2025-01-14 10:15:00+00:00,507.84768750389236,1,9,True,London  (07-12),Tuesday,8
2025-01-14 10:30:00+00:00,2025-01-14 10:45:00+00:00,8.180144356910466,-1,2,True,London  (07-12),Tuesday,10
2025-01-14 11:00:00+00:00,2025-01-14 12:00:00+00:00,-137.12684392205142,1,5,False,London  (07-12),Tuesday,11
2025-01-14 12:15:00+00:00,2025-01-14 13:15:00+00:00,156.10874948139937,-1,5,True,Overlap (12-16),Tuesday,12
2025-01-14 13:30:00+00:00,2025-01-14 14:15:00+00:00,310.2769834961192,1,4,True,Overlap (12-16),Tuesday,13
2025-01-14 14:30:00+00:00,2025-01-14 15:45:00+00:00,79.23198254681253,-1,6,True,Overlap (12-16),Tuesday,14
2025-01-14 16:00:00+00:00,2025-01-14 19:15:00+00:00,98.13231317525789,1,14,True,NY      (16-22),Tuesday,16
2025-01-14 19:30:00+00:00,2025-01-14 21:30:00+00:00,132.61955060275898,-1,9,True,NY      (16-22),Tuesday,19
2025-01-14 21:45:00+00:00,2025-01-15 02:00:00+00:00,333.53498327585754,1,18,True,NY      (16-22),Tuesday,21
2025-01-15 02:15:00+00:00,2025-01-15 03:00:00+00:00,28.749441574720308,-1,4,True,Asia    (00-07),Wednesday,2
2025-01-15 03:15:00+00:00,2025-01-15 05:45:00+00:00,-23.756883204214756,1,11,False,Asia    (00-07),Wednesday,3
2025-01-15 06:00:00+00:00,2025-01-15 06:15:00+00:00,68.23024283459802,-1,2,True,Asia    (00-07),Wednesday,6
2025-01-15 06:30:00+00:00,2025-01-15 07:00:00+00:00,135.55359375,1,3,True,Asia    (00-07),Wednesday,6
2025-01-15 07:15:00+00:00,2025-01-15 10:00:00+00:00,119.8075,-1,12,True,London  (07-12),Wednesday,7
2025-01-15 10:15:00+00:00,2025-01-15 15:00:00+00:00,940.5677774500175,1,20,True,London  (07-12),Wednesday,10
2025-01-15 15:15:00+00:00,2025-01-15 16:30:00+00:00,44.613646873758725,-1,6,True,Overlap (12-16),Wednesday,15
2025-01-15 16:45:00+00:00,2025-01-15 20:00:00+00:00,480.16065947151924,1,14,True,NY      (16-22),Wednesday,16
2025-01-15 20:15:00+00:00,2025-01-15 20:45:00+00:00,229.63682993985492,-1,3,True,NY      (16-22),Wednesday,20
2025-01-15 21:00:00+00:00,2025-01-16 00:00:00+00:00,298.438427824622,1,13,True,NY      (16-22),Wednesday,21
2025-01-16 00:15:00+00:00,2025-01-16 03:45:00+00:00,304.8620765772478,-1,15,True,Asia    (00-07),Thursday,0
2025-01-16 04:00:00+00:00,2025-01-16 08:00:00+00:00,141.354375,1,17,True,Asia    (00-07),Thursday,4
2025-01-16 08:15:00+00:00,2025-01-16 09:00:00+00:00,461.1434375,-1,4,True,London  (07-12),Thursday,8
2025-01-16 09:15:00+00:00,2025-01-16 10:15:00+00:00,234.45756684329993,1,5,True,London  (07-12),Thursday,9
2025-01-16 10:30:00+00:00,2025-01-16 13:00:00+00:00,186.67106210981535,-1,11,True,London  (07-12),Thursday,10
2025-01-16 13:15:00+00:00,2025-01-16 13:30:00+00:00,176.86626976949142,1,2,True,Overlap (12-16),Thursday,13
2025-01-16 13:45:00+00:00,2025-01-16 15:30:00+00:00,362.1323520064153,-1,8,True,Overlap (12-16),Thursday,13
2025-01-16 15:45:00+00:00,2025-01-16 20:00:00+00:00,541.9599019574549,1,18,True,Overlap (12-16),Thursday,15
2025-01-16 20:15:00+00:00,2025-01-17 00:30:00+00:00,76.43052142245546,-1,18,True,NY      (16-22),Thursday,20
2025-01-17 00:45:00+00:00,2025-01-17 07:30:00+00:00,561.5005701240492,1,28,True,Asia    (00-07),Friday,0
2025-01-17 07:45:00+00:00,2025-01-17 07:45:00+00:00,99.12390625,-1,1,True,London  (07-12),Friday,7
2025-01-17 08:00:00+00:00,2025-01-17 09:15:00+00:00,277.1655949443262,1,6,True,London  (07-12),Friday,8
2025-01-17 09:30:00+00:00,2025-01-17 09:30:00+00:00,97.38953125,-1,1,True,London  (07-12),Friday,9
2025-01-17 09:45:00+00:00,2025-01-17 13:00:00+00:00,451.8649740242202,1,14,True,London  (07-12),Friday,9
2025-01-17 13:15:00+00:00,2025-01-17 13:45:00+00:00,127.84128935912598,-1,3,True,Overlap (12-16),Friday,13
2025-01-17 14:00:00+00:00,2025-01-17 17:15:00+00:00,796.1847966170886,1,14,True,Overlap (12-16),Friday,14
2025-01-17 17:30:00+00:00,2025-01-17 17:45:00+00:00,194.76488926190865,-1,2,True,NY      (16-22),Friday,17
2025-01-17 18:00:00+00:00,2025-01-17 20:00:00+00:00,355.95306623458237,1,9,True,NY      (16-22),Friday,18
2025-01-17 20:15:00+00:00,2025-01-17 20:45:00+00:00,204.6567512518857,-1,3,True,NY      (16-22),Friday,20
2025-01-17 21:00:00+00:00,2025-01-18 01:15:00+00:00,-16.67376058578367,1,18,False,NY      (16-22),Friday,21
2025-01-18 01:30:00+00:00,2025-01-18 04:00:00+00:00,494.47756401268094,-1,11,True,Asia    (00-07),Saturday,1
2025-01-18 04:15:00+00:00,2025-01-18 05:00:00+00:00,-56.183768437827474,1,4,False,Asia    (00-07),Saturday,4
2025-01-18 05:15:00+00:00,2025-01-18 06:15:00+00:00,53.04842520667909,-1,5,True,Asia    (00-07),Saturday,5
2025-01-18 06:30:00+00:00,2025-01-18 06:45:00+00:00,58.584423500697206,1,2,True,Asia    (00-07),Saturday,6
2025-01-18 07:00:00+00:00,2025-01-18 08:00:00+00:00,243.58709077763578,-1,5,True,London  (07-12),Saturday,7
2025-01-18 08:15:00+00:00,2025-01-18 09:15:00+00:00,269.9124729979596,1,5,True,London  (07-12),Saturday,8
2025-01-18 09:30:00+00:00,2025-01-18 09:30:00+00:00,111.2001766922864,-1,1,True,London  (07-12),Saturday,9
2025-01-18 09:45:00+00:00,2025-01-18 14:00:00+00:00,381.41107899748545,1,18,True,London  (07-12),Saturday,9
2025-01-18 14:15:00+00:00,2025-01-18 18:15:00+00:00,42.44587291944275,-1,17,True,Overlap (12-16),Saturday,14
2025-01-18 18:30:00+00:00,2025-01-19 02:15:00+00:00,548.5243685425842,1,32,True,NY      (16-22),Saturday,18
2025-01-19 02:30:00+00:00,2025-01-19 03:00:00+00:00,225.49375963979722,-1,3,True,Asia    (00-07),Sunday,2
2025-01-19 03:15:00+00:00,2025-01-19 04:00:00+00:00,204.6811992632547,1,4,True,Asia    (00-07),Sunday,3
2025-01-19 04:15:00+00:00,2025-01-19 05:00:00+00:00,248.19055812782779,-1,4,True,Asia    (00-07),Sunday,4
2025-01-19 05:15:00+00:00,2025-01-19 07:00:00+00:00,322.0505817649377,1,8,True,Asia    (00-07),Sunday,5
2025-01-19 07:15:00+00:00,2025-01-19 09:00:00+00:00,510.34074938121967,-1,8,True,London  (07-12),Sunday,7
2025-01-19 09:15:00+00:00,2025-01-19 10:00:00+00:00,245.77315484848026,1,4,True,London  (07-12),Sunday,9
2025-01-19 10:15:00+00:00,2025-01-19 12:15:00+00:00,96.32728471881727,-1,9,True,London  (07-12),Sunday,10
2025-01-19 12:30:00+00:00,2025-01-19 13:00:00+00:00,179.96345947677864,1,3,True,Overlap (12-16),Sunday,12
2025-01-19 13:15:00+00:00,2025-01-19 14:00:00+00:00,96.03272335668342,-1,4,True,Overlap (12-16),Sunday,13
2025-01-19 14:15:00+00:00,2025-01-19 14:15:00+00:00,166.60389193956567,1,1,True,Overlap (12-16),Sunday,14
2025-01-19 14:30:00+00:00,2025-01-19 14:45:00+00:00,73.87733663299045,-1,2,True,Overlap (12-16),Sunday,14
2025-01-19 15:00:00+00:00,2025-01-19 18:15:00+00:00,-17.45717521759091,1,14,False,Overlap (12-16),Sunday,15
2025-01-19 18:30:00+00:00,2025-01-19 18:45:00+00:00,5.246591054618779,-1,2,True,NY      (16-22),Sunday,18
2025-01-19 19:00:00+00:00,2025-01-19 20:00:00+00:00,461.5444440814639,1,5,True,NY      (16-22),Sunday,19
2025-01-19 20:15:00+00:00,2025-01-19 23:00:00+00:00,902.600947057319,-1,12,True,NY      (16-22),Sunday,20
2025-01-19 23:15:00+00:00,2025-01-20 00:00:00+00:00,4.7378691752688065,1,4,True,Off     (22-00),Sunday,23
2025-01-20 00:15:00+00:00,2025-01-20 01:30:00+00:00,128.25946405677968,-1,6,True,Asia    (00-07),Monday,0
2025-01-20 01:45:00+00:00,2025-01-20 06:45:00+00:00,1234.5597361982657,1,21,True,Asia    (00-07),Monday,1
2025-01-20 07:00:00+00:00,2025-01-20 07:45:00+00:00,17.213587746524738,-1,4,True,London  (07-12),Monday,7
2025-01-20 08:00:00+00:00,2025-01-20 09:00:00+00:00,175.85056498674004,1,5,True,London  (07-12),Monday,8
2025-01-20 09:15:00+00:00,2025-01-20 09:15:00+00:00,50.59392781605796,-1,1,True,London  (07-12),Monday,9
2025-01-20 09:30:00+00:00,2025-01-20 12:45:00+00:00,-251.24469878637427,1,14,False,London  (07-12),Monday,9
2025-01-20 13:00:00+00:00,2025-01-20 16:00:00+00:00,366.85071796699,-1,13,True,Overlap (12-16),Monday,13
2025-01-20 16:15:00+00:00,2025-01-20 17:00:00+00:00,48.23496650227574,1,4,True,NY      (16-22),Monday,16
2025-01-20 17:15:00+00:00,2025-01-20 22:00:00+00:00,305.74273464828696,-1,20,True,NY      (16-22),Monday,17
2025-01-20 22:15:00+00:00,2025-01-20 23:15:00+00:00,118.44446206936662,1,5,True,Off     (22-00),Monday,22
2025-01-20 23:30:00+00:00,2025-01-21 01:30:00+00:00,314.2942390755419,-1,9,True,Off     (22-00),Monday,23
2025-01-21 01:45:00+00:00,2025-01-21 04:15:00+00:00,178.21212574647575,1,11,True,Asia    (00-07),Tuesday,1
2025-01-21 04:30:00+00:00,2025-01-21 06:15:00+00:00,161.7303449748759,-1,8,True,Asia    (00-07),Tuesday,4
2025-01-21 06:30:00+00:00,2025-01-21 07:00:00+00:00,131.15607540777887,1,3,True,Asia    (00-07),Tuesday,6
2025-01-21 07:15:00+00:00,2025-01-21 08:00:00+00:00,-9.421018677089677,-1,4,False,London  (07-12),Tuesday,7
2025-01-21 08:15:00+00:00,2025-01-21 13:30:00+00:00,707.3497085074874,1,22,True,London  (07-12),Tuesday,8
2025-01-21 13:45:00+00:00,2025-01-21 15:00:00+00:00,324.89909369876426,-1,6,True,Overlap (12-16),Tuesday,13
2025-01-21 15:15:00+00:00,2025-01-21 20:00:00+00:00,622.7426968716024,1,20,True,Overlap (12-16),Tuesday,15
2025-01-21 20:15:00+00:00,2025-01-21 23:00:00+00:00,300.07613625761223,-1,12,True,NY      (16-22),Tuesday,20
2025-01-21 23:15:00+00:00,2025-01-22 02:00:00+00:00,28.90064451173429,1,12,True,Off     (22-00),Tuesday,23
2025-01-22 02:15:00+00:00,2025-01-22 05:30:00+00:00,93.46278660573788,-1,14,True,Asia    (00-07),Wednesday,2
2025-01-22 05:45:00+00:00,2025-01-22 06:00:00+00:00,112.78796875,1,2,True,Asia    (00-07),Wednesday,5
2025-01-22 06:15:00+00:00,2025-01-22 08:00:00+00:00,393.989487122722,-1,8,True,Asia    (00-07),Wednesday,6
2025-01-22 08:15:00+00:00,2025-01-22 09:00:00+00:00,-20.444719347476408,1,4,False,London  (07-12),Wednesday,8
2025-01-22 09:15:00+00:00,2025-01-22 10:00:00+00:00,73.1851383622711,-1,4,True,London  (07-12),Wednesday,9
2025-01-22 10:15:00+00:00,2025-01-22 11:45:00+00:00,105.57478105889224,1,7,True,London  (07-12),Wednesday,10
2025-01-22 12:00:00+00:00,2025-01-22 16:30:00+00:00,489.4373177290287,-1,19,True,Overlap (12-16),Wednesday,12
2025-01-22 16:45:00+00:00,2025-01-22 18:00:00+00:00,215.3952136990249,1,6,True,NY      (16-22),Wednesday,16
2025-01-22 18:15:00+00:00,2025-01-22 19:00:00+00:00,47.484917748242324,-1,4,True,NY      (16-22),Wednesday,18
2025-01-22 19:15:00+00:00,2025-01-22 20:00:00+00:00,69.46529826580155,1,4,True,NY      (16-22),Wednesday,19
2025-01-22 20:15:00+00:00,2025-01-23 04:15:00+00:00,894.0413978500117,-1,33,True,NY      (16-22),Wednesday,20
2025-01-23 04:30:00+00:00,2025-01-23 06:00:00+00:00,365.2045568432038,1,7,True,Asia    (00-07),Thursday,4
2025-01-23 06:15:00+00:00,2025-01-23 07:00:00+00:00,181.899069386694,-1,4,True,Asia    (00-07),Thursday,6
2025-01-23 07:15:00+00:00,2025-01-23 08:15:00+00:00,-13.377645047589674,1,5,False,London  (07-12),Thursday,7
2025-01-23 08:30:00+00:00,2025-01-23 10:30:00+00:00,412.12096981088627,-1,9,True,London  (07-12),Thursday,8
2025-01-23 10:45:00+00:00,2025-01-23 15:30:00+00:00,990.4520189948953,1,20,True,London  (07-12),Thursday,10
2025-01-23 15:45:00+00:00,2025-01-23 17:15:00+00:00,-54.35944599909258,-1,7,False,Overlap (12-16),Thursday,15
2025-01-23 17:30:00+00:00,2025-01-23 18:00:00+00:00,-17.44976272352183,1,3,False,NY      (16-22),Thursday,17
2025-01-23 18:15:00+00:00,2025-01-23 20:45:00+00:00,268.87506349121884,-1,11,True,NY      (16-22),Thursday,18
2025-01-23 21:00:00+00:00,2025-01-24 01:00:00+00:00,-4.753430414326708,1,17,False,NY      (16-22),Thursday,21
2025-01-24 01:15:00+00:00,2025-01-24 02:45:00+00:00,211.13979977214848,-1,7,True,Asia    (00-07),Friday,1
2025-01-24 03:00:00+00:00,2025-01-24 06:00:00+00:00,601.3073260528674,1,13,True,Asia    (00-07),Friday,3
2025-01-24 06:15:00+00:00,2025-01-24 07:15:00+00:00,65.58282654987872,-1,5,True,Asia    (00-07),Friday,6
2025-01-24 07:30:00+00:00,2025-01-24 09:15:00+00:00,351.2120288788561,1,8,True,London  (07-12),Friday,7
2025-01-24 09:30:00+00:00,2025-01-24 10:00:00+00:00,167.95559413473393,-1,3,True,London  (07-12),Friday,9
2025-01-24 10:15:00+00:00,2025-01-24 16:00:00+00:00,242.6805892751538,1,24,True,London  (07-12),Friday,10
2025-01-24 16:15:00+00:00,2025-01-24 17:00:00+00:00,-7.875706937499288,-1,4,False,NY      (16-22),Friday,16
2025-01-24 17:15:00+00:00,2025-01-24 18:15:00+00:00,245.92820628951188,1,5,True,NY      (16-22),Friday,17
2025-01-24 18:30:00+00:00,2025-01-24 23:00:00+00:00,705.077361286747,-1,19,True,NY      (16-22),Friday,18
2025-01-24 23:15:00+00:00,2025-01-25 00:00:00+00:00,-32.252472104540104,1,4,False,Off     (22-00),Friday,23
2025-01-25 00:15:00+00:00,2025-01-25 01:00:00+00:00,-20.42803072241385,-1,4,False,Asia    (00-07),Saturday,0
2025-01-25 01:15:00+00:00,2025-01-25 04:00:00+00:00,202.89399787093953,1,12,True,Asia    (00-07),Saturday,1
2025-01-25 04:15:00+00:00,2025-01-25 08:15:00+00:00,319.541875,-1,17,True,Asia    (00-07),Saturday,4
2025-01-25 08:30:00+00:00,2025-01-25 13:00:00+00:00,225.0965625,1,19,True,London  (07-12),Saturday,8
2025-01-25 13:15:00+00:00,2025-01-25 15:15:00+00:00,-69.64953125,-1,9,False,Overlap (12-16),Saturday,13
2025-01-25 15:30:00+00:00,2025-01-25 16:00:00+00:00,-21.946406249999995,1,3,False,Overlap (12-16),Saturday,15
2025-01-25 16:15:00+00:00,2025-01-25 16:30:00+00:00,123.81921875,-1,2,True,NY      (16-22),Saturday,16
2025-01-25 16:45:00+00:00,2025-01-25 20:00:00+00:00,229.04578125,1,14,True,NY      (16-22),Saturday,16
2025-01-25 20:15:00+00:00,2025-01-25 21:00:00+00:00,87.635625,-1,4,True,NY      (16-22),Saturday,20
2025-01-25 21:15:00+00:00,2025-01-25 22:00:00+00:00,65.28796875,1,4,True,NY      (16-22),Saturday,21
2025-01-25 22:15:00+00:00,2025-01-25 23:45:00+00:00,152.27234375,-1,7,True,Off     (22-00),Saturday,22
2025-01-26 00:00:00+00:00,2025-01-26 04:15:00+00:00,301.69421875,1,18,True,Asia    (00-07),Sunday,0
2025-01-26 04:30:00+00:00,2025-01-26 10:00:00+00:00,331.36609375,-1,23,True,Asia    (00-07),Sunday,4
2025-01-26 10:15:00+00:00,2025-01-26 20:00:00+00:00,146.385625,1,40,True,London  (07-12),Sunday,10
2025-01-26 20:15:00+00:00,2025-01-27 07:15:00+00:00,2352.570015554214,-1,45,True,NY      (16-22),Sunday,20
2025-01-27 07:30:00+00:00,2025-01-27 08:45:00+00:00,250.69252422191545,1,6,True,London  (07-12),Monday,7
2025-01-27 09:00:00+00:00,2025-01-27 09:15:00+00:00,40.003377805690405,-1,2,True,London  (07-12),Monday,9
2025-01-27 09:30:00+00:00,2025-01-27 10:00:00+00:00,54.828936209625354,1,3,True,London  (07-12),Monday,9
2025-01-27 10:15:00+00:00,2025-01-27 11:00:00+00:00,81.84404792861973,-1,4,True,London  (07-12),Monday,10
2025-01-27 11:15:00+00:00,2025-01-27 15:00:00+00:00,666.4869285510138,1,16,True,London  (07-12),Monday,11
2025-01-27 15:15:00+00:00,2025-01-27 17:15:00+00:00,324.2779252822347,-1,9,True,Overlap (12-16),Monday,15
2025-01-27 17:30:00+00:00,2025-01-27 22:00:00+00:00,478.2371095626544,1,19,True,NY      (16-22),Monday,17
2025-01-27 22:15:00+00:00,2025-01-27 23:00:00+00:00,-121.61410045098334,-1,4,False,Off     (22-00),Monday,22
2025-01-27 23:15:00+00:00,2025-01-28 04:15:00+00:00,321.2281434953448,1,21,True,Off     (22-00),Monday,23
2025-01-28 04:30:00+00:00,2025-01-28 09:15:00+00:00,220.60432331180544,-1,20,True,Asia    (00-07),Tuesday,4
2025-01-28 09:30:00+00:00,2025-01-28 10:00:00+00:00,192.27193846686882,1,3,True,London  (07-12),Tuesday,9
2025-01-28 10:15:00+00:00,2025-01-28 13:45:00+00:00,160.3055532300755,-1,15,True,London  (07-12),Tuesday,10
2025-01-28 14:00:00+00:00,2025-01-28 16:00:00+00:00,-113.84558422120027,1,9,False,Overlap (12-16),Tuesday,14
2025-01-28 16:15:00+00:00,2025-01-28 17:30:00+00:00,-44.9034646045469,-1,6,False,NY      (16-22),Tuesday,16
2025-01-28 17:45:00+00:00,2025-01-28 18:00:00+00:00,120.37720713654656,1,2,True,NY      (16-22),Tuesday,17
2025-01-28 18:15:00+00:00,2025-01-28 19:00:00+00:00,221.06698621204032,-1,4,True,NY      (16-22),Tuesday,18
2025-01-28 19:15:00+00:00,2025-01-28 20:00:00+00:00,77.46939820470051,1,4,True,NY      (16-22),Tuesday,19
2025-01-28 20:15:00+00:00,2025-01-28 22:15:00+00:00,500.47573286732245,-1,9,True,NY      (16-22),Tuesday,20
2025-01-28 22:30:00+00:00,2025-01-28 23:30:00+00:00,112.28206040054258,1,5,True,Off     (22-00),Tuesday,22
2025-01-28 23:45:00+00:00,2025-01-29 01:15:00+00:00,-143.01754684546137,-1,7,False,Off     (22-00),Tuesday,23
2025-01-29 01:30:00+00:00,2025-01-29 07:45:00+00:00,508.9195848289228,1,26,True,Asia    (00-07),Wednesday,1
2025-01-29 08:00:00+00:00,2025-01-29 10:00:00+00:00,157.8465625,-1,9,True,London  (07-12),Wednesday,8
2025-01-29 10:15:00+00:00,2025-01-29 12:00:00+00:00,167.77234375,1,8,True,London  (07-12),Wednesday,10
2025-01-29 12:15:00+00:00,2025-01-29 15:30:00+00:00,407.9312928558667,-1,14,True,Overlap (12-16),Wednesday,12
2025-01-29 15:45:00+00:00,2025-01-29 21:00:00+00:00,517.4177509123422,1,22,True,Overlap (12-16),Wednesday,15
2025-01-29 21:15:00+00:00,2025-01-29 22:30:00+00:00,116.02815130816006,-1,6,True,NY      (16-22),Wednesday,21
2025-01-29 22:45:00+00:00,2025-01-30 04:45:00+00:00,711.0618147750779,1,25,True,Off     (22-00),Wednesday,22
2025-01-30 05:00:00+00:00,2025-01-30 07:15:00+00:00,188.31554161261158,-1,10,True,Asia    (00-07),Thursday,5
2025-01-30 07:30:00+00:00,2025-01-30 16:30:00+00:00,339.5132378345174,1,37,True,London  (07-12),Thursday,7
2025-01-30 16:45:00+00:00,2025-01-30 18:15:00+00:00,236.58827680106054,-1,7,True,NY      (16-22),Thursday,16
2025-01-30 18:30:00+00:00,2025-01-30 20:00:00+00:00,285.25642928669583,1,7,True,NY      (16-22),Thursday,18
2025-01-30 20:15:00+00:00,2025-01-30 23:45:00+00:00,448.43840632891613,-1,15,True,NY      (16-22),Thursday,20
2025-01-31 00:00:00+00:00,2025-01-31 00:45:00+00:00,72.89734375,1,4,True,Asia    (00-07),Friday,0
2025-01-31 01:00:00+00:00,2025-01-31 03:15:00+00:00,381.3621875,-1,10,True,Asia    (00-07),Friday,1
2025-01-31 03:30:00+00:00,2025-01-31 04:00:00+00:00,91.71765625,1,3,True,Asia    (00-07),Friday,3
2025-01-31 04:15:00+00:00,2025-01-31 08:00:00+00:00,86.70203125,-1,16,True,Asia    (00-07),Friday,4
2025-01-31 08:15:00+00:00,2025-01-31 16:00:00+00:00,497.7092453140167,1,32,True,London  (07-12),Friday,8
2025-01-31 16:15:00+00:00,2025-01-31 18:45:00+00:00,700.4779014665321,-1,11,True,NY      (16-22),Friday,16
2025-01-31 19:00:00+00:00,2025-02-01 00:00:00+00:00,2.702419907542229,1,21,True,NY      (16-22),Friday,19
2025-02-01 00:15:00+00:00,2025-02-01 04:00:00+00:00,150.70927058543808,-1,16,True,Asia    (00-07),Saturday,0
2025-02-01 04:15:00+00:00,2025-02-01 07:00:00+00:00,106.29578125,1,12,True,Asia    (00-07),Saturday,4
2025-02-01 07:15:00+00:00,2025-02-01 10:45:00+00:00,387.7996875,-1,15,True,London  (07-12),Saturday,7
2025-02-01 11:00:00+00:00,2025-02-01 16:00:00+00:00,197.81140625,1,21,True,London  (07-12),Saturday,11
2025-02-01 16:15:00+00:00,2025-02-01 17:30:00+00:00,-53.891718749999995,-1,6,False,NY      (16-22),Saturday,16
2025-02-01 17:45:00+00:00,2025-02-01 17:45:00+00:00,45.66296875,1,1,True,NY      (16-22),Saturday,17
2025-02-01 18:00:00+00:00,2025-02-01 23:00:00+00:00,828.2787479892139,-1,21,True,NY      (16-22),Saturday,18
2025-02-01 23:15:00+00:00,2025-02-02 01:45:00+00:00,309.12927466100723,1,11,True,Off     (22-00),Saturday,23
2025-02-02 02:00:00+00:00,2025-02-02 03:45:00+00:00,866.5183097167499,-1,8,True,Asia    (00-07),Sunday,2
2025-02-02 04:00:00+00:00,2025-02-02 06:15:00+00:00,375.60980053699205,1,10,True,Asia    (00-07),Sunday,4
2025-02-02 06:30:00+00:00,2025-02-02 08:00:00+00:00,418.4596806702317,-1,7,True,Asia    (00-07),Sunday,6
2025-02-02 08:15:00+00:00,2025-02-02 08:15:00+00:00,128.09236103546323,1,1,True,London  (07-12),Sunday,8
2025-02-02 08:30:00+00:00,2025-02-02 12:45:00+00:00,589.5247514364403,-1,18,True,London  (07-12),Sunday,8
2025-02-02 13:00:00+00:00,2025-02-02 16:00:00+00:00,266.33298043362834,1,13,True,Overlap (12-16),Sunday,13
2025-02-02 16:15:00+00:00,2025-02-02 19:00:00+00:00,537.4182676192625,-1,12,True,NY      (16-22),Sunday,16
2025-02-02 19:15:00+00:00,2025-02-02 20:00:00+00:00,240.59105376255516,1,4,True,NY      (16-22),Sunday,19
2025-02-02 20:15:00+00:00,2025-02-02 22:00:00+00:00,194.43894571469224,-1,8,True,NY      (16-22),Sunday,20
2025-02-02 22:15:00+00:00,2025-02-02 23:45:00+00:00,21.586310586326256,1,7,True,Off     (22-00),Sunday,22
2025-02-03 00:00:00+00:00,2025-02-03 02:30:00+00:00,535.8875174298923,-1,11,True,Asia    (00-07),Monday,0
2025-02-03 02:45:00+00:00,2025-02-03 04:00:00+00:00,2.887579381205107,1,6,True,Asia    (00-07),Monday,2
2025-02-03 04:15:00+00:00,2025-02-03 04:15:00+00:00,61.3421660710582,-1,1,True,Asia    (00-07),Monday,4
2025-02-03 04:30:00+00:00,2025-02-03 08:15:00+00:00,407.5205542288132,1,16,True,Asia    (00-07),Monday,4
2025-02-03 08:30:00+00:00,2025-02-03 10:00:00+00:00,23.41531981627795,-1,7,True,London  (07-12),Monday,8
2025-02-03 10:15:00+00:00,2025-02-03 11:00:00+00:00,69.50893469896165,1,4,True,London  (07-12),Monday,10
2025-02-03 11:15:00+00:00,2025-02-03 11:30:00+00:00,123.79687794085608,-1,2,True,London  (07-12),Monday,11
2025-02-03 11:45:00+00:00,2025-02-03 20:00:00+00:00,1053.4639568486405,1,34,True,London  (07-12),Monday,11
2025-02-03 20:15:00+00:00,2025-02-04 01:00:00+00:00,199.38251346774436,-1,20,True,NY      (16-22),Monday,20
2025-02-04 01:15:00+00:00,2025-02-04 02:30:00+00:00,109.52200499643449,1,6,True,Asia    (00-07),Tuesday,1
2025-02-04 02:45:00+00:00,2025-02-04 08:30:00+00:00,1046.8435287230523,-1,24,True,Asia    (00-07),Tuesday,2
2025-02-04 08:45:00+00:00,2025-02-04 10:30:00+00:00,267.1224433683759,1,8,True,London  (07-12),Tuesday,8
2025-02-04 10:45:00+00:00,2025-02-04 12:00:00+00:00,-102.14599627230935,-1,6,False,London  (07-12),Tuesday,10
2025-02-04 12:15:00+00:00,2025-02-04 15:00:00+00:00,7.833952623639988,1,12,True,Overlap (12-16),Tuesday,12
2025-02-04 15:15:00+00:00,2025-02-04 15:15:00+00:00,41.661910234026614,-1,1,True,Overlap (12-16),Tuesday,15
2025-02-04 15:30:00+00:00,2025-02-04 16:00:00+00:00,170.2282077426534,1,3,True,Overlap (12-16),Tuesday,15
2025-02-04 16:15:00+00:00,2025-02-04 18:00:00+00:00,155.86345789934575,-1,8,True,NY      (16-22),Tuesday,16
2025-02-04 18:15:00+00:00,2025-02-04 18:45:00+00:00,83.45197137346358,1,3,True,NY      (16-22),Tuesday,18
2025-02-04 19:00:00+00:00,2025-02-04 22:00:00+00:00,459.168690180839,-1,13,True,NY      (16-22),Tuesday,19
2025-02-04 22:15:00+00:00,2025-02-05 03:30:00+00:00,284.3315014149274,1,22,True,Off     (22-00),Tuesday,22
2025-02-05 03:45:00+00:00,2025-02-05 05:15:00+00:00,83.95541291139668,-1,7,True,Asia    (00-07),Wednesday,3
2025-02-05 05:30:00+00:00,2025-02-05 06:00:00+00:00,21.7549481988639,1,3,True,Asia    (00-07),Wednesday,5
2025-02-05 06:15:00+00:00,2025-02-05 07:00:00+00:00,202.32730659348715,-1,4,True,Asia    (00-07),Wednesday,6
2025-02-05 07:15:00+00:00,2025-02-05 08:00:00+00:00,150.09886183975868,1,4,True,London  (07-12),Wednesday,7
2025-02-05 08:15:00+00:00,2025-02-05 08:30:00+00:00,112.06741255967947,-1,2,True,London  (07-12),Wednesday,8
2025-02-05 08:45:00+00:00,2025-02-05 12:15:00+00:00,396.2581018301513,1,15,True,London  (07-12),Wednesday,8
2025-02-05 12:30:00+00:00,2025-02-05 13:30:00+00:00,-24.418695475604977,-1,5,False,Overlap (12-16),Wednesday,12
2025-02-05 13:45:00+00:00,2025-02-05 14:15:00+00:00,52.2937123046912,1,3,True,Overlap (12-16),Wednesday,13
2025-02-05 14:30:00+00:00,2025-02-05 15:30:00+00:00,220.39249018137048,-1,5,True,Overlap (12-16),Wednesday,14
2025-02-05 15:45:00+00:00,2025-02-05 17:00:00+00:00,-5.322195318291943,1,6,False,Overlap (12-16),Wednesday,15
2025-02-05 17:15:00+00:00,2025-02-05 19:00:00+00:00,296.4486649621706,-1,8,True,NY      (16-22),Wednesday,17
2025-02-05 19:15:00+00:00,2025-02-05 20:00:00+00:00,206.61705919634565,1,4,True,NY      (16-22),Wednesday,19
2025-02-05 20:15:00+00:00,2025-02-05 22:30:00+00:00,381.6049661111359,-1,10,True,NY      (16-22),Wednesday,20
2025-02-05 22:45:00+00:00,2025-02-06 03:45:00+00:00,324.4944418562101,1,21,True,Off     (22-00),Wednesday,22
2025-02-06 04:00:00+00:00,2025-02-06 04:45:00+00:00,-134.50687485317778,-1,4,False,Asia    (00-07),Thursday,4
2025-02-06 05:00:00+00:00,2025-02-06 12:00:00+00:00,492.8036966395535,1,29,True,Asia    (00-07),Thursday,5
2025-02-06 12:15:00+00:00,2025-02-06 13:00:00+00:00,124.60076626934077,-1,4,True,Overlap (12-16),Thursday,12
2025-02-06 13:15:00+00:00,2025-02-06 14:00:00+00:00,68.67345419636571,1,4,True,Overlap (12-16),Thursday,13
2025-02-06 14:15:00+00:00,2025-02-06 20:00:00+00:00,635.6986345615255,-1,24,True,Overlap (12-16),Thursday,14
2025-02-06 20:15:00+00:00,2025-02-06 20:30:00+00:00,144.39655884629926,1,2,True,NY      (16-22),Thursday,20
2025-02-06 20:45:00+00:00,2025-02-06 22:15:00+00:00,58.02132344617711,-1,7,True,NY      (16-22),Thursday,20
2025-02-06 22:30:00+00:00,2025-02-06 22:45:00+00:00,99.86326032574395,1,2,True,Off     (22-00),Thursday,22
2025-02-06 23:00:00+00:00,2025-02-07 01:00:00+00:00,33.38350181833421,-1,9,True,Off     (22-00),Thursday,23
2025-02-07 01:15:00+00:00,2025-02-07 02:30:00+00:00,242.11874532873009,1,6,True,Asia    (00-07),Friday,1
2025-02-07 02:45:00+00:00,2025-02-07 08:00:00+00:00,307.2578658678556,-1,22,True,Asia    (00-07),Friday,2
2025-02-07 08:15:00+00:00,2025-02-07 15:00:00+00:00,865.9633159657833,1,28,True,London  (07-12),Friday,8
2025-02-07 15:15:00+00:00,2025-02-08 02:00:00+00:00,408.79559254571615,-1,44,True,Overlap (12-16),Friday,15
2025-02-08 02:15:00+00:00,2025-02-08 04:00:00+00:00,77.37,1,8,True,Asia    (00-07),Saturday,2
2025-02-08 04:15:00+00:00,2025-02-08 07:00:00+00:00,327.13171875,-1,12,True,Asia    (00-07),Saturday,4
2025-02-08 07:15:00+00:00,2025-02-08 08:00:00+00:00,92.36609375,1,4,True,London  (07-12),Saturday,7
2025-02-08 08:15:00+00:00,2025-02-08 09:00:00+00:00,54.866093750000005,-1,4,True,London  (07-12),Saturday,8
2025-02-08 09:15:00+00:00,2025-02-08 10:00:00+00:00,79.5496875,1,4,True,London  (07-12),Saturday,9
2025-02-08 10:15:00+00:00,2025-02-08 11:00:00+00:00,59.52625,-1,4,True,London  (07-12),Saturday,10
2025-02-08 11:15:00+00:00,2025-02-08 12:00:00+00:00,-1.5987499999999955,1,4,False,London  (07-12),Saturday,11
2025-02-08 12:15:00+00:00,2025-02-08 16:15:00+00:00,41.674687500000005,-1,17,True,Overlap (12-16),Saturday,12
2025-02-08 16:30:00+00:00,2025-02-08 20:45:00+00:00,226.8309375,1,18,True,NY      (16-22),Saturday,16
2025-02-08 21:00:00+00:00,2025-02-08 21:00:00+00:00,11.897343749999997,-1,1,True,NY      (16-22),Saturday,21
2025-02-08 21:15:00+00:00,2025-02-08 21:30:00+00:00,42.4403125,1,2,True,NY      (16-22),Saturday,21
2025-02-08 21:45:00+00:00,2025-02-09 00:00:00+00:00,13.623906250000005,-1,10,True,NY      (16-22),Saturday,21
2025-02-09 00:15:00+00:00,2025-02-09 04:45:00+00:00,365.416875,1,19,True,Asia    (00-07),Sunday,0
2025-02-09 05:00:00+00:00,2025-02-09 06:15:00+00:00,144.416875,-1,6,True,Asia    (00-07),Sunday,5
2025-02-09 06:30:00+00:00,2025-02-09 07:00:00+00:00,44.416875,1,3,True,Asia    (00-07),Sunday,6
2025-02-09 07:15:00+00:00,2025-02-09 12:30:00+00:00,258.00671875,-1,22,True,London  (07-12),Sunday,7
2025-02-09 12:45:00+00:00,2025-02-09 13:00:00+00:00,-49.14171875,1,2,False,Overlap (12-16),Sunday,12
2025-02-09 13:15:00+00:00,2025-02-09 13:45:00+00:00,249.3075,-1,3,True,Overlap (12-16),Sunday,13
2025-02-09 14:00:00+00:00,2025-02-09 15:30:00+00:00,352.1825,1,7,True,Overlap (12-16),Sunday,14
2025-02-09 15:45:00+00:00,2025-02-09 18:00:00+00:00,284.0184375,-1,10,True,Overlap (12-16),Sunday,15
2025-02-09 18:15:00+00:00,2025-02-09 18:45:00+00:00,83.995,1,3,True,NY      (16-22),Sunday,18
2025-02-09 19:00:00+00:00,2025-02-09 20:00:00+00:00,-9.383906249999995,-1,5,False,NY      (16-22),Sunday,19
2025-02-09 20:15:00+00:00,2025-02-09 21:00:00+00:00,4.5301562500000045,1,4,True,NY      (16-22),Sunday,20
2025-02-09 21:15:00+00:00,2025-02-09 21:30:00+00:00,563.9405442749612,-1,2,True,NY      (16-22),Sunday,21
2025-02-09 21:45:00+00:00,2025-02-10 10:00:00+00:00,1005.5119687471026,1,50,True,NY      (16-22),Sunday,21
2025-02-10 10:15:00+00:00,2025-02-10 13:00:00+00:00,99.1278125,-1,12,True,London  (07-12),Monday,10
2025-02-10 13:15:00+00:00,2025-02-10 14:00:00+00:00,76.62360072302599,1,4,True,Overlap (12-16),Monday,13
2025-02-10 14:15:00+00:00,2025-02-10 16:00:00+00:00,193.59685723441936,-1,8,True,Overlap (12-16),Monday,14
2025-02-10 16:15:00+00:00,2025-02-10 19:00:00+00:00,158.68984216421407,1,12,True,NY      (16-22),Monday,16
2025-02-10 19:15:00+00:00,2025-02-10 21:00:00+00:00,154.4631653144794,-1,8,True,NY      (16-22),Monday,19
2025-02-10 21:15:00+00:00,2025-02-10 21:45:00+00:00,45.245,1,3,True,NY      (16-22),Monday,21
2025-02-10 22:00:00+00:00,2025-02-10 23:00:00+00:00,18.225468750000005,-1,5,True,Off     (22-00),Monday,22
2025-02-10 23:15:00+00:00,2025-02-11 07:00:00+00:00,511.323125,1,32,True,Off     (22-00),Monday,23
2025-02-11 07:15:00+00:00,2025-02-11 10:15:00+00:00,209.8778125,-1,13,True,London  (07-12),Tuesday,7
2025-02-11 10:30:00+00:00,2025-02-11 12:30:00+00:00,-101.33703125,1,9,False,London  (07-12),Tuesday,10
2025-02-11 12:45:00+00:00,2025-02-11 15:00:00+00:00,415.36415793194044,-1,10,True,Overlap (12-16),Tuesday,12
2025-02-11 15:15:00+00:00,2025-02-11 16:00:00+00:00,50.77437744121223,1,4,True,Overlap (12-16),Tuesday,15
2025-02-11 16:15:00+00:00,2025-02-11 17:00:00+00:00,315.81142158622896,-1,4,True,NY      (16-22),Tuesday,16
2025-02-11 17:15:00+00:00,2025-02-11 17:45:00+00:00,17.98029028573547,1,3,True,NY      (16-22),Tuesday,17
2025-02-11 18:00:00+00:00,2025-02-11 19:15:00+00:00,461.62520694724003,-1,6,True,NY      (16-22),Tuesday,18
2025-02-11 19:30:00+00:00,2025-02-11 22:00:00+00:00,443.4604629149907,1,11,True,NY      (16-22),Tuesday,19
2025-02-11 22:15:00+00:00,2025-02-12 03:45:00+00:00,418.4996459008194,-1,23,True,Off     (22-00),Tuesday,22
2025-02-12 04:00:00+00:00,2025-02-12 12:00:00+00:00,420.3479246910239,1,33,True,Asia    (00-07),Wednesday,4
2025-02-12 12:15:00+00:00,2025-02-12 12:45:00+00:00,97.3465625,-1,3,True,Overlap (12-16),Wednesday,12
2025-02-12 13:00:00+00:00,2025-02-12 13:00:00+00:00,-25.251093750000003,1,1,False,Overlap (12-16),Wednesday,13
2025-02-12 13:15:00+00:00,2025-02-12 14:00:00+00:00,276.37036626740246,-1,4,True,Overlap (12-16),Wednesday,13
2025-02-12 14:15:00+00:00,2025-02-12 20:00:00+00:00,484.134298190885,1,24,True,Overlap (12-16),Wednesday,14
2025-02-12 20:15:00+00:00,2025-02-12 20:45:00+00:00,116.69445223964401,-1,3,True,NY      (16-22),Wednesday,20
2025-02-12 21:00:00+00:00,2025-02-13 00:45:00+00:00,262.6105852842503,1,16,True,NY      (16-22),Wednesday,21
2025-02-13 01:00:00+00:00,2025-02-13 03:45:00+00:00,148.7616720533972,-1,12,True,Asia    (00-07),Thursday,1
2025-02-13 04:00:00+00:00,2025-02-13 04:00:00+00:00,-24.395625000000003,1,1,False,Asia    (00-07),Thursday,4
2025-02-13 04:15:00+00:00,2025-02-13 07:00:00+00:00,652.3820907627494,-1,12,True,Asia    (00-07),Thursday,4
2025-02-13 07:15:00+00:00,2025-02-13 08:15:00+00:00,-61.669678944550235,1,5,False,London  (07-12),Thursday,7
2025-02-13 08:30:00+00:00,2025-02-13 12:00:00+00:00,113.27521187962057,-1,15,True,London  (07-12),Thursday,8
2025-02-13 12:15:00+00:00,2025-02-13 15:30:00+00:00,222.85235068809413,1,14,True,Overlap (12-16),Thursday,12
2025-02-13 15:45:00+00:00,2025-02-13 17:45:00+00:00,221.42480901893921,-1,9,True,Overlap (12-16),Thursday,15
2025-02-13 18:00:00+00:00,2025-02-13 19:00:00+00:00,175.0287699302716,1,5,True,NY      (16-22),Thursday,18
2025-02-13 19:15:00+00:00,2025-02-13 20:00:00+00:00,65.99996075928127,-1,4,True,NY      (16-22),Thursday,19
2025-02-13 20:15:00+00:00,2025-02-14 04:15:00+00:00,355.8659806590373,1,33,True,NY      (16-22),Thursday,20
2025-02-14 04:30:00+00:00,2025-02-14 06:30:00+00:00,83.541875,-1,9,True,Asia    (00-07),Friday,4
2025-02-14 06:45:00+00:00,2025-02-14 07:00:00+00:00,135.05359375,1,2,True,Asia    (00-07),Friday,6
2025-02-14 07:15:00+00:00,2025-02-14 09:00:00+00:00,-44.64171875,-1,8,False,London  (07-12),Friday,7
2025-02-14 09:15:00+00:00,2025-02-14 10:00:00+00:00,24.702031249999997,1,4,True,London  (07-12),Friday,9
2025-02-14 10:15:00+00:00,2025-02-14 13:15:00+00:00,286.20203125,-1,13,True,London  (07-12),Friday,10
2025-02-14 13:30:00+00:00,2025-02-14 15:45:00+00:00,192.3829396844917,1,10,True,Overlap (12-16),Friday,13
2025-02-14 16:00:00+00:00,2025-02-14 16:00:00+00:00,30.759093140270963,-1,1,True,NY      (16-22),Friday,16
2025-02-14 16:15:00+00:00,2025-02-14 18:00:00+00:00,435.2354368073996,1,8,True,NY      (16-22),Friday,16
2025-02-14 18:15:00+00:00,2025-02-14 21:00:00+00:00,461.3307905668821,-1,12,True,NY      (16-22),Friday,18
2025-02-14 21:15:00+00:00,2025-02-14 22:00:00+00:00,151.48522263956482,1,4,True,NY      (16-22),Friday,21
2025-02-14 22:15:00+00:00,2025-02-14 23:15:00+00:00,6.935157883728827,-1,5,True,Off     (22-00),Friday,22
2025-02-14 23:30:00+00:00,2025-02-15 03:00:00+00:00,275.83794895930873,1,15,True,Off     (22-00),Friday,23
2025-02-15 03:15:00+00:00,2025-02-15 04:45:00+00:00,182.76453125,-1,7,True,Asia    (00-07),Saturday,3
2025-02-15 05:00:00+00:00,2025-02-15 05:45:00+00:00,26.889531249999997,1,4,True,Asia    (00-07),Saturday,5
2025-02-15 06:00:00+00:00,2025-02-15 08:00:00+00:00,104.70203125,-1,9,True,Asia    (00-07),Saturday,6
2025-02-15 08:15:00+00:00,2025-02-15 12:30:00+00:00,163.85046875,1,18,True,London  (07-12),Saturday,8
2025-02-15 12:45:00+00:00,2025-02-15 14:30:00+00:00,110.31921875,-1,8,True,Overlap (12-16),Saturday,12
2025-02-15 14:45:00+00:00,2025-02-15 15:00:00+00:00,96.58875,1,2,True,Overlap (12-16),Saturday,14
2025-02-15 15:15:00+00:00,2025-02-15 15:15:00+00:00,34.46375,-1,1,True,Overlap (12-16),Saturday,15
2025-02-15 15:30:00+00:00,2025-02-15 16:00:00+00:00,-13.989375000000003,1,3,False,Overlap (12-16),Saturday,15
2025-02-15 16:15:00+00:00,2025-02-15 18:00:00+00:00,64.5965625,-1,8,True,NY      (16-22),Saturday,16
2025-02-15 18:15:00+00:00,2025-02-15 19:00:00+00:00,58.354375,1,4,True,NY      (16-22),Saturday,18
2025-02-15 19:15:00+00:00,2025-02-15 20:30:00+00:00,54.62390625,-1,6,True,NY      (16-22),Saturday,19
2025-02-15 20:45:00+00:00,2025-02-15 22:00:00+00:00,128.99109375,1,6,True,NY      (16-22),Saturday,20
2025-02-15 22:15:00+00:00,2025-02-15 22:30:00+00:00,133.4090625,-1,2,True,Off     (22-00),Saturday,22
2025-02-15 22:45:00+00:00,2025-02-16 00:30:00+00:00,103.76453125,1,8,True,Off     (22-00),Saturday,22
2025-02-16 00:45:00+00:00,2025-02-16 05:00:00+00:00,75.18640625,-1,18,True,Asia    (00-07),Sunday,0
2025-02-16 05:15:00+00:00,2025-02-16 06:00:00+00:00,15.330937499999997,1,4,True,Asia    (00-07),Sunday,5
2025-02-16 06:15:00+00:00,2025-02-16 09:00:00+00:00,204.46765625,-1,12,True,Asia    (00-07),Sunday,6
2025-02-16 09:15:00+00:00,2025-02-16 09:45:00+00:00,106.16296875,1,3,True,London  (07-12),Sunday,9
2025-02-16 10:00:00+00:00,2025-02-16 11:00:00+00:00,65.54578125,-1,5,True,London  (07-12),Sunday,10
2025-02-16 11:15:00+00:00,2025-02-16 12:00:00+00:00,-1.0245312500000026,1,4,False,London  (07-12),Sunday,11
2025-02-16 12:15:00+00:00,2025-02-16 14:15:00+00:00,188.45203125,-1,9,True,Overlap (12-16),Sunday,12
2025-02-16 14:30:00+00:00,2025-02-16 15:15:00+00:00,107.3465625,1,4,True,Overlap (12-16),Sunday,14
2025-02-16 15:30:00+00:00,2025-02-16 16:15:00+00:00,-20.989374999999995,-1,4,False,Overlap (12-16),Sunday,15
2025-02-16 16:30:00+00:00,2025-02-16 20:00:00+00:00,-17.598749999999995,1,15,False,NY      (16-22),Sunday,16
2025-02-16 20:15:00+00:00,2025-02-16 21:00:00+00:00,86.70203125,-1,4,True,NY      (16-22),Sunday,20
2025-02-16 21:15:00+00:00,2025-02-16 22:00:00+00:00,89.65125,1,4,True,NY      (16-22),Sunday,21
2025-02-16 22:15:00+00:00,2025-02-17 05:15:00+00:00,509.2330463435227,-1,29,True,Off     (22-00),Sunday,22
2025-02-17 05:30:00+00:00,2025-02-17 05:45:00+00:00,89.1278125,1,2,True,Asia    (00-07),Monday,5
2025-02-17 06:00:00+00:00,2025-02-17 07:30:00+00:00,121.44421875,-1,7,True,Asia    (00-07),Monday,6
2025-02-17 07:45:00+00:00,2025-02-17 09:00:00+00:00,111.229375,1,6,True,London  (07-12),Monday,7
2025-02-17 09:15:00+00:00,2025-02-17 10:30:00+00:00,52.264531250000005,-1,6,True,London  (07-12),Monday,9
2025-02-17 10:45:00+00:00,2025-02-17 11:00:00+00:00,60.4871875,1,2,True,London  (07-12),Monday,10
2025-02-17 11:15:00+00:00,2025-02-17 11:30:00+00:00,81.86609375,-1,2,True,London  (07-12),Monday,11
2025-02-17 11:45:00+00:00,2025-02-17 13:15:00+00:00,131.92078125,1,7,True,London  (07-12),Monday,11
2025-02-17 13:30:00+00:00,2025-02-17 16:00:00+00:00,336.77184717210866,-1,11,True,Overlap (12-16),Monday,13
2025-02-17 16:15:00+00:00,2025-02-17 22:00:00+00:00,262.2411479246794,1,24,True,NY      (16-22),Monday,16
2025-02-17 22:15:00+00:00,2025-02-18 00:15:00+00:00,247.698125,-1,9,True,Off     (22-00),Monday,22
2025-02-18 00:30:00+00:00,2025-02-18 02:15:00+00:00,287.31921875,1,8,True,Asia    (00-07),Tuesday,0
2025-02-18 02:30:00+00:00,2025-02-18 02:45:00+00:00,55.74109375,-1,2,True,Asia    (00-07),Tuesday,2
2025-02-18 03:00:00+00:00,2025-02-18 03:30:00+00:00,84.82703125,1,3,True,Asia    (00-07),Tuesday,3
2025-02-18 03:45:00+00:00,2025-02-18 03:45:00+00:00,17.061406249999997,-1,1,True,Asia    (00-07),Tuesday,3
2025-02-18 04:00:00+00:00,2025-02-18 04:00:00+00:00,15.139531249999997,1,1,True,Asia    (00-07),Tuesday,4
2025-02-18 04:15:00+00:00,2025-02-18 07:45:00+00:00,386.6746875,-1,15,True,Asia    (00-07),Tuesday,4
2025-02-18 08:00:00+00:00,2025-02-18 13:15:00+00:00,381.65125,1,22,True,London  (07-12),Tuesday,8
2025-02-18 13:30:00+00:00,2025-02-18 15:00:00+00:00,296.78668587518007,-1,7,True,Overlap (12-16),Tuesday,13
2025-02-18 15:15:00+00:00,2025-02-18 16:00:00+00:00,-81.59436794168528,1,4,False,Overlap (12-16),Tuesday,15
2025-02-18 16:15:00+00:00,2025-02-18 19:00:00+00:00,630.8985376571529,-1,12,True,NY      (16-22),Tuesday,16
2025-02-18 19:15:00+00:00,2025-02-19 03:30:00+00:00,690.8559642385225,1,34,True,NY      (16-22),Tuesday,19
2025-02-19 03:45:00+00:00,2025-02-19 04:45:00+00:00,233.995,-1,5,True,Asia    (00-07),Wednesday,3
2025-02-19 05:00:00+00:00,2025-02-19 07:30:00+00:00,238.1903125,1,11,True,Asia    (00-07),Wednesday,5
2025-02-19 07:45:00+00:00,2025-02-19 09:15:00+00:00,-49.223749999999995,-1,7,False,London  (07-12),Wednesday,7
2025-02-19 09:30:00+00:00,2025-02-19 12:00:00+00:00,284.24890625,1,11,True,London  (07-12),Wednesday,9
2025-02-19 12:15:00+00:00,2025-02-19 13:00:00+00:00,87.8621875,-1,4,True,Overlap (12-16),Wednesday,12
2025-02-19 13:15:00+00:00,2025-02-19 13:30:00+00:00,77.948125,1,2,True,Overlap (12-16),Wednesday,13
2025-02-19 13:45:00+00:00,2025-02-19 15:00:00+00:00,281.6776258287137,-1,6,True,Overlap (12-16),Wednesday,13
2025-02-19 15:15:00+00:00,2025-02-20 03:00:00+00:00,628.4146677279992,1,48,True,Overlap (12-16),Wednesday,15
2025-02-20 03:15:00+00:00,2025-02-20 06:15:00+00:00,84.74890625,-1,13,True,Asia    (00-07),Thursday,3
2025-02-20 06:30:00+00:00,2025-02-20 07:30:00+00:00,14.303593750000005,1,5,True,Asia    (00-07),Thursday,6
2025-02-20 07:45:00+00:00,2025-02-20 08:00:00+00:00,52.7215625,-1,2,True,London  (07-12),Thursday,7
2025-02-20 08:15:00+00:00,2025-02-20 11:00:00+00:00,192.3778125,1,12,True,London  (07-12),Thursday,8
2025-02-20 11:15:00+00:00,2025-02-20 13:15:00+00:00,-67.78234375,-1,9,False,London  (07-12),Thursday,11
2025-02-20 13:30:00+00:00,2025-02-20 14:00:00+00:00,153.39734375,1,3,True,Overlap (12-16),Thursday,13
2025-02-20 14:15:00+00:00,2025-02-20 16:00:00+00:00,185.27377425724723,-1,8,True,Overlap (12-16),Thursday,14
2025-02-20 16:15:00+00:00,2025-02-20 22:30:00+00:00,306.65947126640526,1,26,True,NY      (16-22),Thursday,16
2025-02-20 22:45:00+00:00,2025-02-20 22:45:00+00:00,71.48328125,-1,1,True,Off     (22-00),Thursday,22
2025-02-20 23:00:00+00:00,2025-02-21 00:30:00+00:00,-12.876093749999995,1,7,False,Off     (22-00),Thursday,23
2025-02-21 00:45:00+00:00,2025-02-21 06:45:00+00:00,-150.395625,-1,25,False,Asia    (00-07),Friday,0
2025-02-21 07:00:00+00:00,2025-02-21 07:00:00+00:00,5.854374999999997,1,1,True,London  (07-12),Friday,7
2025-02-21 07:15:00+00:00,2025-02-21 07:45:00+00:00,120.9715625,-1,3,True,London  (07-12),Friday,7
2025-02-21 08:00:00+00:00,2025-02-21 11:15:00+00:00,279.94421875,1,14,True,London  (07-12),Friday,8
2025-02-21 11:30:00+00:00,2025-02-21 15:30:00+00:00,264.7533418788083,-1,17,True,London  (07-12),Friday,11
2025-02-21 15:45:00+00:00,2025-02-21 16:00:00+00:00,220.87396951755048,1,2,True,Overlap (12-16),Friday,15
2025-02-21 16:15:00+00:00,2025-02-21 20:45:00+00:00,815.7761599031621,-1,19,True,NY      (16-22),Friday,16
2025-02-21 21:00:00+00:00,2025-02-22 00:30:00+00:00,341.6776735996363,1,15,True,NY      (16-22),Friday,21
2025-02-22 00:45:00+00:00,2025-02-22 02:00:00+00:00,-51.84964272381549,-1,6,False,Asia    (00-07),Saturday,0
2025-02-22 02:15:00+00:00,2025-02-22 07:00:00+00:00,82.62,1,20,True,Asia    (00-07),Saturday,2
2025-02-22 07:15:00+00:00,2025-02-22 08:00:00+00:00,111.479375,-1,4,True,London  (07-12),Saturday,7
2025-02-22 08:15:00+00:00,2025-02-22 13:00:00+00:00,317.8778125,1,20,True,London  (07-12),Saturday,8
2025-02-22 13:15:00+00:00,2025-02-22 13:45:00+00:00,116.59265625,-1,3,True,Overlap (12-16),Saturday,13
2025-02-22 14:00:00+00:00,2025-02-22 18:15:00+00:00,87.104375,1,18,True,Overlap (12-16),Saturday,14
2025-02-22 18:30:00+00:00,2025-02-22 18:45:00+00:00,145.12390625,-1,2,True,NY      (16-22),Saturday,18
2025-02-22 19:00:00+00:00,2025-02-22 21:45:00+00:00,89.4090625,1,12,True,NY      (16-22),Saturday,19
2025-02-22 22:00:00+00:00,2025-02-23 00:00:00+00:00,65.4559375,-1,9,True,Off     (22-00),Saturday,22
2025-02-23 00:15:00+00:00,2025-02-23 00:45:00+00:00,57.90125,1,3,True,Asia    (00-07),Sunday,0
2025-02-23 01:00:00+00:00,2025-02-23 04:00:00+00:00,84.25671875,-1,13,True,Asia    (00-07),Sunday,1
2025-02-23 04:15:00+00:00,2025-02-23 08:00:00+00:00,-21.403437500000003,1,16,False,Asia    (00-07),Sunday,4
2025-02-23 08:15:00+00:00,2025-02-23 13:00:00+00:00,275.83484375,-1,20,True,London  (07-12),Sunday,8
2025-02-23 13:15:00+00:00,2025-02-23 14:00:00+00:00,74.10828125,1,4,True,Overlap (12-16),Sunday,13
2025-02-23 14:15:00+00:00,2025-02-23 16:15:00+00:00,215.96765625,-1,9,True,Overlap (12-16),Sunday,14
2025-02-23 16:30:00+00:00,2025-02-24 00:00:00+00:00,434.5340625,1,31,True,NY      (16-22),Sunday,16
2025-02-24 00:15:00+00:00,2025-02-24 04:15:00+00:00,533.3785729780044,-1,17,True,Asia    (00-07),Monday,0
2025-02-24 04:30:00+00:00,2025-02-24 08:00:00+00:00,171.57994125958976,1,15,True,Asia    (00-07),Monday,4
2025-02-24 08:15:00+00:00,2025-02-24 10:30:00+00:00,68.2840625,-1,10,True,London  (07-12),Monday,8
2025-02-24 10:45:00+00:00,2025-02-24 11:45:00+00:00,119.1121875,1,5,True,London  (07-12),Monday,10
2025-02-24 12:00:00+00:00,2025-02-24 15:30:00+00:00,723.712519987095,-1,15,True,Overlap (12-16),Monday,12
2025-02-24 15:45:00+00:00,2025-02-24 16:15:00+00:00,189.67810275383047,1,3,True,Overlap (12-16),Monday,15
2025-02-24 16:30:00+00:00,2025-02-24 21:00:00+00:00,268.7461720907805,-1,19,True,NY      (16-22),Monday,16
2025-02-24 21:15:00+00:00,2025-02-24 22:15:00+00:00,-121.32117189413745,1,5,False,NY      (16-22),Monday,21
2025-02-24 22:30:00+00:00,2025-02-24 23:45:00+00:00,481.83883395003966,-1,6,True,Off     (22-00),Monday,22
2025-02-25 00:00:00+00:00,2025-02-25 03:45:00+00:00,96.0585183837123,1,16,True,Asia    (00-07),Tuesday,0
2025-02-25 04:00:00+00:00,2025-02-25 10:00:00+00:00,1204.3862713811404,-1,25,True,Asia    (00-07),Tuesday,4
2025-02-25 10:15:00+00:00,2025-02-25 12:45:00+00:00,296.0442224126544,1,11,True,London  (07-12),Tuesday,10
2025-02-25 13:00:00+00:00,2025-02-25 15:00:00+00:00,550.227695407786,-1,9,True,Overlap (12-16),Tuesday,13
2025-02-25 15:15:00+00:00,2025-02-25 22:00:00+00:00,423.69741477424594,1,28,True,Overlap (12-16),Tuesday,15
2025-02-25 22:15:00+00:00,2025-02-26 01:15:00+00:00,168.51591686983622,-1,13,True,Off     (22-00),Tuesday,22
2025-02-26 01:30:00+00:00,2025-02-26 03:00:00+00:00,390.85353777065114,1,7,True,Asia    (00-07),Wednesday,1
2025-02-26 03:15:00+00:00,2025-02-26 06:00:00+00:00,269.0242160753767,-1,12,True,Asia    (00-07),Wednesday,3
2025-02-26 06:15:00+00:00,2025-02-26 07:00:00+00:00,213.73215567617032,1,4,True,Asia    (00-07),Wednesday,6
2025-02-26 07:15:00+00:00,2025-02-26 09:00:00+00:00,192.4056614432459,-1,8,True,London  (07-12),Wednesday,7
2025-02-26 09:15:00+00:00,2025-02-26 11:00:00+00:00,235.09728786265674,1,8,True,London  (07-12),Wednesday,9
2025-02-26 11:15:00+00:00,2025-02-26 14:00:00+00:00,1154.3022046650233,-1,12,True,London  (07-12),Wednesday,11
2025-02-26 14:15:00+00:00,2025-02-26 15:15:00+00:00,245.1343902369553,1,5,True,Overlap (12-16),Wednesday,14
2025-02-26 15:30:00+00:00,2025-02-26 20:00:00+00:00,715.9729636697396,-1,19,True,Overlap (12-16),Wednesday,15
2025-02-26 20:15:00+00:00,2025-02-27 02:15:00+00:00,283.17730549498987,1,25,True,NY      (16-22),Wednesday,20
2025-02-27 02:30:00+00:00,2025-02-27 03:00:00+00:00,59.34049405738993,-1,3,True,Asia    (00-07),Thursday,2
2025-02-27 03:15:00+00:00,2025-02-27 06:15:00+00:00,419.56050970078235,1,13,True,Asia    (00-07),Thursday,3
2025-02-27 06:30:00+00:00,2025-02-27 08:15:00+00:00,42.5385088811301,-1,8,True,Asia    (00-07),Thursday,6
2025-02-27 08:30:00+00:00,2025-02-27 11:00:00+00:00,322.32808154712575,1,11,True,London  (07-12),Thursday,8
2025-02-27 11:15:00+00:00,2025-02-27 11:30:00+00:00,97.23909091495486,-1,2,True,London  (07-12),Thursday,11
2025-02-27 11:45:00+00:00,2025-02-27 12:00:00+00:00,-55.03925619963624,1,2,False,London  (07-12),Thursday,11
2025-02-27 12:15:00+00:00,2025-02-27 15:00:00+00:00,279.40216321068567,-1,12,True,Overlap (12-16),Thursday,12
2025-02-27 15:15:00+00:00,2025-02-27 16:00:00+00:00,58.911818904758974,1,4,True,Overlap (12-16),Thursday,15
2025-02-27 16:15:00+00:00,2025-02-27 20:15:00+00:00,672.7808261932365,-1,17,True,NY      (16-22),Thursday,16
2025-02-27 20:30:00+00:00,2025-02-28 00:00:00+00:00,407.6251728686459,1,15,True,NY      (16-22),Thursday,20
2025-02-28 00:15:00+00:00,2025-02-28 05:15:00+00:00,1101.8771299411444,-1,21,True,Asia    (00-07),Friday,0
2025-02-28 05:30:00+00:00,2025-02-28 06:45:00+00:00,-80.54848095834592,1,6,False,Asia    (00-07),Friday,5
2025-02-28 07:00:00+00:00,2025-02-28 08:00:00+00:00,100.48196796891416,-1,5,True,London  (07-12),Friday,7
2025-02-28 08:15:00+00:00,2025-03-01 04:45:00+00:00,1835.0107807710779,1,83,True,London  (07-12),Friday,8
2025-03-01 05:00:00+00:00,2025-03-01 08:00:00+00:00,387.71655848924297,-1,13,True,Asia    (00-07),Saturday,5
2025-03-01 08:15:00+00:00,2025-03-01 10:15:00+00:00,124.010625,1,9,True,London  (07-12),Saturday,8
2025-03-01 10:30:00+00:00,2025-03-01 12:00:00+00:00,315.6968399336971,-1,7,True,London  (07-12),Saturday,10
2025-03-01 12:15:00+00:00,2025-03-01 22:45:00+00:00,746.7568939013895,1,43,True,Overlap (12-16),Saturday,12
2025-03-01 23:00:00+00:00,2025-03-01 23:15:00+00:00,203.67078125,-1,2,True,Off     (22-00),Saturday,23
2025-03-01 23:30:00+00:00,2025-03-01 23:45:00+00:00,173.55557606723943,1,2,True,Off     (22-00),Saturday,23
2025-03-02 00:00:00+00:00,2025-03-02 03:15:00+00:00,50.074820365773164,-1,14,True,Asia    (00-07),Sunday,0
2025-03-02 03:30:00+00:00,2025-03-02 07:30:00+00:00,174.0536610208722,1,17,True,Asia    (00-07),Sunday,3
2025-03-02 07:45:00+00:00,2025-03-02 12:00:00+00:00,231.229375,-1,18,True,London  (07-12),Sunday,7
2025-03-02 12:15:00+00:00,2025-03-02 13:00:00+00:00,38.760625000000005,1,4,True,Overlap (12-16),Sunday,12
2025-03-02 13:15:00+00:00,2025-03-02 14:45:00+00:00,392.823125,-1,7,True,Overlap (12-16),Sunday,13
2025-03-02 15:00:00+00:00,2025-03-03 01:30:00+00:00,1366.8077128180141,1,43,True,Overlap (12-16),Sunday,15
2025-03-03 01:45:00+00:00,2025-03-03 02:15:00+00:00,117.2866322139246,-1,3,True,Asia    (00-07),Monday,1
2025-03-03 02:30:00+00:00,2025-03-03 02:45:00+00:00,200.74141023649068,1,2,True,Asia    (00-07),Monday,2
2025-03-03 03:00:00+00:00,2025-03-03 07:15:00+00:00,493.783026024082,-1,18,True,Asia    (00-07),Monday,3
2025-03-03 07:30:00+00:00,2025-03-03 11:15:00+00:00,194.17894915566072,1,16,True,London  (07-12),Monday,7
2025-03-03 11:30:00+00:00,2025-03-03 19:45:00+00:00,1133.5368152499755,-1,34,True,London  (07-12),Monday,11
2025-03-03 20:00:00+00:00,2025-03-04 00:00:00+00:00,75.67884112378336,1,17,True,NY      (16-22),Monday,20
2025-03-04 00:15:00+00:00,2025-03-04 02:15:00+00:00,556.1544240297816,-1,9,True,Asia    (00-07),Tuesday,0
2025-03-04 02:30:00+00:00,2025-03-04 02:45:00+00:00,104.70622096442013,1,2,True,Asia    (00-07),Tuesday,2
2025-03-04 03:00:00+00:00,2025-03-04 08:00:00+00:00,162.718233146143,-1,21,True,Asia    (00-07),Tuesday,3
2025-03-04 08:15:00+00:00,2025-03-04 09:00:00+00:00,202.82880102136082,1,4,True,London  (07-12),Tuesday,8
2025-03-04 09:15:00+00:00,2025-03-04 10:00:00+00:00,96.9490924665279,-1,4,True,London  (07-12),Tuesday,9
2025-03-04 10:15:00+00:00,2025-03-04 11:15:00+00:00,105.26909619288648,1,5,True,London  (07-12),Tuesday,10
2025-03-04 11:30:00+00:00,2025-03-04 11:45:00+00:00,22.764568443887875,-1,2,True,London  (07-12),Tuesday,11
2025-03-04 12:00:00+00:00,2025-03-04 12:45:00+00:00,-73.37096756439564,1,4,False,Overlap (12-16),Tuesday,12
2025-03-04 13:00:00+00:00,2025-03-04 14:00:00+00:00,237.666989882244,-1,5,True,Overlap (12-16),Tuesday,13
2025-03-04 14:15:00+00:00,2025-03-04 14:30:00+00:00,152.51866667539701,1,2,True,Overlap (12-16),Tuesday,14
2025-03-04 14:45:00+00:00,2025-03-04 16:00:00+00:00,182.88761707937863,-1,6,True,Overlap (12-16),Tuesday,14
2025-03-04 16:15:00+00:00,2025-03-04 20:15:00+00:00,755.1945272158522,1,17,True,NY      (16-22),Tuesday,16
2025-03-04 20:30:00+00:00,2025-03-04 22:15:00+00:00,108.10350737328102,-1,8,True,NY      (16-22),Tuesday,20
2025-03-04 22:30:00+00:00,2025-03-05 02:45:00+00:00,29.018865064580197,1,18,True,Off     (22-00),Tuesday,22
2025-03-05 03:00:00+00:00,2025-03-05 04:00:00+00:00,90.89149215752121,-1,5,True,Asia    (00-07),Wednesday,3
2025-03-05 04:15:00+00:00,2025-03-05 12:30:00+00:00,1307.676659814828,1,34,True,Asia    (00-07),Wednesday,4
2025-03-05 12:45:00+00:00,2025-03-05 15:00:00+00:00,397.4887043356318,-1,10,True,Overlap (12-16),Wednesday,12
2025-03-05 15:15:00+00:00,2025-03-05 23:30:00+00:00,455.830621113425,1,34,True,Overlap (12-16),Wednesday,15
2025-03-05 23:45:00+00:00,2025-03-06 00:45:00+00:00,290.5787809571945,-1,5,True,Off     (22-00),Wednesday,23
2025-03-06 01:00:00+00:00,2025-03-06 03:15:00+00:00,518.6416706491574,1,10,True,Asia    (00-07),Thursday,1
2025-03-06 03:30:00+00:00,2025-03-06 08:45:00+00:00,264.6398522491934,-1,22,True,Asia    (00-07),Thursday,3
2025-03-06 09:00:00+00:00,2025-03-06 10:15:00+00:00,180.9349458713843,1,6,True,London  (07-12),Thursday,9
2025-03-06 10:30:00+00:00,2025-03-06 13:30:00+00:00,544.7168197660392,-1,13,True,London  (07-12),Thursday,10
2025-03-06 13:45:00+00:00,2025-03-06 16:00:00+00:00,91.57483020769484,1,10,True,Overlap (12-16),Thursday,13
2025-03-06 16:15:00+00:00,2025-03-06 19:15:00+00:00,456.1557868838189,-1,13,True,NY      (16-22),Thursday,16
2025-03-06 19:30:00+00:00,2025-03-06 22:30:00+00:00,470.25684327742164,1,13,True,NY      (16-22),Thursday,19
2025-03-06 22:45:00+00:00,2025-03-07 01:15:00+00:00,535.2989942964143,-1,11,True,Off     (22-00),Thursday,22
2025-03-07 01:30:00+00:00,2025-03-07 02:00:00+00:00,98.12354805501374,1,3,True,Asia    (00-07),Friday,1
2025-03-07 02:15:00+00:00,2025-03-07 04:15:00+00:00,29.92316426297709,-1,9,True,Asia    (00-07),Friday,2
2025-03-07 04:30:00+00:00,2025-03-07 11:00:00+00:00,549.6410908920349,1,27,True,Asia    (00-07),Friday,4
2025-03-07 11:15:00+00:00,2025-03-07 11:30:00+00:00,39.718415527813214,-1,2,True,London  (07-12),Friday,11
2025-03-07 11:45:00+00:00,2025-03-07 12:00:00+00:00,53.661687673086725,1,2,True,London  (07-12),Friday,11
2025-03-07 12:15:00+00:00,2025-03-07 14:00:00+00:00,-100.66864114443962,-1,8,False,Overlap (12-16),Friday,12
2025-03-07 14:15:00+00:00,2025-03-07 15:00:00+00:00,105.38214361318204,1,4,True,Overlap (12-16),Friday,14
2025-03-07 15:15:00+00:00,2025-03-07 22:00:00+00:00,607.9155594506157,-1,28,True,Overlap (12-16),Friday,15
2025-03-07 22:15:00+00:00,2025-03-08 01:15:00+00:00,-59.45864810775465,1,13,False,Off     (22-00),Friday,22
2025-03-08 01:30:00+00:00,2025-03-08 04:00:00+00:00,18.230756639459845,-1,11,True,Asia    (00-07),Saturday,1
2025-03-08 04:15:00+00:00,2025-03-08 09:00:00+00:00,32.158515294085205,1,20,True,Asia    (00-07),Saturday,4
2025-03-08 09:15:00+00:00,2025-03-08 10:00:00+00:00,95.49890625,-1,4,True,London  (07-12),Saturday,9
2025-03-08 10:15:00+00:00,2025-03-08 16:00:00+00:00,182.67859375,1,24,True,London  (07-12),Saturday,10
2025-03-08 16:15:00+00:00,2025-03-08 18:15:00+00:00,170.7459910700354,-1,9,True,NY      (16-22),Saturday,16
2025-03-08 18:30:00+00:00,2025-03-08 21:15:00+00:00,220.6990298179156,1,12,True,NY      (16-22),Saturday,18
2025-03-08 21:30:00+00:00,2025-03-08 22:00:00+00:00,235.385625,-1,3,True,NY      (16-22),Saturday,21
2025-03-08 22:15:00+00:00,2025-03-08 23:00:00+00:00,165.416875,1,4,True,Off     (22-00),Saturday,22
2025-03-08 23:15:00+00:00,2025-03-09 10:45:00+00:00,743.10046875,-1,47,True,Off     (22-00),Saturday,23
2025-03-09 11:00:00+00:00,2025-03-09 12:45:00+00:00,-118.30169244758571,1,8,False,London  (07-12),Sunday,11
2025-03-09 13:00:00+00:00,2025-03-09 14:15:00+00:00,458.06938275885045,-1,6,True,Overlap (12-16),Sunday,13
2025-03-09 14:30:00+00:00,2025-03-09 15:00:00+00:00,118.26680086722182,1,3,True,Overlap (12-16),Sunday,14
2025-03-09 15:15:00+00:00,2025-03-09 18:00:00+00:00,322.8897579954531,-1,12,True,Overlap (12-16),Sunday,15
2025-03-09 18:15:00+00:00,2025-03-09 20:30:00+00:00,189.08104456592798,1,10,True,NY      (16-22),Sunday,18
2025-03-09 20:45:00+00:00,2025-03-09 23:15:00+00:00,693.3912221472189,-1,11,True,NY      (16-22),Sunday,20
2025-03-09 23:30:00+00:00,2025-03-10 02:15:00+00:00,305.32417843967744,1,12,True,Off     (22-00),Sunday,23
2025-03-10 02:30:00+00:00,2025-03-10 05:45:00+00:00,-45.44957392178394,-1,14,False,Asia    (00-07),Monday,2
2025-03-10 06:00:00+00:00,2025-03-10 12:00:00+00:00,93.41705246478749,1,25,True,Asia    (00-07),Monday,6
2025-03-10 12:15:00+00:00,2025-03-10 14:00:00+00:00,585.3246657571042,-1,8,True,Overlap (12-16),Monday,12
2025-03-10 14:15:00+00:00,2025-03-10 16:00:00+00:00,-34.627754103076356,1,8,False,Overlap (12-16),Monday,14
2025-03-10 16:15:00+00:00,2025-03-10 19:00:00+00:00,326.41351273240747,-1,12,True,NY      (16-22),Monday,16
2025-03-10 19:15:00+00:00,2025-03-10 23:00:00+00:00,236.48813524058653,1,16,True,NY      (16-22),Monday,19
2025-03-10 23:15:00+00:00,2025-03-11 01:15:00+00:00,453.5399467630482,-1,9,True,Off     (22-00),Monday,23
2025-03-11 01:30:00+00:00,2025-03-11 11:15:00+00:00,1160.037997428566,1,40,True,Asia    (00-07),Tuesday,1
2025-03-11 11:30:00+00:00,2025-03-11 16:00:00+00:00,396.15304797845147,-1,19,True,London  (07-12),Tuesday,11
2025-03-11 16:15:00+00:00,2025-03-11 21:15:00+00:00,410.98022487099786,1,21,True,NY      (16-22),Tuesday,16
2025-03-11 21:30:00+00:00,2025-03-12 03:00:00+00:00,216.67636263901454,-1,23,True,NY      (16-22),Tuesday,21
2025-03-12 03:15:00+00:00,2025-03-12 07:45:00+00:00,7.8335526560587425,1,19,True,Asia    (00-07),Wednesday,3
2025-03-12 08:00:00+00:00,2025-03-12 08:45:00+00:00,-103.68977450541283,-1,4,False,London  (07-12),Wednesday,8
2025-03-12 09:00:00+00:00,2025-03-12 12:45:00+00:00,515.0868275670738,1,16,True,London  (07-12),Wednesday,9
2025-03-12 13:00:00+00:00,2025-03-12 15:15:00+00:00,670.1323899795383,-1,10,True,Overlap (12-16),Wednesday,13
2025-03-12 15:30:00+00:00,2025-03-13 00:00:00+00:00,645.0488521873785,1,35,True,Overlap (12-16),Wednesday,15
2025-03-13 00:15:00+00:00,2025-03-13 01:15:00+00:00,-6.746292828131697,-1,5,False,Asia    (00-07),Thursday,0
2025-03-13 01:30:00+00:00,2025-03-13 02:00:00+00:00,212.54874511659415,1,3,True,Asia    (00-07),Thursday,1
2025-03-13 02:15:00+00:00,2025-03-13 03:45:00+00:00,215.98773159768422,-1,7,True,Asia    (00-07),Thursday,2
2025-03-13 04:00:00+00:00,2025-03-13 05:15:00+00:00,-63.164853883535336,1,6,False,Asia    (00-07),Thursday,4
2025-03-13 05:30:00+00:00,2025-03-13 06:00:00+00:00,233.54578125,-1,3,True,Asia    (00-07),Thursday,5
2025-03-13 06:15:00+00:00,2025-03-13 07:15:00+00:00,223.08484375,1,5,True,Asia    (00-07),Thursday,6
2025-03-13 07:30:00+00:00,2025-03-13 14:00:00+00:00,474.9343957245339,-1,27,True,London  (07-12),Thursday,7
2025-03-13 14:15:00+00:00,2025-03-13 17:00:00+00:00,-352.30478584669123,1,12,False,Overlap (12-16),Thursday,14
2025-03-13 17:15:00+00:00,2025-03-13 20:00:00+00:00,56.33415224024523,-1,12,True,NY      (16-22),Thursday,17
2025-03-13 20:15:00+00:00,2025-03-13 22:45:00+00:00,406.61642044672766,1,11,True,NY      (16-22),Thursday,20
2025-03-13 23:00:00+00:00,2025-03-14 00:00:00+00:00,176.13612856003292,-1,5,True,Off     (22-00),Thursday,23
2025-03-14 00:15:00+00:00,2025-03-14 03:15:00+00:00,487.3949757411394,1,13,True,Asia    (00-07),Friday,0
2025-03-14 03:30:00+00:00,2025-03-14 04:30:00+00:00,42.48259124271172,-1,5,True,Asia    (00-07),Friday,3
2025-03-14 04:45:00+00:00,2025-03-14 07:30:00+00:00,225.1434375,1,12,True,Asia    (00-07),Friday,4
2025-03-14 07:45:00+00:00,2025-03-14 08:00:00+00:00,14.370000000000005,-1,2,True,London  (07-12),Friday,7
2025-03-14 08:15:00+00:00,2025-03-14 14:45:00+00:00,544.7051220762665,1,27,True,London  (07-12),Friday,8
2025-03-14 15:00:00+00:00,2025-03-14 15:15:00+00:00,-409.84293937771474,-1,2,False,Overlap (12-16),Friday,15
2025-03-14 15:30:00+00:00,2025-03-14 16:45:00+00:00,-54.023237501117976,1,6,False,Overlap (12-16),Friday,15
2025-03-14 17:00:00+00:00,2025-03-15 01:00:00+00:00,61.09110862847888,-1,33,True,NY      (16-22),Friday,17
2025-03-15 01:15:00+00:00,2025-03-15 03:00:00+00:00,25.772343750000005,1,8,True,Asia    (00-07),Saturday,1
2025-03-15 03:15:00+00:00,2025-03-15 03:45:00+00:00,11.627812500000005,-1,3,True,Asia    (00-07),Saturday,3
2025-03-15 04:00:00+00:00,2025-03-15 04:00:00+00:00,-74.6065625,1,1,False,Asia    (00-07),Saturday,4
2025-03-15 04:15:00+00:00,2025-03-15 08:00:00+00:00,282.37390625,-1,16,True,Asia    (00-07),Saturday,4
2025-03-15 08:15:00+00:00,2025-03-15 12:30:00+00:00,199.8778125,1,18,True,London  (07-12),Saturday,8
2025-03-15 12:45:00+00:00,2025-03-15 12:45:00+00:00,20.627812499999997,-1,1,True,Overlap (12-16),Saturday,12
2025-03-15 13:00:00+00:00,2025-03-15 14:00:00+00:00,95.83484375,1,5,True,Overlap (12-16),Saturday,13
2025-03-15 14:15:00+00:00,2025-03-15 14:45:00+00:00,98.22546875,-1,3,True,Overlap (12-16),Saturday,14
2025-03-15 15:00:00+00:00,2025-03-15 17:00:00+00:00,127.11609375,1,9,True,Overlap (12-16),Saturday,15
2025-03-15 17:15:00+00:00,2025-03-15 18:45:00+00:00,81.3465625,-1,7,True,NY      (16-22),Saturday,17
2025-03-15 19:00:00+00:00,2025-03-16 00:00:00+00:00,39.811406250000005,1,21,True,NY      (16-22),Saturday,19
2025-03-16 00:15:00+00:00,2025-03-16 02:00:00+00:00,247.03015625,-1,8,True,Asia    (00-07),Sunday,0
2025-03-16 02:15:00+00:00,2025-03-16 05:15:00+00:00,285.69421875,1,13,True,Asia    (00-07),Sunday,2
2025-03-16 05:30:00+00:00,2025-03-16 07:00:00+00:00,167.36609375,-1,7,True,Asia    (00-07),Sunday,5
2025-03-16 07:15:00+00:00,2025-03-16 08:00:00+00:00,100.02234375,1,4,True,London  (07-12),Sunday,7
2025-03-16 08:15:00+00:00,2025-03-16 10:45:00+00:00,289.28796875,-1,11,True,London  (07-12),Sunday,8
2025-03-16 11:00:00+00:00,2025-03-16 13:00:00+00:00,-378.88998887036735,1,9,False,London  (07-12),Sunday,11
2025-03-16 13:15:00+00:00,2025-03-16 14:00:00+00:00,106.37170517900381,-1,4,True,Overlap (12-16),Sunday,13
2025-03-16 14:15:00+00:00,2025-03-16 18:00:00+00:00,408.6029546360219,1,16,True,Overlap (12-16),Sunday,14
2025-03-16 18:15:00+00:00,2025-03-16 23:00:00+00:00,539.4357002172839,-1,20,True,NY      (16-22),Sunday,18
2025-03-16 23:15:00+00:00,2025-03-17 05:15:00+00:00,486.69479919336186,1,25,True,Off     (22-00),Sunday,23
2025-03-17 05:30:00+00:00,2025-03-17 05:45:00+00:00,78.87,-1,2,True,Asia    (00-07),Monday,5
2025-03-17 06:00:00+00:00,2025-03-17 19:45:00+00:00,390.8644189356669,1,56,True,Asia    (00-07),Monday,6
2025-03-17 20:00:00+00:00,2025-03-17 23:15:00+00:00,272.0626715318497,-1,14,True,NY      (16-22),Monday,20
2025-03-17 23:30:00+00:00,2025-03-18 00:30:00+00:00,-63.004999999999995,1,5,False,Off     (22-00),Monday,23
2025-03-18 00:45:00+00:00,2025-03-18 03:15:00+00:00,319.33484375,-1,11,True,Asia    (00-07),Tuesday,0
2025-03-18 03:30:00+00:00,2025-03-18 04:00:00+00:00,35.58875,1,3,True,Asia    (00-07),Tuesday,3
2025-03-18 04:15:00+00:00,2025-03-18 05:30:00+00:00,31.764531250000005,-1,6,True,Asia    (00-07),Tuesday,4
2025-03-18 05:45:00+00:00,2025-03-18 06:00:00+00:00,-171.9971875,1,2,False,Asia    (00-07),Tuesday,5
2025-03-18 06:15:00+00:00,2025-03-18 06:30:00+00:00,214.42078125,-1,2,True,Asia    (00-07),Tuesday,6
2025-03-18 06:45:00+00:00,2025-03-18 08:30:00+00:00,458.3699393678538,1,8,True,Asia    (00-07),Tuesday,6
2025-03-18 08:45:00+00:00,2025-03-18 14:00:00+00:00,972.8188337925235,-1,22,True,London  (07-12),Tuesday,8
2025-03-18 14:15:00+00:00,2025-03-18 15:30:00+00:00,241.29030130729183,1,6,True,Overlap (12-16),Tuesday,14
2025-03-18 15:45:00+00:00,2025-03-18 17:45:00+00:00,127.03390609876632,-1,9,True,Overlap (12-16),Tuesday,15
2025-03-18 18:00:00+00:00,2025-03-18 20:45:00+00:00,196.18725172240383,1,12,True,NY      (16-22),Tuesday,18
2025-03-18 21:00:00+00:00,2025-03-18 21:30:00+00:00,12.760625000000005,-1,3,True,NY      (16-22),Tuesday,21
2025-03-18 21:45:00+00:00,2025-03-19 06:00:00+00:00,629.86609375,1,34,True,NY      (16-22),Tuesday,21
2025-03-19 06:15:00+00:00,2025-03-19 08:45:00+00:00,-79.2784375,-1,11,False,Asia    (00-07),Wednesday,6
2025-03-19 09:00:00+00:00,2025-03-19 10:30:00+00:00,60.93640625,1,7,True,London  (07-12),Wednesday,9
2025-03-19 10:45:00+00:00,2025-03-19 11:00:00+00:00,-76.43859375,-1,2,False,London  (07-12),Wednesday,10
2025-03-19 11:15:00+00:00,2025-03-19 17:15:00+00:00,326.47004116370755,1,25,True,London  (07-12),Wednesday,11
2025-03-19 17:30:00+00:00,2025-03-19 18:00:00+00:00,-5.765531573496133,-1,3,False,NY      (16-22),Wednesday,17
2025-03-19 18:15:00+00:00,2025-03-20 00:00:00+00:00,906.1833712053294,1,24,True,NY      (16-22),Wednesday,18
2025-03-20 00:15:00+00:00,2025-03-20 02:00:00+00:00,506.35664986896666,-1,8,True,Asia    (00-07),Thursday,0
2025-03-20 02:15:00+00:00,2025-03-20 02:45:00+00:00,97.85927692908473,1,3,True,Asia    (00-07),Thursday,2
2025-03-20 03:00:00+00:00,2025-03-20 08:00:00+00:00,120.49004626250306,-1,21,True,Asia    (00-07),Thursday,3
2025-03-20 08:15:00+00:00,2025-03-20 09:00:00+00:00,175.83484375,1,4,True,London  (07-12),Thursday,8
2025-03-20 09:15:00+00:00,2025-03-20 11:00:00+00:00,427.53015625,-1,8,True,London  (07-12),Thursday,9
2025-03-20 11:15:00+00:00,2025-03-20 13:30:00+00:00,158.01631435841193,1,10,True,London  (07-12),Thursday,11
2025-03-20 13:45:00+00:00,2025-03-20 17:00:00+00:00,297.11649726063,-1,14,True,Overlap (12-16),Thursday,13
2025-03-20 17:15:00+00:00,2025-03-20 17:30:00+00:00,40.717358141319636,1,2,True,NY      (16-22),Thursday,17
2025-03-20 17:45:00+00:00,2025-03-20 18:30:00+00:00,82.15725591300145,-1,4,True,NY      (16-22),Thursday,17
2025-03-20 18:45:00+00:00,2025-03-21 02:45:00+00:00,267.7138086200289,1,33,True,NY      (16-22),Thursday,18
2025-03-21 03:00:00+00:00,2025-03-21 08:15:00+00:00,403.0184375,-1,22,True,Asia    (00-07),Friday,3
2025-03-21 08:30:00+00:00,2025-03-21 12:00:00+00:00,156.19421875,1,15,True,London  (07-12),Friday,8
2025-03-21 12:15:00+00:00,2025-03-21 13:00:00+00:00,266.48328125,-1,4,True,Overlap (12-16),Friday,12
2025-03-21 13:15:00+00:00,2025-03-21 15:00:00+00:00,93.05086138597133,1,8,True,Overlap (12-16),Friday,13
2025-03-21 15:15:00+00:00,2025-03-21 16:00:00+00:00,-8.869129043127288,-1,4,False,Overlap (12-16),Friday,15
2025-03-21 16:15:00+00:00,2025-03-21 18:30:00+00:00,185.5839274122826,1,10,True,NY      (16-22),Friday,16
2025-03-21 18:45:00+00:00,2025-03-21 19:30:00+00:00,190.46063646547503,-1,4,True,NY      (16-22),Friday,18
2025-03-21 19:45:00+00:00,2025-03-21 22:00:00+00:00,180.38171875,1,10,True,NY      (16-22),Friday,19
2025-03-21 22:15:00+00:00,2025-03-21 22:30:00+00:00,54.45984375,-1,2,True,Off     (22-00),Friday,22
2025-03-21 22:45:00+00:00,2025-03-22 05:15:00+00:00,94.5653125,1,27,True,Off     (22-00),Friday,22
2025-03-22 05:30:00+00:00,2025-03-22 08:15:00+00:00,57.30359375,-1,12,True,Asia    (00-07),Saturday,5
2025-03-22 08:30:00+00:00,2025-03-22 09:30:00+00:00,122.48328125,1,5,True,London  (07-12),Saturday,8
2025-03-22 09:45:00+00:00,2025-03-22 10:00:00+00:00,40.70203125,-1,2,True,London  (07-12),Saturday,9
2025-03-22 10:15:00+00:00,2025-03-22 11:00:00+00:00,-40.92296875,1,4,False,London  (07-12),Saturday,10
2025-03-22 11:15:00+00:00,2025-03-22 14:45:00+00:00,137.245,-1,15,True,London  (07-12),Saturday,11
2025-03-22 15:00:00+00:00,2025-03-22 18:00:00+00:00,107.2059375,1,13,True,Overlap (12-16),Saturday,15
2025-03-22 18:15:00+00:00,2025-03-22 21:30:00+00:00,126.69421875,-1,14,True,NY      (16-22),Saturday,18
2025-03-22 21:45:00+00:00,2025-03-23 01:30:00+00:00,44.088750000000005,1,16,True,NY      (16-22),Saturday,21
2025-03-23 01:45:00+00:00,2025-03-23 01:45:00+00:00,-5.567500000000003,-1,1,False,Asia    (00-07),Sunday,1
2025-03-23 02:00:00+00:00,2025-03-23 03:45:00+00:00,63.534062500000005,1,8,True,Asia    (00-07),Sunday,2
2025-03-23 04:00:00+00:00,2025-03-23 04:00:00+00:00,57.4559375,-1,1,True,Asia    (00-07),Sunday,4
2025-03-23 04:15:00+00:00,2025-03-23 09:30:00+00:00,121.010625,1,22,True,Asia    (00-07),Sunday,4
2025-03-23 09:45:00+00:00,2025-03-23 09:45:00+00:00,-1.9581250000000026,-1,1,False,London  (07-12),Sunday,9
2025-03-23 10:00:00+00:00,2025-03-23 16:00:00+00:00,476.05359375,1,25,True,London  (07-12),Sunday,10
2025-03-23 16:15:00+00:00,2025-03-23 16:30:00+00:00,87.56140625,-1,2,True,NY      (16-22),Sunday,16
2025-03-23 16:45:00+00:00,2025-03-23 17:00:00+00:00,78.97546875,1,2,True,NY      (16-22),Sunday,16
2025-03-23 17:15:00+00:00,2025-03-23 18:15:00+00:00,230.291875,-1,5,True,NY      (16-22),Sunday,17
2025-03-23 18:30:00+00:00,2025-03-24 00:15:00+00:00,790.44421875,1,24,True,NY      (16-22),Sunday,18
2025-03-24 00:30:00+00:00,2025-03-24 02:00:00+00:00,316.84485540480654,-1,7,True,Asia    (00-07),Monday,0
2025-03-24 02:15:00+00:00,2025-03-24 06:00:00+00:00,707.039197195839,1,16,True,Asia    (00-07),Monday,2
2025-03-24 06:15:00+00:00,2025-03-24 08:00:00+00:00,5.4442187500000045,-1,8,True,Asia    (00-07),Monday,6
2025-03-24 08:15:00+00:00,2025-03-24 09:15:00+00:00,44.873906250000005,1,5,True,London  (07-12),Monday,8
2025-03-24 09:30:00+00:00,2025-03-24 10:00:00+00:00,-66.239375,-1,3,False,London  (07-12),Monday,9
2025-03-24 10:15:00+00:00,2025-03-24 12:00:00+00:00,118.698125,1,8,True,London  (07-12),Monday,10
2025-03-24 12:15:00+00:00,2025-03-24 13:00:00+00:00,203.52234375,-1,4,True,Overlap (12-16),Monday,12
2025-03-24 13:15:00+00:00,2025-03-24 14:15:00+00:00,527.956545191576,1,5,True,Overlap (12-16),Monday,13
2025-03-24 14:30:00+00:00,2025-03-24 15:00:00+00:00,146.54424976186996,-1,3,True,Overlap (12-16),Monday,14
2025-03-24 15:15:00+00:00,2025-03-24 16:00:00+00:00,173.38402173694087,1,4,True,Overlap (12-16),Monday,15
2025-03-24 16:15:00+00:00,2025-03-24 17:30:00+00:00,47.72181558551869,-1,6,True,NY      (16-22),Monday,16
2025-03-24 17:45:00+00:00,2025-03-24 18:00:00+00:00,46.69907053530743,1,2,True,NY      (16-22),Monday,17
2025-03-24 18:15:00+00:00,2025-03-25 08:00:00+00:00,884.9048728334809,-1,56,True,NY      (16-22),Monday,18
2025-03-25 08:15:00+00:00,2025-03-25 10:30:00+00:00,340.58484375,1,10,True,London  (07-12),Tuesday,8
2025-03-25 10:45:00+00:00,2025-03-25 11:00:00+00:00,16.276249999999997,-1,2,True,London  (07-12),Tuesday,10
2025-03-25 11:15:00+00:00,2025-03-25 12:00:00+00:00,64.6746875,1,4,True,London  (07-12),Tuesday,11
2025-03-25 12:15:00+00:00,2025-03-25 12:30:00+00:00,53.79578125,-1,2,True,Overlap (12-16),Tuesday,12
2025-03-25 12:45:00+00:00,2025-03-25 20:00:00+00:00,525.8373573696472,1,30,True,Overlap (12-16),Tuesday,12
2025-03-25 20:15:00+00:00,2025-03-26 04:30:00+00:00,438.60194436769575,-1,34,True,NY      (16-22),Tuesday,20
2025-03-26 04:45:00+00:00,2025-03-26 08:45:00+00:00,259.979375,1,17,True,Asia    (00-07),Wednesday,4
2025-03-26 09:00:00+00:00,2025-03-26 14:15:00+00:00,571.0729831426303,-1,22,True,London  (07-12),Wednesday,9
2025-03-26 14:30:00+00:00,2025-03-26 16:00:00+00:00,4.590785469834093,1,7,True,Overlap (12-16),Wednesday,14
2025-03-26 16:15:00+00:00,2025-03-26 19:00:00+00:00,330.45721503732204,-1,12,True,NY      (16-22),Wednesday,16
2025-03-26 19:15:00+00:00,2025-03-26 22:00:00+00:00,385.89860968994776,1,12,True,NY      (16-22),Wednesday,19
2025-03-26 22:15:00+00:00,2025-03-27 00:00:00+00:00,-5.100132421694298,-1,8,False,Off     (22-00),Wednesday,22
2025-03-27 00:15:00+00:00,2025-03-27 08:30:00+00:00,275.15515625,1,34,True,Asia    (00-07),Thursday,0
2025-03-27 08:45:00+00:00,2025-03-27 11:30:00+00:00,273.635625,-1,12,True,London  (07-12),Thursday,8
2025-03-27 11:45:00+00:00,2025-03-27 15:00:00+00:00,69.2605099069103,1,14,True,London  (07-12),Thursday,11
2025-03-27 15:15:00+00:00,2025-03-27 17:15:00+00:00,165.83142802042678,-1,9,True,Overlap (12-16),Thursday,15
2025-03-27 17:30:00+00:00,2025-03-27 19:15:00+00:00,223.1223970887813,1,8,True,NY      (16-22),Thursday,17
2025-03-27 19:30:00+00:00,2025-03-27 19:45:00+00:00,136.916875,-1,2,True,NY      (16-22),Thursday,19
2025-03-27 20:00:00+00:00,2025-03-28 00:45:00+00:00,131.92078125,1,20,True,NY      (16-22),Thursday,20
2025-03-28 01:00:00+00:00,2025-03-28 08:45:00+00:00,1026.6132134956442,-1,32,True,Asia    (00-07),Friday,1
2025-03-28 09:00:00+00:00,2025-03-28 09:30:00+00:00,-15.826159227846105,1,3,False,London  (07-12),Friday,9
2025-03-28 09:45:00+00:00,2025-03-28 10:45:00+00:00,119.28796875,-1,5,True,London  (07-12),Friday,9
2025-03-28 11:00:00+00:00,2025-03-28 12:00:00+00:00,101.745,1,5,True,London  (07-12),Friday,11
2025-03-28 12:15:00+00:00,2025-03-28 17:00:00+00:00,533.1871027186594,-1,20,True,Overlap (12-16),Friday,12
2025-03-28 17:15:00+00:00,2025-03-28 23:45:00+00:00,355.5635595031384,1,27,True,NY      (16-22),Friday,17
2025-03-29 00:00:00+00:00,2025-03-29 01:15:00+00:00,75.43640625,-1,6,True,Asia    (00-07),Saturday,0
2025-03-29 01:30:00+00:00,2025-03-29 02:00:00+00:00,59.2996875,1,3,True,Asia    (00-07),Saturday,1
2025-03-29 02:15:00+00:00,2025-03-29 03:00:00+00:00,261.28796875,-1,4,True,Asia    (00-07),Saturday,2
2025-03-29 03:15:00+00:00,2025-03-29 05:00:00+00:00,109.1121875,1,8,True,Asia    (00-07),Saturday,3
2025-03-29 05:15:00+00:00,2025-03-29 06:15:00+00:00,170.59265625,-1,5,True,Asia    (00-07),Saturday,5
2025-03-29 06:30:00+00:00,2025-03-29 06:45:00+00:00,20.354374999999997,1,2,True,Asia    (00-07),Saturday,6
2025-03-29 07:00:00+00:00,2025-03-29 12:30:00+00:00,716.322829885191,-1,23,True,London  (07-12),Saturday,7
2025-03-29 12:45:00+00:00,2025-03-29 20:15:00+00:00,114.95422579694981,1,31,True,Overlap (12-16),Saturday,12
2025-03-29 20:30:00+00:00,2025-03-29 22:30:00+00:00,130.00563348939758,-1,9,True,NY      (16-22),Saturday,20
2025-03-29 22:45:00+00:00,2025-03-30 03:00:00+00:00,520.97546875,1,18,True,Off     (22-00),Saturday,22
2025-03-30 03:15:00+00:00,2025-03-30 04:15:00+00:00,133.60828125,-1,5,True,Asia    (00-07),Sunday,3
2025-03-30 04:30:00+00:00,2025-03-30 07:00:00+00:00,78.0575,1,11,True,Asia    (00-07),Sunday,4
2025-03-30 07:15:00+00:00,2025-03-30 08:00:00+00:00,14.764531250000005,-1,4,True,London  (07-12),Sunday,7
2025-03-30 08:15:00+00:00,2025-03-30 10:00:00+00:00,92.98328125,1,8,True,London  (07-12),Sunday,8
2025-03-30 10:15:00+00:00,2025-03-30 11:15:00+00:00,182.0184375,-1,5,True,London  (07-12),Sunday,10
2025-03-30 11:30:00+00:00,2025-03-30 12:15:00+00:00,67.041875,1,4,True,London  (07-12),Sunday,11
2025-03-30 12:30:00+00:00,2025-03-30 15:45:00+00:00,244.15515625,-1,14,True,Overlap (12-16),Sunday,12
2025-03-30 16:00:00+00:00,2025-03-30 16:00:00+00:00,-8.930781250000003,1,1,False,NY      (16-22),Sunday,16
2025-03-30 16:15:00+00:00,2025-03-30 17:00:00+00:00,167.40515625,-1,4,True,NY      (16-22),Sunday,16
2025-03-30 17:15:00+00:00,2025-03-30 21:00:00+00:00,120.1121875,1,16,True,NY      (16-22),Sunday,17
2025-03-30 21:15:00+00:00,2025-03-30 22:00:00+00:00,355.12,-1,4,True,NY      (16-22),Sunday,21
2025-03-30 22:15:00+00:00,2025-03-31 00:00:00+00:00,163.5350528778875,1,8,True,Off     (22-00),Sunday,22
2025-03-31 00:15:00+00:00,2025-03-31 02:15:00+00:00,222.1411068326012,-1,9,True,Asia    (00-07),Monday,0
2025-03-31 02:30:00+00:00,2025-03-31 02:30:00+00:00,67.94471141758368,1,1,True,Asia    (00-07),Monday,2
2025-03-31 02:45:00+00:00,2025-03-31 04:00:00+00:00,71.01459361484844,-1,6,True,Asia    (00-07),Monday,2
2025-03-31 04:15:00+00:00,2025-03-31 13:00:00+00:00,437.869459063892,1,36,True,Asia    (00-07),Monday,4
2025-03-31 13:15:00+00:00,2025-03-31 13:30:00+00:00,267.73353961608296,-1,2,True,Overlap (12-16),Monday,13
2025-03-31 13:45:00+00:00,2025-03-31 16:00:00+00:00,413.8320670483512,1,10,True,Overlap (12-16),Monday,13
2025-03-31 16:15:00+00:00,2025-03-31 20:30:00+00:00,211.54400759353032,-1,18,True,NY      (16-22),Monday,16
2025-03-31 20:45:00+00:00,2025-04-01 03:15:00+00:00,182.4479006143348,1,27,True,NY      (16-22),Monday,20
2025-04-01 03:30:00+00:00,2025-04-01 04:00:00+00:00,59.854375,-1,3,True,Asia    (00-07),Tuesday,3
2025-04-01 04:15:00+00:00,2025-04-01 05:15:00+00:00,163.05359375,1,5,True,Asia    (00-07),Tuesday,4
2025-04-01 05:30:00+00:00,2025-04-01 05:45:00+00:00,127.71375,-1,2,True,Asia    (00-07),Tuesday,5
2025-04-01 06:00:00+00:00,2025-04-01 10:00:00+00:00,624.22546875,1,17,True,Asia    (00-07),Tuesday,6
2025-04-01 10:15:00+00:00,2025-04-01 12:30:00+00:00,252.5653125,-1,10,True,London  (07-12),Tuesday,10
2025-04-01 12:45:00+00:00,2025-04-01 16:45:00+00:00,314.30270080718475,1,17,True,Overlap (12-16),Tuesday,12
2025-04-01 17:00:00+00:00,2025-04-01 20:15:00+00:00,46.637131805952336,-1,14,True,NY      (16-22),Tuesday,17
2025-04-01 20:30:00+00:00,2025-04-01 21:30:00+00:00,181.9403125,1,5,True,NY      (16-22),Tuesday,20
2025-04-01 21:45:00+00:00,2025-04-01 21:45:00+00:00,53.56921875,-1,1,True,NY      (16-22),Tuesday,21
2025-04-01 22:00:00+00:00,2025-04-01 22:00:00+00:00,60.541875,1,1,True,Off     (22-00),Tuesday,22
2025-04-01 22:15:00+00:00,2025-04-01 23:45:00+00:00,93.291875,-1,7,True,Off     (22-00),Tuesday,22
2025-04-02 00:00:00+00:00,2025-04-02 00:00:00+00:00,-42.16125,1,1,False,Asia    (00-07),Wednesday,0
2025-04-02 00:15:00+00:00,2025-04-02 04:30:00+00:00,299.28015625,-1,18,True,Asia    (00-07),Wednesday,0
2025-04-02 04:45:00+00:00,2025-04-02 05:00:00+00:00,-67.44640625,1,2,False,Asia    (00-07),Wednesday,4
2025-04-02 05:15:00+00:00,2025-04-02 06:00:00+00:00,173.26453125,-1,4,True,Asia    (00-07),Wednesday,5
2025-04-02 06:15:00+00:00,2025-04-02 08:45:00+00:00,326.62,1,11,True,Asia    (00-07),Wednesday,6
2025-04-02 09:00:00+00:00,2025-04-02 09:30:00+00:00,-192.74358431768917,-1,3,False,London  (07-12),Wednesday,9
2025-04-02 09:45:00+00:00,2025-04-02 10:15:00+00:00,26.9060774939704,1,3,True,London  (07-12),Wednesday,9
2025-04-02 10:30:00+00:00,2025-04-02 12:00:00+00:00,151.46532524297157,-1,7,True,London  (07-12),Wednesday,10
2025-04-02 12:15:00+00:00,2025-04-02 17:00:00+00:00,778.6991026815433,1,20,True,Overlap (12-16),Wednesday,12
2025-04-02 17:15:00+00:00,2025-04-02 17:30:00+00:00,176.00475961240892,-1,2,True,NY      (16-22),Wednesday,17
2025-04-02 17:45:00+00:00,2025-04-02 18:30:00+00:00,-4.738216838415752,1,4,False,NY      (16-22),Wednesday,17
2025-04-02 18:45:00+00:00,2025-04-02 19:00:00+00:00,90.19435762962597,-1,2,True,NY      (16-22),Wednesday,18
2025-04-02 19:15:00+00:00,2025-04-02 20:00:00+00:00,454.1891488193819,1,4,True,NY      (16-22),Wednesday,19
2025-04-02 20:15:00+00:00,2025-04-03 00:00:00+00:00,800.652831642923,-1,16,True,NY      (16-22),Wednesday,20
2025-04-03 00:15:00+00:00,2025-04-03 04:45:00+00:00,194.26031428496603,1,19,True,Asia    (00-07),Thursday,0
2025-04-03 05:00:00+00:00,2025-04-03 07:00:00+00:00,217.46998952404272,-1,9,True,Asia    (00-07),Thursday,5
2025-04-03 07:15:00+00:00,2025-04-03 08:30:00+00:00,281.40515625,1,6,True,London  (07-12),Thursday,7
2025-04-03 08:45:00+00:00,2025-04-03 13:00:00+00:00,840.6905623514051,-1,18,True,London  (07-12),Thursday,8
2025-04-03 13:15:00+00:00,2025-04-03 14:00:00+00:00,-40.04235332517598,1,4,False,Overlap (12-16),Thursday,13
2025-04-03 14:15:00+00:00,2025-04-03 15:15:00+00:00,5.495735520437453,-1,5,True,Overlap (12-16),Thursday,14
2025-04-03 15:30:00+00:00,2025-04-03 15:45:00+00:00,80.10965428849724,1,2,True,Overlap (12-16),Thursday,15
2025-04-03 16:00:00+00:00,2025-04-03 17:00:00+00:00,39.986362783089746,-1,5,True,NY      (16-22),Thursday,16
2025-04-03 17:15:00+00:00,2025-04-03 19:30:00+00:00,147.82241651250456,1,10,True,NY      (16-22),Thursday,17
2025-04-03 19:45:00+00:00,2025-04-03 20:00:00+00:00,76.75712211463838,-1,2,True,NY      (16-22),Thursday,19
2025-04-03 20:15:00+00:00,2025-04-03 21:30:00+00:00,188.22538796399363,1,6,True,NY      (16-22),Thursday,20
2025-04-03 21:45:00+00:00,2025-04-03 21:45:00+00:00,-88.6137507550228,-1,1,False,NY      (16-22),Thursday,21
2025-04-03 22:00:00+00:00,2025-04-03 22:30:00+00:00,-28.16897723789624,1,3,False,Off     (22-00),Thursday,22
2025-04-03 22:45:00+00:00,2025-04-03 23:00:00+00:00,33.1746875,-1,2,True,Off     (22-00),Thursday,22
2025-04-03 23:15:00+00:00,2025-04-04 00:15:00+00:00,360.5340625,1,5,True,Off     (22-00),Thursday,23
2025-04-04 00:30:00+00:00,2025-04-04 01:45:00+00:00,306.38745339823845,-1,6,True,Asia    (00-07),Friday,0
2025-04-04 02:00:00+00:00,2025-04-04 03:15:00+00:00,113.28842822324725,1,6,True,Asia    (00-07),Friday,2
2025-04-04 03:30:00+00:00,2025-04-04 03:30:00+00:00,72.05827935278273,-1,1,True,Asia    (00-07),Friday,3
2025-04-04 03:45:00+00:00,2025-04-04 06:00:00+00:00,204.95984375,1,10,True,Asia    (00-07),Friday,3
2025-04-04 06:15:00+00:00,2025-04-04 07:00:00+00:00,-164.24328125,-1,4,False,Asia    (00-07),Friday,6
2025-04-04 07:15:00+00:00,2025-04-04 08:30:00+00:00,485.6278125,1,6,True,London  (07-12),Friday,7
2025-04-04 08:45:00+00:00,2025-04-04 11:15:00+00:00,902.3421613428042,-1,11,True,London  (07-12),Friday,8
2025-04-04 11:30:00+00:00,2025-04-04 15:30:00+00:00,264.9658486218514,1,17,True,London  (07-12),Friday,11
2025-04-04 15:45:00+00:00,2025-04-04 16:00:00+00:00,-102.80025706501299,-1,2,False,Overlap (12-16),Friday,15
2025-04-04 16:15:00+00:00,2025-04-04 21:45:00+00:00,155.87399139676893,1,23,True,NY      (16-22),Friday,16
2025-04-04 22:00:00+00:00,2025-04-05 06:30:00+00:00,378.17837496541154,-1,35,True,Off     (22-00),Friday,22
2025-04-05 06:45:00+00:00,2025-04-05 10:00:00+00:00,192.85828125,1,14,True,Asia    (00-07),Saturday,6
2025-04-05 10:15:00+00:00,2025-04-05 14:15:00+00:00,449.33875,-1,17,True,London  (07-12),Saturday,10
2025-04-05 14:30:00+00:00,2025-04-05 17:30:00+00:00,5.5653125000000045,1,13,True,Overlap (12-16),Saturday,14
2025-04-05 17:45:00+00:00,2025-04-05 17:45:00+00:00,9.819218749999997,-1,1,True,NY      (16-22),Saturday,17
2025-04-05 18:00:00+00:00,2025-04-05 21:15:00+00:00,159.35828125,1,14,True,NY      (16-22),Saturday,18
2025-04-05 21:30:00+00:00,2025-04-05 21:45:00+00:00,137.17859375,-1,2,True,NY      (16-22),Saturday,21
2025-04-05 22:00:00+00:00,2025-04-06 00:00:00+00:00,259.58484375,1,9,True,Off     (22-00),Saturday,22
2025-04-06 00:15:00+00:00,2025-04-06 03:30:00+00:00,86.15515625,-1,14,True,Asia    (00-07),Sunday,0
2025-04-06 03:45:00+00:00,2025-04-06 05:00:00+00:00,90.73328125,1,6,True,Asia    (00-07),Sunday,3
2025-04-06 05:15:00+00:00,2025-04-06 07:45:00+00:00,208.6278125,-1,11,True,Asia    (00-07),Sunday,5
2025-04-06 08:00:00+00:00,2025-04-06 09:30:00+00:00,26.748906250000005,1,7,True,London  (07-12),Sunday,8
2025-04-06 09:45:00+00:00,2025-04-06 14:15:00+00:00,345.9090625,-1,19,True,London  (07-12),Sunday,9
2025-04-06 14:30:00+00:00,2025-04-06 15:30:00+00:00,105.68640625,1,5,True,Overlap (12-16),Sunday,14
2025-04-06 15:45:00+00:00,2025-04-06 19:15:00+00:00,1324.9034448369848,-1,15,True,Overlap (12-16),Sunday,15
2025-04-06 19:30:00+00:00,2025-04-06 20:00:00+00:00,-16.440100113092075,1,3,False,NY      (16-22),Sunday,19
2025-04-06 20:15:00+00:00,2025-04-06 23:00:00+00:00,370.10723642727476,-1,12,True,NY      (16-22),Sunday,20
2025-04-06 23:15:00+00:00,2025-04-07 02:15:00+00:00,141.52921120566617,1,13,True,Off     (22-00),Sunday,23
2025-04-07 02:30:00+00:00,2025-04-07 07:00:00+00:00,771.3497814370096,-1,19,True,Asia    (00-07),Monday,2
2025-04-07 07:15:00+00:00,2025-04-07 15:45:00+00:00,617.7666102217248,1,35,True,London  (07-12),Monday,7
2025-04-07 16:00:00+00:00,2025-04-07 17:00:00+00:00,18.238798771606497,-1,5,True,NY      (16-22),Monday,16
2025-04-07 17:15:00+00:00,2025-04-07 18:00:00+00:00,55.20695040187256,1,4,True,NY      (16-22),Monday,17
2025-04-07 18:15:00+00:00,2025-04-07 20:00:00+00:00,107.20467258699763,-1,8,True,NY      (16-22),Monday,18
2025-04-07 20:15:00+00:00,2025-04-07 23:00:00+00:00,357.39372956039034,1,12,True,NY      (16-22),Monday,20
2025-04-07 23:15:00+00:00,2025-04-08 01:00:00+00:00,176.45098538155975,-1,8,True,Off     (22-00),Monday,23
2025-04-08 01:15:00+00:00,2025-04-08 02:00:00+00:00,433.6277463827645,1,4,True,Asia    (00-07),Tuesday,1
2025-04-08 02:15:00+00:00,2025-04-08 05:15:00+00:00,361.12704970668665,-1,13,True,Asia    (00-07),Tuesday,2
2025-04-08 05:30:00+00:00,2025-04-08 05:45:00+00:00,106.19177051822257,1,2,True,Asia    (00-07),Tuesday,5
2025-04-08 06:00:00+00:00,2025-04-08 09:00:00+00:00,311.4108212802911,-1,13,True,Asia    (00-07),Tuesday,6
2025-04-08 09:15:00+00:00,2025-04-08 12:15:00+00:00,357.1294126292828,1,13,True,London  (07-12),Tuesday,9
2025-04-08 12:30:00+00:00,2025-04-08 14:45:00+00:00,348.22295626706205,-1,10,True,Overlap (12-16),Tuesday,12
2025-04-08 15:00:00+00:00,2025-04-08 16:00:00+00:00,-78.93537169816385,1,5,False,Overlap (12-16),Tuesday,15
2025-04-08 16:15:00+00:00,2025-04-08 17:00:00+00:00,272.4764692931064,-1,4,True,NY      (16-22),Tuesday,16
2025-04-08 17:15:00+00:00,2025-04-08 17:30:00+00:00,54.68561084996463,1,2,True,NY      (16-22),Tuesday,17
2025-04-08 17:45:00+00:00,2025-04-09 01:15:00+00:00,745.1280247013849,-1,31,True,NY      (16-22),Tuesday,17
2025-04-09 01:30:00+00:00,2025-04-09 01:45:00+00:00,317.48440829833487,1,2,True,Asia    (00-07),Wednesday,1
2025-04-09 02:00:00+00:00,2025-04-09 04:00:00+00:00,58.14403252223343,-1,9,True,Asia    (00-07),Wednesday,2
2025-04-09 04:15:00+00:00,2025-04-09 08:15:00+00:00,311.6426043399282,1,17,True,Asia    (00-07),Wednesday,4
2025-04-09 08:30:00+00:00,2025-04-09 11:30:00+00:00,453.8422996715907,-1,13,True,London  (07-12),Wednesday,8
2025-04-09 11:45:00+00:00,2025-04-09 14:00:00+00:00,354.36702776882447,1,10,True,London  (07-12),Wednesday,11
2025-04-09 14:15:00+00:00,2025-04-09 15:45:00+00:00,19.903550704805454,-1,7,True,Overlap (12-16),Wednesday,14
2025-04-09 16:00:00+00:00,2025-04-09 18:00:00+00:00,886.6637020215596,1,9,True,NY      (16-22),Wednesday,16
2025-04-09 18:15:00+00:00,2025-04-09 18:45:00+00:00,73.24452923576607,-1,3,True,NY      (16-22),Wednesday,18
2025-04-09 19:00:00+00:00,2025-04-09 19:30:00+00:00,72.21767067896164,1,3,True,NY      (16-22),Wednesday,19
2025-04-09 19:45:00+00:00,2025-04-09 20:15:00+00:00,32.43197959398999,-1,3,True,NY      (16-22),Wednesday,19
2025-04-09 20:30:00+00:00,2025-04-10 02:30:00+00:00,-115.24174312993333,1,25,False,NY      (16-22),Wednesday,20
2025-04-10 02:45:00+00:00,2025-04-10 04:15:00+00:00,331.85158268109006,-1,7,True,Asia    (00-07),Thursday,2
2025-04-10 04:30:00+00:00,2025-04-10 06:00:00+00:00,288.49890625,1,7,True,Asia    (00-07),Thursday,4
2025-04-10 06:15:00+00:00,2025-04-10 09:00:00+00:00,362.952476878488,-1,12,True,Asia    (00-07),Thursday,6
2025-04-10 09:15:00+00:00,2025-04-10 10:00:00+00:00,243.20709717074226,1,4,True,London  (07-12),Thursday,9
2025-04-10 10:15:00+00:00,2025-04-10 10:30:00+00:00,194.9774261118757,-1,2,True,London  (07-12),Thursday,10
2025-04-10 10:45:00+00:00,2025-04-10 12:00:00+00:00,7.527733754241268,1,6,True,London  (07-12),Thursday,10
2025-04-10 12:15:00+00:00,2025-04-10 14:00:00+00:00,148.9514480773806,-1,8,True,Overlap (12-16),Thursday,12
2025-04-10 14:15:00+00:00,2025-04-10 15:00:00+00:00,-98.56440618582022,1,4,False,Overlap (12-16),Thursday,14
2025-04-10 15:15:00+00:00,2025-04-10 15:45:00+00:00,443.20539513446107,-1,3,True,Overlap (12-16),Thursday,15
2025-04-10 16:00:00+00:00,2025-04-10 21:00:00+00:00,229.88694957062907,1,21,True,NY      (16-22),Thursday,16
2025-04-10 21:15:00+00:00,2025-04-10 21:30:00+00:00,-15.194613692493274,-1,2,False,NY      (16-22),Thursday,21
2025-04-10 21:45:00+00:00,2025-04-11 02:15:00+00:00,343.4792674618272,1,19,True,NY      (16-22),Thursday,21
2025-04-11 02:30:00+00:00,2025-04-11 03:45:00+00:00,-63.92105599342204,-1,6,False,Asia    (00-07),Friday,2
2025-04-11 04:00:00+00:00,2025-04-11 04:30:00+00:00,-33.01984925238497,1,3,False,Asia    (00-07),Friday,4
2025-04-11 04:45:00+00:00,2025-04-11 05:00:00+00:00,51.0201829262726,-1,2,True,Asia    (00-07),Friday,4
2025-04-11 05:15:00+00:00,2025-04-11 10:15:00+00:00,791.9837868281357,1,21,True,Asia    (00-07),Friday,5
2025-04-11 10:30:00+00:00,2025-04-11 12:15:00+00:00,158.51485501620056,-1,8,True,London  (07-12),Friday,10
2025-04-11 12:30:00+00:00,2025-04-11 14:00:00+00:00,71.47255248871082,1,7,True,Overlap (12-16),Friday,12
2025-04-11 14:15:00+00:00,2025-04-11 14:15:00+00:00,272.14091257288425,-1,1,True,Overlap (12-16),Friday,14
2025-04-11 14:30:00+00:00,2025-04-11 18:15:00+00:00,625.980036184777,1,16,True,Overlap (12-16),Friday,14
2025-04-11 18:30:00+00:00,2025-04-11 19:00:00+00:00,31.51956495428422,-1,3,True,NY      (16-22),Friday,18
2025-04-11 19:15:00+00:00,2025-04-11 21:15:00+00:00,3.1007507700384362,1,9,True,NY      (16-22),Friday,19
2025-04-11 21:30:00+00:00,2025-04-11 23:15:00+00:00,328.6021085050033,-1,8,True,NY      (16-22),Friday,21
2025-04-11 23:30:00+00:00,2025-04-12 01:45:00+00:00,-13.876093749999995,1,10,False,Off     (22-00),Friday,23
2025-04-12 02:00:00+00:00,2025-04-12 03:00:00+00:00,121.81921875,-1,5,True,Asia    (00-07),Saturday,2
2025-04-12 03:15:00+00:00,2025-04-12 08:00:00+00:00,522.70984375,1,20,True,Asia    (00-07),Saturday,3
2025-04-12 08:15:00+00:00,2025-04-12 12:00:00+00:00,160.7059375,-1,16,True,London  (07-12),Saturday,8
2025-04-12 12:15:00+00:00,2025-04-12 16:00:00+00:00,564.5528772710645,1,16,True,Overlap (12-16),Saturday,12
2025-04-12 16:15:00+00:00,2025-04-12 18:30:00+00:00,-92.26822684955008,-1,10,False,NY      (16-22),Saturday,16
2025-04-12 18:45:00+00:00,2025-04-12 19:00:00+00:00,12.745000000000005,1,2,True,NY      (16-22),Saturday,18
2025-04-12 19:15:00+00:00,2025-04-12 20:00:00+00:00,-52.223749999999995,-1,4,False,NY      (16-22),Saturday,19
2025-04-12 20:15:00+00:00,2025-04-12 22:00:00+00:00,164.5575,1,8,True,NY      (16-22),Saturday,20
2025-04-12 22:15:00+00:00,2025-04-13 02:00:00+00:00,146.45565988726116,-1,16,True,Off     (22-00),Saturday,22
2025-04-13 02:15:00+00:00,2025-04-13 03:00:00+00:00,77.06226269227474,1,4,True,Asia    (00-07),Sunday,2
2025-04-13 03:15:00+00:00,2025-04-13 03:30:00+00:00,-51.88853466671195,-1,2,False,Asia    (00-07),Sunday,3
2025-04-13 03:45:00+00:00,2025-04-13 04:00:00+00:00,-144.10729285121872,1,2,False,Asia    (00-07),Sunday,3
2025-04-13 04:15:00+00:00,2025-04-13 06:15:00+00:00,139.5928683785957,-1,9,True,Asia    (00-07),Sunday,4
2025-04-13 06:30:00+00:00,2025-04-13 11:00:00+00:00,-3.366387317284776,1,19,False,Asia    (00-07),Sunday,6
2025-04-13 11:15:00+00:00,2025-04-13 14:00:00+00:00,457.0212710019361,-1,12,True,London  (07-12),Sunday,11
2025-04-13 14:15:00+00:00,2025-04-13 19:00:00+00:00,326.32771739019097,1,20,True,Overlap (12-16),Sunday,14
2025-04-13 19:15:00+00:00,2025-04-13 19:30:00+00:00,345.65677992415476,-1,2,True,NY      (16-22),Sunday,19
2025-04-13 19:45:00+00:00,2025-04-13 20:00:00+00:00,207.5955803571625,1,2,True,NY      (16-22),Sunday,19
2025-04-13 20:15:00+00:00,2025-04-13 21:00:00+00:00,218.17734524632993,-1,4,True,NY      (16-22),Sunday,20
2025-04-13 21:15:00+00:00,2025-04-14 03:30:00+00:00,383.78351646284943,1,26,True,NY      (16-22),Sunday,21
2025-04-14 03:45:00+00:00,2025-04-14 05:30:00+00:00,92.94633995741106,-1,8,True,Asia    (00-07),Monday,3
2025-04-14 05:45:00+00:00,2025-04-14 09:00:00+00:00,228.85278411627746,1,14,True,Asia    (00-07),Monday,5
2025-04-14 09:15:00+00:00,2025-04-14 10:00:00+00:00,204.40278917261875,-1,4,True,London  (07-12),Monday,9
2025-04-14 10:15:00+00:00,2025-04-14 13:00:00+00:00,316.9721276722509,1,12,True,London  (07-12),Monday,10
2025-04-14 13:15:00+00:00,2025-04-14 14:00:00+00:00,263.99616279444996,-1,4,True,Overlap (12-16),Monday,13
2025-04-14 14:15:00+00:00,2025-04-14 15:00:00+00:00,66.77818064316054,1,4,True,Overlap (12-16),Monday,14
2025-04-14 15:15:00+00:00,2025-04-14 16:15:00+00:00,82.101570156865,-1,5,True,Overlap (12-16),Monday,15
2025-04-14 16:30:00+00:00,2025-04-14 21:00:00+00:00,172.12899580245008,1,19,True,NY      (16-22),Monday,16
2025-04-14 21:15:00+00:00,2025-04-14 23:15:00+00:00,125.5965625,-1,9,True,NY      (16-22),Monday,21
2025-04-14 23:30:00+00:00,2025-04-15 02:45:00+00:00,265.63698787251155,1,14,True,Off     (22-00),Monday,23
2025-04-15 03:00:00+00:00,2025-04-15 03:00:00+00:00,26.973492347407245,-1,1,True,Asia    (00-07),Tuesday,3
2025-04-15 03:15:00+00:00,2025-04-15 03:15:00+00:00,34.37046402020394,1,1,True,Asia    (00-07),Tuesday,3
2025-04-15 03:30:00+00:00,2025-04-15 03:30:00+00:00,-38.24762986667836,-1,1,False,Asia    (00-07),Tuesday,3
2025-04-15 03:45:00+00:00,2025-04-15 03:45:00+00:00,25.657101873549664,1,1,True,Asia    (00-07),Tuesday,3
2025-04-15 04:00:00+00:00,2025-04-15 04:15:00+00:00,90.50110377525323,-1,2,True,Asia    (00-07),Tuesday,4
2025-04-15 04:30:00+00:00,2025-04-15 05:30:00+00:00,301.83484375,1,5,True,Asia    (00-07),Tuesday,4
2025-04-15 05:45:00+00:00,2025-04-15 07:00:00+00:00,119.62,-1,6,True,Asia    (00-07),Tuesday,5
2025-04-15 07:15:00+00:00,2025-04-15 10:00:00+00:00,112.56140625,1,12,True,London  (07-12),Tuesday,7
2025-04-15 10:15:00+00:00,2025-04-15 10:30:00+00:00,128.04578125,-1,2,True,London  (07-12),Tuesday,10
2025-04-15 10:45:00+00:00,2025-04-15 11:45:00+00:00,28.717656249999997,1,5,True,London  (07-12),Tuesday,10
2025-04-15 12:00:00+00:00,2025-04-15 20:15:00+00:00,594.4669301148299,-1,34,True,Overlap (12-16),Tuesday,12
2025-04-15 20:30:00+00:00,2025-04-15 22:30:00+00:00,-32.42296875,1,9,False,NY      (16-22),Tuesday,20
2025-04-15 22:45:00+00:00,2025-04-16 01:00:00+00:00,330.33484375,-1,10,True,Off     (22-00),Tuesday,22
2025-04-16 01:15:00+00:00,2025-04-16 03:00:00+00:00,307.1278125,1,8,True,Asia    (00-07),Wednesday,1
2025-04-16 03:15:00+00:00,2025-04-16 06:00:00+00:00,206.198125,-1,12,True,Asia    (00-07),Wednesday,3
2025-04-16 06:15:00+00:00,2025-04-16 07:00:00+00:00,19.323124999999997,1,4,True,Asia    (00-07),Wednesday,6
2025-04-16 07:15:00+00:00,2025-04-16 07:45:00+00:00,85.66296875,-1,3,True,London  (07-12),Wednesday,7
2025-04-16 08:00:00+00:00,2025-04-16 12:00:00+00:00,304.3062254868843,1,17,True,London  (07-12),Wednesday,8
2025-04-16 12:15:00+00:00,2025-04-16 12:45:00+00:00,110.69421875,-1,3,True,Overlap (12-16),Wednesday,12
2025-04-16 13:00:00+00:00,2025-04-16 17:00:00+00:00,573.1238675579067,1,17,True,Overlap (12-16),Wednesday,13
2025-04-16 17:15:00+00:00,2025-04-16 17:45:00+00:00,548.4408830569411,-1,3,True,NY      (16-22),Wednesday,17
2025-04-16 18:00:00+00:00,2025-04-16 20:15:00+00:00,335.23803681720796,1,10,True,NY      (16-22),Wednesday,18
2025-04-16 20:30:00+00:00,2025-04-16 23:45:00+00:00,241.5503788262243,-1,14,True,NY      (16-22),Wednesday,20
2025-04-17 00:00:00+00:00,2025-04-17 03:00:00+00:00,45.397343750000005,1,13,True,Asia    (00-07),Thursday,0
2025-04-17 03:15:00+00:00,2025-04-17 04:00:00+00:00,109.0184375,-1,4,True,Asia    (00-07),Thursday,3
2025-04-17 04:15:00+00:00,2025-04-17 07:00:00+00:00,369.61609375,1,12,True,Asia    (00-07),Thursday,4
2025-04-17 07:15:00+00:00,2025-04-17 07:30:00+00:00,-35.825312499999995,-1,2,False,London  (07-12),Thursday,7
2025-04-17 07:45:00+00:00,2025-04-17 12:15:00+00:00,39.858281250000005,1,19,True,London  (07-12),Thursday,7
2025-04-17 12:30:00+00:00,2025-04-17 15:00:00+00:00,102.2684375,-1,11,True,Overlap (12-16),Thursday,12
2025-04-17 15:15:00+00:00,2025-04-17 18:15:00+00:00,281.05775992545773,1,13,True,Overlap (12-16),Thursday,15
2025-04-17 18:30:00+00:00,2025-04-17 19:00:00+00:00,141.30217273208814,-1,3,True,NY      (16-22),Thursday,18
2025-04-17 19:15:00+00:00,2025-04-17 22:00:00+00:00,47.24211249118679,1,12,True,NY      (16-22),Thursday,19
2025-04-17 22:15:00+00:00,2025-04-17 23:00:00+00:00,46.424687500000005,-1,4,True,Off     (22-00),Thursday,22
2025-04-17 23:15:00+00:00,2025-04-18 03:45:00+00:00,-61.524531249999995,1,19,False,Off     (22-00),Thursday,23
2025-04-18 04:00:00+00:00,2025-04-18 11:00:00+00:00,101.31921875,-1,29,True,Asia    (00-07),Friday,4
2025-04-18 11:15:00+00:00,2025-04-18 12:00:00+00:00,-9.380000000000003,1,4,False,London  (07-12),Friday,11
2025-04-18 12:15:00+00:00,2025-04-18 13:30:00+00:00,37.291875000000005,-1,6,True,Overlap (12-16),Friday,12
2025-04-18 13:45:00+00:00,2025-04-18 13:45:00+00:00,19.295781249999997,1,1,True,Overlap (12-16),Friday,13
2025-04-18 14:00:00+00:00,2025-04-18 17:15:00+00:00,53.065312500000005,-1,14,True,Overlap (12-16),Friday,14
2025-04-18 17:30:00+00:00,2025-04-18 19:15:00+00:00,77.85046875,1,8,True,NY      (16-22),Friday,17
2025-04-18 19:30:00+00:00,2025-04-18 21:00:00+00:00,34.38953125,-1,7,True,NY      (16-22),Friday,19
2025-04-18 21:15:00+00:00,2025-04-18 21:45:00+00:00,35.08875,1,3,True,NY      (16-22),Friday,21
2025-04-18 22:00:00+00:00,2025-04-18 23:00:00+00:00,95.91296875,-1,5,True,Off     (22-00),Friday,22
2025-04-18 23:15:00+00:00,2025-04-19 09:00:00+00:00,493.17078125,1,40,True,Off     (22-00),Friday,23
2025-04-19 09:15:00+00:00,2025-04-19 17:00:00+00:00,213.166875,-1,32,True,London  (07-12),Saturday,9
2025-04-19 17:15:00+00:00,2025-04-19 18:00:00+00:00,133.37,1,4,True,NY      (16-22),Saturday,17
2025-04-19 18:15:00+00:00,2025-04-20 00:45:00+00:00,29.373906250000005,-1,27,True,NY      (16-22),Saturday,18
2025-04-20 01:00:00+00:00,2025-04-20 02:00:00+00:00,29.850468749999997,1,5,True,Asia    (00-07),Sunday,1
2025-04-20 02:15:00+00:00,2025-04-20 03:30:00+00:00,47.573125,-1,6,True,Asia    (00-07),Sunday,2
2025-04-20 03:45:00+00:00,2025-04-20 04:15:00+00:00,21.545781249999997,1,3,True,Asia    (00-07),Sunday,3
2025-04-20 04:30:00+00:00,2025-04-20 09:30:00+00:00,338.823125,-1,21,True,Asia    (00-07),Sunday,4
2025-04-20 09:45:00+00:00,2025-04-20 10:00:00+00:00,-37.29015625,1,2,False,London  (07-12),Sunday,9
2025-04-20 10:15:00+00:00,2025-04-20 11:15:00+00:00,190.70203125,-1,5,True,London  (07-12),Sunday,10
2025-04-20 11:30:00+00:00,2025-04-20 15:30:00+00:00,206.354375,1,17,True,London  (07-12),Sunday,11
2025-04-20 15:45:00+00:00,2025-04-20 16:00:00+00:00,7.924687499999997,-1,2,True,Overlap (12-16),Sunday,15
2025-04-20 16:15:00+00:00,2025-04-20 22:00:00+00:00,208.8309375,1,24,True,NY      (16-22),Sunday,16
2025-04-20 22:15:00+00:00,2025-04-20 22:15:00+00:00,74.495,-1,1,True,Off     (22-00),Sunday,22
2025-04-20 22:30:00+00:00,2025-04-21 01:15:00+00:00,1135.0527571642708,1,12,True,Off     (22-00),Sunday,22
2025-04-21 01:30:00+00:00,2025-04-21 01:30:00+00:00,-77.97187690364801,-1,1,False,Asia    (00-07),Monday,1
2025-04-21 01:45:00+00:00,2025-04-21 03:00:00+00:00,34.91412127201254,1,6,True,Asia    (00-07),Monday,1
2025-04-21 03:15:00+00:00,2025-04-21 03:45:00+00:00,60.82111479304489,-1,3,True,Asia    (00-07),Monday,3
2025-04-21 04:00:00+00:00,2025-04-21 07:00:00+00:00,133.51245274108126,1,13,True,Asia    (00-07),Monday,4
2025-04-21 07:15:00+00:00,2025-04-21 12:45:00+00:00,212.24109375,-1,23,True,London  (07-12),Monday,7
2025-04-21 13:00:00+00:00,2025-04-21 15:15:00+00:00,419.2842567652285,1,10,True,Overlap (12-16),Monday,13
2025-04-21 15:30:00+00:00,2025-04-21 18:15:00+00:00,382.84054292500406,-1,12,True,Overlap (12-16),Monday,15
2025-04-21 18:30:00+00:00,2025-04-22 02:45:00+00:00,553.0291535152758,1,34,True,NY      (16-22),Monday,18
2025-04-22 03:00:00+00:00,2025-04-22 03:00:00+00:00,79.52483614632087,-1,1,True,Asia    (00-07),Tuesday,3
2025-04-22 03:15:00+00:00,2025-04-22 03:30:00+00:00,103.61020997193705,1,2,True,Asia    (00-07),Tuesday,3
2025-04-22 03:45:00+00:00,2025-04-22 03:45:00+00:00,16.665187347350823,-1,1,True,Asia    (00-07),Tuesday,3
2025-04-22 04:00:00+00:00,2025-04-22 08:00:00+00:00,170.39700313908455,1,17,True,Asia    (00-07),Tuesday,4
2025-04-22 08:15:00+00:00,2025-04-22 12:00:00+00:00,-61.618281249999995,-1,16,False,London  (07-12),Tuesday,8
2025-04-22 12:15:00+00:00,2025-04-22 16:00:00+00:00,911.1159250064177,1,16,True,Overlap (12-16),Tuesday,12
2025-04-22 16:15:00+00:00,2025-04-22 16:45:00+00:00,28.447001646525436,-1,3,True,NY      (16-22),Tuesday,16
2025-04-22 17:00:00+00:00,2025-04-22 19:15:00+00:00,335.8529416659424,1,10,True,NY      (16-22),Tuesday,17
2025-04-22 19:30:00+00:00,2025-04-22 20:45:00+00:00,215.98127627565765,-1,6,True,NY      (16-22),Tuesday,19
2025-04-22 21:00:00+00:00,2025-04-22 22:45:00+00:00,549.8374860498301,1,8,True,NY      (16-22),Tuesday,21
2025-04-22 23:00:00+00:00,2025-04-22 23:00:00+00:00,-104.49871767004844,-1,1,False,Off     (22-00),Tuesday,23
2025-04-22 23:15:00+00:00,2025-04-23 00:15:00+00:00,34.36875358244614,1,5,True,Off     (22-00),Tuesday,23
2025-04-23 00:30:00+00:00,2025-04-23 02:30:00+00:00,114.70928516817654,-1,9,True,Asia    (00-07),Wednesday,0
2025-04-23 02:45:00+00:00,2025-04-23 06:30:00+00:00,334.01832204549646,1,16,True,Asia    (00-07),Wednesday,2
2025-04-23 06:45:00+00:00,2025-04-23 07:00:00+00:00,41.04578125,-1,2,True,Asia    (00-07),Wednesday,6
2025-04-23 07:15:00+00:00,2025-04-23 08:00:00+00:00,389.2782921642199,1,4,True,London  (07-12),Wednesday,7
2025-04-23 08:15:00+00:00,2025-04-23 14:45:00+00:00,562.1997961178922,-1,27,True,London  (07-12),Wednesday,8
2025-04-23 15:00:00+00:00,2025-04-23 18:00:00+00:00,239.4014665159653,1,13,True,Overlap (12-16),Wednesday,15
2025-04-23 18:15:00+00:00,2025-04-23 19:15:00+00:00,371.7299324899536,-1,5,True,NY      (16-22),Wednesday,18
2025-04-23 19:30:00+00:00,2025-04-23 19:45:00+00:00,185.15339572779155,1,2,True,NY      (16-22),Wednesday,19
2025-04-23 20:00:00+00:00,2025-04-23 22:00:00+00:00,105.2619959436462,-1,9,True,NY      (16-22),Wednesday,20
2025-04-23 22:15:00+00:00,2025-04-24 00:15:00+00:00,-9.620682658184109,1,9,False,Off     (22-00),Wednesday,22
2025-04-24 00:30:00+00:00,2025-04-24 01:00:00+00:00,19.25900460715212,-1,3,True,Asia    (00-07),Thursday,0
2025-04-24 01:15:00+00:00,2025-04-24 02:00:00+00:00,161.6590625,1,4,True,Asia    (00-07),Thursday,1
2025-04-24 02:15:00+00:00,2025-04-24 02:45:00+00:00,227.7171769211017,-1,3,True,Asia    (00-07),Thursday,2
2025-04-24 03:00:00+00:00,2025-04-24 03:15:00+00:00,73.0851974159563,1,2,True,Asia    (00-07),Thursday,3
2025-04-24 03:30:00+00:00,2025-04-24 03:45:00+00:00,277.1215612838471,-1,2,True,Asia    (00-07),Thursday,3
2025-04-24 04:00:00+00:00,2025-04-24 05:00:00+00:00,76.91213537126643,1,5,True,Asia    (00-07),Thursday,4
2025-04-24 05:15:00+00:00,2025-04-24 06:45:00+00:00,209.8787401899962,-1,7,True,Asia    (00-07),Thursday,5
2025-04-24 07:00:00+00:00,2025-04-24 07:00:00+00:00,91.20979679858502,1,1,True,London  (07-12),Thursday,7
2025-04-24 07:15:00+00:00,2025-04-24 09:00:00+00:00,155.21484509653362,-1,8,True,London  (07-12),Thursday,7
2025-04-24 09:15:00+00:00,2025-04-25 01:00:00+00:00,904.7437749034325,1,64,True,London  (07-12),Thursday,9
2025-04-25 01:15:00+00:00,2025-04-25 02:45:00+00:00,520.8034663892464,-1,7,True,Asia    (00-07),Friday,1
2025-04-25 03:00:00+00:00,2025-04-25 04:00:00+00:00,192.36266428222592,1,5,True,Asia    (00-07),Friday,3
2025-04-25 04:15:00+00:00,2025-04-25 05:30:00+00:00,70.79332969285173,-1,6,True,Asia    (00-07),Friday,4
2025-04-25 05:45:00+00:00,2025-04-25 07:45:00+00:00,236.3075,1,9,True,Asia    (00-07),Friday,5
2025-04-25 08:00:00+00:00,2025-04-25 08:45:00+00:00,31.244999999999997,-1,4,True,London  (07-12),Friday,8
2025-04-25 09:00:00+00:00,2025-04-25 12:00:00+00:00,546.3778125,1,13,True,London  (07-12),Friday,9
2025-04-25 12:15:00+00:00,2025-04-25 12:45:00+00:00,158.26274398096226,-1,3,True,Overlap (12-16),Friday,12
2025-04-25 13:00:00+00:00,2025-04-25 15:15:00+00:00,236.62459038158318,1,10,True,Overlap (12-16),Friday,13
2025-04-25 15:30:00+00:00,2025-04-25 16:00:00+00:00,88.76045801517033,-1,3,True,Overlap (12-16),Friday,15
2025-04-25 16:15:00+00:00,2025-04-25 17:00:00+00:00,141.355185894734,1,4,True,NY      (16-22),Friday,16
2025-04-25 17:15:00+00:00,2025-04-25 18:45:00+00:00,119.10434790156691,-1,7,True,NY      (16-22),Friday,17
2025-04-25 19:00:00+00:00,2025-04-25 20:00:00+00:00,20.287047167261164,1,5,True,NY      (16-22),Friday,19
2025-04-25 20:15:00+00:00,2025-04-26 00:30:00+00:00,231.34515518495178,-1,18,True,NY      (16-22),Friday,20
2025-04-26 00:45:00+00:00,2025-04-26 01:45:00+00:00,220.6903125,1,5,True,Asia    (00-07),Saturday,0
2025-04-26 02:00:00+00:00,2025-04-26 02:00:00+00:00,105.37,-1,1,True,Asia    (00-07),Saturday,2
2025-04-26 02:15:00+00:00,2025-04-26 02:45:00+00:00,98.7996875,1,3,True,Asia    (00-07),Saturday,2
2025-04-26 03:00:00+00:00,2025-04-26 09:15:00+00:00,358.44421875,-1,26,True,Asia    (00-07),Saturday,3
2025-04-26 09:30:00+00:00,2025-04-26 10:30:00+00:00,48.92078125,1,5,True,London  (07-12),Saturday,9
2025-04-26 10:45:00+00:00,2025-04-26 11:15:00+00:00,104.17078125,-1,3,True,London  (07-12),Saturday,10
2025-04-26 11:30:00+00:00,2025-04-26 17:30:00+00:00,83.6903125,1,25,True,London  (07-12),Saturday,11
2025-04-26 17:45:00+00:00,2025-04-26 19:00:00+00:00,79.13171875,-1,6,True,NY      (16-22),Saturday,17
2025-04-26 19:15:00+00:00,2025-04-26 20:00:00+00:00,44.1590625,1,4,True,NY      (16-22),Saturday,19
2025-04-26 20:15:00+00:00,2025-04-26 20:45:00+00:00,76.6434375,-1,3,True,NY      (16-22),Saturday,20
2025-04-26 21:00:00+00:00,2025-04-27 01:00:00+00:00,501.04578125,1,17,True,NY      (16-22),Saturday,21
2025-04-27 01:15:00+00:00,2025-04-27 02:15:00+00:00,376.03503852515695,-1,5,True,Asia    (00-07),Sunday,1
2025-04-27 02:30:00+00:00,2025-04-27 04:15:00+00:00,-70.19067542490802,1,8,False,Asia    (00-07),Sunday,2
2025-04-27 04:30:00+00:00,2025-04-27 04:45:00+00:00,83.0340625,-1,2,True,Asia    (00-07),Sunday,4
2025-04-27 05:00:00+00:00,2025-04-27 05:00:00+00:00,-5.212031250000003,1,1,False,Asia    (00-07),Sunday,5
2025-04-27 05:15:00+00:00,2025-04-27 13:15:00+00:00,95.5496875,-1,33,True,Asia    (00-07),Sunday,5
2025-04-27 13:30:00+00:00,2025-04-27 13:45:00+00:00,108.84265625,1,2,True,Overlap (12-16),Sunday,13
2025-04-27 14:00:00+00:00,2025-04-27 17:15:00+00:00,-10.641718749999995,-1,14,False,Overlap (12-16),Sunday,14
2025-04-27 17:30:00+00:00,2025-04-27 20:15:00+00:00,105.02234375,1,12,True,NY      (16-22),Sunday,17
2025-04-27 20:30:00+00:00,2025-04-27 22:45:00+00:00,161.04578125,-1,10,True,NY      (16-22),Sunday,20
2025-04-27 23:00:00+00:00,2025-04-28 07:30:00+00:00,378.84682005970353,1,35,True,Off     (22-00),Sunday,23
2025-04-28 07:45:00+00:00,2025-04-28 09:00:00+00:00,32.8309375,-1,6,True,London  (07-12),Monday,7
2025-04-28 09:15:00+00:00,2025-04-28 12:30:00+00:00,407.20049038795236,1,14,True,London  (07-12),Monday,9
2025-04-28 12:45:00+00:00,2025-04-28 16:00:00+00:00,684.7032818460312,-1,14,True,Overlap (12-16),Monday,12
2025-04-28 16:15:00+00:00,2025-04-29 01:00:00+00:00,656.245407242641,1,36,True,NY      (16-22),Monday,16
2025-04-29 01:15:00+00:00,2025-04-29 04:45:00+00:00,310.41501778440045,-1,15,True,Asia    (00-07),Tuesday,1
2025-04-29 05:00:00+00:00,2025-04-29 12:00:00+00:00,353.87,1,29,True,Asia    (00-07),Tuesday,5
2025-04-29 12:15:00+00:00,2025-04-29 13:30:00+00:00,112.52625,-1,6,True,Overlap (12-16),Tuesday,12
2025-04-29 13:45:00+00:00,2025-04-29 15:00:00+00:00,51.70878159411864,1,6,True,Overlap (12-16),Tuesday,13
2025-04-29 15:15:00+00:00,2025-04-29 16:00:00+00:00,1.7621942385255096,-1,4,True,Overlap (12-16),Tuesday,15
2025-04-29 16:15:00+00:00,2025-04-29 20:00:00+00:00,78.58696046366939,1,16,True,NY      (16-22),Tuesday,16
2025-04-29 20:15:00+00:00,2025-04-29 23:00:00+00:00,641.8521864066679,-1,12,True,NY      (16-22),Tuesday,20
2025-04-29 23:15:00+00:00,2025-04-30 05:00:00+00:00,583.2687337870792,1,24,True,Off     (22-00),Tuesday,23
2025-04-30 05:15:00+00:00,2025-04-30 07:30:00+00:00,221.87,-1,10,True,Asia    (00-07),Wednesday,5
2025-04-30 07:45:00+00:00,2025-04-30 12:00:00+00:00,272.54578125,1,18,True,London  (07-12),Wednesday,7
2025-04-30 12:15:00+00:00,2025-04-30 14:00:00+00:00,789.746620476425,-1,8,True,Overlap (12-16),Wednesday,12
2025-04-30 14:15:00+00:00,2025-04-30 17:30:00+00:00,262.9913805778022,1,14,True,Overlap (12-16),Wednesday,14
2025-04-30 17:45:00+00:00,2025-04-30 18:45:00+00:00,72.25527863644817,-1,5,True,NY      (16-22),Wednesday,17
2025-04-30 19:00:00+00:00,2025-04-30 21:15:00+00:00,245.48769815930416,1,10,True,NY      (16-22),Wednesday,19
2025-04-30 21:30:00+00:00,2025-05-01 00:00:00+00:00,161.635625,-1,11,True,NY      (16-22),Wednesday,21
2025-05-01 00:15:00+00:00,2025-05-01 03:30:00+00:00,275.260625,1,14,True,Asia    (00-07),Thursday,0
2025-05-01 03:45:00+00:00,2025-05-01 04:00:00+00:00,-5.723750000000003,-1,2,False,Asia    (00-07),Thursday,3
2025-05-01 04:15:00+00:00,2025-05-01 13:00:00+00:00,814.9359570121005,1,36,True,Asia    (00-07),Thursday,4
2025-05-01 13:15:00+00:00,2025-05-01 14:00:00+00:00,104.02106275561172,-1,4,True,Overlap (12-16),Thursday,13
2025-05-01 14:15:00+00:00,2025-05-01 15:00:00+00:00,427.8524556695688,1,4,True,Overlap (12-16),Thursday,14
2025-05-01 15:15:00+00:00,2025-05-01 15:45:00+00:00,167.52271028132577,-1,3,True,Overlap (12-16),Thursday,15
2025-05-01 16:00:00+00:00,2025-05-01 16:15:00+00:00,108.72681662146766,1,2,True,NY      (16-22),Thursday,16
2025-05-01 16:30:00+00:00,2025-05-01 17:30:00+00:00,209.6789385849753,-1,5,True,NY      (16-22),Thursday,16
2025-05-01 17:45:00+00:00,2025-05-01 18:30:00+00:00,68.81959523119608,1,4,True,NY      (16-22),Thursday,17
2025-05-01 18:45:00+00:00,2025-05-01 23:00:00+00:00,202.855852906494,-1,18,True,NY      (16-22),Thursday,18
2025-05-01 23:15:00+00:00,2025-05-02 03:00:00+00:00,427.90515625,1,16,True,Off     (22-00),Thursday,23
2025-05-02 03:15:00+00:00,2025-05-02 03:15:00+00:00,55.88171875,-1,1,True,Asia    (00-07),Friday,3
2025-05-02 03:30:00+00:00,2025-05-02 03:30:00+00:00,55.541875,1,1,True,Asia    (00-07),Friday,3
2025-05-02 03:45:00+00:00,2025-05-02 06:30:00+00:00,260.76453125,-1,12,True,Asia    (00-07),Friday,3
2025-05-02 06:45:00+00:00,2025-05-02 07:30:00+00:00,-78.51671875,1,4,False,Asia    (00-07),Friday,6
2025-05-02 07:45:00+00:00,2025-05-02 09:30:00+00:00,-57.430781249999995,-1,8,False,London  (07-12),Friday,7
2025-05-02 09:45:00+00:00,2025-05-02 11:00:00+00:00,187.854375,1,6,True,London  (07-12),Friday,9
2025-05-02 11:15:00+00:00,2025-05-02 11:45:00+00:00,20.639531249999997,-1,3,True,London  (07-12),Friday,11
2025-05-02 12:00:00+00:00,2025-05-02 15:00:00+00:00,268.5676462364402,1,13,True,Overlap (12-16),Friday,12
2025-05-02 15:15:00+00:00,2025-05-02 17:15:00+00:00,82.53589434968353,-1,9,True,Overlap (12-16),Friday,15
2025-05-02 17:30:00+00:00,2025-05-02 18:00:00+00:00,79.48852252809012,1,3,True,NY      (16-22),Friday,17
2025-05-02 18:15:00+00:00,2025-05-02 19:30:00+00:00,298.67224413234123,-1,6,True,NY      (16-22),Friday,18
2025-05-02 19:45:00+00:00,2025-05-02 21:00:00+00:00,56.096562500000005,1,6,True,NY      (16-22),Friday,19
2025-05-02 21:15:00+00:00,2025-05-02 22:30:00+00:00,197.2215625,-1,6,True,NY      (16-22),Friday,21
2025-05-02 22:45:00+00:00,2025-05-03 00:15:00+00:00,50.217656250000005,1,7,True,Off     (22-00),Friday,22
2025-05-03 00:30:00+00:00,2025-05-03 07:00:00+00:00,234.135625,-1,27,True,Asia    (00-07),Saturday,0
2025-05-03 07:15:00+00:00,2025-05-03 08:15:00+00:00,38.4403125,1,5,True,London  (07-12),Saturday,7
2025-05-03 08:30:00+00:00,2025-05-03 11:00:00+00:00,189.9325,-1,11,True,London  (07-12),Saturday,8
2025-05-03 11:15:00+00:00,2025-05-03 15:15:00+00:00,225.7215625,1,17,True,London  (07-12),Saturday,11
2025-05-03 15:30:00+00:00,2025-05-03 19:00:00+00:00,95.245,-1,15,True,Overlap (12-16),Saturday,15
2025-05-03 19:15:00+00:00,2025-05-03 21:00:00+00:00,23.741093749999997,1,8,True,NY      (16-22),Saturday,19
2025-05-03 21:15:00+00:00,2025-05-03 22:45:00+00:00,41.006718750000005,-1,7,True,NY      (16-22),Saturday,21
2025-05-03 23:00:00+00:00,2025-05-03 23:00:00+00:00,-30.055781250000003,1,1,False,Off     (22-00),Saturday,23
2025-05-03 23:15:00+00:00,2025-05-04 01:30:00+00:00,209.78796875,-1,10,True,Off     (22-00),Saturday,23
2025-05-04 01:45:00+00:00,2025-05-04 02:00:00+00:00,258.58875,1,2,True,Asia    (00-07),Sunday,1
2025-05-04 02:15:00+00:00,2025-05-04 04:45:00+00:00,241.073125,-1,11,True,Asia    (00-07),Sunday,2
2025-05-04 05:00:00+00:00,2025-05-04 07:00:00+00:00,144.3621875,1,9,True,Asia    (00-07),Sunday,5
2025-05-04 07:15:00+00:00,2025-05-04 07:30:00+00:00,90.479375,-1,2,True,London  (07-12),Sunday,7
2025-05-04 07:45:00+00:00,2025-05-04 08:00:00+00:00,10.494999999999997,1,2,True,London  (07-12),Sunday,7
2025-05-04 08:15:00+00:00,2025-05-04 10:45:00+00:00,226.90515625,-1,11,True,London  (07-12),Sunday,8
2025-05-04 11:00:00+00:00,2025-05-04 15:15:00+00:00,84.15515625,1,18,True,London  (07-12),Sunday,11
2025-05-04 15:30:00+00:00,2025-05-04 16:30:00+00:00,118.97546875,-1,5,True,Overlap (12-16),Sunday,15
2025-05-04 16:45:00+00:00,2025-05-04 21:00:00+00:00,134.7059375,1,18,True,NY      (16-22),Sunday,16
2025-05-04 21:15:00+00:00,2025-05-05 00:00:00+00:00,578.23328125,-1,12,True,NY      (16-22),Sunday,21
2025-05-05 00:15:00+00:00,2025-05-05 00:30:00+00:00,96.02177367975699,1,2,True,Asia    (00-07),Monday,0
2025-05-05 00:45:00+00:00,2025-05-05 02:00:00+00:00,243.45516284795832,-1,6,True,Asia    (00-07),Monday,0
2025-05-05 02:15:00+00:00,2025-05-05 02:15:00+00:00,72.2584331537819,1,1,True,Asia    (00-07),Monday,2
2025-05-05 02:30:00+00:00,2025-05-05 04:00:00+00:00,39.92245659875354,-1,7,True,Asia    (00-07),Monday,2
2025-05-05 04:15:00+00:00,2025-05-05 06:45:00+00:00,291.291875,1,11,True,Asia    (00-07),Monday,4
2025-05-05 07:00:00+00:00,2025-05-05 07:15:00+00:00,83.198125,-1,2,True,London  (07-12),Monday,7
2025-05-05 07:30:00+00:00,2025-05-05 07:30:00+00:00,52.67078125,1,1,True,London  (07-12),Monday,7
2025-05-05 07:45:00+00:00,2025-05-05 11:45:00+00:00,316.06921875,-1,17,True,London  (07-12),Monday,7
2025-05-05 12:00:00+00:00,2025-05-05 13:00:00+00:00,66.02625,1,5,True,Overlap (12-16),Monday,12
2025-05-05 13:15:00+00:00,2025-05-05 13:30:00+00:00,141.50671875,-1,2,True,Overlap (12-16),Monday,13
2025-05-05 13:45:00+00:00,2025-05-05 14:00:00+00:00,45.99026495611035,1,2,True,Overlap (12-16),Monday,13
2025-05-05 14:15:00+00:00,2025-05-05 16:00:00+00:00,4.1271986426502565,-1,8,True,Overlap (12-16),Monday,14
2025-05-05 16:15:00+00:00,2025-05-05 19:00:00+00:00,369.3153770960563,1,12,True,NY      (16-22),Monday,16
2025-05-05 19:15:00+00:00,2025-05-05 20:00:00+00:00,267.010625,-1,4,True,NY      (16-22),Monday,19
2025-05-05 20:15:00+00:00,2025-05-05 23:00:00+00:00,365.17078125,1,12,True,NY      (16-22),Monday,20
2025-05-05 23:15:00+00:00,2025-05-06 01:45:00+00:00,329.4090625,-1,11,True,Off     (22-00),Monday,23
2025-05-06 02:00:00+00:00,2025-05-06 05:00:00+00:00,74.1590625,1,13,True,Asia    (00-07),Tuesday,2
2025-05-06 05:15:00+00:00,2025-05-06 08:00:00+00:00,128.55359375,-1,12,True,Asia    (00-07),Tuesday,5
2025-05-06 08:15:00+00:00,2025-05-06 08:45:00+00:00,71.16296875,1,3,True,London  (07-12),Tuesday,8
2025-05-06 09:00:00+00:00,2025-05-06 11:45:00+00:00,266.7996875,-1,12,True,London  (07-12),Tuesday,9
2025-05-06 12:00:00+00:00,2025-05-06 13:30:00+00:00,55.190312500000005,1,7,True,Overlap (12-16),Tuesday,12
2025-05-06 13:45:00+00:00,2025-05-06 14:00:00+00:00,-61.723749999999995,-1,2,False,Overlap (12-16),Tuesday,13
2025-05-06 14:15:00+00:00,2025-05-06 16:00:00+00:00,327.32405030374764,1,8,True,Overlap (12-16),Tuesday,14
2025-05-06 16:15:00+00:00,2025-05-06 16:45:00+00:00,204.4148726519336,-1,3,True,NY      (16-22),Tuesday,16
2025-05-06 17:00:00+00:00,2025-05-06 19:00:00+00:00,350.61355556181644,1,9,True,NY      (16-22),Tuesday,17
2025-05-06 19:15:00+00:00,2025-05-06 20:30:00+00:00,151.79578125,-1,6,True,NY      (16-22),Tuesday,19
2025-05-06 20:45:00+00:00,2025-05-07 00:15:00+00:00,1136.8029741329485,1,15,True,NY      (16-22),Tuesday,20
2025-05-07 00:30:00+00:00,2025-05-07 03:15:00+00:00,341.0649545260815,-1,12,True,Asia    (00-07),Wednesday,0
2025-05-07 03:30:00+00:00,2025-05-07 11:00:00+00:00,277.1677686296012,1,31,True,Asia    (00-07),Wednesday,3
2025-05-07 11:15:00+00:00,2025-05-07 13:15:00+00:00,144.7996875,-1,9,True,London  (07-12),Wednesday,11
2025-05-07 13:30:00+00:00,2025-05-07 14:00:00+00:00,217.4403125,1,3,True,Overlap (12-16),Wednesday,13
2025-05-07 14:15:00+00:00,2025-05-07 18:00:00+00:00,460.5049179546148,-1,16,True,Overlap (12-16),Wednesday,14
2025-05-07 18:15:00+00:00,2025-05-07 19:00:00+00:00,62.35393016005264,1,4,True,NY      (16-22),Wednesday,18
2025-05-07 19:15:00+00:00,2025-05-07 20:00:00+00:00,1.3953294307519144,-1,4,True,NY      (16-22),Wednesday,19
2025-05-07 20:15:00+00:00,2025-05-07 23:00:00+00:00,308.33148004227144,1,12,True,NY      (16-22),Wednesday,20
2025-05-07 23:15:00+00:00,2025-05-08 00:00:00+00:00,114.43640625,-1,4,True,Off     (22-00),Wednesday,23
2025-05-08 00:15:00+00:00,2025-05-08 03:45:00+00:00,908.2403337480249,1,15,True,Asia    (00-07),Thursday,0
2025-05-08 04:00:00+00:00,2025-05-08 06:15:00+00:00,148.2899167765963,-1,10,True,Asia    (00-07),Thursday,4
2025-05-08 06:30:00+00:00,2025-05-08 10:15:00+00:00,476.48328125,1,16,True,Asia    (00-07),Thursday,6
2025-05-08 10:30:00+00:00,2025-05-08 12:30:00+00:00,247.63171875,-1,9,True,London  (07-12),Thursday,10
2025-05-08 12:45:00+00:00,2025-05-09 00:15:00+00:00,1295.4385436820323,1,47,True,Overlap (12-16),Thursday,12
2025-05-09 00:30:00+00:00,2025-05-09 03:30:00+00:00,201.79974644957633,-1,13,True,Asia    (00-07),Friday,0
2025-05-09 03:45:00+00:00,2025-05-09 08:00:00+00:00,568.6798166934261,1,18,True,Asia    (00-07),Friday,3
2025-05-09 08:15:00+00:00,2025-05-09 10:00:00+00:00,170.8043397750964,-1,8,True,London  (07-12),Friday,8
2025-05-09 10:15:00+00:00,2025-05-09 11:00:00+00:00,40.03671972703444,1,4,True,London  (07-12),Friday,10
2025-05-09 11:15:00+00:00,2025-05-09 13:00:00+00:00,-7.829735312822635,-1,8,False,London  (07-12),Friday,11
2025-05-09 13:15:00+00:00,2025-05-09 14:00:00+00:00,140.75629732067912,1,4,True,Overlap (12-16),Friday,13
2025-05-09 14:15:00+00:00,2025-05-09 17:00:00+00:00,238.28449500717107,-1,12,True,Overlap (12-16),Friday,14
2025-05-09 17:15:00+00:00,2025-05-09 20:00:00+00:00,184.8037906803651,1,12,True,NY      (16-22),Friday,17
2025-05-09 20:15:00+00:00,2025-05-09 21:15:00+00:00,179.4246875,-1,5,True,NY      (16-22),Friday,20
2025-05-09 21:30:00+00:00,2025-05-09 22:00:00+00:00,32.905156250000005,1,3,True,NY      (16-22),Friday,21
2025-05-09 22:15:00+00:00,2025-05-09 23:00:00+00:00,59.440312500000005,-1,4,True,Off     (22-00),Friday,22
2025-05-09 23:15:00+00:00,2025-05-10 07:15:00+00:00,415.19421875,1,33,True,Off     (22-00),Friday,23
2025-05-10 07:30:00+00:00,2025-05-10 09:00:00+00:00,114.5184375,-1,7,True,London  (07-12),Saturday,7
2025-05-10 09:15:00+00:00,2025-05-10 10:00:00+00:00,154.53966118377159,1,4,True,London  (07-12),Saturday,9
2025-05-10 10:15:00+00:00,2025-05-10 16:00:00+00:00,267.4871875,-1,24,True,London  (07-12),Saturday,10
2025-05-10 16:15:00+00:00,2025-05-10 17:00:00+00:00,53.901250000000005,1,4,True,NY      (16-22),Saturday,16
2025-05-10 17:15:00+00:00,2025-05-10 17:45:00+00:00,92.05359375,-1,3,True,NY      (16-22),Saturday,17
2025-05-10 18:00:00+00:00,2025-05-10 22:15:00+00:00,206.70984375,1,18,True,NY      (16-22),Saturday,18
2025-05-10 22:30:00+00:00,2025-05-10 23:00:00+00:00,-199.34484375,-1,3,False,Off     (22-00),Saturday,22
2025-05-10 23:15:00+00:00,2025-05-11 00:00:00+00:00,306.2750394772696,1,4,True,Off     (22-00),Saturday,23
2025-05-11 00:15:00+00:00,2025-05-11 06:00:00+00:00,315.1782606207768,-1,24,True,Asia    (00-07),Sunday,0
2025-05-11 06:15:00+00:00,2025-05-11 12:00:00+00:00,501.4246875,1,24,True,Asia    (00-07),Sunday,6
2025-05-11 12:15:00+00:00,2025-05-11 13:45:00+00:00,426.78796875,-1,7,True,Overlap (12-16),Sunday,12
2025-05-11 14:00:00+00:00,2025-05-11 15:00:00+00:00,240.92268234015336,1,5,True,Overlap (12-16),Sunday,14
2025-05-11 15:15:00+00:00,2025-05-11 15:45:00+00:00,140.8712655511465,-1,3,True,Overlap (12-16),Sunday,15
2025-05-11 16:00:00+00:00,2025-05-11 20:00:00+00:00,79.1252447709852,1,17,True,NY      (16-22),Sunday,16
2025-05-11 20:15:00+00:00,2025-05-11 21:00:00+00:00,169.18640625,-1,4,True,NY      (16-22),Sunday,20
2025-05-11 21:15:00+00:00,2025-05-11 22:00:00+00:00,30.635625000000005,1,4,True,NY      (16-22),Sunday,21
2025-05-11 22:15:00+00:00,2025-05-12 03:15:00+00:00,63.51658449047204,-1,21,True,Off     (22-00),Sunday,22
2025-05-12 03:30:00+00:00,2025-05-12 07:15:00+00:00,720.6358655036755,1,16,True,Asia    (00-07),Monday,3
2025-05-12 07:30:00+00:00,2025-05-12 07:45:00+00:00,329.08001066642606,-1,2,True,London  (07-12),Monday,7
2025-05-12 08:00:00+00:00,2025-05-12 09:00:00+00:00,-27.138328655070055,1,5,False,London  (07-12),Monday,8
2025-05-12 09:15:00+00:00,2025-05-12 13:15:00+00:00,123.22147364297874,-1,17,True,London  (07-12),Monday,9
2025-05-12 13:30:00+00:00,2025-05-12 14:00:00+00:00,-89.90500169755212,1,3,False,Overlap (12-16),Monday,13
2025-05-12 14:15:00+00:00,2025-05-12 18:30:00+00:00,847.8892470315766,-1,18,True,Overlap (12-16),Monday,14
2025-05-12 18:45:00+00:00,2025-05-12 23:15:00+00:00,618.0496229695391,1,19,True,NY      (16-22),Monday,18
2025-05-12 23:30:00+00:00,2025-05-13 01:30:00+00:00,409.12657669679334,-1,9,True,Off     (22-00),Monday,23
2025-05-13 01:45:00+00:00,2025-05-13 02:15:00+00:00,-0.5174016562847754,1,3,False,Asia    (00-07),Tuesday,1
2025-05-13 02:30:00+00:00,2025-05-13 04:00:00+00:00,137.42414096609716,-1,7,True,Asia    (00-07),Tuesday,2
2025-05-13 04:15:00+00:00,2025-05-13 13:00:00+00:00,710.7779755214711,1,36,True,Asia    (00-07),Tuesday,4
2025-05-13 13:15:00+00:00,2025-05-13 15:30:00+00:00,-19.217349300107124,-1,10,False,Overlap (12-16),Tuesday,13
2025-05-13 15:45:00+00:00,2025-05-13 20:00:00+00:00,333.4388628276557,1,18,True,Overlap (12-16),Tuesday,15
2025-05-13 20:15:00+00:00,2025-05-13 23:15:00+00:00,258.53175195859296,-1,13,True,NY      (16-22),Tuesday,20
2025-05-13 23:30:00+00:00,2025-05-14 00:45:00+00:00,-47.079218749999995,1,6,False,Off     (22-00),Tuesday,23
2025-05-14 01:00:00+00:00,2025-05-14 02:15:00+00:00,144.95984375,-1,6,True,Asia    (00-07),Wednesday,1
2025-05-14 02:30:00+00:00,2025-05-14 06:00:00+00:00,108.83484375,1,15,True,Asia    (00-07),Wednesday,2
2025-05-14 06:15:00+00:00,2025-05-14 07:00:00+00:00,93.83484375,-1,4,True,Asia    (00-07),Wednesday,6
2025-05-14 07:15:00+00:00,2025-05-14 08:15:00+00:00,-8.004999999999995,1,5,False,London  (07-12),Wednesday,7
2025-05-14 08:30:00+00:00,2025-05-14 08:45:00+00:00,207.5340625,-1,2,True,London  (07-12),Wednesday,8
2025-05-14 09:00:00+00:00,2025-05-14 12:30:00+00:00,482.39606275392526,1,15,True,London  (07-12),Wednesday,9
2025-05-14 12:45:00+00:00,2025-05-14 13:30:00+00:00,228.72546875,-1,4,True,Overlap (12-16),Wednesday,12
2025-05-14 13:45:00+00:00,2025-05-14 13:45:00+00:00,114.1590625,1,1,True,Overlap (12-16),Wednesday,13
2025-05-14 14:00:00+00:00,2025-05-14 15:00:00+00:00,301.5375772779053,-1,5,True,Overlap (12-16),Wednesday,14
2025-05-14 15:15:00+00:00,2025-05-14 16:00:00+00:00,105.35244705566188,1,4,True,Overlap (12-16),Wednesday,15
2025-05-14 16:15:00+00:00,2025-05-14 18:00:00+00:00,159.9272269464114,-1,8,True,NY      (16-22),Wednesday,16
2025-05-14 18:15:00+00:00,2025-05-14 19:00:00+00:00,170.39199066478756,1,4,True,NY      (16-22),Wednesday,18
2025-05-14 19:15:00+00:00,2025-05-14 20:00:00+00:00,97.53934351939927,-1,4,True,NY      (16-22),Wednesday,19
2025-05-14 20:15:00+00:00,2025-05-15 00:15:00+00:00,209.15125,1,17,True,NY      (16-22),Wednesday,20
2025-05-15 00:30:00+00:00,2025-05-15 02:15:00+00:00,364.38171875,-1,8,True,Asia    (00-07),Thursday,0
2025-05-15 02:30:00+00:00,2025-05-15 05:00:00+00:00,-207.239375,1,11,False,Asia    (00-07),Thursday,2
2025-05-15 05:15:00+00:00,2025-05-15 08:00:00+00:00,309.43640625,-1,12,True,Asia    (00-07),Thursday,5
2025-05-15 08:15:00+00:00,2025-05-15 09:00:00+00:00,0.6864062500000045,1,4,True,London  (07-12),Thursday,8
2025-05-15 09:15:00+00:00,2025-05-15 09:15:00+00:00,0.27624999999999744,-1,1,True,London  (07-12),Thursday,9
2025-05-15 09:30:00+00:00,2025-05-15 10:15:00+00:00,-51.585043105656354,1,4,False,London  (07-12),Thursday,9
2025-05-15 10:30:00+00:00,2025-05-15 11:00:00+00:00,-99.73267912051367,-1,3,False,London  (07-12),Thursday,10
2025-05-15 11:15:00+00:00,2025-05-15 13:00:00+00:00,316.039366281796,1,8,True,London  (07-12),Thursday,11
2025-05-15 13:15:00+00:00,2025-05-15 14:00:00+00:00,266.3649619405829,-1,4,True,Overlap (12-16),Thursday,13
2025-05-15 14:15:00+00:00,2025-05-15 17:15:00+00:00,521.7112774553243,1,13,True,Overlap (12-16),Thursday,14
2025-05-15 17:30:00+00:00,2025-05-15 19:15:00+00:00,397.4630826412417,-1,8,True,NY      (16-22),Thursday,17
2025-05-15 19:30:00+00:00,2025-05-16 00:00:00+00:00,372.10596002792727,1,19,True,NY      (16-22),Thursday,19
2025-05-16 00:15:00+00:00,2025-05-16 01:00:00+00:00,115.91884876217611,-1,4,True,Asia    (00-07),Friday,0
2025-05-16 01:15:00+00:00,2025-05-16 03:15:00+00:00,270.75589795277324,1,9,True,Asia    (00-07),Friday,1
2025-05-16 03:30:00+00:00,2025-05-16 09:00:00+00:00,294.9070280505519,-1,23,True,Asia    (00-07),Friday,3
2025-05-16 09:15:00+00:00,2025-05-16 10:45:00+00:00,72.71765625,1,7,True,London  (07-12),Friday,9
2025-05-16 11:00:00+00:00,2025-05-16 12:00:00+00:00,23.276250000000005,-1,5,True,London  (07-12),Friday,11
2025-05-16 12:15:00+00:00,2025-05-16 14:00:00+00:00,-68.16125,1,8,False,Overlap (12-16),Friday,12
2025-05-16 14:15:00+00:00,2025-05-16 14:30:00+00:00,112.46669495655237,-1,2,True,Overlap (12-16),Friday,14
2025-05-16 14:45:00+00:00,2025-05-16 17:00:00+00:00,332.80379696992577,1,10,True,Overlap (12-16),Friday,14
2025-05-16 17:15:00+00:00,2025-05-16 19:00:00+00:00,155.64450668071495,-1,8,True,NY      (16-22),Friday,17
2025-05-16 19:15:00+00:00,2025-05-16 20:00:00+00:00,77.7996875,1,4,True,NY      (16-22),Friday,19
2025-05-16 20:15:00+00:00,2025-05-17 00:30:00+00:00,345.823125,-1,18,True,NY      (16-22),Friday,20
2025-05-17 00:45:00+00:00,2025-05-17 01:30:00+00:00,-130.63390625,1,4,False,Asia    (00-07),Saturday,0
2025-05-17 01:45:00+00:00,2025-05-17 02:00:00+00:00,78.65125,-1,2,True,Asia    (00-07),Saturday,1
2025-05-17 02:15:00+00:00,2025-05-17 04:45:00+00:00,426.7821312979788,1,11,True,Asia    (00-07),Saturday,2
2025-05-17 05:00:00+00:00,2025-05-17 08:00:00+00:00,137.8621875,-1,13,True,Asia    (00-07),Saturday,5
2025-05-17 08:15:00+00:00,2025-05-17 08:45:00+00:00,21.869999999999997,1,3,True,London  (07-12),Saturday,8
2025-05-17 09:00:00+00:00,2025-05-17 11:00:00+00:00,314.52625,-1,9,True,London  (07-12),Saturday,9
2025-05-17 11:15:00+00:00,2025-05-17 13:00:00+00:00,136.5340625,1,8,True,London  (07-12),Saturday,11
2025-05-17 13:15:00+00:00,2025-05-17 14:00:00+00:00,60.194218750000005,-1,4,True,Overlap (12-16),Saturday,13
2025-05-17 14:15:00+00:00,2025-05-17 15:15:00+00:00,70.90125,1,5,True,Overlap (12-16),Saturday,14
2025-05-17 15:30:00+00:00,2025-05-17 16:00:00+00:00,49.56921875,-1,3,True,Overlap (12-16),Saturday,15
2025-05-17 16:15:00+00:00,2025-05-17 18:00:00+00:00,113.51453125,1,8,True,NY      (16-22),Saturday,16
2025-05-17 18:15:00+00:00,2025-05-17 19:00:00+00:00,51.334843750000005,-1,4,True,NY      (16-22),Saturday,18
2025-05-17 19:15:00+00:00,2025-05-17 20:45:00+00:00,127.66296875,1,7,True,NY      (16-22),Saturday,19
2025-05-17 21:00:00+00:00,2025-05-17 22:15:00+00:00,204.04578125,-1,6,True,NY      (16-22),Saturday,21
2025-05-17 22:30:00+00:00,2025-05-17 23:00:00+00:00,97.9403125,1,3,True,Off     (22-00),Saturday,22
2025-05-17 23:15:00+00:00,2025-05-18 00:15:00+00:00,-65.39953125,-1,5,False,Off     (22-00),Saturday,23
2025-05-18 00:30:00+00:00,2025-05-18 06:00:00+00:00,157.5809375,1,23,True,Asia    (00-07),Sunday,0
2025-05-18 06:15:00+00:00,2025-05-18 07:00:00+00:00,23.420781249999997,-1,4,True,Asia    (00-07),Sunday,6
2025-05-18 07:15:00+00:00,2025-05-18 09:00:00+00:00,220.52234375,1,8,True,London  (07-12),Sunday,7
2025-05-18 09:15:00+00:00,2025-05-18 12:00:00+00:00,107.9559375,-1,12,True,London  (07-12),Sunday,9
2025-05-18 12:15:00+00:00,2025-05-18 16:45:00+00:00,962.0252758974163,1,19,True,Overlap (12-16),Sunday,12
2025-05-18 17:00:00+00:00,2025-05-18 19:45:00+00:00,639.7622972651382,-1,12,True,NY      (16-22),Sunday,17
2025-05-18 20:00:00+00:00,2025-05-19 00:00:00+00:00,805.159392140383,1,17,True,NY      (16-22),Sunday,20
2025-05-19 00:15:00+00:00,2025-05-19 04:00:00+00:00,727.4521117679949,-1,16,True,Asia    (00-07),Monday,0
2025-05-19 04:15:00+00:00,2025-05-19 06:00:00+00:00,-179.94463736355453,1,8,False,Asia    (00-07),Monday,4
2025-05-19 06:15:00+00:00,2025-05-19 07:00:00+00:00,140.97035443679613,-1,4,True,Asia    (00-07),Monday,6
2025-05-19 07:15:00+00:00,2025-05-19 20:15:00+00:00,1088.6835792123811,1,53,True,London  (07-12),Monday,7
2025-05-19 20:30:00+00:00,2025-05-19 21:15:00+00:00,262.4661103755139,-1,4,True,NY      (16-22),Monday,20
2025-05-19 21:30:00+00:00,2025-05-19 23:00:00+00:00,273.8244783352963,1,7,True,NY      (16-22),Monday,21
2025-05-19 23:15:00+00:00,2025-05-20 00:30:00+00:00,-130.90786080992928,-1,6,False,Off     (22-00),Monday,23
2025-05-20 00:45:00+00:00,2025-05-20 02:00:00+00:00,239.76964040316915,1,6,True,Asia    (00-07),Tuesday,0
2025-05-20 02:15:00+00:00,2025-05-20 02:45:00+00:00,164.47076063359566,-1,3,True,Asia    (00-07),Tuesday,2
2025-05-20 03:00:00+00:00,2025-05-20 03:15:00+00:00,-11.49630302722025,1,2,False,Asia    (00-07),Tuesday,3
2025-05-20 03:30:00+00:00,2025-05-20 04:00:00+00:00,147.9352617706191,-1,3,True,Asia    (00-07),Tuesday,3
2025-05-20 04:15:00+00:00,2025-05-20 05:00:00+00:00,276.7719532183778,1,4,True,Asia    (00-07),Tuesday,4
2025-05-20 05:15:00+00:00,2025-05-20 08:15:00+00:00,641.6673783704837,-1,13,True,Asia    (00-07),Tuesday,5
2025-05-20 08:30:00+00:00,2025-05-20 12:00:00+00:00,38.79410689216974,1,15,True,London  (07-12),Tuesday,8
2025-05-20 12:15:00+00:00,2025-05-20 15:00:00+00:00,106.62934957084876,-1,12,True,Overlap (12-16),Tuesday,12
2025-05-20 15:15:00+00:00,2025-05-20 18:00:00+00:00,520.6042543077162,1,12,True,Overlap (12-16),Tuesday,15
2025-05-20 18:15:00+00:00,2025-05-20 18:45:00+00:00,348.69900883291893,-1,3,True,NY      (16-22),Tuesday,18
2025-05-20 19:00:00+00:00,2025-05-20 23:00:00+00:00,510.5135822463723,1,17,True,NY      (16-22),Tuesday,19
2025-05-20 23:15:00+00:00,2025-05-21 00:15:00+00:00,83.68576952515997,-1,5,True,Off     (22-00),Tuesday,23
2025-05-21 00:30:00+00:00,2025-05-21 01:00:00+00:00,93.95067898253586,1,3,True,Asia    (00-07),Wednesday,0
2025-05-21 01:15:00+00:00,2025-05-21 01:45:00+00:00,137.19840908340873,-1,3,True,Asia    (00-07),Wednesday,1
2025-05-21 02:00:00+00:00,2025-05-21 03:15:00+00:00,191.614404217399,1,6,True,Asia    (00-07),Wednesday,2
2025-05-21 03:30:00+00:00,2025-05-21 10:15:00+00:00,200.0982143276865,-1,28,True,Asia    (00-07),Wednesday,3
2025-05-21 10:30:00+00:00,2025-05-21 17:00:00+00:00,1075.9502539442117,1,27,True,London  (07-12),Wednesday,10
2025-05-21 17:15:00+00:00,2025-05-21 18:00:00+00:00,381.22754133143036,-1,4,True,NY      (16-22),Wednesday,17
2025-05-21 18:15:00+00:00,2025-05-22 04:15:00+00:00,1083.5449549185685,1,41,True,NY      (16-22),Wednesday,18
2025-05-22 04:30:00+00:00,2025-05-22 07:00:00+00:00,194.46079888743907,-1,11,True,Asia    (00-07),Thursday,4
2025-05-22 07:15:00+00:00,2025-05-22 08:00:00+00:00,55.95716818463597,1,4,True,London  (07-12),Thursday,7
2025-05-22 08:15:00+00:00,2025-05-22 11:15:00+00:00,195.62200759670105,-1,13,True,London  (07-12),Thursday,8
2025-05-22 11:30:00+00:00,2025-05-22 13:00:00+00:00,319.2335504815993,1,7,True,London  (07-12),Thursday,11
2025-05-22 13:15:00+00:00,2025-05-22 14:00:00+00:00,152.60889863473298,-1,4,True,Overlap (12-16),Thursday,13
2025-05-22 14:15:00+00:00,2025-05-22 16:00:00+00:00,208.04189779575114,1,8,True,Overlap (12-16),Thursday,14
2025-05-22 16:15:00+00:00,2025-05-22 18:00:00+00:00,14.66222521659676,-1,8,True,NY      (16-22),Thursday,16
2025-05-22 18:15:00+00:00,2025-05-22 19:00:00+00:00,101.14961482726122,1,4,True,NY      (16-22),Thursday,18
2025-05-22 19:15:00+00:00,2025-05-22 20:15:00+00:00,253.81636709360419,-1,5,True,NY      (16-22),Thursday,19
2025-05-22 20:30:00+00:00,2025-05-23 00:15:00+00:00,196.70759103404626,1,16,True,NY      (16-22),Thursday,20
2025-05-23 00:30:00+00:00,2025-05-23 03:15:00+00:00,201.32521528735523,-1,12,True,Asia    (00-07),Friday,0
2025-05-23 03:30:00+00:00,2025-05-23 04:00:00+00:00,-22.040156250000003,1,3,False,Asia    (00-07),Friday,3
2025-05-23 04:15:00+00:00,2025-05-23 05:30:00+00:00,105.86609375,-1,6,True,Asia    (00-07),Friday,4
2025-05-23 05:45:00+00:00,2025-05-23 06:00:00+00:00,-149.36046875,1,2,False,Asia    (00-07),Friday,5
2025-05-23 06:15:00+00:00,2025-05-23 13:00:00+00:00,749.1156798578293,-1,28,True,Asia    (00-07),Friday,6
2025-05-23 13:15:00+00:00,2025-05-23 14:00:00+00:00,293.95404163945943,1,4,True,Overlap (12-16),Friday,13
2025-05-23 14:15:00+00:00,2025-05-24 00:15:00+00:00,890.9850641167504,-1,41,True,Overlap (12-16),Friday,14
2025-05-24 00:30:00+00:00,2025-05-24 05:00:00+00:00,397.0652768417922,1,19,True,Asia    (00-07),Saturday,0
2025-05-24 05:15:00+00:00,2025-05-24 07:45:00+00:00,366.6434375,-1,11,True,Asia    (00-07),Saturday,5
2025-05-24 08:00:00+00:00,2025-05-24 11:00:00+00:00,831.7235909614768,1,13,True,London  (07-12),Saturday,8
2025-05-24 11:15:00+00:00,2025-05-24 11:45:00+00:00,34.97014604603271,-1,3,True,London  (07-12),Saturday,11
2025-05-24 12:00:00+00:00,2025-05-24 15:00:00+00:00,-12.202066263841203,1,13,False,Overlap (12-16),Saturday,12
2025-05-24 15:15:00+00:00,2025-05-24 16:00:00+00:00,192.04724026531613,-1,4,True,Overlap (12-16),Saturday,15
2025-05-24 16:15:00+00:00,2025-05-24 17:00:00+00:00,175.17078125,1,4,True,NY      (16-22),Saturday,16
2025-05-24 17:15:00+00:00,2025-05-24 19:15:00+00:00,113.83484375,-1,9,True,NY      (16-22),Saturday,17
2025-05-24 19:30:00+00:00,2025-05-24 20:00:00+00:00,48.245,1,3,True,NY      (16-22),Saturday,19
2025-05-24 20:15:00+00:00,2025-05-24 23:30:00+00:00,598.9020074074558,-1,14,True,NY      (16-22),Saturday,20
2025-05-24 23:45:00+00:00,2025-05-25 00:00:00+00:00,67.78234772549422,1,2,True,Off     (22-00),Saturday,23
2025-05-25 00:15:00+00:00,2025-05-25 00:45:00+00:00,156.19558186148558,-1,3,True,Asia    (00-07),Sunday,0
2025-05-25 01:00:00+00:00,2025-05-25 05:45:00+00:00,206.34678799702232,1,20,True,Asia    (00-07),Sunday,1
2025-05-25 06:00:00+00:00,2025-05-25 09:30:00+00:00,590.4054766283891,-1,15,True,Asia    (00-07),Sunday,6
2025-05-25 09:45:00+00:00,2025-05-25 10:00:00+00:00,134.82402592133457,1,2,True,London  (07-12),Sunday,9
2025-05-25 10:15:00+00:00,2025-05-25 11:00:00+00:00,49.85675195988677,-1,4,True,London  (07-12),Sunday,10
2025-05-25 11:15:00+00:00,2025-05-25 13:15:00+00:00,217.49354398167935,1,9,True,London  (07-12),Sunday,11
2025-05-25 13:30:00+00:00,2025-05-25 16:00:00+00:00,306.69470029787095,-1,11,True,Overlap (12-16),Sunday,13
2025-05-25 16:15:00+00:00,2025-05-25 23:30:00+00:00,849.4932111139759,1,30,True,NY      (16-22),Sunday,16
2025-05-25 23:45:00+00:00,2025-05-26 00:00:00+00:00,-22.99579325806705,-1,2,False,Off     (22-00),Sunday,23
2025-05-26 00:15:00+00:00,2025-05-26 08:00:00+00:00,349.24736792092403,1,32,True,Asia    (00-07),Monday,0
2025-05-26 08:15:00+00:00,2025-05-26 12:15:00+00:00,65.760625,-1,17,True,London  (07-12),Monday,8
2025-05-26 12:30:00+00:00,2025-05-26 13:15:00+00:00,43.60046875,1,4,True,Overlap (12-16),Monday,12
2025-05-26 13:30:00+00:00,2025-05-26 14:00:00+00:00,60.971562500000005,-1,3,True,Overlap (12-16),Monday,13
2025-05-26 14:15:00+00:00,2025-05-26 16:00:00+00:00,171.68578860356865,1,8,True,Overlap (12-16),Monday,14
2025-05-26 16:15:00+00:00,2025-05-26 19:00:00+00:00,391.6026691809785,-1,12,True,NY      (16-22),Monday,16
2025-05-26 19:15:00+00:00,2025-05-26 22:00:00+00:00,296.38899483602444,1,12,True,NY      (16-22),Monday,19
2025-05-26 22:15:00+00:00,2025-05-26 23:00:00+00:00,154.4094645922758,-1,4,True,Off     (22-00),Monday,22
2025-05-26 23:15:00+00:00,2025-05-27 00:00:00+00:00,74.44630326610508,1,4,True,Off     (22-00),Monday,23
2025-05-27 00:15:00+00:00,2025-05-27 04:30:00+00:00,266.6859679673362,-1,18,True,Asia    (00-07),Tuesday,0
2025-05-27 04:45:00+00:00,2025-05-27 12:00:00+00:00,272.5879530977679,1,30,True,Asia    (00-07),Tuesday,4
2025-05-27 12:15:00+00:00,2025-05-27 13:45:00+00:00,-121.28783449915267,-1,7,False,Overlap (12-16),Tuesday,12
2025-05-27 14:00:00+00:00,2025-05-27 14:00:00+00:00,108.55513968855244,1,1,True,Overlap (12-16),Tuesday,14
2025-05-27 14:15:00+00:00,2025-05-27 15:00:00+00:00,202.17202896254489,-1,4,True,Overlap (12-16),Tuesday,14
2025-05-27 15:15:00+00:00,2025-05-27 16:30:00+00:00,231.3840041923539,1,6,True,Overlap (12-16),Tuesday,15
2025-05-27 16:45:00+00:00,2025-05-27 22:00:00+00:00,716.5209321598923,-1,22,True,NY      (16-22),Tuesday,16
2025-05-27 22:15:00+00:00,2025-05-28 01:00:00+00:00,46.421851614064494,1,12,True,Off     (22-00),Tuesday,22
2025-05-28 01:15:00+00:00,2025-05-28 08:00:00+00:00,107.09716457036399,-1,28,True,Asia    (00-07),Wednesday,1
2025-05-28 08:15:00+00:00,2025-05-28 09:00:00+00:00,2.5223437500000045,1,4,True,London  (07-12),Wednesday,8
2025-05-28 09:15:00+00:00,2025-05-28 09:15:00+00:00,73.96765625,-1,1,True,London  (07-12),Wednesday,9
2025-05-28 09:30:00+00:00,2025-05-28 09:45:00+00:00,82.15515625,1,2,True,London  (07-12),Wednesday,9
2025-05-28 10:00:00+00:00,2025-05-28 10:00:00+00:00,98.38953125,-1,1,True,London  (07-12),Wednesday,10
2025-05-28 10:15:00+00:00,2025-05-28 11:00:00+00:00,128.8075,1,4,True,London  (07-12),Wednesday,10
2025-05-28 11:15:00+00:00,2025-05-28 11:15:00+00:00,30.119999999999997,-1,1,True,London  (07-12),Wednesday,11
2025-05-28 11:30:00+00:00,2025-05-28 12:00:00+00:00,45.88171875,1,3,True,London  (07-12),Wednesday,11
2025-05-28 12:15:00+00:00,2025-05-28 15:00:00+00:00,829.7228543376708,-1,12,True,Overlap (12-16),Wednesday,12
2025-05-28 15:15:00+00:00,2025-05-28 18:30:00+00:00,217.29654229392037,1,14,True,Overlap (12-16),Wednesday,15
2025-05-28 18:45:00+00:00,2025-05-28 20:00:00+00:00,302.93132981739654,-1,6,True,NY      (16-22),Wednesday,18
2025-05-28 20:15:00+00:00,2025-05-29 02:45:00+00:00,638.9140995202496,1,27,True,NY      (16-22),Wednesday,20
2025-05-29 03:00:00+00:00,2025-05-29 03:30:00+00:00,155.09360279945517,-1,3,True,Asia    (00-07),Thursday,3
2025-05-29 03:45:00+00:00,2025-05-29 04:00:00+00:00,-72.28047950148876,1,2,False,Asia    (00-07),Thursday,3
2025-05-29 04:15:00+00:00,2025-05-29 05:00:00+00:00,157.39241293168607,-1,4,True,Asia    (00-07),Thursday,4
2025-05-29 05:15:00+00:00,2025-05-29 05:30:00+00:00,55.49372092150959,1,2,True,Asia    (00-07),Thursday,5
2025-05-29 05:45:00+00:00,2025-05-29 08:00:00+00:00,-121.2471875,-1,10,False,Asia    (00-07),Thursday,5
2025-05-29 08:15:00+00:00,2025-05-29 11:00:00+00:00,458.4715625,1,12,True,London  (07-12),Thursday,8
2025-05-29 11:15:00+00:00,2025-05-29 11:30:00+00:00,61.229375,-1,2,True,London  (07-12),Thursday,11
2025-05-29 11:45:00+00:00,2025-05-29 12:00:00+00:00,-62.96203125,1,2,False,London  (07-12),Thursday,11
2025-05-29 12:15:00+00:00,2025-05-29 13:30:00+00:00,507.995,-1,6,True,Overlap (12-16),Thursday,12
2025-05-29 13:45:00+00:00,2025-05-29 15:00:00+00:00,-93.51626487519182,1,6,False,Overlap (12-16),Thursday,13
2025-05-29 15:15:00+00:00,2025-05-29 19:00:00+00:00,562.2357222499567,-1,16,True,Overlap (12-16),Thursday,15
2025-05-29 19:15:00+00:00,2025-05-29 22:00:00+00:00,193.10282642431204,1,12,True,NY      (16-22),Thursday,19
2025-05-29 22:15:00+00:00,2025-05-30 00:45:00+00:00,572.1711605722066,-1,11,True,Off     (22-00),Thursday,22
2025-05-30 01:00:00+00:00,2025-05-30 05:15:00+00:00,456.5579662967874,1,18,True,Asia    (00-07),Friday,1
2025-05-30 05:30:00+00:00,2025-05-30 08:00:00+00:00,587.1825,-1,11,True,Asia    (00-07),Friday,5
2025-05-30 08:15:00+00:00,2025-05-30 13:00:00+00:00,227.70993799758386,1,20,True,London  (07-12),Friday,8
2025-05-30 13:15:00+00:00,2025-05-30 15:45:00+00:00,34.29821284096887,-1,11,True,Overlap (12-16),Friday,13
2025-05-30 16:00:00+00:00,2025-05-30 16:00:00+00:00,-84.82617721248727,1,1,False,NY      (16-22),Friday,16
2025-05-30 16:15:00+00:00,2025-05-30 18:00:00+00:00,316.2616867876686,-1,8,True,NY      (16-22),Friday,16
2025-05-30 18:15:00+00:00,2025-05-30 19:15:00+00:00,161.66178721876977,1,5,True,NY      (16-22),Friday,18
2025-05-30 19:30:00+00:00,2025-05-30 23:15:00+00:00,423.130954995927,-1,16,True,NY      (16-22),Friday,19
2025-05-30 23:30:00+00:00,2025-05-31 00:30:00+00:00,104.37862320157578,1,5,True,Off     (22-00),Friday,23
2025-05-31 00:45:00+00:00,2025-05-31 03:00:00+00:00,297.1567309649126,-1,10,True,Asia    (00-07),Saturday,0
2025-05-31 03:15:00+00:00,2025-05-31 20:45:00+00:00,678.2177663031927,1,71,True,Asia    (00-07),Saturday,3
2025-05-31 21:00:00+00:00,2025-06-01 01:30:00+00:00,269.510625,-1,19,True,NY      (16-22),Saturday,21
2025-06-01 01:45:00+00:00,2025-06-01 05:00:00+00:00,226.495,1,14,True,Asia    (00-07),Sunday,1
2025-06-01 05:15:00+00:00,2025-06-01 10:45:00+00:00,367.52234375,-1,23,True,Asia    (00-07),Sunday,5
2025-06-01 11:00:00+00:00,2025-06-01 11:30:00+00:00,80.12,1,3,True,London  (07-12),Sunday,11
2025-06-01 11:45:00+00:00,2025-06-01 13:15:00+00:00,-49.172968749999995,-1,7,False,London  (07-12),Sunday,11
2025-06-01 13:30:00+00:00,2025-06-02 00:00:00+00:00,680.0715930573319,1,43,True,Overlap (12-16),Sunday,13
2025-06-02 00:15:00+00:00,2025-06-02 01:30:00+00:00,83.9715625,-1,6,True,Asia    (00-07),Monday,0
2025-06-02 01:45:00+00:00,2025-06-02 02:30:00+00:00,-54.254999999999995,1,4,False,Asia    (00-07),Monday,1
2025-06-02 02:45:00+00:00,2025-06-02 05:15:00+00:00,238.40125,-1,11,True,Asia    (00-07),Monday,2
2025-06-02 05:30:00+00:00,2025-06-02 08:00:00+00:00,344.38171875,1,11,True,Asia    (00-07),Monday,5
2025-06-02 08:15:00+00:00,2025-06-02 10:45:00+00:00,549.8793979114355,-1,11,True,London  (07-12),Monday,8
2025-06-02 11:00:00+00:00,2025-06-02 13:00:00+00:00,-107.27990980658114,1,9,False,London  (07-12),Monday,11
2025-06-02 13:15:00+00:00,2025-06-02 14:00:00+00:00,13.942312181353998,-1,4,True,Overlap (12-16),Monday,13
2025-06-02 14:15:00+00:00,2025-06-02 16:00:00+00:00,43.0388914943519,1,8,True,Overlap (12-16),Monday,14
2025-06-02 16:15:00+00:00,2025-06-02 19:00:00+00:00,-7.206251305264274,-1,12,False,NY      (16-22),Monday,16
2025-06-02 19:15:00+00:00,2025-06-02 19:15:00+00:00,53.74582152575256,1,1,True,NY      (16-22),Monday,19
2025-06-02 19:30:00+00:00,2025-06-02 19:30:00+00:00,114.7600797552166,-1,1,True,NY      (16-22),Monday,19
2025-06-02 19:45:00+00:00,2025-06-02 23:45:00+00:00,779.8996510064385,1,17,True,NY      (16-22),Monday,19
2025-06-03 00:00:00+00:00,2025-06-03 03:00:00+00:00,213.2738689440389,-1,13,True,Asia    (00-07),Tuesday,0
2025-06-03 03:15:00+00:00,2025-06-03 04:30:00+00:00,-99.60441086931823,1,6,False,Asia    (00-07),Tuesday,3
2025-06-03 04:45:00+00:00,2025-06-03 08:30:00+00:00,134.995,-1,16,True,Asia    (00-07),Tuesday,4
2025-06-03 08:45:00+00:00,2025-06-03 15:15:00+00:00,847.483211093499,1,27,True,London  (07-12),Tuesday,8
2025-06-03 15:30:00+00:00,2025-06-03 18:00:00+00:00,380.94236101425156,-1,11,True,Overlap (12-16),Tuesday,15
2025-06-03 18:15:00+00:00,2025-06-03 20:00:00+00:00,144.80659191476894,1,8,True,NY      (16-22),Tuesday,18
2025-06-03 20:15:00+00:00,2025-06-04 07:15:00+00:00,344.6756350016758,-1,45,True,NY      (16-22),Tuesday,20
2025-06-04 07:30:00+00:00,2025-06-04 10:00:00+00:00,314.416875,1,11,True,London  (07-12),Wednesday,7
2025-06-04 10:15:00+00:00,2025-06-04 11:45:00+00:00,419.46375,-1,7,True,London  (07-12),Wednesday,10
2025-06-04 12:00:00+00:00,2025-06-04 17:00:00+00:00,122.44744316036653,1,21,True,Overlap (12-16),Wednesday,12
2025-06-04 17:15:00+00:00,2025-06-04 21:00:00+00:00,305.70203125,-1,16,True,NY      (16-22),Wednesday,17
2025-06-04 21:15:00+00:00,2025-06-04 22:00:00+00:00,59.319218750000005,1,4,True,NY      (16-22),Wednesday,21
2025-06-04 22:15:00+00:00,2025-06-05 00:00:00+00:00,59.862187500000005,-1,8,True,Off     (22-00),Wednesday,22
2025-06-05 00:15:00+00:00,2025-06-05 01:00:00+00:00,137.59265625,1,4,True,Asia    (00-07),Thursday,0
2025-06-05 01:15:00+00:00,2025-06-05 03:00:00+00:00,21.838750000000005,-1,8,True,Asia    (00-07),Thursday,1
2025-06-05 03:15:00+00:00,2025-06-05 05:00:00+00:00,15.530156249999997,1,8,True,Asia    (00-07),Thursday,3
2025-06-05 05:15:00+00:00,2025-06-05 08:00:00+00:00,230.20203125,-1,12,True,Asia    (00-07),Thursday,5
2025-06-05 08:15:00+00:00,2025-06-05 10:00:00+00:00,111.89734375,1,8,True,London  (07-12),Thursday,8
2025-06-05 10:15:00+00:00,2025-06-05 10:30:00+00:00,111.229375,-1,2,True,London  (07-12),Thursday,10
2025-06-05 10:45:00+00:00,2025-06-05 13:00:00+00:00,606.03796875,1,10,True,London  (07-12),Thursday,10
2025-06-05 13:15:00+00:00,2025-06-05 14:15:00+00:00,694.9705322405283,-1,5,True,Overlap (12-16),Thursday,13
2025-06-05 14:30:00+00:00,2025-06-05 15:15:00+00:00,176.8301935922877,1,4,True,Overlap (12-16),Thursday,14
2025-06-05 15:30:00+00:00,2025-06-05 18:00:00+00:00,670.7076408069506,-1,11,True,Overlap (12-16),Thursday,15
2025-06-05 18:15:00+00:00,2025-06-05 18:15:00+00:00,178.43813793348963,1,1,True,NY      (16-22),Thursday,18
2025-06-05 18:30:00+00:00,2025-06-05 21:00:00+00:00,782.927962771115,-1,11,True,NY      (16-22),Thursday,18
2025-06-05 21:15:00+00:00,2025-06-05 21:45:00+00:00,215.1576232893445,1,3,True,NY      (16-22),Thursday,21
2025-06-05 22:00:00+00:00,2025-06-06 01:00:00+00:00,-144.5444249294276,-1,13,False,Off     (22-00),Thursday,22
2025-06-06 01:15:00+00:00,2025-06-06 07:15:00+00:00,716.626573034207,1,25,True,Asia    (00-07),Friday,1
2025-06-06 07:30:00+00:00,2025-06-06 07:45:00+00:00,84.4559375,-1,2,True,London  (07-12),Friday,7
2025-06-06 08:00:00+00:00,2025-06-06 12:00:00+00:00,399.3621875,1,17,True,London  (07-12),Friday,8
2025-06-06 12:15:00+00:00,2025-06-06 12:15:00+00:00,49.81921875,-1,1,True,Overlap (12-16),Friday,12
2025-06-06 12:30:00+00:00,2025-06-06 16:00:00+00:00,496.61645767229555,1,15,True,Overlap (12-16),Friday,12
2025-06-06 16:15:00+00:00,2025-06-06 17:30:00+00:00,146.05607967308887,-1,6,True,NY      (16-22),Friday,16
2025-06-06 17:45:00+00:00,2025-06-06 18:00:00+00:00,21.929704272258547,1,2,True,NY      (16-22),Friday,17
2025-06-06 18:15:00+00:00,2025-06-06 20:15:00+00:00,123.79935408187507,-1,9,True,NY      (16-22),Friday,18
2025-06-06 20:30:00+00:00,2025-06-07 05:30:00+00:00,256.573125,1,37,True,NY      (16-22),Friday,20
2025-06-07 05:45:00+00:00,2025-06-07 06:00:00+00:00,11.858281249999997,-1,2,True,Asia    (00-07),Saturday,5
2025-06-07 06:15:00+00:00,2025-06-07 07:30:00+00:00,31.502812500000005,1,6,True,Asia    (00-07),Saturday,6
2025-06-07 07:45:00+00:00,2025-06-07 08:45:00+00:00,81.54578125,-1,5,True,London  (07-12),Saturday,7
2025-06-07 09:00:00+00:00,2025-06-07 11:15:00+00:00,220.08484375,1,10,True,London  (07-12),Saturday,9
2025-06-07 11:30:00+00:00,2025-06-07 12:15:00+00:00,-56.1925,-1,4,False,London  (07-12),Saturday,11
2025-06-07 12:30:00+00:00,2025-06-07 14:00:00+00:00,112.2528125,1,7,True,Overlap (12-16),Saturday,12
2025-06-07 14:15:00+00:00,2025-06-07 14:45:00+00:00,45.94421875,-1,3,True,Overlap (12-16),Saturday,14
2025-06-07 15:00:00+00:00,2025-06-07 16:00:00+00:00,81.30359375,1,5,True,Overlap (12-16),Saturday,15
2025-06-07 16:15:00+00:00,2025-06-07 17:30:00+00:00,50.936406250000005,-1,6,True,NY      (16-22),Saturday,16
2025-06-07 17:45:00+00:00,2025-06-07 21:30:00+00:00,164.6825,1,16,True,NY      (16-22),Saturday,17
2025-06-07 21:45:00+00:00,2025-06-07 22:00:00+00:00,50.22546875,-1,2,True,NY      (16-22),Saturday,21
2025-06-07 22:15:00+00:00,2025-06-08 02:15:00+00:00,-120.63390625,1,17,False,Off     (22-00),Saturday,22
2025-06-08 02:30:00+00:00,2025-06-08 03:00:00+00:00,32.5496875,-1,3,True,Asia    (00-07),Sunday,2
2025-06-08 03:15:00+00:00,2025-06-08 05:00:00+00:00,47.948125,1,8,True,Asia    (00-07),Sunday,3
2025-06-08 05:15:00+00:00,2025-06-08 10:00:00+00:00,254.88953125,-1,20,True,Asia    (00-07),Sunday,5
2025-06-08 10:15:00+00:00,2025-06-08 13:00:00+00:00,329.8309375,1,12,True,London  (07-12),Sunday,10
2025-06-08 13:15:00+00:00,2025-06-08 14:00:00+00:00,-37.864374999999995,-1,4,False,Overlap (12-16),Sunday,13
2025-06-08 14:15:00+00:00,2025-06-08 20:00:00+00:00,268.31140625,1,24,True,Overlap (12-16),Sunday,14
2025-06-08 20:15:00+00:00,2025-06-08 21:30:00+00:00,-6.680781250000003,-1,6,False,NY      (16-22),Sunday,20
2025-06-08 21:45:00+00:00,2025-06-08 22:00:00+00:00,-177.68078125,1,2,False,NY      (16-22),Sunday,21
2025-06-08 22:15:00+00:00,2025-06-08 23:00:00+00:00,135.4246875,-1,4,True,Off     (22-00),Sunday,22
2025-06-08 23:15:00+00:00,2025-06-09 02:00:00+00:00,9.459843750000005,1,12,True,Off     (22-00),Sunday,23
2025-06-09 02:15:00+00:00,2025-06-09 03:00:00+00:00,117.70984375,-1,4,True,Asia    (00-07),Monday,2
2025-06-09 03:15:00+00:00,2025-06-09 04:00:00+00:00,102.8075,1,4,True,Asia    (00-07),Monday,3
2025-06-09 04:15:00+00:00,2025-06-09 06:00:00+00:00,125.73328125,-1,8,True,Asia    (00-07),Monday,4
2025-06-09 06:15:00+00:00,2025-06-09 06:45:00+00:00,132.62390625,1,3,True,Asia    (00-07),Monday,6
2025-06-09 07:00:00+00:00,2025-06-09 08:00:00+00:00,34.534062500000005,-1,5,True,London  (07-12),Monday,7
2025-06-09 08:15:00+00:00,2025-06-09 12:30:00+00:00,1111.8593860291153,1,18,True,London  (07-12),Monday,8
2025-06-09 12:45:00+00:00,2025-06-09 14:15:00+00:00,153.14422689863187,-1,7,True,Overlap (12-16),Monday,12
2025-06-09 14:30:00+00:00,2025-06-10 00:30:00+00:00,1104.698891074614,1,41,True,Overlap (12-16),Monday,14
2025-06-10 00:45:00+00:00,2025-06-10 06:00:00+00:00,423.13038869238756,-1,22,True,Asia    (00-07),Tuesday,0
2025-06-10 06:15:00+00:00,2025-06-10 06:30:00+00:00,170.27625,1,2,True,Asia    (00-07),Tuesday,6
2025-06-10 06:45:00+00:00,2025-06-10 09:00:00+00:00,188.38953125,-1,10,True,Asia    (00-07),Tuesday,6
2025-06-10 09:15:00+00:00,2025-06-10 10:00:00+00:00,156.32703125,1,4,True,London  (07-12),Tuesday,9
2025-06-10 10:15:00+00:00,2025-06-10 11:00:00+00:00,18.623906250000005,-1,4,True,London  (07-12),Tuesday,10
2025-06-10 11:15:00+00:00,2025-06-10 11:15:00+00:00,138.17078125,1,1,True,London  (07-12),Tuesday,11
2025-06-10 11:30:00+00:00,2025-06-10 15:30:00+00:00,440.6611653662924,-1,17,True,London  (07-12),Tuesday,11
2025-06-10 15:45:00+00:00,2025-06-10 19:15:00+00:00,539.938395577344,1,15,True,Overlap (12-16),Tuesday,15
2025-06-10 19:30:00+00:00,2025-06-10 20:00:00+00:00,252.30659980315352,-1,3,True,NY      (16-22),Tuesday,19
2025-06-10 20:15:00+00:00,2025-06-10 22:15:00+00:00,218.4601091640486,1,9,True,NY      (16-22),Tuesday,20
2025-06-10 22:30:00+00:00,2025-06-10 23:00:00+00:00,95.58734890648105,-1,3,True,Off     (22-00),Tuesday,22
2025-06-10 23:15:00+00:00,2025-06-11 00:00:00+00:00,127.61729428910223,1,4,True,Off     (22-00),Tuesday,23
2025-06-11 00:15:00+00:00,2025-06-11 02:15:00+00:00,186.53796875,-1,9,True,Asia    (00-07),Wednesday,0
2025-06-11 02:30:00+00:00,2025-06-11 02:45:00+00:00,31.409062499999997,1,2,True,Asia    (00-07),Wednesday,2
2025-06-11 03:00:00+00:00,2025-06-11 06:15:00+00:00,95.45984375,-1,14,True,Asia    (00-07),Wednesday,3
2025-06-11 06:30:00+00:00,2025-06-11 07:00:00+00:00,105.010625,1,3,True,Asia    (00-07),Wednesday,6
2025-06-11 07:15:00+00:00,2025-06-11 08:15:00+00:00,59.995000000000005,-1,5,True,London  (07-12),Wednesday,7
2025-06-11 08:30:00+00:00,2025-06-11 09:00:00+00:00,-42.1925,1,3,False,London  (07-12),Wednesday,8
2025-06-11 09:15:00+00:00,2025-06-11 10:15:00+00:00,75.31921875,-1,5,True,London  (07-12),Wednesday,9
2025-06-11 10:30:00+00:00,2025-06-11 13:15:00+00:00,234.54578125,1,12,True,London  (07-12),Wednesday,10
2025-06-11 13:30:00+00:00,2025-06-11 13:45:00+00:00,48.18947562151664,-1,2,True,Overlap (12-16),Wednesday,13
2025-06-11 14:00:00+00:00,2025-06-11 16:00:00+00:00,-51.1133293544684,1,9,False,Overlap (12-16),Wednesday,14
2025-06-11 16:15:00+00:00,2025-06-11 20:00:00+00:00,260.04380430038793,-1,16,True,NY      (16-22),Wednesday,16
2025-06-11 20:15:00+00:00,2025-06-11 21:00:00+00:00,163.96035847090286,1,4,True,NY      (16-22),Wednesday,20
2025-06-11 21:15:00+00:00,2025-06-11 22:15:00+00:00,409.8966382744529,-1,5,True,NY      (16-22),Wednesday,21
2025-06-11 22:30:00+00:00,2025-06-12 00:30:00+00:00,160.5368001660039,1,9,True,Off     (22-00),Wednesday,22
2025-06-12 00:45:00+00:00,2025-06-12 04:00:00+00:00,449.854375,-1,14,True,Asia    (00-07),Thursday,0
2025-06-12 04:15:00+00:00,2025-06-12 05:00:00+00:00,-24.333124999999995,1,4,False,Asia    (00-07),Thursday,4
2025-06-12 05:15:00+00:00,2025-06-12 06:00:00+00:00,-35.637812499999995,-1,4,False,Asia    (00-07),Thursday,5
2025-06-12 06:15:00+00:00,2025-06-12 07:00:00+00:00,41.221562500000005,1,4,True,Asia    (00-07),Thursday,6
2025-06-12 07:15:00+00:00,2025-06-12 10:30:00+00:00,296.31140625,-1,14,True,London  (07-12),Thursday,7
2025-06-12 10:45:00+00:00,2025-06-12 11:00:00+00:00,17.284062499999997,1,2,True,London  (07-12),Thursday,10
2025-06-12 11:15:00+00:00,2025-06-12 12:15:00+00:00,148.729375,-1,5,True,London  (07-12),Thursday,11
2025-06-12 12:30:00+00:00,2025-06-12 12:30:00+00:00,199.32703125,1,1,True,Overlap (12-16),Thursday,12
2025-06-12 12:45:00+00:00,2025-06-12 13:15:00+00:00,272.15515625,-1,3,True,Overlap (12-16),Thursday,12
2025-06-12 13:30:00+00:00,2025-06-12 15:15:00+00:00,183.2459657647419,1,8,True,Overlap (12-16),Thursday,13
2025-06-12 15:30:00+00:00,2025-06-12 15:45:00+00:00,51.97975209966506,-1,2,True,Overlap (12-16),Thursday,15
2025-06-12 16:00:00+00:00,2025-06-12 16:15:00+00:00,241.21166508538136,1,2,True,NY      (16-22),Thursday,16
2025-06-12 16:30:00+00:00,2025-06-12 19:45:00+00:00,354.4961057228899,-1,14,True,NY      (16-22),Thursday,16
2025-06-12 20:00:00+00:00,2025-06-12 20:15:00+00:00,23.688887092599956,1,2,True,NY      (16-22),Thursday,20
2025-06-12 20:30:00+00:00,2025-06-12 22:45:00+00:00,292.4823775139615,-1,10,True,NY      (16-22),Thursday,20
2025-06-12 23:00:00+00:00,2025-06-13 00:00:00+00:00,-489.9499180097647,1,5,False,Off     (22-00),Thursday,23
2025-06-13 00:15:00+00:00,2025-06-13 04:15:00+00:00,107.5016142875569,-1,17,True,Asia    (00-07),Friday,0
2025-06-13 04:30:00+00:00,2025-06-13 08:00:00+00:00,506.04171437867785,1,15,True,Asia    (00-07),Friday,4
2025-06-13 08:15:00+00:00,2025-06-13 08:45:00+00:00,239.24741629045573,-1,3,True,London  (07-12),Friday,8
2025-06-13 09:00:00+00:00,2025-06-13 13:30:00+00:00,227.1829480565568,1,19,True,London  (07-12),Friday,9
2025-06-13 13:45:00+00:00,2025-06-13 14:00:00+00:00,289.048206231552,-1,2,True,Overlap (12-16),Friday,13
2025-06-13 14:15:00+00:00,2025-06-13 17:00:00+00:00,274.1971473415174,1,12,True,Overlap (12-16),Friday,14
2025-06-13 17:15:00+00:00,2025-06-13 20:00:00+00:00,-3.5016034214498717,-1,12,False,NY      (16-22),Friday,17
2025-06-13 20:15:00+00:00,2025-06-14 00:00:00+00:00,265.43747867345155,1,16,True,NY      (16-22),Friday,20
2025-06-14 00:15:00+00:00,2025-06-14 04:30:00+00:00,296.03796875,-1,18,True,Asia    (00-07),Saturday,0
2025-06-14 04:45:00+00:00,2025-06-14 09:00:00+00:00,-155.88390625,1,18,False,Asia    (00-07),Saturday,4
2025-06-14 09:15:00+00:00,2025-06-14 10:00:00+00:00,18.436406250000005,-1,4,True,London  (07-12),Saturday,9
2025-06-14 10:15:00+00:00,2025-06-14 13:00:00+00:00,8.651250000000005,1,12,True,London  (07-12),Saturday,10
2025-06-14 13:15:00+00:00,2025-06-14 17:30:00+00:00,243.74109375,-1,18,True,Overlap (12-16),Saturday,13
2025-06-14 17:45:00+00:00,2025-06-14 19:15:00+00:00,188.66296875,1,7,True,NY      (16-22),Saturday,17
2025-06-14 19:30:00+00:00,2025-06-14 20:00:00+00:00,256.12,-1,3,True,NY      (16-22),Saturday,19
2025-06-14 20:15:00+00:00,2025-06-15 02:00:00+00:00,581.7027007100141,1,24,True,NY      (16-22),Saturday,20
2025-06-15 02:15:00+00:00,2025-06-15 02:45:00+00:00,44.6121875,-1,3,True,Asia    (00-07),Sunday,2
2025-06-15 03:00:00+00:00,2025-06-15 04:45:00+00:00,24.448124999999997,1,8,True,Asia    (00-07),Sunday,3
2025-06-15 05:00:00+00:00,2025-06-15 05:00:00+00:00,-5.383906250000003,-1,1,False,Asia    (00-07),Sunday,5
2025-06-15 05:15:00+00:00,2025-06-15 05:45:00+00:00,251.745,1,3,True,Asia    (00-07),Sunday,5
2025-06-15 06:00:00+00:00,2025-06-15 07:15:00+00:00,384.09265625,-1,6,True,Asia    (00-07),Sunday,6
2025-06-15 07:30:00+00:00,2025-06-15 08:00:00+00:00,-11.946406250000003,1,3,False,London  (07-12),Sunday,7
2025-06-15 08:15:00+00:00,2025-06-15 09:15:00+00:00,161.95984375,-1,5,True,London  (07-12),Sunday,8
2025-06-15 09:30:00+00:00,2025-06-15 15:00:00+00:00,332.56921875,1,23,True,London  (07-12),Sunday,9
2025-06-15 15:15:00+00:00,2025-06-15 15:45:00+00:00,14.659062500000005,-1,3,True,Overlap (12-16),Sunday,15
2025-06-15 16:00:00+00:00,2025-06-15 17:30:00+00:00,62.120000000000005,1,7,True,NY      (16-22),Sunday,16
2025-06-15 17:45:00+00:00,2025-06-15 20:30:00+00:00,491.12390625,-1,12,True,NY      (16-22),Sunday,17
2025-06-15 20:45:00+00:00,2025-06-16 02:00:00+00:00,591.1208717848525,1,22,True,NY      (16-22),Sunday,20
2025-06-16 02:15:00+00:00,2025-06-16 02:15:00+00:00,53.289540018843766,-1,1,True,Asia    (00-07),Monday,2
2025-06-16 02:30:00+00:00,2025-06-16 10:00:00+00:00,659.6239845759482,1,31,True,Asia    (00-07),Monday,2
2025-06-16 10:15:00+00:00,2025-06-16 11:15:00+00:00,207.29578125,-1,5,True,London  (07-12),Monday,10
2025-06-16 11:30:00+00:00,2025-06-16 15:00:00+00:00,442.132031785943,1,15,True,London  (07-12),Monday,11
2025-06-16 15:15:00+00:00,2025-06-16 16:00:00+00:00,-41.05875073647225,-1,4,False,Overlap (12-16),Monday,15
2025-06-16 16:15:00+00:00,2025-06-16 20:15:00+00:00,437.5401116385385,1,17,True,NY      (16-22),Monday,16
2025-06-16 20:30:00+00:00,2025-06-16 22:45:00+00:00,366.09965434274613,-1,10,True,NY      (16-22),Monday,20
2025-06-16 23:00:00+00:00,2025-06-17 00:15:00+00:00,-340.47772163141815,1,6,False,Off     (22-00),Monday,23
2025-06-17 00:30:00+00:00,2025-06-17 02:15:00+00:00,33.80599922266276,-1,8,True,Asia    (00-07),Tuesday,0
2025-06-17 02:30:00+00:00,2025-06-17 04:00:00+00:00,276.77297620803733,1,7,True,Asia    (00-07),Tuesday,2
2025-06-17 04:15:00+00:00,2025-06-17 07:15:00+00:00,529.6888035446739,-1,13,True,Asia    (00-07),Tuesday,4
2025-06-17 07:30:00+00:00,2025-06-17 08:00:00+00:00,111.60828125,1,3,True,London  (07-12),Tuesday,7
2025-06-17 08:15:00+00:00,2025-06-17 10:30:00+00:00,461.995,-1,10,True,London  (07-12),Tuesday,8
2025-06-17 10:45:00+00:00,2025-06-17 12:00:00+00:00,-18.934687499999995,1,6,False,London  (07-12),Tuesday,10
2025-06-17 12:15:00+00:00,2025-06-17 16:45:00+00:00,789.7095866560578,-1,19,True,Overlap (12-16),Tuesday,12
2025-06-17 17:00:00+00:00,2025-06-17 19:15:00+00:00,505.877746096243,1,10,True,NY      (16-22),Tuesday,17
2025-06-17 19:30:00+00:00,2025-06-17 19:45:00+00:00,140.59908165956813,-1,2,True,NY      (16-22),Tuesday,19
2025-06-17 20:00:00+00:00,2025-06-17 20:15:00+00:00,-44.47285215277679,1,2,False,NY      (16-22),Tuesday,20
2025-06-17 20:30:00+00:00,2025-06-17 22:45:00+00:00,137.15930170141274,-1,10,True,NY      (16-22),Tuesday,20
2025-06-17 23:00:00+00:00,2025-06-18 02:15:00+00:00,388.0343497032644,1,14,True,Off     (22-00),Tuesday,23
2025-06-18 02:30:00+00:00,2025-06-18 03:00:00+00:00,11.319218750000005,-1,3,True,Asia    (00-07),Wednesday,2
2025-06-18 03:15:00+00:00,2025-06-18 05:00:00+00:00,203.95984375,1,8,True,Asia    (00-07),Wednesday,3
2025-06-18 05:15:00+00:00,2025-06-18 07:00:00+00:00,282.13171875,-1,8,True,Asia    (00-07),Wednesday,5
2025-06-18 07:15:00+00:00,2025-06-18 08:00:00+00:00,177.510625,1,4,True,London  (07-12),Wednesday,7
2025-06-18 08:15:00+00:00,2025-06-18 09:30:00+00:00,261.09265625,-1,6,True,London  (07-12),Wednesday,8
2025-06-18 09:45:00+00:00,2025-06-18 10:15:00+00:00,-105.96984375,1,3,False,London  (07-12),Wednesday,9
2025-06-18 10:30:00+00:00,2025-06-18 10:45:00+00:00,102.4325,-1,2,True,London  (07-12),Wednesday,10
2025-06-18 11:00:00+00:00,2025-06-18 12:00:00+00:00,259.14734375,1,5,True,London  (07-12),Wednesday,11
2025-06-18 12:15:00+00:00,2025-06-18 13:00:00+00:00,364.8153125,-1,4,True,Overlap (12-16),Wednesday,12
2025-06-18 13:15:00+00:00,2025-06-18 14:00:00+00:00,389.32063698524803,1,4,True,Overlap (12-16),Wednesday,13
2025-06-18 14:15:00+00:00,2025-06-18 15:00:00+00:00,195.09712938127285,-1,4,True,Overlap (12-16),Wednesday,14
2025-06-18 15:15:00+00:00,2025-06-18 16:00:00+00:00,67.27154234230011,1,4,True,Overlap (12-16),Wednesday,15
2025-06-18 16:15:00+00:00,2025-06-18 19:45:00+00:00,251.49824545951034,-1,15,True,NY      (16-22),Wednesday,16
2025-06-18 20:00:00+00:00,2025-06-18 22:00:00+00:00,275.38260783907253,1,9,True,NY      (16-22),Wednesday,20
2025-06-18 22:15:00+00:00,2025-06-18 22:45:00+00:00,31.58453153881778,-1,3,True,Off     (22-00),Wednesday,22
2025-06-18 23:00:00+00:00,2025-06-19 00:30:00+00:00,151.314546283175,1,7,True,Off     (22-00),Wednesday,23
2025-06-19 00:45:00+00:00,2025-06-19 01:00:00+00:00,286.0028125,-1,2,True,Asia    (00-07),Thursday,0
2025-06-19 01:15:00+00:00,2025-06-19 07:00:00+00:00,116.90377361447676,1,24,True,Asia    (00-07),Thursday,1
2025-06-19 07:15:00+00:00,2025-06-19 08:30:00+00:00,-73.63,-1,6,False,London  (07-12),Thursday,7
2025-06-19 08:45:00+00:00,2025-06-19 10:15:00+00:00,46.510625000000005,1,7,True,London  (07-12),Thursday,8
2025-06-19 10:30:00+00:00,2025-06-19 10:45:00+00:00,51.02234375,-1,2,True,London  (07-12),Thursday,10
2025-06-19 11:00:00+00:00,2025-06-19 12:00:00+00:00,-12.954218749999995,1,5,False,London  (07-12),Thursday,11
2025-06-19 12:15:00+00:00,2025-06-19 14:45:00+00:00,369.33875,-1,11,True,Overlap (12-16),Thursday,12
2025-06-19 15:00:00+00:00,2025-06-20 00:30:00+00:00,256.69314466928853,1,39,True,Overlap (12-16),Thursday,15
2025-06-20 00:45:00+00:00,2025-06-20 01:15:00+00:00,125.76453125,-1,3,True,Asia    (00-07),Friday,0
2025-06-20 01:30:00+00:00,2025-06-20 02:00:00+00:00,132.95984375,1,3,True,Asia    (00-07),Friday,1
2025-06-20 02:15:00+00:00,2025-06-20 04:45:00+00:00,206.87390625,-1,11,True,Asia    (00-07),Friday,2
2025-06-20 05:00:00+00:00,2025-06-20 12:00:00+00:00,834.8299984727912,1,29,True,Asia    (00-07),Friday,5
2025-06-20 12:15:00+00:00,2025-06-20 14:45:00+00:00,884.1614178291443,-1,11,True,Overlap (12-16),Friday,12
2025-06-20 15:00:00+00:00,2025-06-20 16:00:00+00:00,60.025392350787186,1,5,True,Overlap (12-16),Friday,15
2025-06-20 16:15:00+00:00,2025-06-20 17:15:00+00:00,308.3893970390166,-1,5,True,NY      (16-22),Friday,16
2025-06-20 17:30:00+00:00,2025-06-21 01:45:00+00:00,159.97750416108232,1,34,True,NY      (16-22),Friday,17
2025-06-21 02:00:00+00:00,2025-06-21 05:00:00+00:00,71.29578125,-1,13,True,Asia    (00-07),Saturday,2
2025-06-21 05:15:00+00:00,2025-06-21 07:15:00+00:00,62.354375,1,9,True,Asia    (00-07),Saturday,5
2025-06-21 07:30:00+00:00,2025-06-21 08:00:00+00:00,-12.016718750000003,-1,3,False,London  (07-12),Saturday,7
2025-06-21 08:15:00+00:00,2025-06-21 10:00:00+00:00,199.1590625,1,8,True,London  (07-12),Saturday,8
2025-06-21 10:15:00+00:00,2025-06-21 10:45:00+00:00,29.424687499999997,-1,3,True,London  (07-12),Saturday,10
2025-06-21 11:00:00+00:00,2025-06-21 12:00:00+00:00,40.58484375,1,5,True,London  (07-12),Saturday,11
2025-06-21 12:15:00+00:00,2025-06-21 14:15:00+00:00,256.61609375,-1,9,True,Overlap (12-16),Saturday,12
2025-06-21 14:30:00+00:00,2025-06-21 16:00:00+00:00,69.74109375,1,7,True,Overlap (12-16),Saturday,14
2025-06-21 16:15:00+00:00,2025-06-21 19:45:00+00:00,646.7684375,-1,15,True,NY      (16-22),Saturday,16
2025-06-21 20:00:00+00:00,2025-06-21 21:00:00+00:00,109.604375,1,5,True,NY      (16-22),Saturday,20
2025-06-21 21:15:00+00:00,2025-06-21 23:00:00+00:00,350.3237772708666,-1,8,True,NY      (16-22),Saturday,21
2025-06-21 23:15:00+00:00,2025-06-22 02:30:00+00:00,151.58532606557444,1,14,True,Off     (22-00),Saturday,23
2025-06-22 02:45:00+00:00,2025-06-22 03:15:00+00:00,50.327788351834336,-1,3,True,Asia    (00-07),Sunday,2
2025-06-22 03:30:00+00:00,2025-06-22 07:00:00+00:00,123.16425866718981,1,15,True,Asia    (00-07),Sunday,3
2025-06-22 07:15:00+00:00,2025-06-22 08:00:00+00:00,96.86609375,-1,4,True,London  (07-12),Sunday,7
2025-06-22 08:15:00+00:00,2025-06-22 12:00:00+00:00,129.760625,1,16,True,London  (07-12),Sunday,8
2025-06-22 12:15:00+00:00,2025-06-22 16:00:00+00:00,1429.8891700572117,-1,16,True,Overlap (12-16),Sunday,12
2025-06-22 16:15:00+00:00,2025-06-23 00:00:00+00:00,349.1017000414099,1,32,True,NY      (16-22),Sunday,16
2025-06-23 00:15:00+00:00,2025-06-23 01:00:00+00:00,-77.80579815192343,-1,4,False,Asia    (00-07),Monday,0
2025-06-23 01:15:00+00:00,2025-06-23 08:00:00+00:00,542.5786514297968,1,28,True,Asia    (00-07),Monday,1
2025-06-23 08:15:00+00:00,2025-06-23 12:00:00+00:00,401.63953125,-1,16,True,London  (07-12),Monday,8
2025-06-23 12:15:00+00:00,2025-06-23 14:00:00+00:00,401.1716821258551,1,8,True,Overlap (12-16),Monday,12
2025-06-23 14:15:00+00:00,2025-06-23 16:15:00+00:00,532.8676804007497,-1,9,True,Overlap (12-16),Monday,14
2025-06-23 16:30:00+00:00,2025-06-23 21:00:00+00:00,797.811403021153,1,19,True,NY      (16-22),Monday,16
2025-06-23 21:15:00+00:00,2025-06-23 21:30:00+00:00,69.810627667916,-1,2,True,NY      (16-22),Monday,21
2025-06-23 21:45:00+00:00,2025-06-24 02:00:00+00:00,356.6776645260756,1,18,True,NY      (16-22),Monday,21
2025-06-24 02:15:00+00:00,2025-06-24 03:45:00+00:00,-4.2205663487597525,-1,7,False,Asia    (00-07),Tuesday,2
2025-06-24 04:00:00+00:00,2025-06-24 07:00:00+00:00,269.81408485865563,1,13,True,Asia    (00-07),Tuesday,4
2025-06-24 07:15:00+00:00,2025-06-24 08:00:00+00:00,307.21628444046786,-1,4,True,London  (07-12),Tuesday,7
2025-06-24 08:15:00+00:00,2025-06-24 13:00:00+00:00,145.46224662780224,1,20,True,London  (07-12),Tuesday,8
2025-06-24 13:15:00+00:00,2025-06-24 14:00:00+00:00,-17.280050646531258,-1,4,False,Overlap (12-16),Tuesday,13
2025-06-24 14:15:00+00:00,2025-06-24 15:00:00+00:00,147.65632058939977,1,4,True,Overlap (12-16),Tuesday,14
2025-06-24 15:15:00+00:00,2025-06-24 16:00:00+00:00,118.06762167281774,-1,4,True,Overlap (12-16),Tuesday,15
2025-06-24 16:15:00+00:00,2025-06-24 17:00:00+00:00,246.47185238862025,1,4,True,NY      (16-22),Tuesday,16
2025-06-24 17:15:00+00:00,2025-06-24 20:00:00+00:00,187.5874795621731,-1,12,True,NY      (16-22),Tuesday,17
2025-06-24 20:15:00+00:00,2025-06-25 02:15:00+00:00,499.09128298294223,1,25,True,NY      (16-22),Tuesday,20
2025-06-25 02:30:00+00:00,2025-06-25 04:00:00+00:00,147.68254995089606,-1,7,True,Asia    (00-07),Wednesday,2
2025-06-25 04:15:00+00:00,2025-06-25 09:15:00+00:00,323.08484375,1,21,True,Asia    (00-07),Wednesday,4
2025-06-25 09:30:00+00:00,2025-06-25 09:30:00+00:00,158.7840625,-1,1,True,London  (07-12),Wednesday,9
2025-06-25 09:45:00+00:00,2025-06-25 12:45:00+00:00,351.78015625,1,13,True,London  (07-12),Wednesday,9
2025-06-25 13:00:00+00:00,2025-06-25 16:45:00+00:00,-27.01467079129381,-1,16,False,Overlap (12-16),Wednesday,13
2025-06-25 17:00:00+00:00,2025-06-25 21:15:00+00:00,159.41604409505965,1,18,True,NY      (16-22),Wednesday,17
2025-06-25 21:30:00+00:00,2025-06-25 22:45:00+00:00,121.5809375,-1,6,True,NY      (16-22),Wednesday,21
2025-06-25 23:00:00+00:00,2025-06-26 00:00:00+00:00,101.53796875,1,5,True,Off     (22-00),Wednesday,23
2025-06-26 00:15:00+00:00,2025-06-26 00:15:00+00:00,26.662968749999997,-1,1,True,Asia    (00-07),Thursday,0
2025-06-26 00:30:00+00:00,2025-06-26 03:00:00+00:00,256.20203125,1,11,True,Asia    (00-07),Thursday,0
2025-06-26 03:15:00+00:00,2025-06-26 04:15:00+00:00,80.4871875,-1,5,True,Asia    (00-07),Thursday,3
2025-06-26 04:30:00+00:00,2025-06-26 05:00:00+00:00,-4.938593750000003,1,3,False,Asia    (00-07),Thursday,4
2025-06-26 05:15:00+00:00,2025-06-26 10:00:00+00:00,195.8153125,-1,20,True,Asia    (00-07),Thursday,5
2025-06-26 10:15:00+00:00,2025-06-26 12:00:00+00:00,-81.78625,1,8,False,London  (07-12),Thursday,10
2025-06-26 12:15:00+00:00,2025-06-26 14:00:00+00:00,86.00671875,-1,8,True,Overlap (12-16),Thursday,12
2025-06-26 14:15:00+00:00,2025-06-26 15:45:00+00:00,111.98682822713772,1,7,True,Overlap (12-16),Thursday,14
2025-06-26 16:00:00+00:00,2025-06-26 18:30:00+00:00,-32.31654322190893,-1,11,False,NY      (16-22),Thursday,16
2025-06-26 18:45:00+00:00,2025-06-26 20:30:00+00:00,284.416875,1,8,True,NY      (16-22),Thursday,18
2025-06-26 20:45:00+00:00,2025-06-27 00:45:00+00:00,624.3075,-1,17,True,NY      (16-22),Thursday,20
2025-06-27 01:00:00+00:00,2025-06-27 03:45:00+00:00,386.38953125,1,12,True,Asia    (00-07),Friday,1
2025-06-27 04:00:00+00:00,2025-06-27 08:15:00+00:00,366.2371875,-1,18,True,Asia    (00-07),Friday,4
2025-06-27 08:30:00+00:00,2025-06-27 10:15:00+00:00,127.70203125,1,8,True,London  (07-12),Friday,8
2025-06-27 10:30:00+00:00,2025-06-27 11:15:00+00:00,24.537968749999997,-1,4,True,London  (07-12),Friday,10
2025-06-27 11:30:00+00:00,2025-06-27 12:00:00+00:00,12.155156249999997,1,3,True,London  (07-12),Friday,11
2025-06-27 12:15:00+00:00,2025-06-27 13:15:00+00:00,121.9325,-1,5,True,Overlap (12-16),Friday,12
2025-06-27 13:30:00+00:00,2025-06-27 16:15:00+00:00,228.0504561598425,1,12,True,Overlap (12-16),Friday,13
2025-06-27 16:30:00+00:00,2025-06-27 22:45:00+00:00,48.32134144748477,-1,26,True,NY      (16-22),Friday,16
2025-06-27 23:00:00+00:00,2025-06-27 23:30:00+00:00,-73.28625,1,3,False,Off     (22-00),Friday,23
2025-06-27 23:45:00+00:00,2025-06-27 23:45:00+00:00,-46.7315625,-1,1,False,Off     (22-00),Friday,23
2025-06-28 00:00:00+00:00,2025-06-28 04:00:00+00:00,83.823125,1,17,True,Asia    (00-07),Saturday,0
2025-06-28 04:15:00+00:00,2025-06-28 04:15:00+00:00,-7.469843750000003,-1,1,False,Asia    (00-07),Saturday,4
2025-06-28 04:30:00+00:00,2025-06-28 07:45:00+00:00,112.53015625,1,14,True,Asia    (00-07),Saturday,4
2025-06-28 08:00:00+00:00,2025-06-28 11:00:00+00:00,92.42859375,-1,13,True,London  (07-12),Saturday,8
2025-06-28 11:15:00+00:00,2025-06-28 13:00:00+00:00,14.143437499999997,1,8,True,London  (07-12),Saturday,11
2025-06-28 13:15:00+00:00,2025-06-28 13:30:00+00:00,92.29578125,-1,2,True,Overlap (12-16),Saturday,13
2025-06-28 13:45:00+00:00,2025-06-28 16:00:00+00:00,143.81921875,1,10,True,Overlap (12-16),Saturday,13
2025-06-28 16:15:00+00:00,2025-06-28 20:00:00+00:00,113.4715625,-1,16,True,NY      (16-22),Saturday,16
2025-06-28 20:15:00+00:00,2025-06-28 23:00:00+00:00,64.81921875,1,12,True,NY      (16-22),Saturday,20
2025-06-28 23:15:00+00:00,2025-06-29 00:15:00+00:00,-63.53234375,-1,5,False,Off     (22-00),Saturday,23
2025-06-29 00:30:00+00:00,2025-06-29 01:00:00+00:00,-28.489375000000003,1,3,False,Asia    (00-07),Sunday,0
2025-06-29 01:15:00+00:00,2025-06-29 02:15:00+00:00,71.6590625,-1,5,True,Asia    (00-07),Sunday,1
2025-06-29 02:30:00+00:00,2025-06-29 03:00:00+00:00,5.346562499999997,1,3,True,Asia    (00-07),Sunday,2
2025-06-29 03:15:00+00:00,2025-06-29 03:45:00+00:00,15.545781249999997,-1,3,True,Asia    (00-07),Sunday,3
2025-06-29 04:00:00+00:00,2025-06-29 12:15:00+00:00,483.62390625,1,34,True,Asia    (00-07),Sunday,4
2025-06-29 12:30:00+00:00,2025-06-29 14:30:00+00:00,159.010625,-1,9,True,Overlap (12-16),Sunday,12
2025-06-29 14:45:00+00:00,2025-06-29 18:30:00+00:00,-126.71984375,1,16,False,Overlap (12-16),Sunday,14
2025-06-29 18:45:00+00:00,2025-06-29 20:45:00+00:00,123.38953125,-1,9,True,NY      (16-22),Sunday,18
2025-06-29 21:00:00+00:00,2025-06-30 04:00:00+00:00,554.354375,1,29,True,NY      (16-22),Sunday,21
2025-06-30 04:15:00+00:00,2025-06-30 07:00:00+00:00,449.729375,-1,12,True,Asia    (00-07),Monday,4
2025-06-30 07:15:00+00:00,2025-06-30 09:15:00+00:00,25.600468749999997,1,9,True,London  (07-12),Monday,7
2025-06-30 09:30:00+00:00,2025-06-30 09:45:00+00:00,70.73328125,-1,2,True,London  (07-12),Monday,9
2025-06-30 10:00:00+00:00,2025-06-30 11:15:00+00:00,170.2371875,1,6,True,London  (07-12),Monday,10
2025-06-30 11:30:00+00:00,2025-06-30 15:00:00+00:00,486.3778125,-1,15,True,London  (07-12),Monday,11
2025-06-30 15:15:00+00:00,2025-06-30 20:00:00+00:00,338.63686059710665,1,20,True,Overlap (12-16),Monday,15
2025-06-30 20:15:00+00:00,2025-06-30 22:45:00+00:00,207.62,-1,11,True,NY      (16-22),Monday,20
2025-06-30 23:00:00+00:00,2025-07-01 01:00:00+00:00,172.21375,1,9,True,Off     (22-00),Monday,23
2025-07-01 01:15:00+00:00,2025-07-01 02:45:00+00:00,177.745,-1,7,True,Asia    (00-07),Tuesday,1
2025-07-01 03:00:00+00:00,2025-07-01 04:00:00+00:00,24.276249999999997,1,5,True,Asia    (00-07),Tuesday,3
2025-07-01 04:15:00+00:00,2025-07-01 07:00:00+00:00,111.17859375,-1,12,True,Asia    (00-07),Tuesday,4
2025-07-01 07:15:00+00:00,2025-07-01 07:45:00+00:00,110.6746875,1,3,True,London  (07-12),Tuesday,7
2025-07-01 08:00:00+00:00,2025-07-01 10:15:00+00:00,339.37,-1,10,True,London  (07-12),Tuesday,8
2025-07-01 10:30:00+00:00,2025-07-01 11:45:00+00:00,52.772343750000005,1,6,True,London  (07-12),Tuesday,10
2025-07-01 12:00:00+00:00,2025-07-01 13:00:00+00:00,53.237187500000005,-1,5,True,Overlap (12-16),Tuesday,12
2025-07-01 13:15:00+00:00,2025-07-01 14:00:00+00:00,312.291875,1,4,True,Overlap (12-16),Tuesday,13
2025-07-01 14:15:00+00:00,2025-07-01 20:00:00+00:00,826.2443731395024,-1,24,True,Overlap (12-16),Tuesday,14
2025-07-01 20:15:00+00:00,2025-07-02 11:15:00+00:00,1132.1434375,1,61,True,NY      (16-22),Tuesday,20
2025-07-02 11:30:00+00:00,2025-07-02 12:00:00+00:00,149.65515625,-1,3,True,London  (07-12),Wednesday,11
2025-07-02 12:15:00+00:00,2025-07-02 17:30:00+00:00,751.4014218813954,1,22,True,Overlap (12-16),Wednesday,12
2025-07-02 17:45:00+00:00,2025-07-02 17:45:00+00:00,-8.909540729100643,-1,1,False,NY      (16-22),Wednesday,17
2025-07-02 18:00:00+00:00,2025-07-02 19:45:00+00:00,193.22961815282426,1,8,True,NY      (16-22),Wednesday,18
2025-07-02 20:00:00+00:00,2025-07-02 23:15:00+00:00,336.7961995689775,-1,14,True,NY      (16-22),Wednesday,20
2025-07-02 23:30:00+00:00,2025-07-03 03:15:00+00:00,-121.1690625,1,16,False,Off     (22-00),Wednesday,23
2025-07-03 03:30:00+00:00,2025-07-03 04:45:00+00:00,-39.368281249999995,-1,6,False,Asia    (00-07),Thursday,3
2025-07-03 05:00:00+00:00,2025-07-03 07:30:00+00:00,244.7840625,1,11,True,Asia    (00-07),Thursday,5
2025-07-03 07:45:00+00:00,2025-07-03 08:45:00+00:00,-49.001093749999995,-1,5,False,London  (07-12),Thursday,7
2025-07-03 09:00:00+00:00,2025-07-03 12:00:00+00:00,81.5496875,1,13,True,London  (07-12),Thursday,9
2025-07-03 12:15:00+00:00,2025-07-03 13:00:00+00:00,94.80370203962438,-1,4,True,Overlap (12-16),Thursday,12
2025-07-03 13:15:00+00:00,2025-07-03 14:00:00+00:00,271.23495864229494,1,4,True,Overlap (12-16),Thursday,13
2025-07-03 14:15:00+00:00,2025-07-03 16:15:00+00:00,227.16138930806002,-1,9,True,Overlap (12-16),Thursday,14
2025-07-03 16:30:00+00:00,2025-07-03 21:15:00+00:00,226.08204078214231,1,20,True,NY      (16-22),Thursday,16
2025-07-03 21:30:00+00:00,2025-07-03 23:30:00+00:00,85.5575,-1,9,True,NY      (16-22),Thursday,21
2025-07-03 23:45:00+00:00,2025-07-04 00:15:00+00:00,-51.005,1,3,False,Off     (22-00),Thursday,23
2025-07-04 00:30:00+00:00,2025-07-04 03:00:00+00:00,132.979375,-1,11,True,Asia    (00-07),Friday,0
2025-07-04 03:15:00+00:00,2025-07-04 04:00:00+00:00,12.475468750000005,1,4,True,Asia    (00-07),Friday,3
2025-07-04 04:15:00+00:00,2025-07-04 06:00:00+00:00,202.67078125,-1,8,True,Asia    (00-07),Friday,4
2025-07-04 06:15:00+00:00,2025-07-04 07:00:00+00:00,22.311406250000005,1,4,True,Asia    (00-07),Friday,6
2025-07-04 07:15:00+00:00,2025-07-04 08:15:00+00:00,32.338750000000005,-1,5,True,London  (07-12),Friday,7
2025-07-04 08:30:00+00:00,2025-07-04 08:30:00+00:00,27.385624999999997,1,1,True,London  (07-12),Friday,8
2025-07-04 08:45:00+00:00,2025-07-04 09:15:00+00:00,-97.32921875,-1,3,False,London  (07-12),Friday,8
2025-07-04 09:30:00+00:00,2025-07-04 11:15:00+00:00,10.620000000000005,1,8,True,London  (07-12),Friday,9
2025-07-04 11:30:00+00:00,2025-07-04 11:45:00+00:00,91.11609375,-1,2,True,London  (07-12),Friday,11
2025-07-04 12:00:00+00:00,2025-07-04 12:00:00+00:00,-12.880000000000003,1,1,False,Overlap (12-16),Friday,12
2025-07-04 12:15:00+00:00,2025-07-04 16:15:00+00:00,663.1909528322307,-1,17,True,Overlap (12-16),Friday,12
2025-07-04 16:30:00+00:00,2025-07-04 18:00:00+00:00,105.50692000855528,1,7,True,NY      (16-22),Friday,16
2025-07-04 18:15:00+00:00,2025-07-04 19:15:00+00:00,244.62,-1,5,True,NY      (16-22),Friday,18
2025-07-04 19:30:00+00:00,2025-07-04 23:00:00+00:00,405.8934375,1,15,True,NY      (16-22),Friday,19
2025-07-04 23:15:00+00:00,2025-07-05 00:45:00+00:00,-55.11046875,-1,7,False,Off     (22-00),Friday,23
2025-07-05 01:00:00+00:00,2025-07-05 04:15:00+00:00,77.4403125,1,14,True,Asia    (00-07),Saturday,1
2025-07-05 04:30:00+00:00,2025-07-05 06:00:00+00:00,119.7840625,-1,7,True,Asia    (00-07),Saturday,4
2025-07-05 06:15:00+00:00,2025-07-05 07:15:00+00:00,1.4598437500000045,1,5,True,Asia    (00-07),Saturday,6
2025-07-05 07:30:00+00:00,2025-07-05 08:15:00+00:00,30.241093749999997,-1,4,True,London  (07-12),Saturday,7
2025-07-05 08:30:00+00:00,2025-07-05 11:30:00+00:00,67.8309375,1,13,True,London  (07-12),Saturday,8
2025-07-05 11:45:00+00:00,2025-07-05 12:00:00+00:00,73.1746875,-1,2,True,London  (07-12),Saturday,11
2025-07-05 12:15:00+00:00,2025-07-05 13:00:00+00:00,26.959843749999997,1,4,True,Overlap (12-16),Saturday,12
2025-07-05 13:15:00+00:00,2025-07-05 14:00:00+00:00,-30.825312500000003,-1,4,False,Overlap (12-16),Saturday,13
2025-07-05 14:15:00+00:00,2025-07-05 15:00:00+00:00,-5.380000000000003,1,4,False,Overlap (12-16),Saturday,14
2025-07-05 15:15:00+00:00,2025-07-05 16:00:00+00:00,53.13171875,-1,4,True,Overlap (12-16),Saturday,15
2025-07-05 16:15:00+00:00,2025-07-05 20:45:00+00:00,12.686406250000005,1,19,True,NY      (16-22),Saturday,16
2025-07-05 21:00:00+00:00,2025-07-05 23:00:00+00:00,-83.5753125,-1,9,False,NY      (16-22),Saturday,21
2025-07-05 23:15:00+00:00,2025-07-05 23:30:00+00:00,-11.969843750000003,1,2,False,Off     (22-00),Saturday,23
2025-07-05 23:45:00+00:00,2025-07-06 01:15:00+00:00,57.10046875,-1,7,True,Off     (22-00),Saturday,23
2025-07-06 01:30:00+00:00,2025-07-06 02:00:00+00:00,62.12,1,3,True,Asia    (00-07),Sunday,1
2025-07-06 02:15:00+00:00,2025-07-06 03:15:00+00:00,92.12390625,-1,5,True,Asia    (00-07),Sunday,2
2025-07-06 03:30:00+00:00,2025-07-06 04:00:00+00:00,17.119999999999997,1,3,True,Asia    (00-07),Sunday,3
2025-07-06 04:15:00+00:00,2025-07-06 04:15:00+00:00,32.6121875,-1,1,True,Asia    (00-07),Sunday,4
2025-07-06 04:30:00+00:00,2025-07-06 07:00:00+00:00,57.53015625,1,11,True,Asia    (00-07),Sunday,4
2025-07-06 07:15:00+00:00,2025-07-06 08:15:00+00:00,75.37,-1,5,True,London  (07-12),Sunday,7
2025-07-06 08:30:00+00:00,2025-07-06 09:00:00+00:00,23.057499999999997,1,3,True,London  (07-12),Sunday,8
2025-07-06 09:15:00+00:00,2025-07-06 09:45:00+00:00,82.71765625,-1,3,True,London  (07-12),Sunday,9
2025-07-06 10:00:00+00:00,2025-07-06 15:00:00+00:00,517.03015625,1,21,True,London  (07-12),Sunday,10
2025-07-06 15:15:00+00:00,2025-07-06 16:00:00+00:00,68.229375,-1,4,True,Overlap (12-16),Sunday,15
2025-07-06 16:15:00+00:00,2025-07-06 16:15:00+00:00,25.315312499999997,1,1,True,NY      (16-22),Sunday,16
2025-07-06 16:30:00+00:00,2025-07-06 19:30:00+00:00,215.62,-1,13,True,NY      (16-22),Sunday,16
2025-07-06 19:45:00+00:00,2025-07-07 00:00:00+00:00,438.15125,1,18,True,NY      (16-22),Sunday,19
2025-07-07 00:15:00+00:00,2025-07-07 01:00:00+00:00,238.14734375,-1,4,True,Asia    (00-07),Monday,0
2025-07-07 01:15:00+00:00,2025-07-07 03:15:00+00:00,409.6121875,1,9,True,Asia    (00-07),Monday,1
2025-07-07 03:30:00+00:00,2025-07-07 13:00:00+00:00,661.62,-1,39,True,Asia    (00-07),Monday,3
2025-07-07 13:15:00+00:00,2025-07-07 14:15:00+00:00,-74.4346875,1,5,False,Overlap (12-16),Monday,13
2025-07-07 14:30:00+00:00,2025-07-07 18:00:00+00:00,-5.513895605609086,-1,15,False,Overlap (12-16),Monday,14
2025-07-07 18:15:00+00:00,2025-07-08 00:00:00+00:00,96.76760064423652,1,24,True,NY      (16-22),Monday,18
2025-07-08 00:15:00+00:00,2025-07-08 02:30:00+00:00,265.27625,-1,10,True,Asia    (00-07),Tuesday,0
2025-07-08 02:45:00+00:00,2025-07-08 06:30:00+00:00,277.1121875,1,16,True,Asia    (00-07),Tuesday,2
2025-07-08 06:45:00+00:00,2025-07-08 07:00:00+00:00,23.116093749999997,-1,2,True,Asia    (00-07),Tuesday,6
2025-07-08 07:15:00+00:00,2025-07-08 08:00:00+00:00,106.4246875,1,4,True,London  (07-12),Tuesday,7
2025-07-08 08:15:00+00:00,2025-07-08 08:30:00+00:00,81.8465625,-1,2,True,London  (07-12),Tuesday,8
2025-07-08 08:45:00+00:00,2025-07-08 11:00:00+00:00,314.10046875,1,10,True,London  (07-12),Tuesday,8
2025-07-08 11:15:00+00:00,2025-07-08 11:45:00+00:00,80.495,-1,3,True,London  (07-12),Tuesday,11
2025-07-08 12:00:00+00:00,2025-07-08 12:45:00+00:00,81.53015625,1,4,True,Overlap (12-16),Tuesday,12
2025-07-08 13:00:00+00:00,2025-07-08 15:15:00+00:00,323.73328125,-1,10,True,Overlap (12-16),Tuesday,13
2025-07-08 15:30:00+00:00,2025-07-09 00:45:00+00:00,259.95024931479213,1,38,True,Overlap (12-16),Tuesday,15
2025-07-09 01:00:00+00:00,2025-07-09 02:45:00+00:00,149.5496875,-1,8,True,Asia    (00-07),Wednesday,1
2025-07-09 03:00:00+00:00,2025-07-09 06:45:00+00:00,99.35828125,1,16,True,Asia    (00-07),Wednesday,3
2025-07-09 07:00:00+00:00,2025-07-09 09:00:00+00:00,128.53015625,-1,9,True,London  (07-12),Wednesday,7
2025-07-09 09:15:00+00:00,2025-07-09 13:00:00+00:00,562.47546875,1,16,True,London  (07-12),Wednesday,9
2025-07-09 13:15:00+00:00,2025-07-09 14:30:00+00:00,480.77234375,-1,6,True,Overlap (12-16),Wednesday,13
2025-07-09 14:45:00+00:00,2025-07-09 20:00:00+00:00,1241.4176963223244,1,22,True,Overlap (12-16),Wednesday,14
2025-07-09 20:15:00+00:00,2025-07-10 00:30:00+00:00,184.99982651208705,-1,18,True,NY      (16-22),Wednesday,20
2025-07-10 00:45:00+00:00,2025-07-10 02:15:00+00:00,123.84265625,1,7,True,Asia    (00-07),Thursday,0
2025-07-10 02:30:00+00:00,2025-07-10 02:45:00+00:00,26.151249999999997,-1,2,True,Asia    (00-07),Thursday,2
2025-07-10 03:00:00+00:00,2025-07-10 03:45:00+00:00,-84.57921875,1,4,False,Asia    (00-07),Thursday,3
2025-07-10 04:00:00+00:00,2025-07-10 04:00:00+00:00,45.760625,-1,1,True,Asia    (00-07),Thursday,4
2025-07-10 04:15:00+00:00,2025-07-10 07:15:00+00:00,190.45203125,1,13,True,Asia    (00-07),Thursday,4
2025-07-10 07:30:00+00:00,2025-07-10 10:00:00+00:00,171.479375,-1,11,True,London  (07-12),Thursday,7
2025-07-10 10:15:00+00:00,2025-07-10 11:00:00+00:00,30.280156249999997,1,4,True,London  (07-12),Thursday,10
2025-07-10 11:15:00+00:00,2025-07-10 14:00:00+00:00,-21.688593749999995,-1,12,False,London  (07-12),Thursday,11
2025-07-10 14:15:00+00:00,2025-07-10 15:15:00+00:00,89.65141343330991,1,5,True,Overlap (12-16),Thursday,14
2025-07-10 15:30:00+00:00,2025-07-10 16:00:00+00:00,-71.7402983068448,-1,3,False,Overlap (12-16),Thursday,15
2025-07-10 16:15:00+00:00,2025-07-11 06:00:00+00:00,2391.4079032030486,1,56,True,NY      (16-22),Thursday,16
2025-07-11 06:15:00+00:00,2025-07-11 08:00:00+00:00,73.80493540681013,-1,8,True,Asia    (00-07),Friday,6
2025-07-11 08:15:00+00:00,2025-07-11 10:00:00+00:00,110.76570948076213,1,8,True,London  (07-12),Friday,8
2025-07-11 10:15:00+00:00,2025-07-11 16:00:00+00:00,428.3811416653971,-1,24,True,London  (07-12),Friday,10
2025-07-11 16:15:00+00:00,2025-07-11 20:00:00+00:00,350.2128254490483,1,16,True,NY      (16-22),Friday,16
2025-07-11 20:15:00+00:00,2025-07-11 22:15:00+00:00,317.044105488143,-1,9,True,NY      (16-22),Friday,20
2025-07-11 22:30:00+00:00,2025-07-11 23:00:00+00:00,180.8969508038264,1,3,True,Off     (22-00),Friday,22
2025-07-11 23:15:00+00:00,2025-07-12 03:45:00+00:00,-69.3721875,-1,19,False,Off     (22-00),Friday,23
2025-07-12 04:00:00+00:00,2025-07-12 04:00:00+00:00,4.803593749999997,1,1,True,Asia    (00-07),Saturday,4
2025-07-12 04:15:00+00:00,2025-07-12 05:00:00+00:00,121.92859375,-1,4,True,Asia    (00-07),Saturday,4
2025-07-12 05:15:00+00:00,2025-07-12 07:00:00+00:00,197.03796875,1,8,True,Asia    (00-07),Saturday,5
2025-07-12 07:15:00+00:00,2025-07-12 08:00:00+00:00,52.088750000000005,-1,4,True,London  (07-12),Saturday,7
2025-07-12 08:15:00+00:00,2025-07-12 10:15:00+00:00,103.03796875,1,9,True,London  (07-12),Saturday,8
2025-07-12 10:30:00+00:00,2025-07-12 11:30:00+00:00,179.9246875,-1,5,True,London  (07-12),Saturday,10
2025-07-12 11:45:00+00:00,2025-07-12 12:00:00+00:00,36.73328125,1,2,True,London  (07-12),Saturday,11
2025-07-12 12:15:00+00:00,2025-07-12 13:30:00+00:00,192.0575,-1,6,True,Overlap (12-16),Saturday,12
2025-07-12 13:45:00+00:00,2025-07-12 14:00:00+00:00,103.291875,1,2,True,Overlap (12-16),Saturday,13
2025-07-12 14:15:00+00:00,2025-07-12 16:00:00+00:00,152.791875,-1,8,True,Overlap (12-16),Saturday,14
2025-07-12 16:15:00+00:00,2025-07-12 20:00:00+00:00,77.510625,1,16,True,NY      (16-22),Saturday,16
2025-07-12 20:15:00+00:00,2025-07-12 20:45:00+00:00,199.15515625,-1,3,True,NY      (16-22),Saturday,20
2025-07-12 21:00:00+00:00,2025-07-12 22:15:00+00:00,201.44421875,1,6,True,NY      (16-22),Saturday,21
2025-07-12 22:30:00+00:00,2025-07-12 23:00:00+00:00,87.12390625,-1,3,True,Off     (22-00),Saturday,22
2025-07-12 23:15:00+00:00,2025-07-13 05:00:00+00:00,290.49109375,1,24,True,Off     (22-00),Saturday,23
2025-07-13 05:15:00+00:00,2025-07-13 06:00:00+00:00,24.502812499999997,-1,4,True,Asia    (00-07),Sunday,5
2025-07-13 06:15:00+00:00,2025-07-13 08:00:00+00:00,68.52234375,1,8,True,Asia    (00-07),Sunday,6
2025-07-13 08:15:00+00:00,2025-07-13 08:15:00+00:00,44.9715625,-1,1,True,London  (07-12),Sunday,8
2025-07-13 08:30:00+00:00,2025-07-13 09:00:00+00:00,9.260624999999997,1,3,True,London  (07-12),Sunday,8
2025-07-13 09:15:00+00:00,2025-07-13 11:00:00+00:00,-25.200312500000003,-1,8,False,London  (07-12),Sunday,9
2025-07-13 11:15:00+00:00,2025-07-13 14:15:00+00:00,607.4974994584612,1,13,True,London  (07-12),Sunday,11
2025-07-13 14:30:00+00:00,2025-07-13 15:30:00+00:00,227.10598599415366,-1,5,True,Overlap (12-16),Sunday,14
2025-07-13 15:45:00+00:00,2025-07-13 19:15:00+00:00,304.83434053697476,1,15,True,Overlap (12-16),Sunday,15
2025-07-13 19:30:00+00:00,2025-07-13 20:00:00+00:00,131.71375,-1,3,True,NY      (16-22),Sunday,19
2025-07-13 20:15:00+00:00,2025-07-13 20:15:00+00:00,145.12,1,1,True,NY      (16-22),Sunday,20
2025-07-13 20:30:00+00:00,2025-07-13 20:45:00+00:00,83.31921875,-1,2,True,NY      (16-22),Sunday,20
2025-07-13 21:00:00+00:00,2025-07-13 21:15:00+00:00,-89.0440625,1,2,False,NY      (16-22),Sunday,21
2025-07-13 21:30:00+00:00,2025-07-13 22:00:00+00:00,244.74260799515167,-1,3,True,NY      (16-22),Sunday,21
2025-07-13 22:15:00+00:00,2025-07-14 06:00:00+00:00,1310.1691071336184,1,32,True,Off     (22-00),Sunday,22
2025-07-14 06:15:00+00:00,2025-07-14 07:00:00+00:00,-38.67061949101163,-1,4,False,Asia    (00-07),Monday,6
2025-07-14 07:15:00+00:00,2025-07-14 08:30:00+00:00,122.91519713431519,1,6,True,London  (07-12),Monday,7
2025-07-14 08:45:00+00:00,2025-07-14 14:30:00+00:00,649.0837323165943,-1,24,True,London  (07-12),Monday,8
2025-07-14 14:45:00+00:00,2025-07-14 17:00:00+00:00,-166.86184285168514,1,10,False,Overlap (12-16),Monday,14
2025-07-14 17:15:00+00:00,2025-07-14 19:00:00+00:00,175.28128991767483,-1,8,True,NY      (16-22),Monday,17
2025-07-14 19:15:00+00:00,2025-07-14 20:30:00+00:00,157.3874132434627,1,6,True,NY      (16-22),Monday,19
2025-07-14 20:45:00+00:00,2025-07-15 04:00:00+00:00,1138.3429439719553,-1,30,True,NY      (16-22),Monday,20
2025-07-15 04:15:00+00:00,2025-07-15 05:00:00+00:00,145.77559053615627,1,4,True,Asia    (00-07),Tuesday,4
2025-07-15 05:15:00+00:00,2025-07-15 08:00:00+00:00,249.43132470135052,-1,12,True,Asia    (00-07),Tuesday,5
2025-07-15 08:15:00+00:00,2025-07-15 12:00:00+00:00,120.50650764551096,1,16,True,London  (07-12),Tuesday,8
2025-07-15 12:15:00+00:00,2025-07-15 12:30:00+00:00,209.42711244403307,-1,2,True,Overlap (12-16),Tuesday,12
2025-07-15 12:45:00+00:00,2025-07-15 12:45:00+00:00,224.92641475423477,1,1,True,Overlap (12-16),Tuesday,12
2025-07-15 13:00:00+00:00,2025-07-15 15:30:00+00:00,108.65648789800767,-1,11,True,Overlap (12-16),Tuesday,13
2025-07-15 15:45:00+00:00,2025-07-15 19:15:00+00:00,61.698639346182446,1,15,True,Overlap (12-16),Tuesday,15
2025-07-15 19:30:00+00:00,2025-07-15 19:45:00+00:00,113.5028276264261,-1,2,True,NY      (16-22),Tuesday,19
2025-07-15 20:00:00+00:00,2025-07-16 00:30:00+00:00,493.8422588619387,1,19,True,NY      (16-22),Tuesday,20
2025-07-16 00:45:00+00:00,2025-07-16 02:30:00+00:00,381.66526678726143,-1,8,True,Asia    (00-07),Wednesday,0
2025-07-16 02:45:00+00:00,2025-07-16 05:00:00+00:00,416.60497198018663,1,10,True,Asia    (00-07),Wednesday,2
2025-07-16 05:15:00+00:00,2025-07-16 05:45:00+00:00,41.35046875,-1,3,True,Asia    (00-07),Wednesday,5
2025-07-16 06:00:00+00:00,2025-07-16 07:00:00+00:00,87.9559375,1,5,True,Asia    (00-07),Wednesday,6
2025-07-16 07:15:00+00:00,2025-07-16 08:00:00+00:00,-61.958124999999995,-1,4,False,London  (07-12),Wednesday,7
2025-07-16 08:15:00+00:00,2025-07-16 10:00:00+00:00,500.38171875,1,8,True,London  (07-12),Wednesday,8
2025-07-16 10:15:00+00:00,2025-07-16 13:15:00+00:00,185.02675136812888,-1,13,True,London  (07-12),Wednesday,10
2025-07-16 13:30:00+00:00,2025-07-16 17:00:00+00:00,98.62805129859831,1,15,True,Overlap (12-16),Wednesday,13
2025-07-16 17:15:00+00:00,2025-07-16 18:00:00+00:00,-34.989716274592446,-1,4,False,NY      (16-22),Wednesday,17
2025-07-16 18:15:00+00:00,2025-07-16 21:00:00+00:00,166.61274324009878,1,12,True,NY      (16-22),Wednesday,18
2025-07-16 21:15:00+00:00,2025-07-16 22:45:00+00:00,442.05268351361383,-1,7,True,NY      (16-22),Wednesday,21
2025-07-16 23:00:00+00:00,2025-07-17 00:30:00+00:00,212.07421497652655,1,7,True,Off     (22-00),Wednesday,23
2025-07-17 00:45:00+00:00,2025-07-17 03:15:00+00:00,523.2745857957949,-1,11,True,Asia    (00-07),Thursday,0
2025-07-17 03:30:00+00:00,2025-07-17 04:30:00+00:00,179.7172791446623,1,5,True,Asia    (00-07),Thursday,3
2025-07-17 04:45:00+00:00,2025-07-17 05:00:00+00:00,32.86796445003385,-1,2,True,Asia    (00-07),Thursday,4
2025-07-17 05:15:00+00:00,2025-07-17 07:45:00+00:00,-4.338248140348725,1,11,False,Asia    (00-07),Thursday,5
2025-07-17 08:00:00+00:00,2025-07-17 12:00:00+00:00,234.87000026879,-1,17,True,London  (07-12),Thursday,8
2025-07-17 12:15:00+00:00,2025-07-17 16:15:00+00:00,255.66722730710586,1,17,True,Overlap (12-16),Thursday,12
2025-07-17 16:30:00+00:00,2025-07-17 17:15:00+00:00,-51.55302951388204,-1,4,False,NY      (16-22),Thursday,16
2025-07-17 17:30:00+00:00,2025-07-17 19:00:00+00:00,395.67006460631853,1,7,True,NY      (16-22),Thursday,17
2025-07-17 19:15:00+00:00,2025-07-17 20:00:00+00:00,403.035985991026,-1,4,True,NY      (16-22),Thursday,19
2025-07-17 20:15:00+00:00,2025-07-18 06:00:00+00:00,619.0015045434461,1,40,True,NY      (16-22),Thursday,20
2025-07-18 06:15:00+00:00,2025-07-18 08:45:00+00:00,693.5819369049193,-1,11,True,Asia    (00-07),Friday,6
2025-07-18 09:00:00+00:00,2025-07-18 12:30:00+00:00,317.9216022641233,1,15,True,London  (07-12),Friday,9
2025-07-18 12:45:00+00:00,2025-07-18 19:00:00+00:00,774.4204271035594,-1,26,True,Overlap (12-16),Friday,12
2025-07-18 19:15:00+00:00,2025-07-19 05:15:00+00:00,336.08048755999437,1,41,True,NY      (16-22),Friday,19
2025-07-19 05:30:00+00:00,2025-07-19 06:15:00+00:00,18.737187500000005,-1,4,True,Asia    (00-07),Saturday,5
2025-07-19 06:30:00+00:00,2025-07-19 07:00:00+00:00,79.35828125,1,3,True,Asia    (00-07),Saturday,6
2025-07-19 07:15:00+00:00,2025-07-19 08:00:00+00:00,76.2528125,-1,4,True,London  (07-12),Saturday,7
2025-07-19 08:15:00+00:00,2025-07-19 11:15:00+00:00,179.1121875,1,13,True,London  (07-12),Saturday,8
2025-07-19 11:30:00+00:00,2025-07-19 15:00:00+00:00,265.11609375,-1,15,True,London  (07-12),Saturday,11
2025-07-19 15:15:00+00:00,2025-07-19 18:15:00+00:00,-4.2159374999999955,1,13,False,Overlap (12-16),Saturday,15
2025-07-19 18:30:00+00:00,2025-07-19 19:00:00+00:00,72.77234375,-1,3,True,NY      (16-22),Saturday,18
2025-07-19 19:15:00+00:00,2025-07-19 20:00:00+00:00,126.5340625,1,4,True,NY      (16-22),Saturday,19
2025-07-19 20:15:00+00:00,2025-07-19 21:30:00+00:00,259.19421875,-1,6,True,NY      (16-22),Saturday,20
2025-07-19 21:45:00+00:00,2025-07-19 23:00:00+00:00,199.1825,1,6,True,NY      (16-22),Saturday,21
2025-07-19 23:15:00+00:00,2025-07-20 00:00:00+00:00,89.53015625,-1,4,True,Off     (22-00),Saturday,23
2025-07-20 00:15:00+00:00,2025-07-20 03:00:00+00:00,127.90125,1,12,True,Asia    (00-07),Sunday,0
2025-07-20 03:15:00+00:00,2025-07-20 04:00:00+00:00,14.280156249999997,-1,4,True,Asia    (00-07),Sunday,3
2025-07-20 04:15:00+00:00,2025-07-20 05:30:00+00:00,-33.590937499999995,1,6,False,Asia    (00-07),Sunday,4
2025-07-20 05:45:00+00:00,2025-07-20 06:15:00+00:00,15.483281249999997,-1,3,True,Asia    (00-07),Sunday,5
2025-07-20 06:30:00+00:00,2025-07-20 09:15:00+00:00,71.03796875,1,12,True,Asia    (00-07),Sunday,6
2025-07-20 09:30:00+00:00,2025-07-20 12:00:00+00:00,40.98328125,-1,11,True,London  (07-12),Sunday,9
2025-07-20 12:15:00+00:00,2025-07-20 14:15:00+00:00,359.18640625,1,9,True,Overlap (12-16),Sunday,12
2025-07-20 14:30:00+00:00,2025-07-20 14:45:00+00:00,69.58875,-1,2,True,Overlap (12-16),Sunday,14
2025-07-20 15:00:00+00:00,2025-07-20 16:00:00+00:00,61.686406250000005,1,5,True,Overlap (12-16),Sunday,15
2025-07-20 16:15:00+00:00,2025-07-20 17:45:00+00:00,283.9661118353354,-1,7,True,NY      (16-22),Sunday,16
2025-07-20 18:00:00+00:00,2025-07-20 19:00:00+00:00,234.57703125,1,5,True,NY      (16-22),Sunday,18
2025-07-20 19:15:00+00:00,2025-07-21 00:00:00+00:00,777.2961062770029,-1,20,True,NY      (16-22),Sunday,19
2025-07-21 00:15:00+00:00,2025-07-21 08:00:00+00:00,1023.3844126294116,1,32,True,Asia    (00-07),Monday,0
2025-07-21 08:15:00+00:00,2025-07-21 12:45:00+00:00,579.6453355487081,-1,19,True,London  (07-12),Monday,8
2025-07-21 13:00:00+00:00,2025-07-21 14:30:00+00:00,338.4334357595432,1,7,True,Overlap (12-16),Monday,13
2025-07-21 14:45:00+00:00,2025-07-21 20:00:00+00:00,705.958276700062,-1,22,True,Overlap (12-16),Monday,14
2025-07-21 20:15:00+00:00,2025-07-21 22:30:00+00:00,274.1597071584174,1,10,True,NY      (16-22),Monday,20
2025-07-21 22:45:00+00:00,2025-07-21 22:45:00+00:00,112.80376698477824,-1,1,True,Off     (22-00),Monday,22
2025-07-21 23:00:00+00:00,2025-07-22 00:00:00+00:00,-29.532343750000003,1,5,False,Off     (22-00),Monday,23
2025-07-22 00:15:00+00:00,2025-07-22 01:00:00+00:00,210.3621875,-1,4,True,Asia    (00-07),Tuesday,0
2025-07-22 01:15:00+00:00,2025-07-22 01:30:00+00:00,312.25383906450685,1,2,True,Asia    (00-07),Tuesday,1
2025-07-22 01:45:00+00:00,2025-07-22 03:00:00+00:00,212.81594780030844,-1,6,True,Asia    (00-07),Tuesday,1
2025-07-22 03:15:00+00:00,2025-07-22 07:15:00+00:00,557.8520809664268,1,17,True,Asia    (00-07),Tuesday,3
2025-07-22 07:30:00+00:00,2025-07-22 07:45:00+00:00,195.27711388652156,-1,2,True,London  (07-12),Tuesday,7
2025-07-22 08:00:00+00:00,2025-07-22 13:00:00+00:00,547.4862329206545,1,21,True,London  (07-12),Tuesday,8
2025-07-22 13:15:00+00:00,2025-07-22 14:15:00+00:00,349.669056583605,-1,5,True,Overlap (12-16),Tuesday,13
2025-07-22 14:30:00+00:00,2025-07-22 15:00:00+00:00,215.99596229937356,1,3,True,Overlap (12-16),Tuesday,14
2025-07-22 15:15:00+00:00,2025-07-22 15:15:00+00:00,77.25611459320518,-1,1,True,Overlap (12-16),Tuesday,15
2025-07-22 15:30:00+00:00,2025-07-22 19:00:00+00:00,334.1887453204548,1,15,True,Overlap (12-16),Tuesday,15
2025-07-22 19:15:00+00:00,2025-07-22 20:45:00+00:00,28.652245453243623,-1,7,True,NY      (16-22),Tuesday,19
2025-07-22 21:00:00+00:00,2025-07-22 23:00:00+00:00,237.99811163984788,1,9,True,NY      (16-22),Tuesday,21
2025-07-22 23:15:00+00:00,2025-07-23 04:00:00+00:00,732.110621354261,-1,20,True,Off     (22-00),Tuesday,23
2025-07-23 04:15:00+00:00,2025-07-23 04:45:00+00:00,129.79578125,1,3,True,Asia    (00-07),Wednesday,4
2025-07-23 05:00:00+00:00,2025-07-23 08:15:00+00:00,300.245,-1,14,True,Asia    (00-07),Wednesday,5
2025-07-23 08:30:00+00:00,2025-07-23 12:00:00+00:00,129.74109375,1,15,True,London  (07-12),Wednesday,8
2025-07-23 12:15:00+00:00,2025-07-23 14:00:00+00:00,465.17274543171567,-1,8,True,Overlap (12-16),Wednesday,12
2025-07-23 14:15:00+00:00,2025-07-23 16:00:00+00:00,98.83461120038585,1,8,True,Overlap (12-16),Wednesday,14
2025-07-23 16:15:00+00:00,2025-07-23 17:15:00+00:00,76.9844385966194,-1,5,True,NY      (16-22),Wednesday,16
2025-07-23 17:30:00+00:00,2025-07-23 18:15:00+00:00,166.85543410101081,1,4,True,NY      (16-22),Wednesday,17
2025-07-23 18:30:00+00:00,2025-07-23 20:30:00+00:00,135.4219081113822,-1,9,True,NY      (16-22),Wednesday,18
2025-07-23 20:45:00+00:00,2025-07-24 02:00:00+00:00,410.4695890659382,1,22,True,NY      (16-22),Wednesday,20
2025-07-24 02:15:00+00:00,2025-07-24 05:15:00+00:00,660.1429211662463,-1,13,True,Asia    (00-07),Thursday,2
2025-07-24 05:30:00+00:00,2025-07-24 13:15:00+00:00,425.53647579943805,1,32,True,Asia    (00-07),Thursday,5
2025-07-24 13:30:00+00:00,2025-07-24 14:00:00+00:00,326.737328036461,-1,3,True,Overlap (12-16),Thursday,13
2025-07-24 14:15:00+00:00,2025-07-24 16:00:00+00:00,406.3444221667725,1,8,True,Overlap (12-16),Thursday,14
2025-07-24 16:15:00+00:00,2025-07-24 17:00:00+00:00,5.191816371466544,-1,4,True,NY      (16-22),Thursday,16
2025-07-24 17:15:00+00:00,2025-07-24 18:00:00+00:00,137.75861666906894,1,4,True,NY      (16-22),Thursday,17
2025-07-24 18:15:00+00:00,2025-07-24 23:45:00+00:00,436.4216331500637,-1,23,True,NY      (16-22),Thursday,18
2025-07-25 00:00:00+00:00,2025-07-25 00:00:00+00:00,-104.17296875,1,1,False,Asia    (00-07),Friday,0
2025-07-25 00:15:00+00:00,2025-07-25 03:30:00+00:00,1231.5850907546046,-1,14,True,Asia    (00-07),Friday,0
2025-07-25 03:45:00+00:00,2025-07-25 04:45:00+00:00,211.08588061067644,1,5,True,Asia    (00-07),Friday,3
2025-07-25 05:00:00+00:00,2025-07-25 07:30:00+00:00,266.6657206026146,-1,11,True,Asia    (00-07),Friday,5
2025-07-25 07:45:00+00:00,2025-07-25 08:00:00+00:00,145.53070119834476,1,2,True,London  (07-12),Friday,7
2025-07-25 08:15:00+00:00,2025-07-25 08:30:00+00:00,176.59301279057613,-1,2,True,London  (07-12),Friday,8
2025-07-25 08:45:00+00:00,2025-07-25 12:00:00+00:00,410.9340633170418,1,14,True,London  (07-12),Friday,8
2025-07-25 12:15:00+00:00,2025-07-25 13:30:00+00:00,320.07892780324624,-1,6,True,Overlap (12-16),Friday,12
2025-07-25 13:45:00+00:00,2025-07-25 14:00:00+00:00,-20.471792937245283,1,2,False,Overlap (12-16),Friday,13
2025-07-25 14:15:00+00:00,2025-07-25 15:00:00+00:00,75.92182249026068,-1,4,True,Overlap (12-16),Friday,14
2025-07-25 15:15:00+00:00,2025-07-26 01:00:00+00:00,848.0527608791076,1,40,True,Overlap (12-16),Friday,15
2025-07-26 01:15:00+00:00,2025-07-26 02:00:00+00:00,103.44421875,-1,4,True,Asia    (00-07),Saturday,1
2025-07-26 02:15:00+00:00,2025-07-26 04:00:00+00:00,99.9090625,1,8,True,Asia    (00-07),Saturday,2
2025-07-26 04:15:00+00:00,2025-07-26 08:00:00+00:00,92.63171875,-1,16,True,Asia    (00-07),Saturday,4
2025-07-26 08:15:00+00:00,2025-07-26 11:00:00+00:00,339.448125,1,12,True,London  (07-12),Saturday,8
2025-07-26 11:15:00+00:00,2025-07-26 12:00:00+00:00,99.0965625,-1,4,True,London  (07-12),Saturday,11
2025-07-26 12:15:00+00:00,2025-07-26 20:00:00+00:00,134.93640625,1,32,True,Overlap (12-16),Saturday,12
2025-07-26 20:15:00+00:00,2025-07-26 21:00:00+00:00,93.635625,-1,4,True,NY      (16-22),Saturday,20
2025-07-26 21:15:00+00:00,2025-07-27 03:30:00+00:00,158.229375,1,26,True,NY      (16-22),Saturday,21
2025-07-27 03:45:00+00:00,2025-07-27 09:15:00+00:00,160.10828125,-1,23,True,Asia    (00-07),Sunday,3
2025-07-27 09:30:00+00:00,2025-07-27 11:00:00+00:00,164.30359375,1,7,True,London  (07-12),Sunday,9
2025-07-27 11:15:00+00:00,2025-07-27 12:00:00+00:00,62.358281250000005,-1,4,True,London  (07-12),Sunday,11
2025-07-27 12:15:00+00:00,2025-07-28 00:00:00+00:00,665.6682224500987,1,48,True,Overlap (12-16),Sunday,12
2025-07-28 00:15:00+00:00,2025-07-28 02:45:00+00:00,-3.1143749999999955,-1,11,False,Asia    (00-07),Monday,0
2025-07-28 03:00:00+00:00,2025-07-28 03:00:00+00:00,-49.3721875,1,1,False,Asia    (00-07),Monday,3
2025-07-28 03:15:00+00:00,2025-07-28 03:30:00+00:00,47.78796875,-1,2,True,Asia    (00-07),Monday,3
2025-07-28 03:45:00+00:00,2025-07-28 04:00:00+00:00,-5.641718750000003,1,2,False,Asia    (00-07),Monday,3
2025-07-28 04:15:00+00:00,2025-07-28 08:00:00+00:00,156.8934375,-1,16,True,Asia    (00-07),Monday,4
2025-07-28 08:15:00+00:00,2025-07-28 10:15:00+00:00,-4.9034374999999955,1,9,False,London  (07-12),Monday,8
2025-07-28 10:30:00+00:00,2025-07-28 11:00:00+00:00,107.0028125,-1,3,True,London  (07-12),Monday,10
2025-07-28 11:15:00+00:00,2025-07-28 11:45:00+00:00,53.397343750000005,1,3,True,London  (07-12),Monday,11
2025-07-28 12:00:00+00:00,2025-07-28 15:45:00+00:00,282.2999204556577,-1,16,True,Overlap (12-16),Monday,12
2025-07-28 16:00:00+00:00,2025-07-28 17:15:00+00:00,-65.9183364665572,1,6,False,NY      (16-22),Monday,16
2025-07-28 17:30:00+00:00,2025-07-28 18:00:00+00:00,91.30843522697532,-1,3,True,NY      (16-22),Monday,17
2025-07-28 18:15:00+00:00,2025-07-28 21:00:00+00:00,88.28251137748632,1,12,True,NY      (16-22),Monday,18
2025-07-28 21:15:00+00:00,2025-07-28 23:00:00+00:00,26.938078709105582,-1,8,True,NY      (16-22),Monday,21
2025-07-28 23:15:00+00:00,2025-07-29 00:00:00+00:00,151.54830771873745,1,4,True,Off     (22-00),Monday,23
2025-07-29 00:15:00+00:00,2025-07-29 00:15:00+00:00,6.510624999999997,-1,1,True,Asia    (00-07),Tuesday,0
2025-07-29 00:30:00+00:00,2025-07-29 01:00:00+00:00,-90.98823904615361,1,3,False,Asia    (00-07),Tuesday,0
2025-07-29 01:15:00+00:00,2025-07-29 02:00:00+00:00,66.98574152613925,-1,4,True,Asia    (00-07),Tuesday,1
2025-07-29 02:15:00+00:00,2025-07-29 04:00:00+00:00,373.32155763454386,1,8,True,Asia    (00-07),Tuesday,2
2025-07-29 04:15:00+00:00,2025-07-29 07:00:00+00:00,-51.782343749999995,-1,12,False,Asia    (00-07),Tuesday,4
2025-07-29 07:15:00+00:00,2025-07-29 08:45:00+00:00,27.119999999999997,1,7,True,London  (07-12),Tuesday,7
2025-07-29 09:00:00+00:00,2025-07-29 10:45:00+00:00,288.1434375,-1,8,True,London  (07-12),Tuesday,9
2025-07-29 11:00:00+00:00,2025-07-29 12:15:00+00:00,292.63953125,1,6,True,London  (07-12),Tuesday,11
2025-07-29 12:30:00+00:00,2025-07-29 16:15:00+00:00,683.9136782302949,-1,16,True,Overlap (12-16),Tuesday,12
2025-07-29 16:30:00+00:00,2025-07-30 00:00:00+00:00,212.55900582374966,1,31,True,NY      (16-22),Tuesday,16
2025-07-30 00:15:00+00:00,2025-07-30 01:00:00+00:00,76.27625,-1,4,True,Asia    (00-07),Wednesday,0
2025-07-30 01:15:00+00:00,2025-07-30 04:00:00+00:00,213.56140625,1,12,True,Asia    (00-07),Wednesday,1
2025-07-30 04:15:00+00:00,2025-07-30 05:00:00+00:00,241.15125,-1,4,True,Asia    (00-07),Wednesday,4
2025-07-30 05:15:00+00:00,2025-07-30 05:45:00+00:00,125.510625,1,3,True,Asia    (00-07),Wednesday,5
2025-07-30 06:00:00+00:00,2025-07-30 06:00:00+00:00,-51.3565625,-1,1,False,Asia    (00-07),Wednesday,6
2025-07-30 06:15:00+00:00,2025-07-30 06:30:00+00:00,102.510625,1,2,True,Asia    (00-07),Wednesday,6
2025-07-30 06:45:00+00:00,2025-07-30 08:00:00+00:00,123.995,-1,6,True,Asia    (00-07),Wednesday,6
2025-07-30 08:15:00+00:00,2025-07-30 09:00:00+00:00,104.48328125,1,4,True,London  (07-12),Wednesday,8
2025-07-30 09:15:00+00:00,2025-07-30 11:30:00+00:00,216.60046875,-1,10,True,London  (07-12),Wednesday,9
2025-07-30 11:45:00+00:00,2025-07-30 15:00:00+00:00,179.21582884351042,1,14,True,London  (07-12),Wednesday,11
2025-07-30 15:15:00+00:00,2025-07-30 19:15:00+00:00,730.266340526702,-1,17,True,Overlap (12-16),Wednesday,15
2025-07-30 19:30:00+00:00,2025-07-31 01:00:00+00:00,837.1371691022727,1,23,True,NY      (16-22),Wednesday,19
2025-07-31 01:15:00+00:00,2025-07-31 02:15:00+00:00,108.87390625,-1,5,True,Asia    (00-07),Thursday,1
2025-07-31 02:30:00+00:00,2025-07-31 07:00:00+00:00,259.37390625,1,19,True,Asia    (00-07),Thursday,2
2025-07-31 07:15:00+00:00,2025-07-31 12:00:00+00:00,137.291875,-1,20,True,London  (07-12),Thursday,7
2025-07-31 12:15:00+00:00,2025-07-31 13:45:00+00:00,47.432500000000005,1,7,True,Overlap (12-16),Thursday,12
2025-07-31 14:00:00+00:00,2025-07-31 15:00:00+00:00,240.99425513681564,-1,5,True,Overlap (12-16),Thursday,14
2025-07-31 15:15:00+00:00,2025-07-31 16:00:00+00:00,109.01646633562726,1,4,True,Overlap (12-16),Thursday,15
2025-07-31 16:15:00+00:00,2025-08-01 01:00:00+00:00,1315.0268635243478,-1,36,True,NY      (16-22),Thursday,16
2025-08-01 01:15:00+00:00,2025-08-01 01:45:00+00:00,170.63281298161894,1,3,True,Asia    (00-07),Friday,1
2025-08-01 02:00:00+00:00,2025-08-01 06:30:00+00:00,182.00726529014344,-1,19,True,Asia    (00-07),Friday,2
2025-08-01 06:45:00+00:00,2025-08-01 08:00:00+00:00,-195.97008635705674,1,6,False,Asia    (00-07),Friday,6
2025-08-01 08:15:00+00:00,2025-08-01 09:45:00+00:00,-108.0558859343722,-1,7,False,London  (07-12),Friday,8
2025-08-01 10:00:00+00:00,2025-08-01 13:00:00+00:00,354.49144904844286,1,13,True,London  (07-12),Friday,10
2025-08-01 13:15:00+00:00,2025-08-01 13:45:00+00:00,524.9681267783843,-1,3,True,Overlap (12-16),Friday,13
2025-08-01 14:00:00+00:00,2025-08-01 16:00:00+00:00,338.5902819015867,1,9,True,Overlap (12-16),Friday,14
2025-08-01 16:15:00+00:00,2025-08-01 20:00:00+00:00,600.2624044752771,-1,16,True,NY      (16-22),Friday,16
2025-08-01 20:15:00+00:00,2025-08-01 22:00:00+00:00,72.75268393352084,1,8,True,NY      (16-22),Friday,20
2025-08-01 22:15:00+00:00,2025-08-02 00:00:00+00:00,87.48991603250946,-1,8,True,Off     (22-00),Friday,22
2025-08-02 00:15:00+00:00,2025-08-02 00:15:00+00:00,69.10687268669427,1,1,True,Asia    (00-07),Saturday,0
2025-08-02 00:30:00+00:00,2025-08-02 01:30:00+00:00,-9.666558408396133,-1,5,False,Asia    (00-07),Saturday,0
2025-08-02 01:45:00+00:00,2025-08-02 08:00:00+00:00,185.4591670559891,1,26,True,Asia    (00-07),Saturday,1
2025-08-02 08:15:00+00:00,2025-08-02 09:15:00+00:00,109.69421875,-1,5,True,London  (07-12),Saturday,8
2025-08-02 09:30:00+00:00,2025-08-02 10:00:00+00:00,-70.301875,1,3,False,London  (07-12),Saturday,9
2025-08-02 10:15:00+00:00,2025-08-02 11:00:00+00:00,42.905156250000005,-1,4,True,London  (07-12),Saturday,10
2025-08-02 11:15:00+00:00,2025-08-02 12:00:00+00:00,98.38171875,1,4,True,London  (07-12),Saturday,11
2025-08-02 12:15:00+00:00,2025-08-02 16:00:00+00:00,461.385625,-1,16,True,Overlap (12-16),Saturday,12
2025-08-02 16:15:00+00:00,2025-08-02 16:45:00+00:00,202.0340625,1,3,True,NY      (16-22),Saturday,16
2025-08-02 17:00:00+00:00,2025-08-02 20:00:00+00:00,400.1718836452988,-1,13,True,NY      (16-22),Saturday,17
2025-08-02 20:15:00+00:00,2025-08-02 23:15:00+00:00,-85.51030930057128,1,13,False,NY      (16-22),Saturday,20
2025-08-02 23:30:00+00:00,2025-08-03 00:15:00+00:00,-41.87763185790433,-1,4,False,Off     (22-00),Saturday,23
2025-08-03 00:30:00+00:00,2025-08-03 03:45:00+00:00,490.4688685325391,1,14,True,Asia    (00-07),Sunday,0
2025-08-03 04:00:00+00:00,2025-08-03 04:45:00+00:00,53.018437500000005,-1,4,True,Asia    (00-07),Sunday,4
2025-08-03 05:00:00+00:00,2025-08-03 11:00:00+00:00,366.8934375,1,25,True,Asia    (00-07),Sunday,5
2025-08-03 11:15:00+00:00,2025-08-03 11:45:00+00:00,170.00671875,-1,3,True,London  (07-12),Sunday,11
2025-08-03 12:00:00+00:00,2025-08-03 13:00:00+00:00,89.77625,1,5,True,Overlap (12-16),Sunday,12
2025-08-03 13:15:00+00:00,2025-08-03 13:15:00+00:00,97.83484375,-1,1,True,Overlap (12-16),Sunday,13
2025-08-03 13:30:00+00:00,2025-08-03 19:00:00+00:00,258.09265625,1,23,True,Overlap (12-16),Sunday,13
2025-08-03 19:15:00+00:00,2025-08-03 20:00:00+00:00,59.717656250000005,-1,4,True,NY      (16-22),Sunday,19
2025-08-03 20:15:00+00:00,2025-08-03 21:00:00+00:00,123.448125,1,4,True,NY      (16-22),Sunday,20
2025-08-03 21:15:00+00:00,2025-08-03 21:30:00+00:00,63.12,-1,2,True,NY      (16-22),Sunday,21
2025-08-03 21:45:00+00:00,2025-08-03 23:00:00+00:00,0.11609375000000455,1,6,True,NY      (16-22),Sunday,21
2025-08-03 23:15:00+00:00,2025-08-04 00:00:00+00:00,102.354375,-1,4,True,Off     (22-00),Sunday,23
2025-08-04 00:15:00+00:00,2025-08-04 02:45:00+00:00,304.573125,1,11,True,Asia    (00-07),Monday,0
2025-08-04 03:00:00+00:00,2025-08-04 04:30:00+00:00,189.6278125,-1,7,True,Asia    (00-07),Monday,3
2025-08-04 04:45:00+00:00,2025-08-04 08:00:00+00:00,113.06921875,1,14,True,Asia    (00-07),Monday,4
2025-08-04 08:15:00+00:00,2025-08-04 11:00:00+00:00,148.88953125,-1,12,True,London  (07-12),Monday,8
2025-08-04 11:15:00+00:00,2025-08-04 14:00:00+00:00,447.62,1,12,True,London  (07-12),Monday,11
2025-08-04 14:15:00+00:00,2025-08-04 16:00:00+00:00,120.38398742144406,-1,8,True,Overlap (12-16),Monday,14
2025-08-04 16:15:00+00:00,2025-08-04 17:00:00+00:00,236.58402738427577,1,4,True,NY      (16-22),Monday,16
2025-08-04 17:15:00+00:00,2025-08-04 20:00:00+00:00,423.78908706857436,-1,12,True,NY      (16-22),Monday,17
2025-08-04 20:15:00+00:00,2025-08-04 23:15:00+00:00,287.80359375,1,13,True,NY      (16-22),Monday,20
2025-08-04 23:30:00+00:00,2025-08-05 02:30:00+00:00,322.33484375,-1,13,True,Off     (22-00),Monday,23
2025-08-05 02:45:00+00:00,2025-08-05 03:00:00+00:00,-96.895625,1,2,False,Asia    (00-07),Tuesday,2
2025-08-05 03:15:00+00:00,2025-08-05 07:45:00+00:00,233.71765625,-1,19,True,Asia    (00-07),Tuesday,3
2025-08-05 08:00:00+00:00,2025-08-05 12:00:00+00:00,446.83484375,1,17,True,London  (07-12),Tuesday,8
2025-08-05 12:15:00+00:00,2025-08-05 13:00:00+00:00,399.70769527830396,-1,4,True,Overlap (12-16),Tuesday,12
2025-08-05 13:15:00+00:00,2025-08-05 14:00:00+00:00,-68.98462888846208,1,4,False,Overlap (12-16),Tuesday,13
2025-08-05 14:15:00+00:00,2025-08-05 16:00:00+00:00,253.28121973418789,-1,8,True,Overlap (12-16),Tuesday,14
2025-08-05 16:15:00+00:00,2025-08-05 20:00:00+00:00,267.8195078166655,1,16,True,NY      (16-22),Tuesday,16
2025-08-05 20:15:00+00:00,2025-08-05 21:45:00+00:00,88.9403125,-1,7,True,NY      (16-22),Tuesday,20
2025-08-05 22:00:00+00:00,2025-08-06 00:00:00+00:00,206.80359375,1,9,True,Off     (22-00),Tuesday,22
2025-08-06 00:15:00+00:00,2025-08-06 01:00:00+00:00,84.34265625,-1,4,True,Asia    (00-07),Wednesday,0
2025-08-06 01:15:00+00:00,2025-08-06 03:00:00+00:00,-131.40734375,1,8,False,Asia    (00-07),Wednesday,1
2025-08-06 03:15:00+00:00,2025-08-06 03:15:00+00:00,78.3153125,-1,1,True,Asia    (00-07),Wednesday,3
2025-08-06 03:30:00+00:00,2025-08-06 06:30:00+00:00,297.885625,1,13,True,Asia    (00-07),Wednesday,3
2025-08-06 06:45:00+00:00,2025-08-06 07:45:00+00:00,-100.06359375,-1,5,False,Asia    (00-07),Wednesday,6
2025-08-06 08:00:00+00:00,2025-08-06 08:45:00+00:00,-154.72375,1,4,False,London  (07-12),Wednesday,8
2025-08-06 09:00:00+00:00,2025-08-06 09:30:00+00:00,-30.766718749999995,-1,3,False,London  (07-12),Wednesday,9
2025-08-06 09:45:00+00:00,2025-08-06 16:15:00+00:00,448.6178514337966,1,27,True,London  (07-12),Wednesday,9
2025-08-06 16:30:00+00:00,2025-08-07 03:15:00+00:00,365.1149182306249,-1,44,True,NY      (16-22),Wednesday,16
2025-08-07 03:30:00+00:00,2025-08-07 11:15:00+00:00,1146.61609375,1,32,True,Asia    (00-07),Thursday,3
2025-08-07 11:30:00+00:00,2025-08-07 11:30:00+00:00,73.88953125,-1,1,True,London  (07-12),Thursday,11
2025-08-07 11:45:00+00:00,2025-08-07 16:00:00+00:00,-39.84354875056506,1,18,False,London  (07-12),Thursday,11
2025-08-07 16:15:00+00:00,2025-08-07 16:30:00+00:00,223.79833457532496,-1,2,True,NY      (16-22),Thursday,16
2025-08-07 16:45:00+00:00,2025-08-07 20:00:00+00:00,485.9734500720392,1,14,True,NY      (16-22),Thursday,16
2025-08-07 20:15:00+00:00,2025-08-08 03:45:00+00:00,263.73192033700485,-1,31,True,NY      (16-22),Thursday,20
2025-08-08 04:00:00+00:00,2025-08-08 08:00:00+00:00,70.74109375,1,17,True,Asia    (00-07),Friday,4
2025-08-08 08:15:00+00:00,2025-08-08 08:30:00+00:00,177.8778125,-1,2,True,London  (07-12),Friday,8
2025-08-08 08:45:00+00:00,2025-08-08 10:00:00+00:00,29.580937500000005,1,6,True,London  (07-12),Friday,8
2025-08-08 10:15:00+00:00,2025-08-08 11:30:00+00:00,-89.49328125,-1,6,False,London  (07-12),Friday,10
2025-08-08 11:45:00+00:00,2025-08-08 12:00:00+00:00,-85.56359375,1,2,False,London  (07-12),Friday,11
2025-08-08 12:15:00+00:00,2025-08-08 13:00:00+00:00,13.354374999999997,-1,4,True,Overlap (12-16),Friday,12
2025-08-08 13:15:00+00:00,2025-08-08 13:30:00+00:00,113.60828125,1,2,True,Overlap (12-16),Friday,13
2025-08-08 13:45:00+00:00,2025-08-08 15:30:00+00:00,434.2197952122151,-1,8,True,Overlap (12-16),Friday,13
2025-08-08 15:45:00+00:00,2025-08-08 18:00:00+00:00,377.99182628635424,1,10,True,Overlap (12-16),Friday,15
2025-08-08 18:15:00+00:00,2025-08-08 19:30:00+00:00,137.97546875,-1,6,True,NY      (16-22),Friday,18
2025-08-08 19:45:00+00:00,2025-08-08 22:00:00+00:00,234.24109375,1,10,True,NY      (16-22),Friday,19
2025-08-08 22:15:00+00:00,2025-08-08 23:30:00+00:00,96.12390625,-1,6,True,Off     (22-00),Friday,22
2025-08-08 23:45:00+00:00,2025-08-09 02:00:00+00:00,-155.50109375,1,10,False,Off     (22-00),Friday,23
2025-08-09 02:15:00+00:00,2025-08-09 04:30:00+00:00,-5.3799999999999955,-1,10,False,Asia    (00-07),Saturday,2
2025-08-09 04:45:00+00:00,2025-08-09 07:15:00+00:00,217.11609375,1,11,True,Asia    (00-07),Saturday,4
2025-08-09 07:30:00+00:00,2025-08-09 07:45:00+00:00,47.1121875,-1,2,True,London  (07-12),Saturday,7
2025-08-09 08:00:00+00:00,2025-08-09 10:15:00+00:00,495.3309375,1,10,True,London  (07-12),Saturday,8
2025-08-09 10:30:00+00:00,2025-08-09 10:45:00+00:00,161.25671875,-1,2,True,London  (07-12),Saturday,10
2025-08-09 11:00:00+00:00,2025-08-09 14:00:00+00:00,-241.4346875,1,13,False,London  (07-12),Saturday,11
2025-08-09 14:15:00+00:00,2025-08-09 20:00:00+00:00,201.64734375,-1,24,True,Overlap (12-16),Saturday,14
2025-08-09 20:15:00+00:00,2025-08-09 21:00:00+00:00,66.12390625,1,4,True,NY      (16-22),Saturday,20
2025-08-09 21:15:00+00:00,2025-08-10 00:00:00+00:00,48.120000000000005,-1,12,True,NY      (16-22),Saturday,21
2025-08-10 00:15:00+00:00,2025-08-10 04:15:00+00:00,1012.7852654108414,1,17,True,Asia    (00-07),Sunday,0
2025-08-10 04:30:00+00:00,2025-08-10 07:30:00+00:00,432.2223437078934,-1,13,True,Asia    (00-07),Sunday,4
2025-08-10 07:45:00+00:00,2025-08-10 10:00:00+00:00,233.06896318438646,1,10,True,London  (07-12),Sunday,7
2025-08-10 10:15:00+00:00,2025-08-10 11:00:00+00:00,53.28015625,-1,4,True,London  (07-12),Sunday,10
2025-08-10 11:15:00+00:00,2025-08-10 16:00:00+00:00,393.38171875,1,20,True,London  (07-12),Sunday,11
2025-08-10 16:15:00+00:00,2025-08-10 21:00:00+00:00,282.96375,-1,20,True,NY      (16-22),Sunday,16
2025-08-10 21:15:00+00:00,2025-08-11 05:00:00+00:00,1682.1155359367376,1,32,True,NY      (16-22),Sunday,21
2025-08-11 05:15:00+00:00,2025-08-11 06:15:00+00:00,31.770333167213224,-1,5,True,Asia    (00-07),Monday,5
2025-08-11 06:30:00+00:00,2025-08-11 07:00:00+00:00,-72.47238166733112,1,3,False,Asia    (00-07),Monday,6
2025-08-11 07:15:00+00:00,2025-08-11 13:00:00+00:00,1068.7341647645326,-1,24,True,London  (07-12),Monday,7
2025-08-11 13:15:00+00:00,2025-08-11 13:45:00+00:00,149.28932076962346,1,3,True,Overlap (12-16),Monday,13
2025-08-11 14:00:00+00:00,2025-08-11 14:15:00+00:00,22.33510350275105,-1,2,True,Overlap (12-16),Monday,14
2025-08-11 14:30:00+00:00,2025-08-11 14:30:00+00:00,49.30466599066853,1,1,True,Overlap (12-16),Monday,14
2025-08-11 14:45:00+00:00,2025-08-11 18:15:00+00:00,148.75548717213786,-1,15,True,Overlap (12-16),Monday,14
2025-08-11 18:30:00+00:00,2025-08-11 19:00:00+00:00,-18.93714703561811,1,3,False,NY      (16-22),Monday,18
2025-08-11 19:15:00+00:00,2025-08-11 20:00:00+00:00,364.30561776353437,-1,4,True,NY      (16-22),Monday,19
2025-08-11 20:15:00+00:00,2025-08-11 22:45:00+00:00,42.75172332391139,1,11,True,NY      (16-22),Monday,20
2025-08-11 23:00:00+00:00,2025-08-12 00:00:00+00:00,48.5249324101507,-1,5,True,Off     (22-00),Monday,23
2025-08-12 00:15:00+00:00,2025-08-12 00:45:00+00:00,80.58118191764856,1,3,True,Asia    (00-07),Tuesday,0
2025-08-12 01:00:00+00:00,2025-08-12 01:00:00+00:00,27.42529348179238,-1,1,True,Asia    (00-07),Tuesday,1
2025-08-12 01:15:00+00:00,2025-08-12 03:00:00+00:00,47.002812500000005,1,8,True,Asia    (00-07),Tuesday,1
2025-08-12 03:15:00+00:00,2025-08-12 03:15:00+00:00,8.819218749999997,-1,1,True,Asia    (00-07),Tuesday,3
2025-08-12 03:30:00+00:00,2025-08-12 06:15:00+00:00,12.830937500000005,1,12,True,Asia    (00-07),Tuesday,3
2025-08-12 06:30:00+00:00,2025-08-12 07:30:00+00:00,-23.840937499999995,-1,5,False,Asia    (00-07),Tuesday,6
2025-08-12 07:45:00+00:00,2025-08-12 08:00:00+00:00,-61.87609375,1,2,False,London  (07-12),Tuesday,7
2025-08-12 08:15:00+00:00,2025-08-12 10:00:00+00:00,322.323125,-1,8,True,London  (07-12),Tuesday,8
2025-08-12 10:15:00+00:00,2025-08-12 16:15:00+00:00,604.3492379899742,1,25,True,London  (07-12),Tuesday,10
2025-08-12 16:30:00+00:00,2025-08-12 19:30:00+00:00,-15.632054573299996,-1,13,False,NY      (16-22),Tuesday,16
2025-08-12 19:45:00+00:00,2025-08-12 23:30:00+00:00,222.57481630074062,1,16,True,NY      (16-22),Tuesday,19
2025-08-12 23:45:00+00:00,2025-08-13 02:00:00+00:00,492.38953125,-1,10,True,Off     (22-00),Tuesday,23
2025-08-13 02:15:00+00:00,2025-08-13 04:00:00+00:00,224.1121875,1,8,True,Asia    (00-07),Wednesday,2
2025-08-13 04:15:00+00:00,2025-08-13 06:00:00+00:00,219.12,-1,8,True,Asia    (00-07),Wednesday,4
2025-08-13 06:15:00+00:00,2025-08-13 11:00:00+00:00,682.495,1,20,True,Asia    (00-07),Wednesday,6
2025-08-13 11:15:00+00:00,2025-08-13 13:00:00+00:00,52.049687500000005,-1,8,True,London  (07-12),Wednesday,11
2025-08-13 13:15:00+00:00,2025-08-13 14:00:00+00:00,534.7407425040668,1,4,True,Overlap (12-16),Wednesday,13
2025-08-13 14:15:00+00:00,2025-08-13 15:15:00+00:00,405.40487735875627,-1,5,True,Overlap (12-16),Wednesday,14
2025-08-13 15:30:00+00:00,2025-08-13 21:00:00+00:00,636.0082387729809,1,23,True,Overlap (12-16),Wednesday,15
2025-08-13 21:15:00+00:00,2025-08-13 21:30:00+00:00,87.97664332067777,-1,2,True,NY      (16-22),Wednesday,21
2025-08-13 21:45:00+00:00,2025-08-13 22:30:00+00:00,390.4085141195247,1,4,True,NY      (16-22),Wednesday,21
2025-08-13 22:45:00+00:00,2025-08-13 23:00:00+00:00,179.5838298357773,-1,2,True,Off     (22-00),Wednesday,22
2025-08-13 23:15:00+00:00,2025-08-14 00:15:00+00:00,419.61133184269977,1,5,True,Off     (22-00),Wednesday,23
2025-08-14 00:30:00+00:00,2025-08-14 02:00:00+00:00,250.29188050854106,-1,7,True,Asia    (00-07),Thursday,0
2025-08-14 02:15:00+00:00,2025-08-14 03:00:00+00:00,131.0506774346656,1,4,True,Asia    (00-07),Thursday,2
2025-08-14 03:15:00+00:00,2025-08-14 11:00:00+00:00,1384.9077664346507,-1,32,True,Asia    (00-07),Thursday,3
2025-08-14 11:15:00+00:00,2025-08-14 12:00:00+00:00,66.34744422973506,1,4,True,London  (07-12),Thursday,11
2025-08-14 12:15:00+00:00,2025-08-14 13:15:00+00:00,590.1649135008036,-1,5,True,Overlap (12-16),Thursday,12
2025-08-14 13:30:00+00:00,2025-08-14 13:30:00+00:00,0.8866470665414079,1,1,True,Overlap (12-16),Thursday,13
2025-08-14 13:45:00+00:00,2025-08-14 16:15:00+00:00,104.62931845457099,-1,11,True,Overlap (12-16),Thursday,13
2025-08-14 16:30:00+00:00,2025-08-15 12:00:00+00:00,586.1802831659667,1,79,True,NY      (16-22),Thursday,16
2025-08-15 12:15:00+00:00,2025-08-15 14:45:00+00:00,774.2989475871003,-1,11,True,Overlap (12-16),Friday,12
2025-08-15 15:00:00+00:00,2025-08-15 17:15:00+00:00,18.030114027876095,1,10,True,Overlap (12-16),Friday,15
2025-08-15 17:30:00+00:00,2025-08-15 20:00:00+00:00,128.4479211883878,-1,11,True,NY      (16-22),Friday,17
2025-08-15 20:15:00+00:00,2025-08-15 23:45:00+00:00,85.98014771752298,1,15,True,NY      (16-22),Friday,20
2025-08-16 00:00:00+00:00,2025-08-16 00:15:00+00:00,-83.84484375,-1,2,False,Asia    (00-07),Saturday,0
2025-08-16 00:30:00+00:00,2025-08-16 00:30:00+00:00,84.2684375,1,1,True,Asia    (00-07),Saturday,0
2025-08-16 00:45:00+00:00,2025-08-16 01:00:00+00:00,-61.43859375,-1,2,False,Asia    (00-07),Saturday,0
2025-08-16 01:15:00+00:00,2025-08-16 01:30:00+00:00,-1.9815625000000026,1,2,False,Asia    (00-07),Saturday,1
2025-08-16 01:45:00+00:00,2025-08-16 01:45:00+00:00,-27.087031250000003,-1,1,False,Asia    (00-07),Saturday,1
2025-08-16 02:00:00+00:00,2025-08-16 02:00:00+00:00,-104.1221875,1,1,False,Asia    (00-07),Saturday,2
2025-08-16 02:15:00+00:00,2025-08-16 03:45:00+00:00,91.8621875,-1,7,True,Asia    (00-07),Saturday,2
2025-08-16 04:00:00+00:00,2025-08-16 08:45:00+00:00,85.85046875,1,20,True,Asia    (00-07),Saturday,4
2025-08-16 09:00:00+00:00,2025-08-16 10:15:00+00:00,129.666875,-1,6,True,London  (07-12),Saturday,9
2025-08-16 10:30:00+00:00,2025-08-16 11:15:00+00:00,64.20984375,1,4,True,London  (07-12),Saturday,10
2025-08-16 11:30:00+00:00,2025-08-16 12:00:00+00:00,17.303593749999997,-1,3,True,London  (07-12),Saturday,11
2025-08-16 12:15:00+00:00,2025-08-16 13:15:00+00:00,140.96375,1,5,True,Overlap (12-16),Saturday,12
2025-08-16 13:30:00+00:00,2025-08-16 14:00:00+00:00,29.166874999999997,-1,3,True,Overlap (12-16),Saturday,13
2025-08-16 14:15:00+00:00,2025-08-16 19:30:00+00:00,33.135625,1,22,True,Overlap (12-16),Saturday,14
2025-08-16 19:45:00+00:00,2025-08-16 22:15:00+00:00,144.64734375,-1,11,True,NY      (16-22),Saturday,19
2025-08-16 22:30:00+00:00,2025-08-17 03:30:00+00:00,118.03796875,1,21,True,Off     (22-00),Saturday,22
2025-08-17 03:45:00+00:00,2025-08-17 04:00:00+00:00,-19.661250000000003,-1,2,False,Asia    (00-07),Sunday,3
2025-08-17 04:15:00+00:00,2025-08-17 05:00:00+00:00,220.198125,1,4,True,Asia    (00-07),Sunday,4
2025-08-17 05:15:00+00:00,2025-08-17 06:30:00+00:00,87.791875,-1,6,True,Asia    (00-07),Sunday,5
2025-08-17 06:45:00+00:00,2025-08-17 09:15:00+00:00,169.13953125,1,11,True,Asia    (00-07),Sunday,6
2025-08-17 09:30:00+00:00,2025-08-17 09:30:00+00:00,3.9949999999999974,-1,1,True,London  (07-12),Sunday,9
2025-08-17 09:45:00+00:00,2025-08-17 10:45:00+00:00,28.350468749999997,1,5,True,London  (07-12),Sunday,9
2025-08-17 11:00:00+00:00,2025-08-17 15:00:00+00:00,58.862187500000005,-1,17,True,London  (07-12),Sunday,11
2025-08-17 15:15:00+00:00,2025-08-17 16:00:00+00:00,-84.1378125,1,4,False,Overlap (12-16),Sunday,15
2025-08-17 16:15:00+00:00,2025-08-17 17:00:00+00:00,163.78015625,-1,4,True,NY      (16-22),Sunday,16
2025-08-17 17:15:00+00:00,2025-08-17 18:00:00+00:00,66.57703125,1,4,True,NY      (16-22),Sunday,17
2025-08-17 18:15:00+00:00,2025-08-17 19:30:00+00:00,187.1121875,-1,6,True,NY      (16-22),Sunday,18
2025-08-17 19:45:00+00:00,2025-08-17 22:00:00+00:00,134.2528125,1,10,True,NY      (16-22),Sunday,19
2025-08-17 22:15:00+00:00,2025-08-18 03:15:00+00:00,1104.9518848746918,-1,21,True,Off     (22-00),Sunday,22
2025-08-18 03:30:00+00:00,2025-08-18 04:45:00+00:00,32.233678806280075,1,6,True,Asia    (00-07),Monday,3
2025-08-18 05:00:00+00:00,2025-08-18 05:30:00+00:00,132.5507777273963,-1,3,True,Asia    (00-07),Monday,5
2025-08-18 05:45:00+00:00,2025-08-18 06:00:00+00:00,95.78936849183252,1,2,True,Asia    (00-07),Monday,5
2025-08-18 06:15:00+00:00,2025-08-18 09:15:00+00:00,317.6412736113361,-1,13,True,Asia    (00-07),Monday,6
2025-08-18 09:30:00+00:00,2025-08-18 09:45:00+00:00,145.7299591789325,1,2,True,London  (07-12),Monday,9
2025-08-18 10:00:00+00:00,2025-08-18 10:15:00+00:00,9.346562499999997,-1,2,True,London  (07-12),Monday,10
2025-08-18 10:30:00+00:00,2025-08-18 10:30:00+00:00,115.38953125,1,1,True,London  (07-12),Monday,10
2025-08-18 10:45:00+00:00,2025-08-18 12:00:00+00:00,40.389531250000005,-1,6,True,London  (07-12),Monday,10
2025-08-18 12:15:00+00:00,2025-08-18 13:15:00+00:00,244.229375,1,5,True,Overlap (12-16),Monday,12
2025-08-18 13:30:00+00:00,2025-08-18 14:00:00+00:00,207.36112233751894,-1,3,True,Overlap (12-16),Monday,13
2025-08-18 14:15:00+00:00,2025-08-18 21:15:00+00:00,560.9520117349779,1,29,True,Overlap (12-16),Monday,14
2025-08-18 21:30:00+00:00,2025-08-18 21:45:00+00:00,-14.829218749999995,-1,2,False,NY      (16-22),Monday,21
2025-08-18 22:00:00+00:00,2025-08-18 22:00:00+00:00,105.45984375,1,1,True,Off     (22-00),Monday,22
2025-08-18 22:15:00+00:00,2025-08-19 00:15:00+00:00,473.40515625,-1,9,True,Off     (22-00),Monday,22
2025-08-19 00:30:00+00:00,2025-08-19 01:00:00+00:00,238.83404852784003,1,3,True,Asia    (00-07),Tuesday,0
2025-08-19 01:15:00+00:00,2025-08-19 02:45:00+00:00,300.5638344461678,-1,7,True,Asia    (00-07),Tuesday,1
2025-08-19 03:00:00+00:00,2025-08-19 03:00:00+00:00,-67.67841660678641,1,1,False,Asia    (00-07),Tuesday,3
2025-08-19 03:15:00+00:00,2025-08-19 03:45:00+00:00,296.84885602894866,-1,3,True,Asia    (00-07),Tuesday,3
2025-08-19 04:00:00+00:00,2025-08-19 12:30:00+00:00,328.41748723746184,1,35,True,Asia    (00-07),Tuesday,4
2025-08-19 12:45:00+00:00,2025-08-19 15:30:00+00:00,643.7988421185605,-1,12,True,Overlap (12-16),Tuesday,12
2025-08-19 15:45:00+00:00,2025-08-19 16:15:00+00:00,-145.2898798512099,1,3,False,Overlap (12-16),Tuesday,15
2025-08-19 16:30:00+00:00,2025-08-19 17:30:00+00:00,36.16938224676484,-1,5,True,NY      (16-22),Tuesday,16
2025-08-19 17:45:00+00:00,2025-08-19 21:15:00+00:00,2.4519171201392487,1,15,True,NY      (16-22),Tuesday,17
2025-08-19 21:30:00+00:00,2025-08-20 00:00:00+00:00,232.5679815300299,-1,11,True,NY      (16-22),Tuesday,21
2025-08-20 00:15:00+00:00,2025-08-20 07:00:00+00:00,306.37649640886207,1,28,True,Asia    (00-07),Wednesday,0
2025-08-20 07:15:00+00:00,2025-08-20 08:00:00+00:00,41.573125000000005,-1,4,True,London  (07-12),Wednesday,7
2025-08-20 08:15:00+00:00,2025-08-20 12:00:00+00:00,89.9715625,1,16,True,London  (07-12),Wednesday,8
2025-08-20 12:15:00+00:00,2025-08-20 14:00:00+00:00,497.43777476859714,-1,8,True,Overlap (12-16),Wednesday,12
2025-08-20 14:15:00+00:00,2025-08-20 15:00:00+00:00,364.87571228982347,1,4,True,Overlap (12-16),Wednesday,14
2025-08-20 15:15:00+00:00,2025-08-20 16:30:00+00:00,-18.284534359402883,-1,6,False,Overlap (12-16),Wednesday,15
2025-08-20 16:45:00+00:00,2025-08-20 21:00:00+00:00,148.35156092559575,1,18,True,NY      (16-22),Wednesday,16
2025-08-20 21:15:00+00:00,2025-08-20 22:00:00+00:00,1.9125876338995536,-1,4,True,NY      (16-22),Wednesday,21
2025-08-20 22:15:00+00:00,2025-08-20 22:45:00+00:00,122.2840625,1,3,True,Off     (22-00),Wednesday,22
2025-08-20 23:00:00+00:00,2025-08-21 01:00:00+00:00,184.71375,-1,9,True,Off     (22-00),Wednesday,23
2025-08-21 01:15:00+00:00,2025-08-21 02:00:00+00:00,14.190312500000005,1,4,True,Asia    (00-07),Thursday,1
2025-08-21 02:15:00+00:00,2025-08-21 04:30:00+00:00,172.10915113425642,-1,10,True,Asia    (00-07),Thursday,2
2025-08-21 04:45:00+00:00,2025-08-21 08:00:00+00:00,23.334843750000005,1,14,True,Asia    (00-07),Thursday,4
2025-08-21 08:15:00+00:00,2025-08-21 12:00:00+00:00,370.12,-1,16,True,London  (07-12),Thursday,8
2025-08-21 12:15:00+00:00,2025-08-21 14:00:00+00:00,311.30743404904854,1,8,True,Overlap (12-16),Thursday,12
2025-08-21 14:15:00+00:00,2025-08-21 18:00:00+00:00,502.5490386511767,-1,16,True,Overlap (12-16),Thursday,14
2025-08-21 18:15:00+00:00,2025-08-21 19:00:00+00:00,72.07663363901406,1,4,True,NY      (16-22),Thursday,18
2025-08-21 19:15:00+00:00,2025-08-21 20:00:00+00:00,89.48114252144305,-1,4,True,NY      (16-22),Thursday,19
2025-08-21 20:15:00+00:00,2025-08-21 21:45:00+00:00,124.17748869977314,1,7,True,NY      (16-22),Thursday,20
2025-08-21 22:00:00+00:00,2025-08-21 23:00:00+00:00,134.69786212017152,-1,5,True,Off     (22-00),Thursday,22
2025-08-21 23:15:00+00:00,2025-08-22 03:00:00+00:00,500.7117516632534,1,16,True,Off     (22-00),Thursday,23
2025-08-22 03:15:00+00:00,2025-08-22 04:30:00+00:00,120.67494112903111,-1,6,True,Asia    (00-07),Friday,3
2025-08-22 04:45:00+00:00,2025-08-22 08:00:00+00:00,73.1745699907154,1,14,True,Asia    (00-07),Friday,4
2025-08-22 08:15:00+00:00,2025-08-22 13:00:00+00:00,511.2684375,-1,20,True,London  (07-12),Friday,8
2025-08-22 13:15:00+00:00,2025-08-22 18:00:00+00:00,1339.3475219183017,1,20,True,Overlap (12-16),Friday,13
2025-08-22 18:15:00+00:00,2025-08-22 18:15:00+00:00,142.09347292281046,-1,1,True,NY      (16-22),Friday,18
2025-08-22 18:30:00+00:00,2025-08-23 00:15:00+00:00,15.185448718441947,1,24,True,NY      (16-22),Friday,18
2025-08-23 00:30:00+00:00,2025-08-23 06:45:00+00:00,568.2436933425181,-1,26,True,Asia    (00-07),Saturday,0
2025-08-23 07:00:00+00:00,2025-08-23 08:00:00+00:00,7.830937499999997,1,5,True,London  (07-12),Saturday,7
2025-08-23 08:15:00+00:00,2025-08-23 09:00:00+00:00,70.4090625,-1,4,True,London  (07-12),Saturday,8
2025-08-23 09:15:00+00:00,2025-08-23 10:00:00+00:00,-12.188593750000003,1,4,False,London  (07-12),Saturday,9
2025-08-23 10:15:00+00:00,2025-08-23 14:45:00+00:00,505.07703125,-1,19,True,London  (07-12),Saturday,10
2025-08-23 15:00:00+00:00,2025-08-23 23:45:00+00:00,393.4090625,1,36,True,Overlap (12-16),Saturday,15
2025-08-24 00:00:00+00:00,2025-08-24 03:15:00+00:00,224.13953125,-1,14,True,Asia    (00-07),Sunday,0
2025-08-24 03:30:00+00:00,2025-08-24 05:00:00+00:00,74.0809375,1,7,True,Asia    (00-07),Sunday,3
2025-08-24 05:15:00+00:00,2025-08-24 09:00:00+00:00,214.08484375,-1,16,True,Asia    (00-07),Sunday,5
2025-08-24 09:15:00+00:00,2025-08-24 09:30:00+00:00,153.5184375,1,2,True,London  (07-12),Sunday,9
2025-08-24 09:45:00+00:00,2025-08-24 17:15:00+00:00,351.21375,-1,31,True,London  (07-12),Sunday,9
2025-08-24 17:30:00+00:00,2025-08-24 19:00:00+00:00,128.916875,1,7,True,NY      (16-22),Sunday,17
2025-08-24 19:15:00+00:00,2025-08-24 19:45:00+00:00,453.1046183684942,-1,3,True,NY      (16-22),Sunday,19
2025-08-24 20:00:00+00:00,2025-08-24 23:30:00+00:00,190.92953244966296,1,15,True,NY      (16-22),Sunday,20
2025-08-24 23:45:00+00:00,2025-08-25 08:00:00+00:00,896.6343946515568,-1,34,True,Off     (22-00),Sunday,23
2025-08-25 08:15:00+00:00,2025-08-25 10:00:00+00:00,2.9525382115923122,1,8,True,London  (07-12),Monday,8
2025-08-25 10:15:00+00:00,2025-08-25 11:00:00+00:00,188.969717964379,-1,4,True,London  (07-12),Monday,10
2025-08-25 11:15:00+00:00,2025-08-25 16:30:00+00:00,510.7330206423427,1,22,True,London  (07-12),Monday,11
2025-08-25 16:45:00+00:00,2025-08-25 21:00:00+00:00,1036.725655598242,-1,18,True,NY      (16-22),Monday,16
2025-08-25 21:15:00+00:00,2025-08-25 22:45:00+00:00,141.9550309010159,1,7,True,NY      (16-22),Monday,21
2025-08-25 23:00:00+00:00,2025-08-26 01:00:00+00:00,218.43019027766076,-1,9,True,Off     (22-00),Monday,23
2025-08-26 01:15:00+00:00,2025-08-26 02:00:00+00:00,156.76594117021364,1,4,True,Asia    (00-07),Tuesday,1
2025-08-26 02:15:00+00:00,2025-08-26 03:00:00+00:00,112.7765643762543,-1,4,True,Asia    (00-07),Tuesday,2
2025-08-26 03:15:00+00:00,2025-08-26 03:30:00+00:00,75.57125682480294,1,2,True,Asia    (00-07),Tuesday,3
2025-08-26 03:45:00+00:00,2025-08-26 05:15:00+00:00,-117.88015280177856,-1,7,False,Asia    (00-07),Tuesday,3
2025-08-26 05:30:00+00:00,2025-08-26 06:00:00+00:00,45.0653125,1,3,True,Asia    (00-07),Tuesday,5
2025-08-26 06:15:00+00:00,2025-08-26 06:30:00+00:00,123.38171875,-1,2,True,Asia    (00-07),Tuesday,6
2025-08-26 06:45:00+00:00,2025-08-26 08:00:00+00:00,121.96375,1,6,True,Asia    (00-07),Tuesday,6
2025-08-26 08:15:00+00:00,2025-08-26 12:00:00+00:00,308.9317587331273,-1,16,True,London  (07-12),Tuesday,8
2025-08-26 12:15:00+00:00,2025-08-26 15:00:00+00:00,271.06811742446047,1,12,True,Overlap (12-16),Tuesday,12
2025-08-26 15:15:00+00:00,2025-08-26 16:00:00+00:00,189.54383276251227,-1,4,True,Overlap (12-16),Tuesday,15
2025-08-26 16:15:00+00:00,2025-08-26 23:00:00+00:00,1151.4658718166097,1,28,True,NY      (16-22),Tuesday,16
2025-08-26 23:15:00+00:00,2025-08-26 23:45:00+00:00,246.3601505194113,-1,3,True,Off     (22-00),Tuesday,23
2025-08-27 00:00:00+00:00,2025-08-27 05:00:00+00:00,-94.3638498860577,1,21,False,Asia    (00-07),Wednesday,0
2025-08-27 05:15:00+00:00,2025-08-27 08:15:00+00:00,485.99890625,-1,13,True,Asia    (00-07),Wednesday,5
2025-08-27 08:30:00+00:00,2025-08-27 18:00:00+00:00,807.6751819354864,1,39,True,London  (07-12),Wednesday,8
2025-08-27 18:15:00+00:00,2025-08-27 19:00:00+00:00,334.3641143350193,-1,4,True,NY      (16-22),Wednesday,18
2025-08-27 19:15:00+00:00,2025-08-27 21:00:00+00:00,147.69185281113164,1,8,True,NY      (16-22),Wednesday,19
2025-08-27 21:15:00+00:00,2025-08-27 22:00:00+00:00,272.282002737115,-1,4,True,NY      (16-22),Wednesday,21
2025-08-27 22:15:00+00:00,2025-08-28 05:45:00+00:00,814.8181775981636,1,31,True,Off     (22-00),Wednesday,22
2025-08-28 06:00:00+00:00,2025-08-28 06:00:00+00:00,32.42078125,-1,1,True,Asia    (00-07),Thursday,6
2025-08-28 06:15:00+00:00,2025-08-28 07:00:00+00:00,267.43640625,1,4,True,Asia    (00-07),Thursday,6
2025-08-28 07:15:00+00:00,2025-08-28 12:00:00+00:00,221.02625,-1,20,True,London  (07-12),Thursday,7
2025-08-28 12:15:00+00:00,2025-08-28 12:45:00+00:00,179.10828125,1,3,True,Overlap (12-16),Thursday,12
2025-08-28 13:00:00+00:00,2025-08-28 14:15:00+00:00,287.5028125,-1,6,True,Overlap (12-16),Thursday,13
2025-08-28 14:30:00+00:00,2025-08-28 15:00:00+00:00,164.58604400010302,1,3,True,Overlap (12-16),Thursday,14
2025-08-28 15:15:00+00:00,2025-08-28 20:00:00+00:00,403.4374306873709,-1,20,True,Overlap (12-16),Thursday,15
2025-08-28 20:15:00+00:00,2025-08-29 00:00:00+00:00,202.28796875,1,16,True,NY      (16-22),Thursday,20
2025-08-29 00:15:00+00:00,2025-08-29 02:15:00+00:00,428.4403125,-1,9,True,Asia    (00-07),Friday,0
2025-08-29 02:30:00+00:00,2025-08-29 04:00:00+00:00,43.67757554839254,1,7,True,Asia    (00-07),Friday,2
2025-08-29 04:15:00+00:00,2025-08-29 06:15:00+00:00,318.57703125,-1,9,True,Asia    (00-07),Friday,4
2025-08-29 06:30:00+00:00,2025-08-29 06:45:00+00:00,124.84265625,1,2,True,Asia    (00-07),Friday,6
2025-08-29 07:00:00+00:00,2025-08-29 11:30:00+00:00,674.6759333526703,-1,19,True,London  (07-12),Friday,7
2025-08-29 11:45:00+00:00,2025-08-29 12:30:00+00:00,309.21864781455287,1,4,True,London  (07-12),Friday,11
2025-08-29 12:45:00+00:00,2025-08-29 14:45:00+00:00,768.7529656867141,-1,9,True,Overlap (12-16),Friday,12
2025-08-29 15:00:00+00:00,2025-08-29 19:30:00+00:00,101.57136231703592,1,19,True,Overlap (12-16),Friday,15
2025-08-29 19:45:00+00:00,2025-08-29 20:15:00+00:00,222.29377347530502,-1,3,True,NY      (16-22),Friday,19
2025-08-29 20:30:00+00:00,2025-08-29 23:00:00+00:00,160.1736087483745,1,11,True,NY      (16-22),Friday,20
2025-08-29 23:15:00+00:00,2025-08-30 00:45:00+00:00,43.89957617862238,-1,7,True,Off     (22-00),Friday,23
2025-08-30 01:00:00+00:00,2025-08-30 04:15:00+00:00,154.35828125,1,14,True,Asia    (00-07),Saturday,1
2025-08-30 04:30:00+00:00,2025-08-30 04:45:00+00:00,86.916875,-1,2,True,Asia    (00-07),Saturday,4
2025-08-30 05:00:00+00:00,2025-08-30 10:15:00+00:00,112.56921875,1,22,True,Asia    (00-07),Saturday,5
2025-08-30 10:30:00+00:00,2025-08-30 11:00:00+00:00,67.041875,-1,3,True,London  (07-12),Saturday,10
2025-08-30 11:15:00+00:00,2025-08-30 17:00:00+00:00,161.854375,1,24,True,London  (07-12),Saturday,11
2025-08-30 17:15:00+00:00,2025-08-30 17:30:00+00:00,70.67859375,-1,2,True,NY      (16-22),Saturday,17
2025-08-30 17:45:00+00:00,2025-08-30 19:45:00+00:00,44.784062500000005,1,9,True,NY      (16-22),Saturday,17
2025-08-30 20:00:00+00:00,2025-08-30 20:45:00+00:00,75.2840625,-1,4,True,NY      (16-22),Saturday,20
2025-08-30 21:00:00+00:00,2025-08-31 01:45:00+00:00,375.62390625,1,20,True,NY      (16-22),Saturday,21
2025-08-31 02:00:00+00:00,2025-08-31 05:15:00+00:00,407.76453125,-1,14,True,Asia    (00-07),Sunday,2
2025-08-31 05:30:00+00:00,2025-08-31 06:00:00+00:00,80.35046875,1,3,True,Asia    (00-07),Sunday,5
2025-08-31 06:15:00+00:00,2025-08-31 07:00:00+00:00,-18.501093749999995,-1,4,False,Asia    (00-07),Sunday,6
2025-08-31 07:15:00+00:00,2025-08-31 08:30:00+00:00,94.4090625,1,6,True,London  (07-12),Sunday,7
2025-08-31 08:45:00+00:00,2025-08-31 10:00:00+00:00,266.3309375,-1,6,True,London  (07-12),Sunday,8
2025-08-31 10:15:00+00:00,2025-08-31 11:15:00+00:00,31.612187499999997,1,5,True,London  (07-12),Sunday,10
2025-08-31 11:30:00+00:00,2025-08-31 12:00:00+00:00,85.260625,-1,3,True,London  (07-12),Sunday,11
2025-08-31 12:15:00+00:00,2025-08-31 21:00:00+00:00,329.97546875,1,36,True,Overlap (12-16),Sunday,12
2025-08-31 21:15:00+00:00,2025-08-31 22:30:00+00:00,71.06140625,-1,6,True,NY      (16-22),Sunday,21
2025-08-31 22:45:00+00:00,2025-09-01 01:30:00+00:00,-297.4438196764455,1,12,False,Off     (22-00),Sunday,22
2025-09-01 01:45:00+00:00,2025-09-01 02:15:00+00:00,225.5636529803246,-1,3,True,Asia    (00-07),Monday,1
2025-09-01 02:30:00+00:00,2025-09-01 02:45:00+00:00,-39.04849768679905,1,2,False,Asia    (00-07),Monday,2
2025-09-01 03:00:00+00:00,2025-09-01 03:00:00+00:00,22.4035555142649,-1,1,True,Asia    (00-07),Monday,3
2025-09-01 03:15:00+00:00,2025-09-01 08:00:00+00:00,861.5478337196861,1,20,True,Asia    (00-07),Monday,3
2025-09-01 08:15:00+00:00,2025-09-01 12:30:00+00:00,186.0828797342086,-1,18,True,London  (07-12),Monday,8
2025-09-01 12:45:00+00:00,2025-09-01 15:00:00+00:00,47.95754999321433,1,10,True,Overlap (12-16),Monday,12
2025-09-01 15:15:00+00:00,2025-09-01 16:45:00+00:00,125.26643572175405,-1,7,True,Overlap (12-16),Monday,15
2025-09-01 17:00:00+00:00,2025-09-01 20:00:00+00:00,128.06233167209604,1,13,True,NY      (16-22),Monday,17
2025-09-01 20:15:00+00:00,2025-09-01 21:30:00+00:00,710.2356201301405,-1,6,True,NY      (16-22),Monday,20
2025-09-01 21:45:00+00:00,2025-09-02 03:30:00+00:00,1061.5761434946057,1,24,True,NY      (16-22),Monday,21
2025-09-02 03:45:00+00:00,2025-09-02 13:00:00+00:00,558.156164445149,-1,38,True,Asia    (00-07),Tuesday,3
2025-09-02 13:15:00+00:00,2025-09-02 15:15:00+00:00,632.124828587844,1,9,True,Overlap (12-16),Tuesday,13
2025-09-02 15:30:00+00:00,2025-09-02 16:15:00+00:00,161.51883601106582,-1,4,True,Overlap (12-16),Tuesday,15
2025-09-02 16:30:00+00:00,2025-09-02 21:00:00+00:00,381.8693605396719,1,19,True,NY      (16-22),Tuesday,16
2025-09-02 21:15:00+00:00,2025-09-02 22:15:00+00:00,203.28990406990397,-1,5,True,NY      (16-22),Tuesday,21
2025-09-02 22:30:00+00:00,2025-09-03 01:45:00+00:00,49.588750000000005,1,14,True,Off     (22-00),Tuesday,22
2025-09-03 02:00:00+00:00,2025-09-03 04:00:00+00:00,114.8621875,-1,9,True,Asia    (00-07),Wednesday,2
2025-09-03 04:15:00+00:00,2025-09-03 05:00:00+00:00,-23.610468750000003,1,4,False,Asia    (00-07),Wednesday,4
2025-09-03 05:15:00+00:00,2025-09-03 06:30:00+00:00,55.686406250000005,-1,6,True,Asia    (00-07),Wednesday,5
2025-09-03 06:45:00+00:00,2025-09-03 08:00:00+00:00,218.68640625,1,6,True,Asia    (00-07),Wednesday,6
2025-09-03 08:15:00+00:00,2025-09-03 09:00:00+00:00,140.666875,-1,4,True,London  (07-12),Wednesday,8
2025-09-03 09:15:00+00:00,2025-09-03 09:45:00+00:00,183.81140625,1,3,True,London  (07-12),Wednesday,9
2025-09-03 10:00:00+00:00,2025-09-03 10:15:00+00:00,-101.09875,-1,2,False,London  (07-12),Wednesday,10
2025-09-03 10:30:00+00:00,2025-09-03 11:00:00+00:00,64.3465625,1,3,True,London  (07-12),Wednesday,10
2025-09-03 11:15:00+00:00,2025-09-03 12:45:00+00:00,250.7059375,-1,7,True,London  (07-12),Wednesday,11
2025-09-03 13:00:00+00:00,2025-09-03 16:00:00+00:00,398.10595714021326,1,13,True,Overlap (12-16),Wednesday,13
2025-09-03 16:15:00+00:00,2025-09-03 16:15:00+00:00,57.801496805996166,-1,1,True,NY      (16-22),Wednesday,16
2025-09-03 16:30:00+00:00,2025-09-03 17:00:00+00:00,121.53289915928062,1,3,True,NY      (16-22),Wednesday,16
2025-09-03 17:15:00+00:00,2025-09-03 19:30:00+00:00,232.7641611667498,-1,10,True,NY      (16-22),Wednesday,17
2025-09-03 19:45:00+00:00,2025-09-03 20:00:00+00:00,109.43181618334194,1,2,True,NY      (16-22),Wednesday,19
2025-09-03 20:15:00+00:00,2025-09-04 04:00:00+00:00,420.52234375,-1,32,True,NY      (16-22),Wednesday,20
2025-09-04 04:15:00+00:00,2025-09-04 04:15:00+00:00,-65.3253125,1,1,False,Asia    (00-07),Thursday,4
2025-09-04 04:30:00+00:00,2025-09-04 04:30:00+00:00,-10.844843750000003,-1,1,False,Asia    (00-07),Thursday,4
2025-09-04 04:45:00+00:00,2025-09-04 05:15:00+00:00,-180.84484375,1,3,False,Asia    (00-07),Thursday,4
2025-09-04 05:30:00+00:00,2025-09-04 05:45:00+00:00,59.580937500000005,-1,2,True,Asia    (00-07),Thursday,5
2025-09-04 06:00:00+00:00,2025-09-04 06:00:00+00:00,-10.024531250000003,1,1,False,Asia    (00-07),Thursday,6
2025-09-04 06:15:00+00:00,2025-09-04 06:30:00+00:00,109.64734375,-1,2,True,Asia    (00-07),Thursday,6
2025-09-04 06:45:00+00:00,2025-09-04 10:00:00+00:00,287.70984375,1,14,True,Asia    (00-07),Thursday,6
2025-09-04 10:15:00+00:00,2025-09-04 11:45:00+00:00,89.573125,-1,7,True,London  (07-12),Thursday,10
2025-09-04 12:00:00+00:00,2025-09-04 13:00:00+00:00,-33.954218749999995,1,5,False,Overlap (12-16),Thursday,12
2025-09-04 13:15:00+00:00,2025-09-04 17:30:00+00:00,461.9145589140771,-1,18,True,Overlap (12-16),Thursday,13
2025-09-04 17:45:00+00:00,2025-09-04 18:30:00+00:00,190.42399244046126,1,4,True,NY      (16-22),Thursday,17
2025-09-04 18:45:00+00:00,2025-09-04 18:45:00+00:00,17.323124999999997,-1,1,True,NY      (16-22),Thursday,18
2025-09-04 19:00:00+00:00,2025-09-04 23:00:00+00:00,690.6161142600338,1,17,True,NY      (16-22),Thursday,19
2025-09-04 23:15:00+00:00,2025-09-05 00:45:00+00:00,453.95173361051604,-1,7,True,Off     (22-00),Thursday,23
2025-09-05 01:00:00+00:00,2025-09-05 08:30:00+00:00,1049.739699093707,1,31,True,Asia    (00-07),Friday,1
2025-09-05 08:45:00+00:00,2025-09-05 16:15:00+00:00,493.0746025060761,-1,31,True,London  (07-12),Friday,8
2025-09-05 16:30:00+00:00,2025-09-05 20:00:00+00:00,355.5028259623802,1,15,True,NY      (16-22),Friday,16
2025-09-05 20:15:00+00:00,2025-09-06 01:00:00+00:00,232.49743849654567,-1,20,True,NY      (16-22),Friday,20
2025-09-06 01:15:00+00:00,2025-09-06 03:15:00+00:00,188.65515625,1,9,True,Asia    (00-07),Saturday,1
2025-09-06 03:30:00+00:00,2025-09-06 06:00:00+00:00,252.12,-1,11,True,Asia    (00-07),Saturday,3
2025-09-06 06:15:00+00:00,2025-09-06 06:15:00+00:00,20.674687499999997,1,1,True,Asia    (00-07),Saturday,6
2025-09-06 06:30:00+00:00,2025-09-06 08:00:00+00:00,-22.126093750000003,-1,7,False,Asia    (00-07),Saturday,6
2025-09-06 08:15:00+00:00,2025-09-06 09:30:00+00:00,-10.344843749999995,1,6,False,London  (07-12),Saturday,8
2025-09-06 09:45:00+00:00,2025-09-06 11:15:00+00:00,52.66296875,-1,7,True,London  (07-12),Saturday,9
2025-09-06 11:30:00+00:00,2025-09-06 12:00:00+00:00,75.4715625,1,3,True,London  (07-12),Saturday,11
2025-09-06 12:15:00+00:00,2025-09-06 16:00:00+00:00,255.77234375,-1,16,True,Overlap (12-16),Saturday,12
2025-09-06 16:15:00+00:00,2025-09-06 19:00:00+00:00,-88.25109375,1,12,False,NY      (16-22),Saturday,16
2025-09-06 19:15:00+00:00,2025-09-06 20:00:00+00:00,34.9559375,-1,4,True,NY      (16-22),Saturday,19
2025-09-06 20:15:00+00:00,2025-09-07 02:45:00+00:00,283.95203125,1,27,True,NY      (16-22),Saturday,20
2025-09-07 03:00:00+00:00,2025-09-07 04:15:00+00:00,45.3309375,-1,6,True,Asia    (00-07),Sunday,3
2025-09-07 04:30:00+00:00,2025-09-07 14:30:00+00:00,337.010625,1,41,True,Asia    (00-07),Sunday,4
2025-09-07 14:45:00+00:00,2025-09-07 15:00:00+00:00,29.725468749999997,-1,2,True,Overlap (12-16),Sunday,14
2025-09-07 15:15:00+00:00,2025-09-07 16:00:00+00:00,33.901250000000005,1,4,True,Overlap (12-16),Sunday,15
2025-09-07 16:15:00+00:00,2025-09-07 17:15:00+00:00,131.03796875,-1,5,True,NY      (16-22),Sunday,16
2025-09-07 17:30:00+00:00,2025-09-07 21:00:00+00:00,122.84265625,1,15,True,NY      (16-22),Sunday,17
2025-09-07 21:15:00+00:00,2025-09-08 01:00:00+00:00,170.104375,-1,16,True,NY      (16-22),Sunday,21
2025-09-08 01:15:00+00:00,2025-09-08 03:00:00+00:00,168.31140625,1,8,True,Asia    (00-07),Monday,1
2025-09-08 03:15:00+00:00,2025-09-08 04:45:00+00:00,114.4325,-1,7,True,Asia    (00-07),Monday,3
2025-09-08 05:00:00+00:00,2025-09-08 10:15:00+00:00,568.4559375,1,22,True,Asia    (00-07),Monday,5
2025-09-08 10:30:00+00:00,2025-09-08 11:00:00+00:00,117.9871875,-1,3,True,London  (07-12),Monday,10
2025-09-08 11:15:00+00:00,2025-09-08 13:00:00+00:00,208.97546875,1,8,True,London  (07-12),Monday,11
2025-09-08 13:15:00+00:00,2025-09-08 14:00:00+00:00,81.745,-1,4,True,Overlap (12-16),Monday,13
2025-09-08 14:15:00+00:00,2025-09-08 16:15:00+00:00,234.6506524058472,1,9,True,Overlap (12-16),Monday,14
2025-09-08 16:30:00+00:00,2025-09-08 21:15:00+00:00,240.90105958420543,-1,20,True,NY      (16-22),Monday,16
2025-09-08 21:30:00+00:00,2025-09-08 21:45:00+00:00,96.68640625,1,2,True,NY      (16-22),Monday,21
2025-09-08 22:00:00+00:00,2025-09-09 02:00:00+00:00,537.89734375,-1,17,True,Off     (22-00),Monday,22
2025-09-09 02:15:00+00:00,2025-09-09 07:15:00+00:00,990.67078125,1,21,True,Asia    (00-07),Tuesday,2
2025-09-09 07:30:00+00:00,2025-09-09 16:30:00+00:00,953.1398436139286,-1,37,True,London  (07-12),Tuesday,7
2025-09-09 16:45:00+00:00,2025-09-09 21:00:00+00:00,326.8691932699272,1,18,True,NY      (16-22),Tuesday,16
2025-09-09 21:15:00+00:00,2025-09-09 22:00:00+00:00,63.518437500000005,-1,4,True,NY      (16-22),Tuesday,21
2025-09-09 22:15:00+00:00,2025-09-09 23:45:00+00:00,4.885624999999997,1,7,True,Off     (22-00),Tuesday,22
2025-09-10 00:00:00+00:00,2025-09-10 01:15:00+00:00,284.9871875,-1,6,True,Asia    (00-07),Wednesday,0
2025-09-10 01:30:00+00:00,2025-09-10 03:15:00+00:00,221.573125,1,8,True,Asia    (00-07),Wednesday,1
2025-09-10 03:30:00+00:00,2025-09-10 04:45:00+00:00,-65.31359375,-1,6,False,Asia    (00-07),Wednesday,3
2025-09-10 05:00:00+00:00,2025-09-10 08:00:00+00:00,624.90515625,1,13,True,Asia    (00-07),Wednesday,5
2025-09-10 08:15:00+00:00,2025-09-10 09:00:00+00:00,288.1927476626283,-1,4,True,London  (07-12),Wednesday,8
2025-09-10 09:15:00+00:00,2025-09-10 09:15:00+00:00,50.13623377239617,1,1,True,London  (07-12),Wednesday,9
2025-09-10 09:30:00+00:00,2025-09-10 12:00:00+00:00,-61.43212984765216,-1,11,False,London  (07-12),Wednesday,9
2025-09-10 12:15:00+00:00,2025-09-10 17:00:00+00:00,790.7886361949834,1,20,True,Overlap (12-16),Wednesday,12
2025-09-10 17:15:00+00:00,2025-09-10 18:15:00+00:00,282.98328125,-1,5,True,NY      (16-22),Wednesday,17
2025-09-10 18:30:00+00:00,2025-09-11 02:00:00+00:00,255.333143056047,1,31,True,NY      (16-22),Wednesday,18
2025-09-11 02:15:00+00:00,2025-09-11 02:15:00+00:00,94.604375,-1,1,True,Asia    (00-07),Thursday,2
2025-09-11 02:30:00+00:00,2025-09-11 04:00:00+00:00,226.135625,1,7,True,Asia    (00-07),Thursday,2
2025-09-11 04:15:00+00:00,2025-09-11 12:30:00+00:00,159.13171875,-1,34,True,Asia    (00-07),Thursday,4
2025-09-11 12:45:00+00:00,2025-09-11 14:30:00+00:00,216.08716639316503,1,8,True,Overlap (12-16),Thursday,12
2025-09-11 14:45:00+00:00,2025-09-11 18:30:00+00:00,105.53934974663397,-1,16,True,Overlap (12-16),Thursday,14
2025-09-11 18:45:00+00:00,2025-09-12 00:30:00+00:00,868.2996875,1,24,True,NY      (16-22),Thursday,18
2025-09-12 00:45:00+00:00,2025-09-12 02:00:00+00:00,247.23488046253198,-1,6,True,Asia    (00-07),Friday,0
2025-09-12 02:15:00+00:00,2025-09-12 04:00:00+00:00,-114.67296875,1,8,False,Asia    (00-07),Friday,2
2025-09-12 04:15:00+00:00,2025-09-12 09:30:00+00:00,174.666875,-1,22,True,Asia    (00-07),Friday,4
2025-09-12 09:45:00+00:00,2025-09-12 11:15:00+00:00,91.5653125,1,7,True,London  (07-12),Friday,9
2025-09-12 11:30:00+00:00,2025-09-12 12:00:00+00:00,117.85828125,-1,3,True,London  (07-12),Friday,11
2025-09-12 12:15:00+00:00,2025-09-12 15:30:00+00:00,120.25876903905746,1,14,True,Overlap (12-16),Friday,12
2025-09-12 15:45:00+00:00,2025-09-12 16:00:00+00:00,-74.9299733705171,-1,2,False,Overlap (12-16),Friday,15
2025-09-12 16:15:00+00:00,2025-09-12 21:00:00+00:00,393.2479336847788,1,20,True,NY      (16-22),Friday,16
2025-09-12 21:15:00+00:00,2025-09-12 22:00:00+00:00,14.205937500000005,-1,4,True,NY      (16-22),Friday,21
2025-09-12 22:15:00+00:00,2025-09-13 00:00:00+00:00,-24.821406250000003,1,8,False,Off     (22-00),Friday,22
2025-09-13 00:15:00+00:00,2025-09-13 03:30:00+00:00,33.815312500000005,-1,14,True,Asia    (00-07),Saturday,0
2025-09-13 03:45:00+00:00,2025-09-13 05:00:00+00:00,-110.52453125,1,6,False,Asia    (00-07),Saturday,3
2025-09-13 05:15:00+00:00,2025-09-13 06:15:00+00:00,-2.8214062500000026,-1,5,False,Asia    (00-07),Saturday,5
2025-09-13 06:30:00+00:00,2025-09-13 07:00:00+00:00,52.9090625,1,3,True,Asia    (00-07),Saturday,6
2025-09-13 07:15:00+00:00,2025-09-13 08:00:00+00:00,6.116093749999997,-1,4,True,London  (07-12),Saturday,7
2025-09-13 08:15:00+00:00,2025-09-13 10:00:00+00:00,149.7996875,1,8,True,London  (07-12),Saturday,8
2025-09-13 10:15:00+00:00,2025-09-13 11:00:00+00:00,101.80359375,-1,4,True,London  (07-12),Saturday,10
2025-09-13 11:15:00+00:00,2025-09-13 12:30:00+00:00,63.10046875,1,6,True,London  (07-12),Saturday,11
2025-09-13 12:45:00+00:00,2025-09-13 15:30:00+00:00,133.604375,-1,12,True,Overlap (12-16),Saturday,12
2025-09-13 15:45:00+00:00,2025-09-13 16:00:00+00:00,-63.2315625,1,2,False,Overlap (12-16),Saturday,15
2025-09-13 16:15:00+00:00,2025-09-13 17:00:00+00:00,197.073125,-1,4,True,NY      (16-22),Saturday,16
2025-09-13 17:15:00+00:00,2025-09-13 21:30:00+00:00,297.9325,1,18,True,NY      (16-22),Saturday,17
2025-09-13 21:45:00+00:00,2025-09-13 22:15:00+00:00,-10.434687500000003,-1,3,False,NY      (16-22),Saturday,21
2025-09-13 22:30:00+00:00,2025-09-14 00:15:00+00:00,58.11609375,1,8,True,Off     (22-00),Saturday,22
2025-09-14 00:30:00+00:00,2025-09-14 01:00:00+00:00,102.51453125,-1,3,True,Asia    (00-07),Sunday,0
2025-09-14 01:15:00+00:00,2025-09-14 02:00:00+00:00,162.45984375,1,4,True,Asia    (00-07),Sunday,1
2025-09-14 02:15:00+00:00,2025-09-14 04:00:00+00:00,213.4403125,-1,8,True,Asia    (00-07),Sunday,2
2025-09-14 04:15:00+00:00,2025-09-14 06:00:00+00:00,74.416875,1,8,True,Asia    (00-07),Sunday,4
2025-09-14 06:15:00+00:00,2025-09-14 07:00:00+00:00,32.0965625,-1,4,True,Asia    (00-07),Sunday,6
2025-09-14 07:15:00+00:00,2025-09-14 09:30:00+00:00,168.83875,1,10,True,London  (07-12),Sunday,7
2025-09-14 09:45:00+00:00,2025-09-14 16:00:00+00:00,389.98328125,-1,26,True,London  (07-12),Sunday,9
2025-09-14 16:15:00+00:00,2025-09-14 20:00:00+00:00,217.229375,1,16,True,NY      (16-22),Sunday,16
2025-09-14 20:15:00+00:00,2025-09-15 01:00:00+00:00,447.135625,-1,20,True,NY      (16-22),Sunday,20
2025-09-15 01:15:00+00:00,2025-09-15 02:00:00+00:00,255.60046875,1,4,True,Asia    (00-07),Monday,1
2025-09-15 02:15:00+00:00,2025-09-15 03:15:00+00:00,-46.950312499999995,-1,5,False,Asia    (00-07),Monday,2
2025-09-15 03:30:00+00:00,2025-09-15 06:00:00+00:00,562.81140625,1,11,True,Asia    (00-07),Monday,3
2025-09-15 06:15:00+00:00,2025-09-15 07:45:00+00:00,374.43387274976897,-1,7,True,Asia    (00-07),Monday,6
2025-09-15 08:00:00+00:00,2025-09-15 08:00:00+00:00,-168.18859375,1,1,False,London  (07-12),Monday,8
2025-09-15 08:15:00+00:00,2025-09-15 08:45:00+00:00,316.60463068467516,-1,3,True,London  (07-12),Monday,8
2025-09-15 09:00:00+00:00,2025-09-15 12:30:00+00:00,41.19725428480885,1,15,True,London  (07-12),Monday,9
2025-09-15 12:45:00+00:00,2025-09-15 15:00:00+00:00,159.20342037987223,-1,10,True,Overlap (12-16),Monday,12
2025-09-15 15:15:00+00:00,2025-09-15 19:30:00+00:00,401.76889816693654,1,18,True,Overlap (12-16),Monday,15
2025-09-15 19:45:00+00:00,2025-09-15 20:30:00+00:00,71.93149180627121,-1,4,True,NY      (16-22),Monday,19
2025-09-15 20:45:00+00:00,2025-09-15 22:00:00+00:00,65.98328125,1,6,True,NY      (16-22),Monday,20
2025-09-15 22:15:00+00:00,2025-09-15 22:30:00+00:00,69.0496875,-1,2,True,Off     (22-00),Monday,22
2025-09-15 22:45:00+00:00,2025-09-16 00:00:00+00:00,-36.618281249999995,1,6,False,Off     (22-00),Monday,22
2025-09-16 00:15:00+00:00,2025-09-16 00:15:00+00:00,76.74109375,-1,1,True,Asia    (00-07),Tuesday,0
2025-09-16 00:30:00+00:00,2025-09-16 01:15:00+00:00,184.198125,1,4,True,Asia    (00-07),Tuesday,0
2025-09-16 01:30:00+00:00,2025-09-16 01:45:00+00:00,185.07703125,-1,2,True,Asia    (00-07),Tuesday,1
2025-09-16 02:00:00+00:00,2025-09-16 06:00:00+00:00,475.573125,1,17,True,Asia    (00-07),Tuesday,2
2025-09-16 06:15:00+00:00,2025-09-16 07:15:00+00:00,70.495,-1,5,True,Asia    (00-07),Tuesday,6
2025-09-16 07:30:00+00:00,2025-09-16 08:00:00+00:00,41.6903125,1,3,True,London  (07-12),Tuesday,7
2025-09-16 08:15:00+00:00,2025-09-16 12:00:00+00:00,274.58875,-1,16,True,London  (07-12),Tuesday,8
2025-09-16 12:15:00+00:00,2025-09-16 13:15:00+00:00,30.682499999999997,1,5,True,Overlap (12-16),Tuesday,12
2025-09-16 13:30:00+00:00,2025-09-16 13:30:00+00:00,172.3075,-1,1,True,Overlap (12-16),Tuesday,13
2025-09-16 13:45:00+00:00,2025-09-16 21:45:00+00:00,761.7450604189755,1,33,True,Overlap (12-16),Tuesday,13
2025-09-16 22:00:00+00:00,2025-09-17 04:15:00+00:00,224.979375,-1,26,True,Off     (22-00),Tuesday,22
2025-09-17 04:30:00+00:00,2025-09-17 07:00:00+00:00,412.39734375,1,11,True,Asia    (00-07),Wednesday,4
2025-09-17 07:15:00+00:00,2025-09-17 07:30:00+00:00,-24.266718750000003,-1,2,False,London  (07-12),Wednesday,7
2025-09-17 07:45:00+00:00,2025-09-17 08:00:00+00:00,-111.93859375,1,2,False,London  (07-12),Wednesday,7
2025-09-17 08:15:00+00:00,2025-09-17 13:30:00+00:00,494.00671875,-1,22,True,London  (07-12),Wednesday,8
2025-09-17 13:45:00+00:00,2025-09-17 14:00:00+00:00,81.1825,1,2,True,Overlap (12-16),Wednesday,13
2025-09-17 14:15:00+00:00,2025-09-17 15:00:00+00:00,188.65125,-1,4,True,Overlap (12-16),Wednesday,14
2025-09-17 15:15:00+00:00,2025-09-17 16:15:00+00:00,-58.524531249999995,1,5,False,Overlap (12-16),Wednesday,15
2025-09-17 16:30:00+00:00,2025-09-17 19:00:00+00:00,72.53682666457982,-1,11,True,NY      (16-22),Wednesday,16
2025-09-17 19:15:00+00:00,2025-09-17 23:15:00+00:00,356.75991270667237,1,17,True,NY      (16-22),Wednesday,19
2025-09-17 23:30:00+00:00,2025-09-18 00:00:00+00:00,112.32493547215618,-1,3,True,Off     (22-00),Wednesday,23
2025-09-18 00:15:00+00:00,2025-09-18 04:45:00+00:00,634.6463647524776,1,19,True,Asia    (00-07),Thursday,0
2025-09-18 05:00:00+00:00,2025-09-18 05:30:00+00:00,169.3329353234487,-1,3,True,Asia    (00-07),Thursday,5
2025-09-18 05:45:00+00:00,2025-09-18 06:00:00+00:00,-83.82901143442476,1,2,False,Asia    (00-07),Thursday,5
2025-09-18 06:15:00+00:00,2025-09-18 12:30:00+00:00,-82.41959266843625,-1,26,False,Asia    (00-07),Thursday,6
2025-09-18 12:45:00+00:00,2025-09-18 16:00:00+00:00,227.9715625,1,14,True,Overlap (12-16),Thursday,12
2025-09-18 16:15:00+00:00,2025-09-19 07:00:00+00:00,433.8621875,-1,60,True,NY      (16-22),Thursday,16
2025-09-19 07:15:00+00:00,2025-09-19 08:00:00+00:00,79.92859375,1,4,True,London  (07-12),Friday,7
2025-09-19 08:15:00+00:00,2025-09-19 10:00:00+00:00,215.85046875,-1,8,True,London  (07-12),Friday,8
2025-09-19 10:15:00+00:00,2025-09-19 12:00:00+00:00,-42.88,1,8,False,London  (07-12),Friday,10
2025-09-19 12:15:00+00:00,2025-09-19 13:00:00+00:00,147.67078125,-1,4,True,Overlap (12-16),Friday,12
2025-09-19 13:15:00+00:00,2025-09-19 14:00:00+00:00,67.8778125,1,4,True,Overlap (12-16),Friday,13
2025-09-19 14:15:00+00:00,2025-09-19 20:45:00+00:00,468.9559375,-1,27,True,Overlap (12-16),Friday,14
2025-09-19 21:00:00+00:00,2025-09-20 00:45:00+00:00,175.698125,1,16,True,NY      (16-22),Friday,21
2025-09-20 01:00:00+00:00,2025-09-20 02:15:00+00:00,80.073125,-1,6,True,Asia    (00-07),Saturday,1
2025-09-20 02:30:00+00:00,2025-09-20 03:00:00+00:00,-36.14953125,1,3,False,Asia    (00-07),Saturday,2
2025-09-20 03:15:00+00:00,2025-09-20 04:00:00+00:00,-10.239375000000003,-1,4,False,Asia    (00-07),Saturday,3
2025-09-20 04:15:00+00:00,2025-09-20 08:15:00+00:00,152.698125,1,17,True,Asia    (00-07),Saturday,4
2025-09-20 08:30:00+00:00,2025-09-20 11:15:00+00:00,0.12390624999999744,-1,12,True,London  (07-12),Saturday,8
2025-09-20 11:30:00+00:00,2025-09-20 17:00:00+00:00,43.682500000000005,1,23,True,London  (07-12),Saturday,11
2025-09-20 17:15:00+00:00,2025-09-20 20:00:00+00:00,75.90125,-1,12,True,NY      (16-22),Saturday,17
2025-09-20 20:15:00+00:00,2025-09-20 21:30:00+00:00,68.0028125,1,6,True,NY      (16-22),Saturday,20
2025-09-20 21:45:00+00:00,2025-09-21 02:00:00+00:00,136.9871875,-1,18,True,NY      (16-22),Saturday,21
2025-09-21 02:15:00+00:00,2025-09-21 03:00:00+00:00,50.745,1,4,True,Asia    (00-07),Sunday,2
2025-09-21 03:15:00+00:00,2025-09-21 04:30:00+00:00,75.31140625,-1,6,True,Asia    (00-07),Sunday,3
2025-09-21 04:45:00+00:00,2025-09-21 06:15:00+00:00,110.10046875,1,7,True,Asia    (00-07),Sunday,4
2025-09-21 06:30:00+00:00,2025-09-21 07:00:00+00:00,59.0184375,-1,3,True,Asia    (00-07),Sunday,6
2025-09-21 07:15:00+00:00,2025-09-21 08:00:00+00:00,-7.9503124999999955,1,4,False,London  (07-12),Sunday,7
2025-09-21 08:15:00+00:00,2025-09-21 09:00:00+00:00,20.885624999999997,-1,4,True,London  (07-12),Sunday,8
2025-09-21 09:15:00+00:00,2025-09-21 10:00:00+00:00,26.229375000000005,1,4,True,London  (07-12),Sunday,9
2025-09-21 10:15:00+00:00,2025-09-21 14:45:00+00:00,66.27625,-1,19,True,London  (07-12),Sunday,10
2025-09-21 15:00:00+00:00,2025-09-21 20:00:00+00:00,-68.46203125,1,21,False,Overlap (12-16),Sunday,15
2025-09-21 20:15:00+00:00,2025-09-21 22:00:00+00:00,69.260625,-1,8,True,NY      (16-22),Sunday,20
2025-09-21 22:15:00+00:00,2025-09-21 23:00:00+00:00,22.842656250000005,1,4,True,Off     (22-00),Sunday,22
2025-09-21 23:15:00+00:00,2025-09-22 01:45:00+00:00,498.39734375,-1,11,True,Off     (22-00),Sunday,23
2025-09-22 02:00:00+00:00,2025-09-22 03:45:00+00:00,158.55991160801304,1,8,True,Asia    (00-07),Monday,2
2025-09-22 04:00:00+00:00,2025-09-22 08:15:00+00:00,870.5425584260739,-1,18,True,Asia    (00-07),Monday,4
2025-09-22 08:30:00+00:00,2025-09-22 12:45:00+00:00,93.51504435598325,1,18,True,London  (07-12),Monday,8
2025-09-22 13:00:00+00:00,2025-09-22 13:30:00+00:00,61.194218750000005,-1,3,True,Overlap (12-16),Monday,13
2025-09-22 13:45:00+00:00,2025-09-22 14:00:00+00:00,269.83985001299675,1,2,True,Overlap (12-16),Monday,13
2025-09-22 14:15:00+00:00,2025-09-22 18:45:00+00:00,286.40124242154815,-1,19,True,Overlap (12-16),Monday,14
2025-09-22 19:00:00+00:00,2025-09-22 19:00:00+00:00,54.90515625,1,1,True,NY      (16-22),Monday,19
2025-09-22 19:15:00+00:00,2025-09-22 20:00:00+00:00,205.87,-1,4,True,NY      (16-22),Monday,19
2025-09-22 20:15:00+00:00,2025-09-22 21:30:00+00:00,362.2489134949302,1,6,True,NY      (16-22),Monday,20
2025-09-22 21:45:00+00:00,2025-09-22 23:30:00+00:00,101.58484375,-1,8,True,NY      (16-22),Monday,21
2025-09-22 23:45:00+00:00,2025-09-23 00:30:00+00:00,-50.356562499999995,1,4,False,Off     (22-00),Monday,23
2025-09-23 00:45:00+00:00,2025-09-23 02:45:00+00:00,367.89734375,-1,9,True,Asia    (00-07),Tuesday,0
2025-09-23 03:00:00+00:00,2025-09-23 03:45:00+00:00,245.48447039041136,1,4,True,Asia    (00-07),Tuesday,3
2025-09-23 04:00:00+00:00,2025-09-23 04:00:00+00:00,85.27064785215217,-1,1,True,Asia    (00-07),Tuesday,4
2025-09-23 04:15:00+00:00,2025-09-23 05:30:00+00:00,295.0164454582639,1,6,True,Asia    (00-07),Tuesday,4
2025-09-23 05:45:00+00:00,2025-09-23 06:00:00+00:00,32.12807263450897,-1,2,True,Asia    (00-07),Tuesday,5
2025-09-23 06:15:00+00:00,2025-09-23 07:45:00+00:00,157.18135530425394,1,7,True,Asia    (00-07),Tuesday,6
2025-09-23 08:00:00+00:00,2025-09-23 13:30:00+00:00,132.18640625,-1,23,True,London  (07-12),Tuesday,8
2025-09-23 13:45:00+00:00,2025-09-23 14:00:00+00:00,113.9559375,1,2,True,Overlap (12-16),Tuesday,13
2025-09-23 14:15:00+00:00,2025-09-23 15:30:00+00:00,84.64734375,-1,6,True,Overlap (12-16),Tuesday,14
2025-09-23 15:45:00+00:00,2025-09-23 17:00:00+00:00,-155.1818943170233,1,6,False,Overlap (12-16),Tuesday,15
2025-09-23 17:15:00+00:00,2025-09-23 19:15:00+00:00,332.77847033878896,-1,9,True,NY      (16-22),Tuesday,17
2025-09-23 19:30:00+00:00,2025-09-23 23:00:00+00:00,160.80296144286422,1,15,True,NY      (16-22),Tuesday,19
2025-09-23 23:15:00+00:00,2025-09-24 00:45:00+00:00,-66.07921875,-1,7,False,Off     (22-00),Tuesday,23
2025-09-24 01:00:00+00:00,2025-09-24 02:00:00+00:00,-44.387812499999995,1,5,False,Asia    (00-07),Wednesday,1
2025-09-24 02:15:00+00:00,2025-09-24 03:15:00+00:00,178.3465625,-1,5,True,Asia    (00-07),Wednesday,2
2025-09-24 03:30:00+00:00,2025-09-24 06:15:00+00:00,346.9835687442111,1,12,True,Asia    (00-07),Wednesday,3
2025-09-24 06:30:00+00:00,2025-09-24 08:00:00+00:00,44.364044559147565,-1,7,True,Asia    (00-07),Wednesday,6
2025-09-24 08:15:00+00:00,2025-09-24 13:00:00+00:00,233.9403125,1,20,True,London  (07-12),Wednesday,8
2025-09-24 13:15:00+00:00,2025-09-24 14:00:00+00:00,-84.27453125,-1,4,False,Overlap (12-16),Wednesday,13
2025-09-24 14:15:00+00:00,2025-09-24 15:00:00+00:00,152.46375,1,4,True,Overlap (12-16),Wednesday,14
2025-09-24 15:15:00+00:00,2025-09-24 16:00:00+00:00,84.69556297325566,-1,4,True,Overlap (12-16),Wednesday,15
2025-09-24 16:15:00+00:00,2025-09-24 22:00:00+00:00,143.14845103094737,1,24,True,NY      (16-22),Wednesday,16
2025-09-24 22:15:00+00:00,2025-09-24 22:30:00+00:00,120.510625,-1,2,True,Off     (22-00),Wednesday,22
2025-09-24 22:45:00+00:00,2025-09-25 00:00:00+00:00,41.006718750000005,1,6,True,Off     (22-00),Wednesday,22
2025-09-25 00:15:00+00:00,2025-09-25 02:00:00+00:00,390.33875,-1,8,True,Asia    (00-07),Thursday,0
2025-09-25 02:15:00+00:00,2025-09-25 03:00:00+00:00,21.768300059210006,1,4,True,Asia    (00-07),Thursday,2
2025-09-25 03:15:00+00:00,2025-09-25 10:15:00+00:00,378.51734546091114,-1,29,True,Asia    (00-07),Thursday,3
2025-09-25 10:30:00+00:00,2025-09-25 12:00:00+00:00,-115.8565625,1,7,False,London  (07-12),Thursday,10
2025-09-25 12:15:00+00:00,2025-09-25 12:15:00+00:00,202.03796875,-1,1,True,Overlap (12-16),Thursday,12
2025-09-25 12:30:00+00:00,2025-09-25 13:15:00+00:00,208.49179093551487,1,4,True,Overlap (12-16),Thursday,12
2025-09-25 13:30:00+00:00,2025-09-25 13:30:00+00:00,320.48255155232624,-1,1,True,Overlap (12-16),Thursday,13
2025-09-25 13:45:00+00:00,2025-09-25 16:00:00+00:00,257.7076606787588,1,10,True,Overlap (12-16),Thursday,13
2025-09-25 16:15:00+00:00,2025-09-25 23:45:00+00:00,870.4777523125061,-1,31,True,NY      (16-22),Thursday,16
2025-09-26 00:00:00+00:00,2025-09-26 03:00:00+00:00,185.2645061018196,1,13,True,Asia    (00-07),Friday,0
2025-09-26 03:15:00+00:00,2025-09-26 03:15:00+00:00,71.58968422863934,-1,1,True,Asia    (00-07),Friday,3
2025-09-26 03:30:00+00:00,2025-09-26 04:45:00+00:00,-21.573546555259014,1,6,False,Asia    (00-07),Friday,3
2025-09-26 05:00:00+00:00,2025-09-26 07:30:00+00:00,181.635625,-1,11,True,Asia    (00-07),Friday,5
2025-09-26 07:45:00+00:00,2025-09-26 10:00:00+00:00,105.17859375,1,10,True,London  (07-12),Friday,7
2025-09-26 10:15:00+00:00,2025-09-26 11:00:00+00:00,193.65515625,-1,4,True,London  (07-12),Friday,10
2025-09-26 11:15:00+00:00,2025-09-26 14:00:00+00:00,257.41511043188723,1,12,True,London  (07-12),Friday,11
2025-09-26 14:15:00+00:00,2025-09-26 15:00:00+00:00,121.93587895109971,-1,4,True,Overlap (12-16),Friday,14
2025-09-26 15:15:00+00:00,2025-09-26 15:15:00+00:00,108.88960674918064,1,1,True,Overlap (12-16),Friday,15
2025-09-26 15:30:00+00:00,2025-09-26 16:00:00+00:00,-11.247263332171173,-1,3,False,Overlap (12-16),Friday,15
2025-09-26 16:15:00+00:00,2025-09-27 01:00:00+00:00,69.89652609140842,1,36,True,NY      (16-22),Friday,16
2025-09-27 01:15:00+00:00,2025-09-27 02:45:00+00:00,44.280156250000005,-1,7,True,Asia    (00-07),Saturday,1
2025-09-27 03:00:00+00:00,2025-09-27 04:15:00+00:00,128.1903125,1,6,True,Asia    (00-07),Saturday,3
2025-09-27 04:30:00+00:00,2025-09-27 09:15:00+00:00,290.45203125,-1,20,True,Asia    (00-07),Saturday,4
2025-09-27 09:30:00+00:00,2025-09-27 11:00:00+00:00,110.79578125,1,7,True,London  (07-12),Saturday,9
2025-09-27 11:15:00+00:00,2025-09-27 12:00:00+00:00,21.272343749999997,-1,4,True,London  (07-12),Saturday,11
2025-09-27 12:15:00+00:00,2025-09-27 13:30:00+00:00,28.764531249999997,1,6,True,Overlap (12-16),Saturday,12
2025-09-27 13:45:00+00:00,2025-09-27 15:00:00+00:00,47.79578125,-1,6,True,Overlap (12-16),Saturday,13
2025-09-27 15:15:00+00:00,2025-09-27 19:15:00+00:00,81.9715625,1,17,True,Overlap (12-16),Saturday,15
2025-09-27 19:30:00+00:00,2025-09-27 20:30:00+00:00,-1.9893750000000026,-1,5,False,NY      (16-22),Saturday,19
2025-09-27 20:45:00+00:00,2025-09-28 01:15:00+00:00,34.639531250000005,1,19,True,NY      (16-22),Saturday,20
2025-09-28 01:30:00+00:00,2025-09-28 02:00:00+00:00,41.791875,-1,3,True,Asia    (00-07),Sunday,1
2025-09-28 02:15:00+00:00,2025-09-28 08:30:00+00:00,56.72546875,1,26,True,Asia    (00-07),Sunday,2
2025-09-28 08:45:00+00:00,2025-09-28 09:00:00+00:00,63.88953125,-1,2,True,London  (07-12),Sunday,8
2025-09-28 09:15:00+00:00,2025-09-28 09:30:00+00:00,83.10046875,1,2,True,London  (07-12),Sunday,9
2025-09-28 09:45:00+00:00,2025-09-28 11:15:00+00:00,128.94421875,-1,7,True,London  (07-12),Sunday,9
2025-09-28 11:30:00+00:00,2025-09-28 12:00:00+00:00,62.84265625,1,3,True,London  (07-12),Sunday,11
2025-09-28 12:15:00+00:00,2025-09-28 13:00:00+00:00,-6.0323437499999955,-1,4,False,Overlap (12-16),Sunday,12
2025-09-28 13:15:00+00:00,2025-09-29 01:00:00+00:00,1398.357993640156,1,48,True,Overlap (12-16),Sunday,13
2025-09-29 01:15:00+00:00,2025-09-29 01:15:00+00:00,76.25853952947719,-1,1,True,Asia    (00-07),Monday,1
2025-09-29 01:30:00+00:00,2025-09-29 03:45:00+00:00,-107.61046875,1,10,False,Asia    (00-07),Monday,1
2025-09-29 04:00:00+00:00,2025-09-29 04:45:00+00:00,7.873906249999997,-1,4,True,Asia    (00-07),Monday,4
2025-09-29 05:00:00+00:00,2025-09-29 06:15:00+00:00,-20.411249999999995,1,6,False,Asia    (00-07),Monday,5
2025-09-29 06:30:00+00:00,2025-09-29 07:00:00+00:00,67.85828125,-1,3,True,Asia    (00-07),Monday,6
2025-09-29 07:15:00+00:00,2025-09-29 10:15:00+00:00,279.88953125,1,13,True,London  (07-12),Monday,7
2025-09-29 10:30:00+00:00,2025-09-29 10:30:00+00:00,74.63953125,-1,1,True,London  (07-12),Monday,10
2025-09-29 10:45:00+00:00,2025-09-29 12:15:00+00:00,149.58484375,1,7,True,London  (07-12),Monday,10
2025-09-29 12:30:00+00:00,2025-09-29 13:00:00+00:00,125.19421875,-1,3,True,Overlap (12-16),Monday,12
2025-09-29 13:15:00+00:00,2025-09-29 20:00:00+00:00,1072.5384569377375,1,28,True,Overlap (12-16),Monday,13
2025-09-29 20:15:00+00:00,2025-09-29 22:30:00+00:00,144.40125,-1,10,True,NY      (16-22),Monday,20
2025-09-29 22:45:00+00:00,2025-09-30 01:15:00+00:00,275.5028125,1,11,True,Off     (22-00),Monday,22
2025-09-30 01:30:00+00:00,2025-09-30 01:30:00+00:00,76.5653125,-1,1,True,Asia    (00-07),Tuesday,1
2025-09-30 01:45:00+00:00,2025-09-30 02:15:00+00:00,-2.7979687500000026,1,3,False,Asia    (00-07),Tuesday,1
2025-09-30 02:30:00+00:00,2025-09-30 07:30:00+00:00,403.4715625,-1,21,True,Asia    (00-07),Tuesday,2
2025-09-30 07:45:00+00:00,2025-09-30 08:15:00+00:00,-44.8409375,1,3,False,London  (07-12),Tuesday,7
2025-09-30 08:30:00+00:00,2025-09-30 10:15:00+00:00,354.135625,-1,8,True,London  (07-12),Tuesday,8
2025-09-30 10:30:00+00:00,2025-09-30 11:30:00+00:00,72.46375,1,5,True,London  (07-12),Tuesday,10
2025-09-30 11:45:00+00:00,2025-09-30 12:45:00+00:00,-9.657343749999995,-1,5,False,London  (07-12),Tuesday,11
2025-09-30 13:00:00+00:00,2025-09-30 14:45:00+00:00,263.2756460851233,1,8,True,Overlap (12-16),Tuesday,13
2025-09-30 15:00:00+00:00,2025-09-30 16:45:00+00:00,292.38497452738375,-1,8,True,Overlap (12-16),Tuesday,15
2025-09-30 17:00:00+00:00,2025-09-30 20:30:00+00:00,670.70237090155,1,15,True,NY      (16-22),Tuesday,17
2025-09-30 20:45:00+00:00,2025-10-01 00:00:00+00:00,49.24356248203716,-1,14,True,NY      (16-22),Tuesday,20
2025-10-01 00:15:00+00:00,2025-10-01 02:00:00+00:00,147.57703125,1,8,True,Asia    (00-07),Wednesday,0
2025-10-01 02:15:00+00:00,2025-10-01 04:00:00+00:00,57.2371875,-1,8,True,Asia    (00-07),Wednesday,2
2025-10-01 04:15:00+00:00,2025-10-01 12:00:00+00:00,1070.0278638854875,1,32,True,Asia    (00-07),Wednesday,4
2025-10-01 12:15:00+00:00,2025-10-01 13:00:00+00:00,52.573125000000005,-1,4,True,Overlap (12-16),Wednesday,12
2025-10-01 13:15:00+00:00,2025-10-01 15:15:00+00:00,450.7885486907037,1,9,True,Overlap (12-16),Wednesday,13
2025-10-01 15:30:00+00:00,2025-10-01 18:00:00+00:00,137.77982183259326,-1,11,True,Overlap (12-16),Wednesday,15
2025-10-01 18:15:00+00:00,2025-10-02 00:00:00+00:00,983.6822280235124,1,24,True,NY      (16-22),Wednesday,18
2025-10-02 00:15:00+00:00,2025-10-02 00:45:00+00:00,282.8129289973584,-1,3,True,Asia    (00-07),Thursday,0
2025-10-02 01:00:00+00:00,2025-10-02 03:00:00+00:00,163.95604228238383,1,9,True,Asia    (00-07),Thursday,1
2025-10-02 03:15:00+00:00,2025-10-02 06:15:00+00:00,195.56483733468096,-1,13,True,Asia    (00-07),Thursday,3
2025-10-02 06:30:00+00:00,2025-10-02 07:00:00+00:00,84.3778125,1,3,True,Asia    (00-07),Thursday,6
2025-10-02 07:15:00+00:00,2025-10-02 08:00:00+00:00,135.995,-1,4,True,London  (07-12),Thursday,7
2025-10-02 08:15:00+00:00,2025-10-02 10:00:00+00:00,179.948125,1,8,True,London  (07-12),Thursday,8
2025-10-02 10:15:00+00:00,2025-10-02 12:00:00+00:00,-72.801875,-1,8,False,London  (07-12),Thursday,10
2025-10-02 12:15:00+00:00,2025-10-02 14:00:00+00:00,277.16296875,1,8,True,Overlap (12-16),Thursday,12
2025-10-02 14:15:00+00:00,2025-10-02 15:00:00+00:00,109.97921535947535,-1,4,True,Overlap (12-16),Thursday,14
2025-10-02 15:15:00+00:00,2025-10-02 20:15:00+00:00,446.1506585380182,1,21,True,Overlap (12-16),Thursday,15
2025-10-02 20:30:00+00:00,2025-10-02 23:30:00+00:00,77.70509709215781,-1,13,True,NY      (16-22),Thursday,20
2025-10-02 23:45:00+00:00,2025-10-03 04:00:00+00:00,-54.53467822807852,1,18,False,Off     (22-00),Thursday,23
2025-10-03 04:15:00+00:00,2025-10-03 08:00:00+00:00,365.745,-1,16,True,Asia    (00-07),Friday,4
2025-10-03 08:15:00+00:00,2025-10-03 11:30:00+00:00,410.5496875,1,14,True,London  (07-12),Friday,8
2025-10-03 11:45:00+00:00,2025-10-03 12:30:00+00:00,16.330937499999997,-1,4,True,London  (07-12),Friday,11
2025-10-03 12:45:00+00:00,2025-10-03 16:15:00+00:00,1159.9517256277882,1,15,True,Overlap (12-16),Friday,12
2025-10-03 16:30:00+00:00,2025-10-03 16:45:00+00:00,237.950085031414,-1,2,True,NY      (16-22),Friday,16
2025-10-03 17:00:00+00:00,2025-10-03 20:45:00+00:00,-18.419793787939838,1,16,False,NY      (16-22),Friday,17
2025-10-03 21:00:00+00:00,2025-10-04 03:00:00+00:00,261.4312519955128,-1,25,True,NY      (16-22),Friday,21
2025-10-04 03:15:00+00:00,2025-10-04 05:00:00+00:00,369.635625,1,8,True,Asia    (00-07),Saturday,3
2025-10-04 05:15:00+00:00,2025-10-04 12:45:00+00:00,310.82703125,-1,31,True,Asia    (00-07),Saturday,5
2025-10-04 13:00:00+00:00,2025-10-04 14:00:00+00:00,194.89734375,1,5,True,Overlap (12-16),Saturday,13
2025-10-04 14:15:00+00:00,2025-10-04 17:30:00+00:00,338.25671875,-1,14,True,Overlap (12-16),Saturday,14
2025-10-04 17:45:00+00:00,2025-10-05 03:15:00+00:00,1040.2513578976786,1,39,True,NY      (16-22),Saturday,17
2025-10-05 03:30:00+00:00,2025-10-05 04:00:00+00:00,-38.82632756596668,-1,3,False,Asia    (00-07),Sunday,3
2025-10-05 04:15:00+00:00,2025-10-05 05:00:00+00:00,356.888258720506,1,4,True,Asia    (00-07),Sunday,4
2025-10-05 05:15:00+00:00,2025-10-05 06:30:00+00:00,23.900426433752,-1,6,True,Asia    (00-07),Sunday,5
2025-10-05 06:45:00+00:00,2025-10-05 08:15:00+00:00,-108.77463165121291,1,7,False,Asia    (00-07),Sunday,6
2025-10-05 08:30:00+00:00,2025-10-05 10:15:00+00:00,761.7117191661343,-1,8,True,London  (07-12),Sunday,8
2025-10-05 10:30:00+00:00,2025-10-05 12:15:00+00:00,34.1138209065945,1,8,True,London  (07-12),Sunday,10
2025-10-05 12:30:00+00:00,2025-10-05 16:00:00+00:00,31.05929305164568,-1,15,True,Overlap (12-16),Sunday,12
2025-10-05 16:15:00+00:00,2025-10-05 17:15:00+00:00,46.7844112501664,1,5,True,NY      (16-22),Sunday,16
2025-10-05 17:30:00+00:00,2025-10-05 21:00:00+00:00,257.8528673295632,-1,15,True,NY      (16-22),Sunday,17
2025-10-05 21:15:00+00:00,2025-10-06 04:00:00+00:00,591.0647426837812,1,28,True,NY      (16-22),Sunday,21
2025-10-06 04:15:00+00:00,2025-10-06 05:15:00+00:00,133.18666031046524,-1,5,True,Asia    (00-07),Monday,4
2025-10-06 05:30:00+00:00,2025-10-06 05:30:00+00:00,-54.6534375,1,1,False,Asia    (00-07),Monday,5
2025-10-06 05:45:00+00:00,2025-10-06 08:00:00+00:00,-70.77453125,-1,10,False,Asia    (00-07),Monday,5
2025-10-06 08:15:00+00:00,2025-10-06 14:00:00+00:00,619.7838191118065,1,24,True,London  (07-12),Monday,8
2025-10-06 14:15:00+00:00,2025-10-06 15:00:00+00:00,67.43984543101921,-1,4,True,Overlap (12-16),Monday,14
2025-10-06 15:15:00+00:00,2025-10-06 17:15:00+00:00,286.27469632995326,1,9,True,Overlap (12-16),Monday,15
2025-10-06 17:30:00+00:00,2025-10-06 18:00:00+00:00,126.39390058153205,-1,3,True,NY      (16-22),Monday,17
2025-10-06 18:15:00+00:00,2025-10-06 19:00:00+00:00,148.2413233168977,1,4,True,NY      (16-22),Monday,18
2025-10-06 19:15:00+00:00,2025-10-06 21:15:00+00:00,302.3522819663354,-1,9,True,NY      (16-22),Monday,19
2025-10-06 21:30:00+00:00,2025-10-06 22:00:00+00:00,128.1736330100183,1,3,True,NY      (16-22),Monday,21
2025-10-06 22:15:00+00:00,2025-10-07 03:15:00+00:00,479.9376838931628,-1,21,True,Off     (22-00),Monday,22
2025-10-07 03:30:00+00:00,2025-10-07 04:30:00+00:00,204.5965625,1,5,True,Asia    (00-07),Tuesday,3
2025-10-07 04:45:00+00:00,2025-10-07 08:00:00+00:00,505.2684375,-1,14,True,Asia    (00-07),Tuesday,4
2025-10-07 08:15:00+00:00,2025-10-07 13:00:00+00:00,581.16296875,1,20,True,London  (07-12),Tuesday,8
2025-10-07 13:15:00+00:00,2025-10-07 19:15:00+00:00,1128.2552366096165,-1,25,True,Overlap (12-16),Tuesday,13
2025-10-07 19:30:00+00:00,2025-10-07 20:15:00+00:00,268.1928137037357,1,4,True,NY      (16-22),Tuesday,19
2025-10-07 20:30:00+00:00,2025-10-07 23:45:00+00:00,363.41384552641,-1,14,True,NY      (16-22),Tuesday,20
2025-10-08 00:00:00+00:00,2025-10-08 11:00:00+00:00,763.4315826824196,1,45,True,Asia    (00-07),Wednesday,0
2025-10-08 11:15:00+00:00,2025-10-08 11:45:00+00:00,79.87108148358126,-1,3,True,London  (07-12),Wednesday,11
2025-10-08 12:00:00+00:00,2025-10-08 12:00:00+00:00,36.44001995092836,1,1,True,Overlap (12-16),Wednesday,12
2025-10-08 12:15:00+00:00,2025-10-08 15:45:00+00:00,334.02076464227554,-1,15,True,Overlap (12-16),Wednesday,12
2025-10-08 16:00:00+00:00,2025-10-08 18:00:00+00:00,430.23967373597594,1,9,True,NY      (16-22),Wednesday,16
2025-10-08 18:15:00+00:00,2025-10-08 19:45:00+00:00,132.8848669724693,-1,7,True,NY      (16-22),Wednesday,18
2025-10-08 20:00:00+00:00,2025-10-08 20:15:00+00:00,29.30542486807356,1,2,True,NY      (16-22),Wednesday,20
2025-10-08 20:30:00+00:00,2025-10-08 20:45:00+00:00,259.6109244646357,-1,2,True,NY      (16-22),Wednesday,20
2025-10-08 21:00:00+00:00,2025-10-08 22:00:00+00:00,189.46701422178867,1,5,True,NY      (16-22),Wednesday,21
2025-10-08 22:15:00+00:00,2025-10-08 23:00:00+00:00,92.47546875,-1,4,True,Off     (22-00),Wednesday,22
2025-10-08 23:15:00+00:00,2025-10-09 00:00:00+00:00,-25.598749999999995,1,4,False,Off     (22-00),Wednesday,23
2025-10-09 00:15:00+00:00,2025-10-09 02:30:00+00:00,695.8614246620552,-1,10,True,Asia    (00-07),Thursday,0
2025-10-09 02:45:00+00:00,2025-10-09 04:45:00+00:00,191.39693698358576,1,9,True,Asia    (00-07),Thursday,2
2025-10-09 05:00:00+00:00,2025-10-09 09:15:00+00:00,212.9661196848133,-1,18,True,Asia    (00-07),Thursday,5
2025-10-09 09:30:00+00:00,2025-10-09 12:30:00+00:00,770.5942942335233,1,13,True,London  (07-12),Thursday,9
2025-10-09 12:45:00+00:00,2025-10-09 15:45:00+00:00,686.9107800126219,-1,13,True,Overlap (12-16),Thursday,12
2025-10-09 16:00:00+00:00,2025-10-09 16:00:00+00:00,16.37755916486804,1,1,True,NY      (16-22),Thursday,16
2025-10-09 16:15:00+00:00,2025-10-09 17:15:00+00:00,203.2729360040485,-1,5,True,NY      (16-22),Thursday,16
2025-10-09 17:30:00+00:00,2025-10-09 18:15:00+00:00,95.09547970984465,1,4,True,NY      (16-22),Thursday,17
2025-10-09 18:30:00+00:00,2025-10-09 20:00:00+00:00,-48.32416116469156,-1,7,False,NY      (16-22),Thursday,18
2025-10-09 20:15:00+00:00,2025-10-10 00:45:00+00:00,402.4407550440129,1,19,True,NY      (16-22),Thursday,20
2025-10-10 01:00:00+00:00,2025-10-10 03:45:00+00:00,344.7528125,-1,12,True,Asia    (00-07),Friday,1
2025-10-10 04:00:00+00:00,2025-10-10 06:15:00+00:00,218.64590807782375,1,10,True,Asia    (00-07),Friday,4
2025-10-10 06:30:00+00:00,2025-10-10 07:45:00+00:00,275.9558458782068,-1,6,True,Asia    (00-07),Friday,6
2025-10-10 08:00:00+00:00,2025-10-10 09:00:00+00:00,276.995,1,5,True,London  (07-12),Friday,8
2025-10-10 09:15:00+00:00,2025-10-10 09:45:00+00:00,85.65515625,-1,3,True,London  (07-12),Friday,9
2025-10-10 10:00:00+00:00,2025-10-10 12:30:00+00:00,65.6278125,1,11,True,London  (07-12),Friday,10
2025-10-10 12:45:00+00:00,2025-10-10 18:45:00+00:00,983.4614349322376,-1,25,True,Overlap (12-16),Friday,12
2025-10-10 19:00:00+00:00,2025-10-10 20:00:00+00:00,-133.82586831601438,1,5,False,NY      (16-22),Friday,19
2025-10-10 20:15:00+00:00,2025-10-10 21:00:00+00:00,672.1696641418016,-1,4,True,NY      (16-22),Friday,20
2025-10-10 21:15:00+00:00,2025-10-10 21:45:00+00:00,16.21846820158376,1,3,True,NY      (16-22),Friday,21
2025-10-10 22:00:00+00:00,2025-10-11 02:00:00+00:00,72.8386105507296,-1,17,True,Off     (22-00),Friday,22
2025-10-11 02:15:00+00:00,2025-10-11 04:45:00+00:00,168.30056215622866,1,11,True,Asia    (00-07),Saturday,2
2025-10-11 05:00:00+00:00,2025-10-11 08:00:00+00:00,609.1647631800911,-1,13,True,Asia    (00-07),Saturday,5
2025-10-11 08:15:00+00:00,2025-10-11 15:15:00+00:00,462.64034404891777,1,29,True,London  (07-12),Saturday,8
2025-10-11 15:30:00+00:00,2025-10-11 16:15:00+00:00,172.67185125324852,-1,4,True,Overlap (12-16),Saturday,15
2025-10-11 16:30:00+00:00,2025-10-11 19:00:00+00:00,-139.7918370884878,1,11,False,NY      (16-22),Saturday,16
2025-10-11 19:15:00+00:00,2025-10-11 21:00:00+00:00,590.2542449120713,-1,8,True,NY      (16-22),Saturday,19
2025-10-11 21:15:00+00:00,2025-10-11 22:15:00+00:00,229.75215805554237,1,5,True,NY      (16-22),Saturday,21
2025-10-11 22:30:00+00:00,2025-10-12 01:30:00+00:00,276.52186679399153,-1,13,True,Off     (22-00),Saturday,22
2025-10-12 01:45:00+00:00,2025-10-12 06:00:00+00:00,479.3279676505442,1,18,True,Asia    (00-07),Sunday,1
2025-10-12 06:15:00+00:00,2025-10-12 07:45:00+00:00,122.81087050316606,-1,7,True,Asia    (00-07),Sunday,6
2025-10-12 08:00:00+00:00,2025-10-12 10:00:00+00:00,146.93325595818993,1,9,True,London  (07-12),Sunday,8
2025-10-12 10:15:00+00:00,2025-10-12 10:30:00+00:00,118.39734375,-1,2,True,London  (07-12),Sunday,10
2025-10-12 10:45:00+00:00,2025-10-12 13:00:00+00:00,147.39559824188524,1,10,True,London  (07-12),Sunday,10
2025-10-12 13:15:00+00:00,2025-10-12 14:00:00+00:00,195.18851323028252,-1,4,True,Overlap (12-16),Sunday,13
2025-10-12 14:15:00+00:00,2025-10-12 22:30:00+00:00,1039.3682152995448,1,34,True,Overlap (12-16),Sunday,14
2025-10-12 22:45:00+00:00,2025-10-12 22:45:00+00:00,34.48217715103672,-1,1,True,Off     (22-00),Sunday,22
2025-10-12 23:00:00+00:00,2025-10-12 23:15:00+00:00,-5.0799424632523795,1,2,False,Off     (22-00),Sunday,23
2025-10-12 23:30:00+00:00,2025-10-13 00:00:00+00:00,-10.537993275297602,-1,3,False,Off     (22-00),Sunday,23
2025-10-13 00:15:00+00:00,2025-10-13 02:00:00+00:00,13.31644343585955,1,8,True,Asia    (00-07),Monday,0
2025-10-13 02:15:00+00:00,2025-10-13 04:00:00+00:00,198.27379516691343,-1,8,True,Asia    (00-07),Monday,2
2025-10-13 04:15:00+00:00,2025-10-13 08:15:00+00:00,226.8126505084136,1,17,True,Asia    (00-07),Monday,4
2025-10-13 08:30:00+00:00,2025-10-13 13:00:00+00:00,430.47287364629625,-1,19,True,London  (07-12),Monday,8
2025-10-13 13:15:00+00:00,2025-10-13 14:00:00+00:00,156.35896441237134,1,4,True,Overlap (12-16),Monday,13
2025-10-13 14:15:00+00:00,2025-10-13 15:30:00+00:00,166.53902704766608,-1,6,True,Overlap (12-16),Monday,14
2025-10-13 15:45:00+00:00,2025-10-13 20:30:00+00:00,298.272753381193,1,20,True,Overlap (12-16),Monday,15
2025-10-13 20:45:00+00:00,2025-10-14 03:00:00+00:00,981.5031877322864,-1,26,True,NY      (16-22),Monday,20
2025-10-14 03:15:00+00:00,2025-10-14 04:15:00+00:00,-16.238783157821267,1,5,False,Asia    (00-07),Tuesday,3
2025-10-14 04:30:00+00:00,2025-10-14 07:45:00+00:00,609.9694768063471,-1,14,True,Asia    (00-07),Tuesday,4
2025-10-14 08:00:00+00:00,2025-10-14 09:00:00+00:00,-2.069649094057368,1,5,False,London  (07-12),Tuesday,8
2025-10-14 09:15:00+00:00,2025-10-14 11:30:00+00:00,147.03276608000357,-1,10,True,London  (07-12),Tuesday,9
2025-10-14 11:45:00+00:00,2025-10-14 14:15:00+00:00,91.38538497557836,1,11,True,London  (07-12),Tuesday,11
2025-10-14 14:30:00+00:00,2025-10-14 14:45:00+00:00,85.99996588258334,-1,2,True,Overlap (12-16),Tuesday,14
2025-10-14 15:00:00+00:00,2025-10-14 16:00:00+00:00,221.49995557776322,1,5,True,Overlap (12-16),Tuesday,15
2025-10-14 16:15:00+00:00,2025-10-14 20:00:00+00:00,-10.368899778341529,-1,16,False,NY      (16-22),Tuesday,16
2025-10-14 20:15:00+00:00,2025-10-14 23:00:00+00:00,246.57704500326446,1,12,True,NY      (16-22),Tuesday,20
2025-10-14 23:15:00+00:00,2025-10-15 04:45:00+00:00,400.49830391620645,-1,23,True,Off     (22-00),Tuesday,23
2025-10-15 05:00:00+00:00,2025-10-15 08:15:00+00:00,305.5231748168841,1,14,True,Asia    (00-07),Wednesday,5
2025-10-15 08:30:00+00:00,2025-10-15 11:45:00+00:00,469.3350702514132,-1,14,True,London  (07-12),Wednesday,8
2025-10-15 12:00:00+00:00,2025-10-15 12:00:00+00:00,22.750999784893153,1,1,True,Overlap (12-16),Wednesday,12
2025-10-15 12:15:00+00:00,2025-10-15 16:30:00+00:00,383.96276929613873,-1,18,True,Overlap (12-16),Wednesday,12
2025-10-15 16:45:00+00:00,2025-10-15 19:15:00+00:00,216.79031149813466,1,11,True,NY      (16-22),Wednesday,16
2025-10-15 19:30:00+00:00,2025-10-15 23:00:00+00:00,195.20933070397882,-1,15,True,NY      (16-22),Wednesday,19
2025-10-15 23:15:00+00:00,2025-10-16 02:45:00+00:00,261.6498606441281,1,15,True,Off     (22-00),Wednesday,23
2025-10-16 03:00:00+00:00,2025-10-16 06:00:00+00:00,206.02560619450443,-1,13,True,Asia    (00-07),Thursday,3
2025-10-16 06:15:00+00:00,2025-10-16 07:00:00+00:00,167.8862778469483,1,4,True,Asia    (00-07),Thursday,6
2025-10-16 07:15:00+00:00,2025-10-16 07:45:00+00:00,273.9761022659774,-1,3,True,London  (07-12),Thursday,7
2025-10-16 08:00:00+00:00,2025-10-16 12:00:00+00:00,272.1185169435588,1,17,True,London  (07-12),Thursday,8
2025-10-16 12:15:00+00:00,2025-10-16 16:15:00+00:00,818.5920174641192,-1,17,True,Overlap (12-16),Thursday,12
2025-10-16 16:30:00+00:00,2025-10-16 17:00:00+00:00,55.832885980732556,1,3,True,NY      (16-22),Thursday,16
2025-10-16 17:15:00+00:00,2025-10-16 18:15:00+00:00,101.09465837341243,-1,5,True,NY      (16-22),Thursday,17
2025-10-16 18:30:00+00:00,2025-10-16 18:45:00+00:00,133.1182976734092,1,2,True,NY      (16-22),Thursday,18
2025-10-16 19:00:00+00:00,2025-10-16 21:00:00+00:00,83.77913174360376,-1,9,True,NY      (16-22),Thursday,19
2025-10-16 21:15:00+00:00,2025-10-16 22:00:00+00:00,-22.68304948762257,1,4,False,NY      (16-22),Thursday,21
2025-10-16 22:15:00+00:00,2025-10-16 23:00:00+00:00,21.39775714105876,-1,4,True,Off     (22-00),Thursday,22
2025-10-16 23:15:00+00:00,2025-10-17 02:45:00+00:00,407.8961441021222,1,15,True,Off     (22-00),Thursday,23
2025-10-17 03:00:00+00:00,2025-10-17 03:30:00+00:00,16.057272583410615,-1,3,True,Asia    (00-07),Friday,3
2025-10-17 03:45:00+00:00,2025-10-17 04:00:00+00:00,63.81685240328152,1,2,True,Asia    (00-07),Friday,3
2025-10-17 04:15:00+00:00,2025-10-17 09:15:00+00:00,1601.5203702409444,-1,21,True,Asia    (00-07),Friday,4
2025-10-17 09:30:00+00:00,2025-10-17 14:00:00+00:00,49.50600247127281,1,19,True,London  (07-12),Friday,9
2025-10-17 14:15:00+00:00,2025-10-17 15:00:00+00:00,-20.38805902652455,-1,4,False,Overlap (12-16),Friday,14
2025-10-17 15:15:00+00:00,2025-10-17 16:00:00+00:00,268.56145418071304,1,4,True,Overlap (12-16),Friday,15
2025-10-17 16:15:00+00:00,2025-10-17 19:45:00+00:00,105.92235893355146,-1,15,True,NY      (16-22),Friday,16
2025-10-17 20:00:00+00:00,2025-10-18 02:00:00+00:00,105.84972943599627,1,25,True,NY      (16-22),Friday,20
2025-10-18 02:15:00+00:00,2025-10-18 02:30:00+00:00,133.6590625,-1,2,True,Asia    (00-07),Saturday,2
2025-10-18 02:45:00+00:00,2025-10-18 06:00:00+00:00,131.1081738047639,1,14,True,Asia    (00-07),Saturday,2
2025-10-18 06:15:00+00:00,2025-10-18 08:30:00+00:00,84.63305283074044,-1,10,True,Asia    (00-07),Saturday,6
2025-10-18 08:45:00+00:00,2025-10-18 10:30:00+00:00,174.27739617227053,1,8,True,London  (07-12),Saturday,8
2025-10-18 10:45:00+00:00,2025-10-18 10:45:00+00:00,64.52234375,-1,1,True,London  (07-12),Saturday,10
2025-10-18 11:00:00+00:00,2025-10-18 12:00:00+00:00,122.885625,1,5,True,London  (07-12),Saturday,11
2025-10-18 12:15:00+00:00,2025-10-18 16:30:00+00:00,295.69421875,-1,18,True,Overlap (12-16),Saturday,12
2025-10-18 16:45:00+00:00,2025-10-18 19:45:00+00:00,235.76453125,1,13,True,NY      (16-22),Saturday,16
2025-10-18 20:00:00+00:00,2025-10-18 21:00:00+00:00,56.299687500000005,-1,5,True,NY      (16-22),Saturday,20
2025-10-18 21:15:00+00:00,2025-10-19 04:00:00+00:00,36.170781250000005,1,28,True,NY      (16-22),Saturday,21
2025-10-19 04:15:00+00:00,2025-10-19 06:30:00+00:00,154.53015625,-1,10,True,Asia    (00-07),Sunday,4
2025-10-19 06:45:00+00:00,2025-10-19 10:30:00+00:00,307.3101076425858,1,16,True,Asia    (00-07),Sunday,6
2025-10-19 10:45:00+00:00,2025-10-19 13:00:00+00:00,82.64734857270801,-1,10,True,London  (07-12),Sunday,10
2025-10-19 13:15:00+00:00,2025-10-19 15:00:00+00:00,463.5154542056752,1,8,True,Overlap (12-16),Sunday,13
2025-10-19 15:15:00+00:00,2025-10-19 16:15:00+00:00,58.63934841593434,-1,5,True,Overlap (12-16),Sunday,15
2025-10-19 16:30:00+00:00,2025-10-19 19:15:00+00:00,328.8912869139158,1,12,True,NY      (16-22),Sunday,16
2025-10-19 19:30:00+00:00,2025-10-20 00:00:00+00:00,504.2040292771097,-1,19,True,NY      (16-22),Sunday,19
2025-10-20 00:15:00+00:00,2025-10-20 04:15:00+00:00,607.8684016379624,1,17,True,Asia    (00-07),Monday,0
2025-10-20 04:30:00+00:00,2025-10-20 04:45:00+00:00,-121.15405142593292,-1,2,False,Asia    (00-07),Monday,4
2025-10-20 05:00:00+00:00,2025-10-20 06:00:00+00:00,221.3490242802394,1,5,True,Asia    (00-07),Monday,5
2025-10-20 06:15:00+00:00,2025-10-20 11:00:00+00:00,236.38193491544007,-1,20,True,Asia    (00-07),Monday,6
2025-10-20 11:15:00+00:00,2025-10-20 12:15:00+00:00,170.0965625,1,5,True,London  (07-12),Monday,11
2025-10-20 12:30:00+00:00,2025-10-20 13:00:00+00:00,210.1746875,-1,3,True,Overlap (12-16),Monday,12
2025-10-20 13:15:00+00:00,2025-10-20 15:15:00+00:00,318.64768656546295,1,9,True,Overlap (12-16),Monday,13
2025-10-20 15:30:00+00:00,2025-10-20 23:45:00+00:00,344.431867178435,-1,34,True,Overlap (12-16),Monday,15
2025-10-21 00:00:00+00:00,2025-10-21 00:30:00+00:00,-31.395624999999995,1,3,False,Asia    (00-07),Tuesday,0
2025-10-21 00:45:00+00:00,2025-10-21 02:15:00+00:00,486.62766399236455,-1,7,True,Asia    (00-07),Tuesday,0
2025-10-21 02:30:00+00:00,2025-10-21 02:30:00+00:00,45.43039878362597,1,1,True,Asia    (00-07),Tuesday,2
2025-10-21 02:45:00+00:00,2025-10-21 03:45:00+00:00,228.1240768872914,-1,5,True,Asia    (00-07),Tuesday,2
2025-10-21 04:00:00+00:00,2025-10-21 04:45:00+00:00,-466.9722562659979,1,4,False,Asia    (00-07),Tuesday,4
2025-10-21 05:00:00+00:00,2025-10-21 06:00:00+00:00,33.37236772356181,-1,5,True,Asia    (00-07),Tuesday,5
2025-10-21 06:15:00+00:00,2025-10-21 06:30:00+00:00,81.4154667796351,1,2,True,Asia    (00-07),Tuesday,6
2025-10-21 06:45:00+00:00,2025-10-21 08:30:00+00:00,133.6334235375141,-1,8,True,Asia    (00-07),Tuesday,6
2025-10-21 08:45:00+00:00,2025-10-21 11:30:00+00:00,370.0896889778689,1,12,True,London  (07-12),Tuesday,8
2025-10-21 11:45:00+00:00,2025-10-21 12:45:00+00:00,-189.2605219555405,-1,5,False,London  (07-12),Tuesday,11
2025-10-21 13:00:00+00:00,2025-10-21 13:15:00+00:00,-31.786497022112044,1,2,False,Overlap (12-16),Tuesday,13
2025-10-21 13:30:00+00:00,2025-10-21 13:45:00+00:00,70.87773509634368,-1,2,True,Overlap (12-16),Tuesday,13
2025-10-21 14:00:00+00:00,2025-10-21 16:30:00+00:00,924.1986262341318,1,11,True,Overlap (12-16),Tuesday,14
2025-10-21 16:45:00+00:00,2025-10-22 00:15:00+00:00,1150.7508220400186,-1,31,True,NY      (16-22),Tuesday,16
2025-10-22 00:30:00+00:00,2025-10-22 02:00:00+00:00,167.7182851981214,1,7,True,Asia    (00-07),Wednesday,0
2025-10-22 02:15:00+00:00,2025-10-22 03:15:00+00:00,156.00254095883008,-1,5,True,Asia    (00-07),Wednesday,2
2025-10-22 03:30:00+00:00,2025-10-22 06:15:00+00:00,30.749253146821474,1,12,True,Asia    (00-07),Wednesday,3
2025-10-22 06:30:00+00:00,2025-10-22 07:00:00+00:00,301.135625,-1,3,True,Asia    (00-07),Wednesday,6
2025-10-22 07:15:00+00:00,2025-10-22 08:30:00+00:00,326.48615379611994,1,6,True,London  (07-12),Wednesday,7
2025-10-22 08:45:00+00:00,2025-10-22 11:45:00+00:00,334.51135147516743,-1,13,True,London  (07-12),Wednesday,8
2025-10-22 12:00:00+00:00,2025-10-22 15:00:00+00:00,264.46563326885604,1,13,True,Overlap (12-16),Wednesday,12
2025-10-22 15:15:00+00:00,2025-10-22 15:15:00+00:00,98.377633197097,-1,1,True,Overlap (12-16),Wednesday,15
2025-10-22 15:30:00+00:00,2025-10-22 16:00:00+00:00,98.10513878120796,1,3,True,Overlap (12-16),Wednesday,15
2025-10-22 16:15:00+00:00,2025-10-22 18:00:00+00:00,130.59129414388732,-1,8,True,NY      (16-22),Wednesday,16
2025-10-22 18:15:00+00:00,2025-10-22 19:15:00+00:00,88.49970371320595,1,5,True,NY      (16-22),Wednesday,18
2025-10-22 19:30:00+00:00,2025-10-22 23:00:00+00:00,234.6115311811223,-1,15,True,NY      (16-22),Wednesday,19
2025-10-22 23:15:00+00:00,2025-10-23 03:15:00+00:00,519.6129653138373,1,17,True,Off     (22-00),Wednesday,23
2025-10-23 03:30:00+00:00,2025-10-23 04:00:00+00:00,152.3621875,-1,3,True,Asia    (00-07),Thursday,3
2025-10-23 04:15:00+00:00,2025-10-23 07:00:00+00:00,672.9399868293578,1,12,True,Asia    (00-07),Thursday,4
2025-10-23 07:15:00+00:00,2025-10-23 08:30:00+00:00,70.35632013796143,-1,6,True,London  (07-12),Thursday,7
2025-10-23 08:45:00+00:00,2025-10-23 10:00:00+00:00,5.476079335091512,1,6,True,London  (07-12),Thursday,8
2025-10-23 10:15:00+00:00,2025-10-23 12:00:00+00:00,304.2753248376646,-1,8,True,London  (07-12),Thursday,10
2025-10-23 12:15:00+00:00,2025-10-23 18:00:00+00:00,563.3307274504061,1,24,True,Overlap (12-16),Thursday,12
2025-10-23 18:15:00+00:00,2025-10-23 20:45:00+00:00,365.7642310062646,-1,11,True,NY      (16-22),Thursday,18
2025-10-23 21:00:00+00:00,2025-10-24 02:45:00+00:00,462.873405483361,1,24,True,NY      (16-22),Thursday,21
2025-10-24 03:00:00+00:00,2025-10-24 03:45:00+00:00,49.448125,-1,4,True,Asia    (00-07),Friday,3
2025-10-24 04:00:00+00:00,2025-10-24 06:15:00+00:00,419.4934839262817,1,10,True,Asia    (00-07),Friday,4
2025-10-24 06:30:00+00:00,2025-10-24 16:00:00+00:00,399.30619256058833,-1,39,True,Asia    (00-07),Friday,6
2025-10-24 16:15:00+00:00,2025-10-24 22:15:00+00:00,412.997107912309,1,25,True,NY      (16-22),Friday,16
2025-10-24 22:30:00+00:00,2025-10-24 23:00:00+00:00,70.12390625,-1,3,True,Off     (22-00),Friday,22
2025-10-24 23:15:00+00:00,2025-10-25 07:15:00+00:00,355.28015625,1,33,True,Off     (22-00),Friday,23
2025-10-25 07:30:00+00:00,2025-10-25 08:00:00+00:00,16.401249999999997,-1,3,True,London  (07-12),Saturday,7
2025-10-25 08:15:00+00:00,2025-10-25 09:00:00+00:00,84.6903125,1,4,True,London  (07-12),Saturday,8
2025-10-25 09:15:00+00:00,2025-10-25 10:00:00+00:00,173.54578125,-1,4,True,London  (07-12),Saturday,9
2025-10-25 10:15:00+00:00,2025-10-25 13:00:00+00:00,174.09265625,1,12,True,London  (07-12),Saturday,10
2025-10-25 13:15:00+00:00,2025-10-25 16:00:00+00:00,253.50671875,-1,12,True,Overlap (12-16),Saturday,13
2025-10-25 16:15:00+00:00,2025-10-25 20:00:00+00:00,162.95984375,1,16,True,NY      (16-22),Saturday,16
2025-10-25 20:15:00+00:00,2025-10-25 21:15:00+00:00,84.15125,-1,5,True,NY      (16-22),Saturday,20
2025-10-25 21:30:00+00:00,2025-10-26 00:30:00+00:00,206.4715625,1,13,True,NY      (16-22),Saturday,21
2025-10-26 00:45:00+00:00,2025-10-26 04:00:00+00:00,222.4403125,-1,14,True,Asia    (00-07),Sunday,0
2025-10-26 04:15:00+00:00,2025-10-26 07:45:00+00:00,162.10828125,1,15,True,Asia    (00-07),Sunday,4
2025-10-26 08:00:00+00:00,2025-10-26 08:15:00+00:00,-50.7628125,-1,2,False,London  (07-12),Sunday,8
2025-10-26 08:30:00+00:00,2025-10-26 16:45:00+00:00,814.4977548014524,1,34,True,London  (07-12),Sunday,8
2025-10-26 17:00:00+00:00,2025-10-26 18:15:00+00:00,-4.6339062499999955,-1,6,False,NY      (16-22),Sunday,17
2025-10-26 18:30:00+00:00,2025-10-26 23:30:00+00:00,443.23205553076014,1,21,True,NY      (16-22),Sunday,18
2025-10-26 23:45:00+00:00,2025-10-27 00:45:00+00:00,-45.979469119546366,-1,5,False,Off     (22-00),Sunday,23
2025-10-27 01:00:00+00:00,2025-10-27 07:00:00+00:00,477.9486613910809,1,25,True,Asia    (00-07),Monday,1
2025-10-27 07:15:00+00:00,2025-10-27 08:45:00+00:00,389.9749392243851,-1,7,True,London  (07-12),Monday,7
2025-10-27 09:00:00+00:00,2025-10-27 12:00:00+00:00,80.8733449419239,1,13,True,London  (07-12),Monday,9
2025-10-27 12:15:00+00:00,2025-10-27 13:30:00+00:00,179.71375,-1,6,True,Overlap (12-16),Monday,12
2025-10-27 13:45:00+00:00,2025-10-27 14:00:00+00:00,-15.080727559409752,1,2,False,Overlap (12-16),Monday,13
2025-10-27 14:15:00+00:00,2025-10-27 23:00:00+00:00,451.24353109746454,-1,36,True,Overlap (12-16),Monday,14
2025-10-27 23:15:00+00:00,2025-10-28 00:00:00+00:00,17.502812499999997,1,4,True,Off     (22-00),Monday,23
2025-10-28 00:15:00+00:00,2025-10-28 03:00:00+00:00,162.00629051487113,-1,12,True,Asia    (00-07),Tuesday,0
2025-10-28 03:15:00+00:00,2025-10-28 05:15:00+00:00,95.89061622483328,1,9,True,Asia    (00-07),Tuesday,3
2025-10-28 05:30:00+00:00,2025-10-28 05:45:00+00:00,161.729375,-1,2,True,Asia    (00-07),Tuesday,5
2025-10-28 06:00:00+00:00,2025-10-28 07:30:00+00:00,311.45984375,1,7,True,Asia    (00-07),Tuesday,6
2025-10-28 07:45:00+00:00,2025-10-28 08:00:00+00:00,54.635625,-1,2,True,London  (07-12),Tuesday,7
2025-10-28 08:15:00+00:00,2025-10-28 08:45:00+00:00,139.2528125,1,3,True,London  (07-12),Tuesday,8
2025-10-28 09:00:00+00:00,2025-10-28 09:15:00+00:00,81.27234375,-1,2,True,London  (07-12),Tuesday,9
2025-10-28 09:30:00+00:00,2025-10-28 11:00:00+00:00,129.21765625,1,7,True,London  (07-12),Tuesday,9
2025-10-28 11:15:00+00:00,2025-10-28 11:45:00+00:00,67.8153125,-1,3,True,London  (07-12),Tuesday,11
2025-10-28 12:00:00+00:00,2025-10-28 14:00:00+00:00,698.00671875,1,9,True,Overlap (12-16),Tuesday,12
2025-10-28 14:15:00+00:00,2025-10-28 14:45:00+00:00,249.21078666199702,-1,3,True,Overlap (12-16),Tuesday,14
2025-10-28 15:00:00+00:00,2025-10-28 17:00:00+00:00,88.44016500333194,1,9,True,Overlap (12-16),Tuesday,15
2025-10-28 17:15:00+00:00,2025-10-29 06:30:00+00:00,790.0542290164751,-1,54,True,NY      (16-22),Tuesday,17
2025-10-29 06:45:00+00:00,2025-10-29 07:45:00+00:00,249.52234375,1,5,True,Asia    (00-07),Wednesday,6
2025-10-29 08:00:00+00:00,2025-10-29 08:45:00+00:00,238.60046875,-1,4,True,London  (07-12),Wednesday,8
2025-10-29 09:00:00+00:00,2025-10-29 09:45:00+00:00,-63.129999999999995,1,4,False,London  (07-12),Wednesday,9
2025-10-29 10:00:00+00:00,2025-10-29 11:30:00+00:00,-39.590937499999995,-1,7,False,London  (07-12),Wednesday,10
2025-10-29 11:45:00+00:00,2025-10-29 12:00:00+00:00,101.6746875,1,2,True,London  (07-12),Wednesday,11
2025-10-29 12:15:00+00:00,2025-10-29 17:15:00+00:00,807.823265874743,-1,21,True,Overlap (12-16),Wednesday,12
2025-10-29 17:30:00+00:00,2025-10-29 18:00:00+00:00,8.755812614505487,1,3,True,NY      (16-22),Wednesday,17
2025-10-29 18:15:00+00:00,2025-10-29 20:00:00+00:00,132.264751764906,-1,8,True,NY      (16-22),Wednesday,18
2025-10-29 20:15:00+00:00,2025-10-29 22:00:00+00:00,130.47525936599487,1,8,True,NY      (16-22),Wednesday,20
2025-10-29 22:15:00+00:00,2025-10-30 00:00:00+00:00,465.2977903211531,-1,8,True,Off     (22-00),Wednesday,22
2025-10-30 00:15:00+00:00,2025-10-30 04:00:00+00:00,-123.56231334845816,1,16,False,Asia    (00-07),Thursday,0
2025-10-30 04:15:00+00:00,2025-10-30 04:45:00+00:00,437.13640177427465,-1,3,True,Asia    (00-07),Thursday,4
2025-10-30 05:00:00+00:00,2025-10-30 08:15:00+00:00,378.48601494302414,1,14,True,Asia    (00-07),Thursday,5
2025-10-30 08:30:00+00:00,2025-10-30 17:00:00+00:00,1138.2450569615935,-1,35,True,London  (07-12),Thursday,8
2025-10-30 17:15:00+00:00,2025-10-30 18:00:00+00:00,-66.71158377009763,1,4,False,NY      (16-22),Thursday,17
2025-10-30 18:15:00+00:00,2025-10-30 20:00:00+00:00,137.67995640747444,-1,8,True,NY      (16-22),Thursday,18
2025-10-30 20:15:00+00:00,2025-10-31 07:15:00+00:00,895.5904620553652,1,45,True,NY      (16-22),Thursday,20
2025-10-31 07:30:00+00:00,2025-10-31 08:00:00+00:00,207.42546560846,-1,3,True,London  (07-12),Friday,7
2025-10-31 08:15:00+00:00,2025-10-31 12:00:00+00:00,437.94718457649753,1,16,True,London  (07-12),Friday,8
2025-10-31 12:15:00+00:00,2025-10-31 13:30:00+00:00,184.02972056509762,-1,6,True,Overlap (12-16),Friday,12
2025-10-31 13:45:00+00:00,2025-10-31 15:00:00+00:00,305.52395299810877,1,6,True,Overlap (12-16),Friday,13
2025-10-31 15:15:00+00:00,2025-10-31 16:45:00+00:00,457.37398814239657,-1,7,True,Overlap (12-16),Friday,15
2025-10-31 17:00:00+00:00,2025-11-01 05:30:00+00:00,504.6567560043079,1,51,True,NY      (16-22),Friday,17
2025-11-01 05:45:00+00:00,2025-11-01 08:15:00+00:00,31.284062500000005,-1,11,True,Asia    (00-07),Saturday,5
2025-11-01 08:30:00+00:00,2025-11-01 09:00:00+00:00,7.401249999999997,1,3,True,London  (07-12),Saturday,8
2025-11-01 09:15:00+00:00,2025-11-01 09:30:00+00:00,99.0809375,-1,2,True,London  (07-12),Saturday,9
2025-11-01 09:45:00+00:00,2025-11-01 12:30:00+00:00,58.620000000000005,1,12,True,London  (07-12),Saturday,9
2025-11-01 12:45:00+00:00,2025-11-01 12:45:00+00:00,52.74890625,-1,1,True,Overlap (12-16),Saturday,12
2025-11-01 13:00:00+00:00,2025-11-01 20:15:00+00:00,199.3465625,1,30,True,Overlap (12-16),Saturday,13
2025-11-01 20:30:00+00:00,2025-11-01 22:00:00+00:00,227.479375,-1,7,True,NY      (16-22),Saturday,20
2025-11-01 22:15:00+00:00,2025-11-02 03:45:00+00:00,31.229374999999997,1,23,True,Off     (22-00),Saturday,22
2025-11-02 04:00:00+00:00,2025-11-02 04:00:00+00:00,-46.26671875,-1,1,False,Asia    (00-07),Sunday,4
2025-11-02 04:15:00+00:00,2025-11-02 05:15:00+00:00,155.5184375,1,5,True,Asia    (00-07),Sunday,4
2025-11-02 05:30:00+00:00,2025-11-02 05:45:00+00:00,-35.46984375,-1,2,False,Asia    (00-07),Sunday,5
2025-11-02 06:00:00+00:00,2025-11-02 06:45:00+00:00,68.07703125,1,4,True,Asia    (00-07),Sunday,6
2025-11-02 07:00:00+00:00,2025-11-02 07:00:00+00:00,42.08875,-1,1,True,London  (07-12),Sunday,7
2025-11-02 07:15:00+00:00,2025-11-02 08:00:00+00:00,109.59265625,1,4,True,London  (07-12),Sunday,7
2025-11-02 08:15:00+00:00,2025-11-02 08:15:00+00:00,-14.270625000000003,-1,1,False,London  (07-12),Sunday,8
2025-11-02 08:30:00+00:00,2025-11-02 09:00:00+00:00,75.604375,1,3,True,London  (07-12),Sunday,8
2025-11-02 09:15:00+00:00,2025-11-02 11:00:00+00:00,151.7528125,-1,8,True,London  (07-12),Sunday,9
2025-11-02 11:15:00+00:00,2025-11-02 12:00:00+00:00,209.98328125,1,4,True,London  (07-12),Sunday,11
2025-11-02 12:15:00+00:00,2025-11-02 13:00:00+00:00,230.99890625,-1,4,True,Overlap (12-16),Sunday,12
2025-11-02 13:15:00+00:00,2025-11-02 14:00:00+00:00,-76.63,1,4,False,Overlap (12-16),Sunday,13
2025-11-02 14:15:00+00:00,2025-11-02 16:00:00+00:00,307.5575,-1,8,True,Overlap (12-16),Sunday,14
2025-11-02 16:15:00+00:00,2025-11-03 00:00:00+00:00,408.101117831535,1,32,True,NY      (16-22),Sunday,16
2025-11-03 00:15:00+00:00,2025-11-03 03:45:00+00:00,1048.621457200528,-1,15,True,Asia    (00-07),Monday,0
2025-11-03 04:00:00+00:00,2025-11-03 05:00:00+00:00,4.495478329830249,1,5,True,Asia    (00-07),Monday,4
2025-11-03 05:15:00+00:00,2025-11-03 05:45:00+00:00,104.5463326309684,-1,3,True,Asia    (00-07),Monday,5
2025-11-03 06:00:00+00:00,2025-11-03 09:00:00+00:00,53.74670866036932,1,13,True,Asia    (00-07),Monday,6
2025-11-03 09:15:00+00:00,2025-11-03 09:45:00+00:00,197.96911068937243,-1,3,True,London  (07-12),Monday,9
2025-11-03 10:00:00+00:00,2025-11-03 10:00:00+00:00,102.8691282001805,1,1,True,London  (07-12),Monday,10
2025-11-03 10:15:00+00:00,2025-11-03 11:00:00+00:00,-2.6161919470976898,-1,4,False,London  (07-12),Monday,10
2025-11-03 11:15:00+00:00,2025-11-03 12:00:00+00:00,173.29963697939053,1,4,True,London  (07-12),Monday,11
2025-11-03 12:15:00+00:00,2025-11-03 14:15:00+00:00,184.69873410177433,-1,9,True,Overlap (12-16),Monday,12
2025-11-03 14:30:00+00:00,2025-11-03 15:00:00+00:00,40.48076669831585,1,3,True,Overlap (12-16),Monday,14
2025-11-03 15:15:00+00:00,2025-11-03 16:00:00+00:00,429.59401978301577,-1,4,True,Overlap (12-16),Monday,15
2025-11-03 16:15:00+00:00,2025-11-04 00:30:00+00:00,88.31954276355202,1,34,True,NY      (16-22),Monday,16
2025-11-04 00:45:00+00:00,2025-11-04 01:00:00+00:00,33.02976108985365,-1,2,True,Asia    (00-07),Tuesday,0
2025-11-04 01:15:00+00:00,2025-11-04 02:00:00+00:00,82.6009314340467,1,4,True,Asia    (00-07),Tuesday,1
2025-11-04 02:15:00+00:00,2025-11-04 03:00:00+00:00,0.5095199498121019,-1,4,True,Asia    (00-07),Tuesday,2
2025-11-04 03:15:00+00:00,2025-11-04 04:00:00+00:00,71.96174596438695,1,4,True,Asia    (00-07),Tuesday,3
2025-11-04 04:15:00+00:00,2025-11-04 06:45:00+00:00,843.097120734931,-1,11,True,Asia    (00-07),Tuesday,4
2025-11-04 07:00:00+00:00,2025-11-04 08:45:00+00:00,-203.94193031145699,1,8,False,London  (07-12),Tuesday,7
2025-11-04 09:00:00+00:00,2025-11-04 09:15:00+00:00,36.050725105436555,-1,2,True,London  (07-12),Tuesday,9
2025-11-04 09:30:00+00:00,2025-11-04 12:00:00+00:00,129.16901258653266,1,11,True,London  (07-12),Tuesday,9
2025-11-04 12:15:00+00:00,2025-11-04 14:00:00+00:00,164.13752500333507,-1,8,True,Overlap (12-16),Tuesday,12
2025-11-04 14:15:00+00:00,2025-11-04 14:45:00+00:00,170.039450274909,1,3,True,Overlap (12-16),Tuesday,14
2025-11-04 15:00:00+00:00,2025-11-04 18:00:00+00:00,829.9356110433121,-1,13,True,Overlap (12-16),Tuesday,15
2025-11-04 18:15:00+00:00,2025-11-04 19:00:00+00:00,106.63464107402633,1,4,True,NY      (16-22),Tuesday,18
2025-11-04 19:15:00+00:00,2025-11-04 20:00:00+00:00,162.3191374273215,-1,4,True,NY      (16-22),Tuesday,19
2025-11-04 20:15:00+00:00,2025-11-05 07:45:00+00:00,211.5719112836654,1,47,True,NY      (16-22),Tuesday,20
2025-11-05 08:00:00+00:00,2025-11-05 08:30:00+00:00,170.24414639943524,-1,3,True,London  (07-12),Wednesday,8
2025-11-05 08:45:00+00:00,2025-11-05 10:00:00+00:00,79.61983747914769,1,6,True,London  (07-12),Wednesday,8
2025-11-05 10:15:00+00:00,2025-11-05 11:00:00+00:00,60.68852083218108,-1,4,True,London  (07-12),Wednesday,10
2025-11-05 11:15:00+00:00,2025-11-05 16:45:00+00:00,733.2195346711227,1,23,True,London  (07-12),Wednesday,11
2025-11-05 17:00:00+00:00,2025-11-05 18:00:00+00:00,-13.629732290620352,-1,5,False,NY      (16-22),Wednesday,17
2025-11-05 18:15:00+00:00,2025-11-05 19:00:00+00:00,53.02164924913707,1,4,True,NY      (16-22),Wednesday,18
2025-11-05 19:15:00+00:00,2025-11-05 20:30:00+00:00,90.92020357102716,-1,6,True,NY      (16-22),Wednesday,19
2025-11-05 20:45:00+00:00,2025-11-06 00:45:00+00:00,-109.6375338177586,1,17,False,NY      (16-22),Wednesday,20
2025-11-06 01:00:00+00:00,2025-11-06 08:30:00+00:00,262.0912701378693,-1,31,True,Asia    (00-07),Thursday,1
2025-11-06 08:45:00+00:00,2025-11-06 12:00:00+00:00,-93.41068235617931,1,14,False,London  (07-12),Thursday,8
2025-11-06 12:15:00+00:00,2025-11-06 17:15:00+00:00,420.7520519984305,-1,21,True,Overlap (12-16),Thursday,12
2025-11-06 17:30:00+00:00,2025-11-06 18:45:00+00:00,50.783023845211034,1,6,True,NY      (16-22),Thursday,17
2025-11-06 19:00:00+00:00,2025-11-06 20:30:00+00:00,229.4628448533058,-1,7,True,NY      (16-22),Thursday,19
2025-11-06 20:45:00+00:00,2025-11-07 03:00:00+00:00,448.434275949758,1,26,True,NY      (16-22),Thursday,20
2025-11-07 03:15:00+00:00,2025-11-07 03:45:00+00:00,110.27231095447267,-1,3,True,Asia    (00-07),Friday,3
2025-11-07 04:00:00+00:00,2025-11-07 06:00:00+00:00,124.95479271810073,1,9,True,Asia    (00-07),Friday,4
2025-11-07 06:15:00+00:00,2025-11-07 07:00:00+00:00,214.04534179851424,-1,4,True,Asia    (00-07),Friday,6
2025-11-07 07:15:00+00:00,2025-11-07 08:00:00+00:00,31.223955779868987,1,4,True,London  (07-12),Friday,7
2025-11-07 08:15:00+00:00,2025-11-07 10:15:00+00:00,612.9547086398237,-1,9,True,London  (07-12),Friday,8
2025-11-07 10:30:00+00:00,2025-11-07 12:00:00+00:00,-173.83660230021212,1,7,False,London  (07-12),Friday,10
2025-11-07 12:15:00+00:00,2025-11-07 13:45:00+00:00,0.5361578630854424,-1,7,True,Overlap (12-16),Friday,12
2025-11-07 14:00:00+00:00,2025-11-07 15:00:00+00:00,188.8124501010431,1,5,True,Overlap (12-16),Friday,14
2025-11-07 15:15:00+00:00,2025-11-07 15:30:00+00:00,102.76184857525035,-1,2,True,Overlap (12-16),Friday,15
2025-11-07 15:45:00+00:00,2025-11-07 22:00:00+00:00,657.4564037154386,1,26,True,Overlap (12-16),Friday,15
2025-11-07 22:15:00+00:00,2025-11-07 22:30:00+00:00,-15.815899677826522,-1,2,False,Off     (22-00),Friday,22
2025-11-07 22:45:00+00:00,2025-11-08 01:45:00+00:00,-311.9062156276893,1,13,False,Off     (22-00),Friday,22
2025-11-08 02:00:00+00:00,2025-11-08 07:00:00+00:00,297.17869230302506,-1,21,True,Asia    (00-07),Saturday,2
2025-11-08 07:15:00+00:00,2025-11-08 08:30:00+00:00,150.69364871031678,1,6,True,London  (07-12),Saturday,7
2025-11-08 08:45:00+00:00,2025-11-08 12:15:00+00:00,294.58875,-1,15,True,London  (07-12),Saturday,8
2025-11-08 12:30:00+00:00,2025-11-08 13:00:00+00:00,-22.649531250000003,1,3,False,Overlap (12-16),Saturday,12
2025-11-08 13:15:00+00:00,2025-11-08 14:00:00+00:00,157.6308263347284,-1,4,True,Overlap (12-16),Saturday,13
2025-11-08 14:15:00+00:00,2025-11-08 19:00:00+00:00,233.18460537981213,1,20,True,Overlap (12-16),Saturday,14
2025-11-08 19:15:00+00:00,2025-11-08 20:00:00+00:00,65.38953125,-1,4,True,NY      (16-22),Saturday,19
2025-11-08 20:15:00+00:00,2025-11-08 23:00:00+00:00,191.98328125,1,12,True,NY      (16-22),Saturday,20
2025-11-08 23:15:00+00:00,2025-11-09 02:45:00+00:00,358.166875,-1,15,True,Off     (22-00),Saturday,23
2025-11-09 03:00:00+00:00,2025-11-09 04:00:00+00:00,83.23704715384629,1,5,True,Asia    (00-07),Sunday,3
2025-11-09 04:15:00+00:00,2025-11-09 05:00:00+00:00,2.3426562500000045,-1,4,True,Asia    (00-07),Sunday,4
2025-11-09 05:15:00+00:00,2025-11-09 06:00:00+00:00,28.944218750000005,1,4,True,Asia    (00-07),Sunday,5
2025-11-09 06:15:00+00:00,2025-11-09 07:00:00+00:00,24.252812499999997,-1,4,True,Asia    (00-07),Sunday,6
2025-11-09 07:15:00+00:00,2025-11-09 09:00:00+00:00,106.57703125,1,8,True,London  (07-12),Sunday,7
2025-11-09 09:15:00+00:00,2025-11-09 09:45:00+00:00,178.70984375,-1,3,True,London  (07-12),Sunday,9
2025-11-09 10:00:00+00:00,2025-11-09 14:15:00+00:00,1053.4012996559159,1,18,True,London  (07-12),Sunday,10
2025-11-09 14:30:00+00:00,2025-11-09 15:15:00+00:00,127.43902216866219,-1,4,True,Overlap (12-16),Sunday,14
2025-11-09 15:30:00+00:00,2025-11-09 20:30:00+00:00,390.5961580041321,1,21,True,Overlap (12-16),Sunday,15
2025-11-09 20:45:00+00:00,2025-11-09 22:30:00+00:00,89.68332995263545,-1,8,True,NY      (16-22),Sunday,20
2025-11-09 22:45:00+00:00,2025-11-09 22:45:00+00:00,173.74241624594066,1,1,True,Off     (22-00),Sunday,22
2025-11-09 23:00:00+00:00,2025-11-10 00:00:00+00:00,-113.53846512997103,-1,5,False,Off     (22-00),Sunday,23
2025-11-10 00:15:00+00:00,2025-11-10 03:30:00+00:00,344.7313095861248,1,14,True,Asia    (00-07),Monday,0
2025-11-10 03:45:00+00:00,2025-11-10 04:15:00+00:00,79.88600033893218,-1,3,True,Asia    (00-07),Monday,3
2025-11-10 04:30:00+00:00,2025-11-10 08:00:00+00:00,126.6828979807774,1,15,True,Asia    (00-07),Monday,4
2025-11-10 08:15:00+00:00,2025-11-10 14:45:00+00:00,578.0465004864493,-1,27,True,London  (07-12),Monday,8
2025-11-10 15:00:00+00:00,2025-11-10 18:30:00+00:00,286.1987538523603,1,15,True,Overlap (12-16),Monday,15
2025-11-10 18:45:00+00:00,2025-11-10 19:00:00+00:00,64.06270935670673,-1,2,True,NY      (16-22),Monday,18
2025-11-10 19:15:00+00:00,2025-11-10 20:00:00+00:00,213.62602373255066,1,4,True,NY      (16-22),Monday,19
2025-11-10 20:15:00+00:00,2025-11-10 21:00:00+00:00,231.0214264879897,-1,4,True,NY      (16-22),Monday,20
2025-11-10 21:15:00+00:00,2025-11-10 23:15:00+00:00,218.95879453433793,1,9,True,NY      (16-22),Monday,21
2025-11-10 23:30:00+00:00,2025-11-11 00:00:00+00:00,108.09556696710823,-1,3,True,Off     (22-00),Monday,23
2025-11-11 00:15:00+00:00,2025-11-11 00:45:00+00:00,86.56573539265723,1,3,True,Asia    (00-07),Tuesday,0
2025-11-11 01:00:00+00:00,2025-11-11 02:00:00+00:00,-44.95129821163445,-1,5,False,Asia    (00-07),Tuesday,1
2025-11-11 02:15:00+00:00,2025-11-11 03:00:00+00:00,186.69246519344168,1,4,True,Asia    (00-07),Tuesday,2
2025-11-11 03:15:00+00:00,2025-11-11 03:45:00+00:00,106.4869926988767,-1,3,True,Asia    (00-07),Tuesday,3
2025-11-11 04:00:00+00:00,2025-11-11 04:00:00+00:00,-79.4455205216871,1,1,False,Asia    (00-07),Tuesday,4
2025-11-11 04:15:00+00:00,2025-11-11 06:00:00+00:00,346.5411667344952,-1,8,True,Asia    (00-07),Tuesday,4
2025-11-11 06:15:00+00:00,2025-11-11 07:00:00+00:00,55.299656244082094,1,4,True,Asia    (00-07),Tuesday,6
2025-11-11 07:15:00+00:00,2025-11-11 08:00:00+00:00,68.87629030738144,-1,4,True,London  (07-12),Tuesday,7
2025-11-11 08:15:00+00:00,2025-11-11 09:15:00+00:00,120.86078007599593,1,5,True,London  (07-12),Tuesday,8
2025-11-11 09:30:00+00:00,2025-11-11 09:45:00+00:00,160.00434357119866,-1,2,True,London  (07-12),Tuesday,9
2025-11-11 10:00:00+00:00,2025-11-11 11:30:00+00:00,235.0148900754752,1,7,True,London  (07-12),Tuesday,10
2025-11-11 11:45:00+00:00,2025-11-11 11:45:00+00:00,70.229375,-1,1,True,London  (07-12),Tuesday,11
2025-11-11 12:00:00+00:00,2025-11-11 12:00:00+00:00,-64.87609375,1,1,False,Overlap (12-16),Tuesday,12
2025-11-11 12:15:00+00:00,2025-11-11 13:30:00+00:00,400.9058577444993,-1,6,True,Overlap (12-16),Tuesday,12
2025-11-11 13:45:00+00:00,2025-11-11 15:00:00+00:00,-145.09263694929453,1,6,False,Overlap (12-16),Tuesday,13
2025-11-11 15:15:00+00:00,2025-11-11 21:30:00+00:00,485.150972002609,-1,26,True,Overlap (12-16),Tuesday,15
2025-11-11 21:45:00+00:00,2025-11-12 04:00:00+00:00,363.6222617310764,1,26,True,NY      (16-22),Tuesday,21
2025-11-12 04:15:00+00:00,2025-11-12 04:30:00+00:00,167.5653125,-1,2,True,Asia    (00-07),Wednesday,4
2025-11-12 04:45:00+00:00,2025-11-12 06:00:00+00:00,221.58484375,1,6,True,Asia    (00-07),Wednesday,4
2025-11-12 06:15:00+00:00,2025-11-12 08:00:00+00:00,116.56921875,-1,8,True,Asia    (00-07),Wednesday,6
2025-11-12 08:15:00+00:00,2025-11-12 12:00:00+00:00,872.6539548388129,1,16,True,London  (07-12),Wednesday,8
2025-11-12 12:15:00+00:00,2025-11-12 15:30:00+00:00,842.2326418614007,-1,14,True,Overlap (12-16),Wednesday,12
2025-11-12 15:45:00+00:00,2025-11-12 23:15:00+00:00,-181.99669693738585,1,31,False,Overlap (12-16),Wednesday,15
2025-11-12 23:30:00+00:00,2025-11-13 02:15:00+00:00,-77.19580679459554,-1,12,False,Off     (22-00),Wednesday,23
2025-11-13 02:30:00+00:00,2025-11-13 03:30:00+00:00,76.02703389706058,1,5,True,Asia    (00-07),Thursday,2
2025-11-13 03:45:00+00:00,2025-11-13 04:00:00+00:00,103.21805785823786,-1,2,True,Asia    (00-07),Thursday,3
2025-11-13 04:15:00+00:00,2025-11-13 06:45:00+00:00,415.9186595509661,1,11,True,Asia    (00-07),Thursday,4
2025-11-13 07:00:00+00:00,2025-11-13 12:00:00+00:00,213.59033364353434,-1,21,True,London  (07-12),Thursday,7
2025-11-13 12:15:00+00:00,2025-11-13 12:15:00+00:00,17.49413208681245,1,1,True,Overlap (12-16),Thursday,12
2025-11-13 12:30:00+00:00,2025-11-13 14:00:00+00:00,332.21522737762194,-1,7,True,Overlap (12-16),Thursday,12
2025-11-13 14:15:00+00:00,2025-11-13 15:00:00+00:00,141.4059485927637,1,4,True,Overlap (12-16),Thursday,14
2025-11-13 15:15:00+00:00,2025-11-13 20:00:00+00:00,933.2522709313203,-1,20,True,Overlap (12-16),Thursday,15
2025-11-13 20:15:00+00:00,2025-11-13 22:30:00+00:00,321.55228871991704,1,10,True,NY      (16-22),Thursday,20
2025-11-13 22:45:00+00:00,2025-11-14 06:30:00+00:00,780.7320498438296,-1,32,True,Off     (22-00),Thursday,22
2025-11-14 06:45:00+00:00,2025-11-14 07:15:00+00:00,172.136042577599,1,3,True,Asia    (00-07),Friday,6
2025-11-14 07:30:00+00:00,2025-11-14 08:00:00+00:00,140.11794721892778,-1,3,True,London  (07-12),Friday,7
2025-11-14 08:15:00+00:00,2025-11-14 09:00:00+00:00,84.58148057923722,1,4,True,London  (07-12),Friday,8
2025-11-14 09:15:00+00:00,2025-11-14 14:00:00+00:00,575.2354312125551,-1,20,True,London  (07-12),Friday,9
2025-11-14 14:15:00+00:00,2025-11-14 14:45:00+00:00,205.96738118528972,1,3,True,Overlap (12-16),Friday,14
2025-11-14 15:00:00+00:00,2025-11-14 15:00:00+00:00,70.98873433455044,-1,1,True,Overlap (12-16),Friday,15
2025-11-14 15:15:00+00:00,2025-11-14 17:00:00+00:00,147.4370685282542,1,8,True,Overlap (12-16),Friday,15
2025-11-14 17:15:00+00:00,2025-11-14 19:00:00+00:00,326.3897380191389,-1,8,True,NY      (16-22),Friday,17
2025-11-14 19:15:00+00:00,2025-11-14 22:45:00+00:00,-55.315726859283416,1,15,False,NY      (16-22),Friday,19
2025-11-14 23:00:00+00:00,2025-11-15 00:00:00+00:00,-17.99910311623657,-1,5,False,Off     (22-00),Friday,23
2025-11-15 00:15:00+00:00,2025-11-15 00:15:00+00:00,27.93625446425862,1,1,True,Asia    (00-07),Saturday,0
2025-11-15 00:30:00+00:00,2025-11-15 00:30:00+00:00,92.11006916346524,-1,1,True,Asia    (00-07),Saturday,0
2025-11-15 00:45:00+00:00,2025-11-15 03:00:00+00:00,406.2648122215946,1,10,True,Asia    (00-07),Saturday,0
2025-11-15 03:15:00+00:00,2025-11-15 04:15:00+00:00,128.090842831838,-1,5,True,Asia    (00-07),Saturday,3
2025-11-15 04:30:00+00:00,2025-11-15 06:00:00+00:00,116.11607261488801,1,7,True,Asia    (00-07),Saturday,4
2025-11-15 06:15:00+00:00,2025-11-15 07:30:00+00:00,98.86919845239645,-1,6,True,Asia    (00-07),Saturday,6
2025-11-15 07:45:00+00:00,2025-11-15 08:00:00+00:00,-14.010920382056781,1,2,False,London  (07-12),Saturday,7
2025-11-15 08:15:00+00:00,2025-11-15 12:00:00+00:00,162.0684952340197,-1,16,True,London  (07-12),Saturday,8
2025-11-15 12:15:00+00:00,2025-11-15 14:00:00+00:00,323.92859375,1,8,True,Overlap (12-16),Saturday,12
2025-11-15 14:15:00+00:00,2025-11-15 16:00:00+00:00,249.02167266146733,-1,8,True,Overlap (12-16),Saturday,14
2025-11-15 16:15:00+00:00,2025-11-15 16:45:00+00:00,104.39539092588154,1,3,True,NY      (16-22),Saturday,16
2025-11-15 17:00:00+00:00,2025-11-15 22:15:00+00:00,260.2505429291292,-1,22,True,NY      (16-22),Saturday,17
2025-11-15 22:30:00+00:00,2025-11-16 03:00:00+00:00,38.18188216092469,1,19,True,Off     (22-00),Saturday,22
2025-11-16 03:15:00+00:00,2025-11-16 04:30:00+00:00,32.46275326502524,-1,6,True,Asia    (00-07),Sunday,3
2025-11-16 04:45:00+00:00,2025-11-16 05:15:00+00:00,121.37420937789554,1,3,True,Asia    (00-07),Sunday,4
2025-11-16 05:30:00+00:00,2025-11-16 05:45:00+00:00,27.393437499999997,-1,2,True,Asia    (00-07),Sunday,5
2025-11-16 06:00:00+00:00,2025-11-16 10:00:00+00:00,304.2059375,1,17,True,Asia    (00-07),Sunday,6
2025-11-16 10:15:00+00:00,2025-11-16 12:00:00+00:00,410.510625,-1,8,True,London  (07-12),Sunday,10
2025-11-16 12:15:00+00:00,2025-11-16 13:00:00+00:00,32.24690972155673,1,4,True,Overlap (12-16),Sunday,12
2025-11-16 13:15:00+00:00,2025-11-16 13:30:00+00:00,237.66880008978262,-1,2,True,Overlap (12-16),Sunday,13
2025-11-16 13:45:00+00:00,2025-11-16 15:00:00+00:00,80.99393669307463,1,6,True,Overlap (12-16),Sunday,13
2025-11-16 15:15:00+00:00,2025-11-16 17:30:00+00:00,558.9180246772304,-1,10,True,Overlap (12-16),Sunday,15
2025-11-16 17:45:00+00:00,2025-11-16 18:00:00+00:00,329.4390348498557,1,2,True,NY      (16-22),Sunday,17
2025-11-16 18:15:00+00:00,2025-11-16 19:45:00+00:00,283.83549969152443,-1,7,True,NY      (16-22),Sunday,18
2025-11-16 20:00:00+00:00,2025-11-17 01:15:00+00:00,281.9998177658543,1,22,True,NY      (16-22),Sunday,20
2025-11-17 01:30:00+00:00,2025-11-17 02:45:00+00:00,47.109607987069644,-1,6,True,Asia    (00-07),Monday,1
2025-11-17 03:00:00+00:00,2025-11-17 10:00:00+00:00,326.7669652136628,1,29,True,Asia    (00-07),Monday,3
2025-11-17 10:15:00+00:00,2025-11-17 14:00:00+00:00,805.2411305898424,-1,16,True,London  (07-12),Monday,10
2025-11-17 14:15:00+00:00,2025-11-17 14:30:00+00:00,274.88275001668507,1,2,True,Overlap (12-16),Monday,14
2025-11-17 14:45:00+00:00,2025-11-17 16:00:00+00:00,380.2596075248967,-1,6,True,Overlap (12-16),Monday,14
2025-11-17 16:15:00+00:00,2025-11-17 17:00:00+00:00,116.9488842167784,1,4,True,NY      (16-22),Monday,16
2025-11-17 17:15:00+00:00,2025-11-17 20:00:00+00:00,516.0576341170618,-1,12,True,NY      (16-22),Monday,17
2025-11-17 20:15:00+00:00,2025-11-18 00:00:00+00:00,213.20872168192193,1,16,True,NY      (16-22),Monday,20
2025-11-18 00:15:00+00:00,2025-11-18 00:30:00+00:00,247.2603737327986,-1,2,True,Asia    (00-07),Tuesday,0
2025-11-18 00:45:00+00:00,2025-11-18 01:15:00+00:00,98.1520697148125,1,3,True,Asia    (00-07),Tuesday,0
2025-11-18 01:30:00+00:00,2025-11-18 02:45:00+00:00,270.267744152822,-1,6,True,Asia    (00-07),Tuesday,1
2025-11-18 03:00:00+00:00,2025-11-18 04:00:00+00:00,-150.31149964951496,1,5,False,Asia    (00-07),Tuesday,3
2025-11-18 04:15:00+00:00,2025-11-18 05:30:00+00:00,57.03065483190022,-1,6,True,Asia    (00-07),Tuesday,4
2025-11-18 05:45:00+00:00,2025-11-18 05:45:00+00:00,39.30690847433899,1,1,True,Asia    (00-07),Tuesday,5
2025-11-18 06:00:00+00:00,2025-11-18 07:00:00+00:00,74.13056533272076,-1,5,True,Asia    (00-07),Tuesday,6
2025-11-18 07:15:00+00:00,2025-11-18 14:15:00+00:00,538.7288481940101,1,29,True,London  (07-12),Tuesday,7
2025-11-18 14:30:00+00:00,2025-11-18 15:00:00+00:00,-55.568670414679744,-1,3,False,Overlap (12-16),Tuesday,14
2025-11-18 15:15:00+00:00,2025-11-18 21:15:00+00:00,154.76646028277517,1,25,True,Overlap (12-16),Tuesday,15
2025-11-18 21:30:00+00:00,2025-11-18 21:30:00+00:00,112.48104204994756,-1,1,True,NY      (16-22),Tuesday,21
2025-11-18 21:45:00+00:00,2025-11-19 00:00:00+00:00,-84.86146477041794,1,10,False,NY      (16-22),Tuesday,21
2025-11-19 00:15:00+00:00,2025-11-19 04:30:00+00:00,361.6558149678833,-1,18,True,Asia    (00-07),Wednesday,0
2025-11-19 04:45:00+00:00,2025-11-19 08:00:00+00:00,107.8872653891654,1,14,True,Asia    (00-07),Wednesday,4
2025-11-19 08:15:00+00:00,2025-11-19 12:00:00+00:00,124.36932500736393,-1,16,True,London  (07-12),Wednesday,8
2025-11-19 12:15:00+00:00,2025-11-19 12:45:00+00:00,161.35828125,1,3,True,Overlap (12-16),Wednesday,12
2025-11-19 13:00:00+00:00,2025-11-19 14:00:00+00:00,132.94395544151652,-1,5,True,Overlap (12-16),Wednesday,13
2025-11-19 14:15:00+00:00,2025-11-19 15:00:00+00:00,176.09084536326947,1,4,True,Overlap (12-16),Wednesday,14
2025-11-19 15:15:00+00:00,2025-11-19 16:00:00+00:00,513.8034646492117,-1,4,True,Overlap (12-16),Wednesday,15
2025-11-19 16:15:00+00:00,2025-11-20 05:00:00+00:00,849.2105795453386,1,52,True,NY      (16-22),Wednesday,16
2025-11-20 05:15:00+00:00,2025-11-20 07:00:00+00:00,340.30251818587,-1,8,True,Asia    (00-07),Thursday,5
2025-11-20 07:15:00+00:00,2025-11-20 08:00:00+00:00,14.202361392102489,1,4,True,London  (07-12),Thursday,7
2025-11-20 08:15:00+00:00,2025-11-20 10:00:00+00:00,224.18232129493657,-1,8,True,London  (07-12),Thursday,8
2025-11-20 10:15:00+00:00,2025-11-20 10:15:00+00:00,140.12216212140504,1,1,True,London  (07-12),Thursday,10
2025-11-20 10:30:00+00:00,2025-11-20 11:15:00+00:00,174.3718931132309,-1,4,True,London  (07-12),Thursday,10
2025-11-20 11:30:00+00:00,2025-11-20 12:00:00+00:00,50.48433703991944,1,3,True,London  (07-12),Thursday,11
2025-11-20 12:15:00+00:00,2025-11-20 21:00:00+00:00,968.5213845889965,-1,36,True,Overlap (12-16),Thursday,12
2025-11-20 21:15:00+00:00,2025-11-20 23:00:00+00:00,130.74165068076104,1,8,True,NY      (16-22),Thursday,21
2025-11-20 23:15:00+00:00,2025-11-21 03:15:00+00:00,485.1441212552096,-1,17,True,Off     (22-00),Thursday,23
2025-11-21 03:30:00+00:00,2025-11-21 06:00:00+00:00,58.15416847197733,1,11,True,Asia    (00-07),Friday,3
2025-11-21 06:15:00+00:00,2025-11-21 08:30:00+00:00,581.549541130607,-1,10,True,Asia    (00-07),Friday,6
2025-11-21 08:45:00+00:00,2025-11-21 09:00:00+00:00,-22.768837517203195,1,2,False,London  (07-12),Friday,8
2025-11-21 09:15:00+00:00,2025-11-21 09:45:00+00:00,272.24453596485114,-1,3,True,London  (07-12),Friday,9
2025-11-21 10:00:00+00:00,2025-11-21 11:00:00+00:00,143.25829275067156,1,5,True,London  (07-12),Friday,10
2025-11-21 11:15:00+00:00,2025-11-21 11:45:00+00:00,152.82656484677173,-1,3,True,London  (07-12),Friday,11
2025-11-21 12:00:00+00:00,2025-11-21 15:00:00+00:00,260.37385368385543,1,13,True,Overlap (12-16),Friday,12
2025-11-21 15:15:00+00:00,2025-11-21 16:00:00+00:00,167.89819226104981,-1,4,True,Overlap (12-16),Friday,15
2025-11-21 16:15:00+00:00,2025-11-21 19:15:00+00:00,305.02646180049965,1,13,True,NY      (16-22),Friday,16
2025-11-21 19:30:00+00:00,2025-11-21 20:15:00+00:00,244.18107808720288,-1,4,True,NY      (16-22),Friday,19
2025-11-21 20:30:00+00:00,2025-11-21 22:00:00+00:00,329.5806989308058,1,7,True,NY      (16-22),Friday,20
2025-11-21 22:15:00+00:00,2025-11-21 22:45:00+00:00,225.33286526284624,-1,3,True,Off     (22-00),Friday,22
2025-11-21 23:00:00+00:00,2025-11-22 00:00:00+00:00,330.3631113463073,1,5,True,Off     (22-00),Friday,23
2025-11-22 00:15:00+00:00,2025-11-22 01:00:00+00:00,215.63894607701994,-1,4,True,Asia    (00-07),Saturday,0
2025-11-22 01:15:00+00:00,2025-11-22 03:00:00+00:00,-49.30180315388528,1,8,False,Asia    (00-07),Saturday,1
2025-11-22 03:15:00+00:00,2025-11-22 04:15:00+00:00,214.9800901977521,-1,5,True,Asia    (00-07),Saturday,3
2025-11-22 04:30:00+00:00,2025-11-22 08:00:00+00:00,203.45692547915837,1,15,True,Asia    (00-07),Saturday,4
2025-11-22 08:15:00+00:00,2025-11-22 10:45:00+00:00,373.20303887653665,-1,11,True,London  (07-12),Saturday,8
2025-11-22 11:00:00+00:00,2025-11-22 20:00:00+00:00,444.65822402875847,1,37,True,London  (07-12),Saturday,11
2025-11-22 20:15:00+00:00,2025-11-22 20:30:00+00:00,156.15125,-1,2,True,NY      (16-22),Saturday,20
2025-11-22 20:45:00+00:00,2025-11-22 23:15:00+00:00,203.27625,1,11,True,NY      (16-22),Saturday,20
2025-11-22 23:30:00+00:00,2025-11-23 00:45:00+00:00,-72.02538236074325,-1,6,False,Off     (22-00),Saturday,23
2025-11-23 01:00:00+00:00,2025-11-23 04:30:00+00:00,658.9298311279076,1,15,True,Asia    (00-07),Sunday,1
2025-11-23 04:45:00+00:00,2025-11-23 07:15:00+00:00,482.78893382233025,-1,11,True,Asia    (00-07),Sunday,4
2025-11-23 07:30:00+00:00,2025-11-23 10:00:00+00:00,364.0304789715285,1,11,True,London  (07-12),Sunday,7
2025-11-23 10:15:00+00:00,2025-11-23 11:00:00+00:00,155.00671875,-1,4,True,London  (07-12),Sunday,10
2025-11-23 11:15:00+00:00,2025-11-23 12:15:00+00:00,400.65515625,1,5,True,London  (07-12),Sunday,11
2025-11-23 12:30:00+00:00,2025-11-23 13:00:00+00:00,197.9090625,-1,3,True,Overlap (12-16),Sunday,12
2025-11-23 13:15:00+00:00,2025-11-23 14:00:00+00:00,208.14644485999997,1,4,True,Overlap (12-16),Sunday,13
2025-11-23 14:15:00+00:00,2025-11-23 15:00:00+00:00,32.73132581818194,-1,4,True,Overlap (12-16),Sunday,14
2025-11-23 15:15:00+00:00,2025-11-23 16:00:00+00:00,190.60036700941058,1,4,True,Overlap (12-16),Sunday,15
2025-11-23 16:15:00+00:00,2025-11-23 17:00:00+00:00,164.76207386859676,-1,4,True,NY      (16-22),Sunday,16
2025-11-23 17:15:00+00:00,2025-11-23 22:30:00+00:00,407.01566621748515,1,22,True,NY      (16-22),Sunday,17
2025-11-23 22:45:00+00:00,2025-11-24 01:30:00+00:00,430.74117308630156,-1,12,True,Off     (22-00),Sunday,22
2025-11-24 01:45:00+00:00,2025-11-24 03:15:00+00:00,279.9285186991103,1,7,True,Asia    (00-07),Monday,1
2025-11-24 03:30:00+00:00,2025-11-24 07:00:00+00:00,243.33995814479067,-1,15,True,Asia    (00-07),Monday,3
2025-11-24 07:15:00+00:00,2025-11-24 08:45:00+00:00,20.277394811157215,1,7,True,London  (07-12),Monday,7
2025-11-24 09:00:00+00:00,2025-11-24 10:00:00+00:00,390.22080991073113,-1,5,True,London  (07-12),Monday,9
2025-11-24 10:15:00+00:00,2025-11-24 11:30:00+00:00,188.87997766585647,1,6,True,London  (07-12),Monday,10
2025-11-24 11:45:00+00:00,2025-11-24 12:30:00+00:00,174.97063219826902,-1,4,True,London  (07-12),Monday,11
2025-11-24 12:45:00+00:00,2025-11-24 19:00:00+00:00,674.3752789482934,1,26,True,Overlap (12-16),Monday,12
2025-11-24 19:15:00+00:00,2025-11-24 21:30:00+00:00,-19.147993090090957,-1,10,False,NY      (16-22),Monday,19
2025-11-24 21:45:00+00:00,2025-11-25 00:30:00+00:00,-303.5958050749427,1,12,False,NY      (16-22),Monday,21
2025-11-25 00:45:00+00:00,2025-11-25 02:15:00+00:00,264.65515625,-1,7,True,Asia    (00-07),Tuesday,0
2025-11-25 02:30:00+00:00,2025-11-25 03:15:00+00:00,136.40959826715826,1,4,True,Asia    (00-07),Tuesday,2
2025-11-25 03:30:00+00:00,2025-11-25 09:00:00+00:00,546.5946911060271,-1,23,True,Asia    (00-07),Tuesday,3
2025-11-25 09:15:00+00:00,2025-11-25 12:00:00+00:00,404.6099146790148,1,12,True,London  (07-12),Tuesday,9
2025-11-25 12:15:00+00:00,2025-11-25 15:00:00+00:00,462.89404803609483,-1,12,True,Overlap (12-16),Tuesday,12
2025-11-25 15:15:00+00:00,2025-11-25 18:00:00+00:00,301.67527504007137,1,12,True,Overlap (12-16),Tuesday,15
2025-11-25 18:15:00+00:00,2025-11-25 19:15:00+00:00,434.8109873492922,-1,5,True,NY      (16-22),Tuesday,18
2025-11-25 19:30:00+00:00,2025-11-26 00:15:00+00:00,423.5423008572494,1,20,True,NY      (16-22),Tuesday,19
2025-11-26 00:30:00+00:00,2025-11-26 04:15:00+00:00,187.4617391420051,-1,16,True,Asia    (00-07),Wednesday,0
2025-11-26 04:30:00+00:00,2025-11-26 08:00:00+00:00,172.6068647639969,1,15,True,Asia    (00-07),Wednesday,4
2025-11-26 08:15:00+00:00,2025-11-26 10:15:00+00:00,360.07703125,-1,9,True,London  (07-12),Wednesday,8
2025-11-26 10:30:00+00:00,2025-11-26 14:00:00+00:00,208.79578125,1,15,True,London  (07-12),Wednesday,10
2025-11-26 14:15:00+00:00,2025-11-26 16:00:00+00:00,-77.51663231380385,-1,8,False,Overlap (12-16),Wednesday,14
2025-11-26 16:15:00+00:00,2025-11-26 23:00:00+00:00,871.934998504116,1,28,True,NY      (16-22),Wednesday,16
2025-11-26 23:15:00+00:00,2025-11-27 00:00:00+00:00,136.10191832269766,-1,4,True,Off     (22-00),Wednesday,23
2025-11-27 00:15:00+00:00,2025-11-27 03:00:00+00:00,580.7265089705778,1,12,True,Asia    (00-07),Thursday,0
2025-11-27 03:15:00+00:00,2025-11-27 03:30:00+00:00,65.14929970922196,-1,2,True,Asia    (00-07),Thursday,3
2025-11-27 03:45:00+00:00,2025-11-27 05:00:00+00:00,44.00441396248831,1,6,True,Asia    (00-07),Thursday,3
2025-11-27 05:15:00+00:00,2025-11-27 06:45:00+00:00,-7.062717589594342,-1,7,False,Asia    (00-07),Thursday,5
2025-11-27 07:00:00+00:00,2025-11-27 09:00:00+00:00,118.33484375,1,9,True,London  (07-12),Thursday,7
2025-11-27 09:15:00+00:00,2025-11-27 12:45:00+00:00,247.34265625,-1,15,True,London  (07-12),Thursday,9
2025-11-27 13:00:00+00:00,2025-11-27 18:30:00+00:00,335.1579785623349,1,23,True,Overlap (12-16),Thursday,13
2025-11-27 18:45:00+00:00,2025-11-27 23:45:00+00:00,198.2996875,-1,21,True,NY      (16-22),Thursday,18
2025-11-28 00:00:00+00:00,2025-11-28 00:30:00+00:00,-67.426875,1,3,False,Asia    (00-07),Friday,0
2025-11-28 00:45:00+00:00,2025-11-28 02:00:00+00:00,150.5496875,-1,6,True,Asia    (00-07),Friday,0
2025-11-28 02:15:00+00:00,2025-11-28 05:00:00+00:00,286.81921875,1,12,True,Asia    (00-07),Friday,2
2025-11-28 05:15:00+00:00,2025-11-28 08:00:00+00:00,172.9325,-1,12,True,Asia    (00-07),Friday,5
2025-11-28 08:15:00+00:00,2025-11-28 09:15:00+00:00,237.6278125,1,5,True,London  (07-12),Friday,8
2025-11-28 09:30:00+00:00,2025-11-28 09:30:00+00:00,60.760625,-1,1,True,London  (07-12),Friday,9
2025-11-28 09:45:00+00:00,2025-11-28 14:15:00+00:00,644.37807939075,1,19,True,London  (07-12),Friday,9
2025-11-28 14:30:00+00:00,2025-11-28 14:30:00+00:00,335.026399196533,-1,1,True,Overlap (12-16),Friday,14
2025-11-28 14:45:00+00:00,2025-11-28 16:00:00+00:00,-29.451904245313273,1,6,False,Overlap (12-16),Friday,14
2025-11-28 16:15:00+00:00,2025-11-28 22:00:00+00:00,310.94034847495425,-1,24,True,NY      (16-22),Friday,16
2025-11-28 22:15:00+00:00,2025-11-28 23:00:00+00:00,131.78796875,1,4,True,Off     (22-00),Friday,22
2025-11-28 23:15:00+00:00,2025-11-29 00:00:00+00:00,107.291875,-1,4,True,Off     (22-00),Friday,23
2025-11-29 00:15:00+00:00,2025-11-29 03:15:00+00:00,-89.37609375,1,13,False,Asia    (00-07),Saturday,0
2025-11-29 03:30:00+00:00,2025-11-29 03:45:00+00:00,4.994999999999997,-1,2,True,Asia    (00-07),Saturday,3
2025-11-29 04:00:00+00:00,2025-11-29 05:00:00+00:00,39.565312500000005,1,5,True,Asia    (00-07),Saturday,4
2025-11-29 05:15:00+00:00,2025-11-29 07:15:00+00:00,134.9559375,-1,9,True,Asia    (00-07),Saturday,5
2025-11-29 07:30:00+00:00,2025-11-29 16:00:00+00:00,240.6825,1,35,True,London  (07-12),Saturday,7
2025-11-29 16:15:00+00:00,2025-11-29 18:00:00+00:00,300.36609375,-1,8,True,NY      (16-22),Saturday,16
2025-11-29 18:15:00+00:00,2025-11-29 19:00:00+00:00,161.99109375,1,4,True,NY      (16-22),Saturday,18
2025-11-29 19:15:00+00:00,2025-11-29 20:00:00+00:00,121.7840625,-1,4,True,NY      (16-22),Saturday,19
2025-11-29 20:15:00+00:00,2025-11-29 22:30:00+00:00,203.55359375,1,10,True,NY      (16-22),Saturday,20
2025-11-29 22:45:00+00:00,2025-11-30 01:45:00+00:00,-27.840937499999995,-1,13,False,Off     (22-00),Saturday,22
2025-11-30 02:00:00+00:00,2025-11-30 02:15:00+00:00,8.459843749999997,1,2,True,Asia    (00-07),Sunday,2
2025-11-30 02:30:00+00:00,2025-11-30 03:00:00+00:00,157.3778125,-1,3,True,Asia    (00-07),Sunday,2
2025-11-30 03:15:00+00:00,2025-11-30 04:00:00+00:00,146.02625,1,4,True,Asia    (00-07),Sunday,3
2025-11-30 04:15:00+00:00,2025-11-30 06:00:00+00:00,70.260625,-1,8,True,Asia    (00-07),Sunday,4
2025-11-30 06:15:00+00:00,2025-11-30 11:00:00+00:00,266.8465625,1,20,True,Asia    (00-07),Sunday,6
2025-11-30 11:15:00+00:00,2025-11-30 11:45:00+00:00,125.95984375,-1,3,True,London  (07-12),Sunday,11
2025-11-30 12:00:00+00:00,2025-11-30 20:00:00+00:00,242.229375,1,33,True,Overlap (12-16),Sunday,12
2025-11-30 20:15:00+00:00,2025-12-01 04:15:00+00:00,2106.4423495368355,-1,33,True,NY      (16-22),Sunday,20
2025-12-01 04:30:00+00:00,2025-12-01 09:30:00+00:00,485.33045339078205,1,21,True,Asia    (00-07),Monday,4
2025-12-01 09:45:00+00:00,2025-12-01 15:30:00+00:00,970.5921180005471,-1,24,True,London  (07-12),Monday,9
2025-12-01 15:45:00+00:00,2025-12-01 23:00:00+00:00,624.8721564183566,1,30,True,Overlap (12-16),Monday,15
2025-12-01 23:15:00+00:00,2025-12-02 00:00:00+00:00,51.40811492682006,-1,4,True,Off     (22-00),Monday,23
2025-12-02 00:15:00+00:00,2025-12-02 04:00:00+00:00,286.0298767491478,1,16,True,Asia    (00-07),Tuesday,0
2025-12-02 04:15:00+00:00,2025-12-02 04:45:00+00:00,38.465407084690966,-1,3,True,Asia    (00-07),Tuesday,4
2025-12-02 05:00:00+00:00,2025-12-02 07:30:00+00:00,6.711561113336053,1,11,True,Asia    (00-07),Tuesday,5
2025-12-02 07:45:00+00:00,2025-12-02 10:00:00+00:00,35.932500000000005,-1,10,True,London  (07-12),Tuesday,7
2025-12-02 10:15:00+00:00,2025-12-02 11:45:00+00:00,190.04187703007034,1,7,True,London  (07-12),Tuesday,10
2025-12-02 12:00:00+00:00,2025-12-02 12:30:00+00:00,4.252909996833843,-1,3,True,Overlap (12-16),Tuesday,12
2025-12-02 12:45:00+00:00,2025-12-02 23:00:00+00:00,1400.7939029063584,1,42,True,Overlap (12-16),Tuesday,12
2025-12-02 23:15:00+00:00,2025-12-03 00:00:00+00:00,214.36112774878117,-1,4,True,Off     (22-00),Tuesday,23
2025-12-03 00:15:00+00:00,2025-12-03 03:00:00+00:00,577.7678262468008,1,12,True,Asia    (00-07),Wednesday,0
2025-12-03 03:15:00+00:00,2025-12-03 04:00:00+00:00,-53.53761039458315,-1,4,False,Asia    (00-07),Wednesday,3
2025-12-03 04:15:00+00:00,2025-12-03 06:00:00+00:00,276.2193035783439,1,8,True,Asia    (00-07),Wednesday,4
2025-12-03 06:15:00+00:00,2025-12-03 09:00:00+00:00,245.4464819710409,-1,12,True,Asia    (00-07),Wednesday,6
2025-12-03 09:15:00+00:00,2025-12-03 10:15:00+00:00,100.69477245770224,1,5,True,London  (07-12),Wednesday,9
2025-12-03 10:30:00+00:00,2025-12-03 11:00:00+00:00,216.5184375,-1,3,True,London  (07-12),Wednesday,10
2025-12-03 11:15:00+00:00,2025-12-03 12:00:00+00:00,50.940312500000005,1,4,True,London  (07-12),Wednesday,11
2025-12-03 12:15:00+00:00,2025-12-03 17:00:00+00:00,82.08499899979928,-1,20,True,Overlap (12-16),Wednesday,12
2025-12-03 17:15:00+00:00,2025-12-03 18:00:00+00:00,180.38789623918285,1,4,True,NY      (16-22),Wednesday,17
2025-12-03 18:15:00+00:00,2025-12-03 19:00:00+00:00,194.01349817686025,-1,4,True,NY      (16-22),Wednesday,18
2025-12-03 19:15:00+00:00,2025-12-03 23:00:00+00:00,384.69743128491564,1,16,True,NY      (16-22),Wednesday,19
2025-12-03 23:15:00+00:00,2025-12-04 00:00:00+00:00,294.08168837480946,-1,4,True,Off     (22-00),Wednesday,23
2025-12-04 00:15:00+00:00,2025-12-04 00:45:00+00:00,24.732521344540753,1,3,True,Asia    (00-07),Thursday,0
2025-12-04 01:00:00+00:00,2025-12-04 02:00:00+00:00,-218.99321815742343,-1,5,False,Asia    (00-07),Thursday,1
2025-12-04 02:15:00+00:00,2025-12-04 03:00:00+00:00,30.571700195022856,1,4,True,Asia    (00-07),Thursday,2
2025-12-04 03:15:00+00:00,2025-12-04 03:30:00+00:00,100.05837101107446,-1,2,True,Asia    (00-07),Thursday,3
2025-12-04 03:45:00+00:00,2025-12-04 04:15:00+00:00,-37.66666672857194,1,3,False,Asia    (00-07),Thursday,3
2025-12-04 04:30:00+00:00,2025-12-04 07:00:00+00:00,156.9731834465722,-1,11,True,Asia    (00-07),Thursday,4
2025-12-04 07:15:00+00:00,2025-12-04 08:30:00+00:00,126.52625,1,6,True,London  (07-12),Thursday,7
2025-12-04 08:45:00+00:00,2025-12-04 12:15:00+00:00,220.4246875,-1,15,True,London  (07-12),Thursday,8
2025-12-04 12:30:00+00:00,2025-12-04 13:15:00+00:00,-52.587031249999995,1,4,False,Overlap (12-16),Thursday,12
2025-12-04 13:30:00+00:00,2025-12-04 15:00:00+00:00,80.40915452525269,-1,7,True,Overlap (12-16),Thursday,13
2025-12-04 15:15:00+00:00,2025-12-04 16:00:00+00:00,38.876127906962736,1,4,True,Overlap (12-16),Thursday,15
2025-12-04 16:15:00+00:00,2025-12-04 17:00:00+00:00,144.93346262109156,-1,4,True,NY      (16-22),Thursday,16
2025-12-04 17:15:00+00:00,2025-12-04 18:00:00+00:00,13.687896074944394,1,4,True,NY      (16-22),Thursday,17
2025-12-04 18:15:00+00:00,2025-12-04 19:00:00+00:00,300.8735799388476,-1,4,True,NY      (16-22),Thursday,18
2025-12-04 19:15:00+00:00,2025-12-05 03:00:00+00:00,395.3035730701934,1,32,True,NY      (16-22),Thursday,19
2025-12-05 03:15:00+00:00,2025-12-05 04:30:00+00:00,337.2684375,-1,6,True,Asia    (00-07),Friday,3
2025-12-05 04:45:00+00:00,2025-12-05 07:15:00+00:00,275.4403125,1,11,True,Asia    (00-07),Friday,4
2025-12-05 07:30:00+00:00,2025-12-05 10:00:00+00:00,585.46375,-1,11,True,London  (07-12),Friday,7
2025-12-05 10:15:00+00:00,2025-12-05 12:45:00+00:00,-13.822698593361295,1,11,False,London  (07-12),Friday,10
2025-12-05 13:00:00+00:00,2025-12-05 14:30:00+00:00,463.1549809488572,-1,7,True,Overlap (12-16),Friday,13
2025-12-05 14:45:00+00:00,2025-12-05 15:00:00+00:00,250.34314584722568,1,2,True,Overlap (12-16),Friday,14
2025-12-05 15:15:00+00:00,2025-12-05 15:45:00+00:00,143.01261790543995,-1,3,True,Overlap (12-16),Friday,15
2025-12-05 16:00:00+00:00,2025-12-05 16:15:00+00:00,-324.6305913216304,1,2,False,NY      (16-22),Friday,16
2025-12-05 16:30:00+00:00,2025-12-05 17:00:00+00:00,73.5492038683243,-1,3,True,NY      (16-22),Friday,16
2025-12-05 17:15:00+00:00,2025-12-05 17:45:00+00:00,124.45915137378567,1,3,True,NY      (16-22),Friday,17
2025-12-05 18:00:00+00:00,2025-12-05 19:00:00+00:00,41.666811304257614,-1,5,True,NY      (16-22),Friday,18
2025-12-05 19:15:00+00:00,2025-12-05 21:30:00+00:00,-16.23908323155301,1,10,False,NY      (16-22),Friday,19
2025-12-05 21:45:00+00:00,2025-12-05 23:00:00+00:00,49.482688499216735,-1,6,True,NY      (16-22),Friday,21
2025-12-05 23:15:00+00:00,2025-12-06 01:00:00+00:00,114.38953125,1,8,True,Off     (22-00),Friday,23
2025-12-06 01:15:00+00:00,2025-12-06 02:00:00+00:00,28.315312499999997,-1,4,True,Asia    (00-07),Saturday,1
2025-12-06 02:15:00+00:00,2025-12-06 07:00:00+00:00,181.40515625,1,20,True,Asia    (00-07),Saturday,2
2025-12-06 07:15:00+00:00,2025-12-06 09:00:00+00:00,74.37,-1,8,True,London  (07-12),Saturday,7
2025-12-06 09:15:00+00:00,2025-12-06 15:45:00+00:00,109.666875,1,27,True,London  (07-12),Saturday,9
2025-12-06 16:00:00+00:00,2025-12-06 20:00:00+00:00,168.28796875,-1,17,True,NY      (16-22),Saturday,16
2025-12-06 20:15:00+00:00,2025-12-07 01:00:00+00:00,35.952031250000005,1,20,True,NY      (16-22),Saturday,20
2025-12-07 01:15:00+00:00,2025-12-07 01:45:00+00:00,82.17078125,-1,3,True,Asia    (00-07),Sunday,1
2025-12-07 02:00:00+00:00,2025-12-07 03:30:00+00:00,184.0653125,1,7,True,Asia    (00-07),Sunday,2
2025-12-07 03:45:00+00:00,2025-12-07 05:15:00+00:00,96.63953125,-1,7,True,Asia    (00-07),Sunday,3
2025-12-07 05:30:00+00:00,2025-12-07 07:00:00+00:00,-14.282343749999995,1,7,False,Asia    (00-07),Sunday,5
2025-12-07 07:15:00+00:00,2025-12-07 10:00:00+00:00,77.13953125,-1,12,True,London  (07-12),Sunday,7
2025-12-07 10:15:00+00:00,2025-12-07 21:00:00+00:00,287.25062757395335,1,44,True,London  (07-12),Sunday,10
2025-12-07 21:15:00+00:00,2025-12-07 22:00:00+00:00,817.7970959182069,-1,4,True,NY      (16-22),Sunday,21
2025-12-07 22:15:00+00:00,2025-12-08 09:15:00+00:00,925.1917660249302,1,45,True,Off     (22-00),Sunday,22
2025-12-08 09:30:00+00:00,2025-12-08 09:45:00+00:00,18.112187499999997,-1,2,True,London  (07-12),Monday,9
2025-12-08 10:00:00+00:00,2025-12-08 11:00:00+00:00,102.96765625,1,5,True,London  (07-12),Monday,10
2025-12-08 11:15:00+00:00,2025-12-08 13:45:00+00:00,325.06921875,-1,11,True,London  (07-12),Monday,11
2025-12-08 14:00:00+00:00,2025-12-08 14:00:00+00:00,31.338749999999997,1,1,True,Overlap (12-16),Monday,14
2025-12-08 14:15:00+00:00,2025-12-08 17:00:00+00:00,504.8000215047264,-1,12,True,Overlap (12-16),Monday,14
2025-12-08 17:15:00+00:00,2025-12-08 21:45:00+00:00,407.1598914626311,1,19,True,NY      (16-22),Monday,17
2025-12-08 22:00:00+00:00,2025-12-08 22:30:00+00:00,211.6283836002249,-1,3,True,Off     (22-00),Monday,22
2025-12-08 22:45:00+00:00,2025-12-08 23:15:00+00:00,-34.77493385881,1,3,False,Off     (22-00),Monday,22
2025-12-08 23:30:00+00:00,2025-12-09 00:45:00+00:00,144.08220096207287,-1,6,True,Off     (22-00),Monday,23
2025-12-09 01:00:00+00:00,2025-12-09 01:00:00+00:00,27.260624999999997,1,1,True,Asia    (00-07),Tuesday,1
2025-12-09 01:15:00+00:00,2025-12-09 01:30:00+00:00,201.6590625,-1,2,True,Asia    (00-07),Tuesday,1
2025-12-09 01:45:00+00:00,2025-12-09 02:30:00+00:00,86.81140625,1,4,True,Asia    (00-07),Tuesday,1
2025-12-09 02:45:00+00:00,2025-12-09 03:00:00+00:00,118.0653125,-1,2,True,Asia    (00-07),Tuesday,2
2025-12-09 03:15:00+00:00,2025-12-09 04:00:00+00:00,218.4246875,1,4,True,Asia    (00-07),Tuesday,3
2025-12-09 04:15:00+00:00,2025-12-09 05:00:00+00:00,321.4246875,-1,4,True,Asia    (00-07),Tuesday,4
2025-12-09 05:15:00+00:00,2025-12-09 09:00:00+00:00,298.53659087698736,1,16,True,Asia    (00-07),Tuesday,5
2025-12-09 09:15:00+00:00,2025-12-09 10:30:00+00:00,154.44421875,-1,6,True,London  (07-12),Tuesday,9
2025-12-09 10:45:00+00:00,2025-12-09 13:15:00+00:00,283.5340625,1,11,True,London  (07-12),Tuesday,10
2025-12-09 13:30:00+00:00,2025-12-09 13:30:00+00:00,231.1825,-1,1,True,Overlap (12-16),Tuesday,13
2025-12-09 13:45:00+00:00,2025-12-09 17:30:00+00:00,1061.0466354362215,1,16,True,Overlap (12-16),Tuesday,13
2025-12-09 17:45:00+00:00,2025-12-09 17:45:00+00:00,-30.78405226266645,-1,1,False,NY      (16-22),Tuesday,17
2025-12-09 18:00:00+00:00,2025-12-09 19:00:00+00:00,-5.98029738291739,1,5,False,NY      (16-22),Tuesday,18
2025-12-09 19:15:00+00:00,2025-12-09 19:45:00+00:00,32.84829883921468,-1,3,True,NY      (16-22),Tuesday,19
2025-12-09 20:00:00+00:00,2025-12-09 20:15:00+00:00,-260.0749093337177,1,2,False,NY      (16-22),Tuesday,20
2025-12-09 20:30:00+00:00,2025-12-09 20:30:00+00:00,8.714604978404207,-1,1,True,NY      (16-22),Tuesday,20
2025-12-09 20:45:00+00:00,2025-12-10 00:00:00+00:00,-150.36359047016663,1,14,False,NY      (16-22),Tuesday,20
2025-12-10 00:15:00+00:00,2025-12-10 06:00:00+00:00,16.04773784367124,-1,24,True,Asia    (00-07),Wednesday,0
2025-12-10 06:15:00+00:00,2025-12-10 08:00:00+00:00,42.40515625,1,8,True,Asia    (00-07),Wednesday,6
2025-12-10 08:15:00+00:00,2025-12-10 09:00:00+00:00,28.619999999999997,-1,4,True,London  (07-12),Wednesday,8
2025-12-10 09:15:00+00:00,2025-12-10 09:45:00+00:00,145.12390625,1,3,True,London  (07-12),Wednesday,9
2025-12-10 10:00:00+00:00,2025-12-10 10:30:00+00:00,332.6121875,-1,3,True,London  (07-12),Wednesday,10
2025-12-10 10:45:00+00:00,2025-12-10 13:30:00+00:00,-113.98011365400215,1,12,False,London  (07-12),Wednesday,10
2025-12-10 13:45:00+00:00,2025-12-10 15:15:00+00:00,30.229375000000005,-1,7,True,Overlap (12-16),Wednesday,13
2025-12-10 15:30:00+00:00,2025-12-10 16:15:00+00:00,247.13894681066893,1,4,True,Overlap (12-16),Wednesday,15
2025-12-10 16:30:00+00:00,2025-12-10 16:45:00+00:00,126.42949163008629,-1,2,True,NY      (16-22),Wednesday,16
2025-12-10 17:00:00+00:00,2025-12-10 20:00:00+00:00,517.3821649437639,1,13,True,NY      (16-22),Wednesday,17
2025-12-10 20:15:00+00:00,2025-12-11 03:15:00+00:00,1259.7282347303994,-1,29,True,NY      (16-22),Wednesday,20
2025-12-11 03:30:00+00:00,2025-12-11 09:15:00+00:00,256.717663745142,1,24,True,Asia    (00-07),Thursday,3
2025-12-11 09:30:00+00:00,2025-12-11 10:15:00+00:00,62.120000000000005,-1,4,True,London  (07-12),Thursday,9
2025-12-11 10:30:00+00:00,2025-12-11 11:00:00+00:00,27.561406249999997,1,3,True,London  (07-12),Thursday,10
2025-12-11 11:15:00+00:00,2025-12-11 13:00:00+00:00,138.99890625,-1,8,True,London  (07-12),Thursday,11
2025-12-11 13:15:00+00:00,2025-12-11 14:00:00+00:00,38.260625,1,4,True,Overlap (12-16),Thursday,13
2025-12-11 14:15:00+00:00,2025-12-11 15:30:00+00:00,145.41501019965273,-1,6,True,Overlap (12-16),Thursday,14
2025-12-11 15:45:00+00:00,2025-12-11 22:00:00+00:00,800.3335473137745,1,26,True,Overlap (12-16),Thursday,15
2025-12-11 22:15:00+00:00,2025-12-11 22:15:00+00:00,131.8026120750739,-1,1,True,Off     (22-00),Thursday,22
2025-12-11 22:30:00+00:00,2025-12-12 02:15:00+00:00,29.23587411239336,1,16,True,Off     (22-00),Thursday,22
2025-12-12 02:30:00+00:00,2025-12-12 04:15:00+00:00,67.69308590040168,-1,8,True,Asia    (00-07),Friday,2
2025-12-12 04:30:00+00:00,2025-12-12 06:00:00+00:00,228.9246875,1,7,True,Asia    (00-07),Friday,4
2025-12-12 06:15:00+00:00,2025-12-12 08:30:00+00:00,224.36609375,-1,10,True,Asia    (00-07),Friday,6
2025-12-12 08:45:00+00:00,2025-12-12 08:45:00+00:00,47.75671875,1,1,True,London  (07-12),Friday,8
2025-12-12 09:00:00+00:00,2025-12-12 09:15:00+00:00,99.5340625,-1,2,True,London  (07-12),Friday,9
2025-12-12 09:30:00+00:00,2025-12-12 10:00:00+00:00,210.71375,1,3,True,London  (07-12),Friday,9
2025-12-12 10:15:00+00:00,2025-12-12 14:15:00+00:00,204.02625,-1,17,True,London  (07-12),Friday,10
2025-12-12 14:30:00+00:00,2025-12-12 15:00:00+00:00,-87.083125,1,3,False,Overlap (12-16),Friday,14
2025-12-12 15:15:00+00:00,2025-12-12 19:00:00+00:00,720.3609230279183,-1,16,True,Overlap (12-16),Friday,15
2025-12-12 19:15:00+00:00,2025-12-13 07:15:00+00:00,136.28145335885927,1,49,True,NY      (16-22),Friday,19
2025-12-13 07:30:00+00:00,2025-12-13 08:00:00+00:00,-7.364375000000003,-1,3,False,London  (07-12),Saturday,7
2025-12-13 08:15:00+00:00,2025-12-13 11:00:00+00:00,73.52625,1,12,True,London  (07-12),Saturday,8
2025-12-13 11:15:00+00:00,2025-12-13 11:45:00+00:00,91.7996875,-1,3,True,London  (07-12),Saturday,11
2025-12-13 12:00:00+00:00,2025-12-13 12:15:00+00:00,-17.348750000000003,1,2,False,Overlap (12-16),Saturday,12
2025-12-13 12:30:00+00:00,2025-12-13 12:30:00+00:00,0.33093749999999744,-1,1,True,Overlap (12-16),Saturday,12
2025-12-13 12:45:00+00:00,2025-12-13 13:00:00+00:00,4.850468749999997,1,2,True,Overlap (12-16),Saturday,12
2025-12-13 13:15:00+00:00,2025-12-13 13:45:00+00:00,29.416874999999997,-1,3,True,Overlap (12-16),Saturday,13
2025-12-13 14:00:00+00:00,2025-12-13 14:00:00+00:00,6.401249999999997,1,1,True,Overlap (12-16),Saturday,14
2025-12-13 14:15:00+00:00,2025-12-13 16:45:00+00:00,85.69421875,-1,11,True,Overlap (12-16),Saturday,14
2025-12-13 17:00:00+00:00,2025-12-14 00:30:00+00:00,168.36609375,1,31,True,NY      (16-22),Saturday,17
2025-12-14 00:45:00+00:00,2025-12-14 01:45:00+00:00,65.3621875,-1,5,True,Asia    (00-07),Sunday,0
2025-12-14 02:00:00+00:00,2025-12-14 02:15:00+00:00,15.905156249999997,1,2,True,Asia    (00-07),Sunday,2
2025-12-14 02:30:00+00:00,2025-12-14 02:45:00+00:00,17.463749999999997,-1,2,True,Asia    (00-07),Sunday,2
2025-12-14 03:00:00+00:00,2025-12-14 04:00:00+00:00,-15.981562500000003,1,5,False,Asia    (00-07),Sunday,3
2025-12-14 04:15:00+00:00,2025-12-14 05:00:00+00:00,50.8309375,-1,4,True,Asia    (00-07),Sunday,4
2025-12-14 05:15:00+00:00,2025-12-14 08:00:00+00:00,7.846562499999997,1,12,True,Asia    (00-07),Sunday,5
2025-12-14 08:15:00+00:00,2025-12-14 11:30:00+00:00,647.291875,-1,14,True,London  (07-12),Sunday,8
2025-12-14 11:45:00+00:00,2025-12-14 11:45:00+00:00,226.291875,1,1,True,London  (07-12),Sunday,11
2025-12-14 12:00:00+00:00,2025-12-14 13:00:00+00:00,27.123907777558372,-1,5,True,Overlap (12-16),Sunday,12
2025-12-14 13:15:00+00:00,2025-12-14 13:45:00+00:00,87.74996216149424,1,3,True,Overlap (12-16),Sunday,13
2025-12-14 14:00:00+00:00,2025-12-14 18:15:00+00:00,291.43336424311144,-1,18,True,Overlap (12-16),Sunday,14
2025-12-14 18:30:00+00:00,2025-12-14 19:00:00+00:00,-31.258621710349246,1,3,False,NY      (16-22),Sunday,18
2025-12-14 19:15:00+00:00,2025-12-14 22:15:00+00:00,165.67600213860263,-1,13,True,NY      (16-22),Sunday,19
2025-12-14 22:30:00+00:00,2025-12-15 01:45:00+00:00,265.3535721203512,1,14,True,Off     (22-00),Sunday,22
2025-12-15 02:00:00+00:00,2025-12-15 03:00:00+00:00,-51.34537437150298,-1,5,False,Asia    (00-07),Monday,2
2025-12-15 03:15:00+00:00,2025-12-15 03:30:00+00:00,-54.95583074005953,1,2,False,Asia    (00-07),Monday,3
2025-12-15 03:45:00+00:00,2025-12-15 03:45:00+00:00,-19.246775574163006,-1,1,False,Asia    (00-07),Monday,3
2025-12-15 04:00:00+00:00,2025-12-15 08:00:00+00:00,175.34917408875316,1,17,True,Asia    (00-07),Monday,4
2025-12-15 08:15:00+00:00,2025-12-15 12:00:00+00:00,111.91296875,-1,16,True,London  (07-12),Monday,8
2025-12-15 12:15:00+00:00,2025-12-15 12:15:00+00:00,44.49109375,1,1,True,Overlap (12-16),Monday,12
2025-12-15 12:30:00+00:00,2025-12-15 15:00:00+00:00,797.5419785178995,-1,11,True,Overlap (12-16),Monday,12
2025-12-15 15:15:00+00:00,2025-12-15 16:15:00+00:00,-175.05364161266513,1,5,False,Overlap (12-16),Monday,15
2025-12-15 16:30:00+00:00,2025-12-15 18:00:00+00:00,223.53093332911618,-1,7,True,NY      (16-22),Monday,16
2025-12-15 18:15:00+00:00,2025-12-16 00:00:00+00:00,151.7651488711811,1,24,True,NY      (16-22),Monday,18
2025-12-16 00:15:00+00:00,2025-12-16 03:00:00+00:00,280.1823834719067,-1,12,True,Asia    (00-07),Tuesday,0
2025-12-16 03:15:00+00:00,2025-12-16 07:00:00+00:00,284.2052130242572,1,16,True,Asia    (00-07),Tuesday,3
2025-12-16 07:15:00+00:00,2025-12-16 09:00:00+00:00,-17.161249999999995,-1,8,False,London  (07-12),Tuesday,7
2025-12-16 09:15:00+00:00,2025-12-16 13:00:00+00:00,421.7248506878558,1,16,True,London  (07-12),Tuesday,9
2025-12-16 13:15:00+00:00,2025-12-16 14:00:00+00:00,104.06821316949276,-1,4,True,Overlap (12-16),Tuesday,13
2025-12-16 14:15:00+00:00,2025-12-16 16:00:00+00:00,241.72927055812005,1,8,True,Overlap (12-16),Tuesday,14
2025-12-16 16:15:00+00:00,2025-12-16 18:00:00+00:00,51.89887431118805,-1,8,True,NY      (16-22),Tuesday,16
2025-12-16 18:15:00+00:00,2025-12-16 18:30:00+00:00,116.96016634080326,1,2,True,NY      (16-22),Tuesday,18
2025-12-16 18:45:00+00:00,2025-12-16 20:00:00+00:00,122.08408754973735,-1,6,True,NY      (16-22),Tuesday,18
2025-12-16 20:15:00+00:00,2025-12-16 21:30:00+00:00,167.2276402944465,1,6,True,NY      (16-22),Tuesday,20
2025-12-16 21:45:00+00:00,2025-12-16 23:15:00+00:00,88.98336576797529,-1,7,True,NY      (16-22),Tuesday,21
2025-12-16 23:30:00+00:00,2025-12-17 00:00:00+00:00,-78.19640625,1,3,False,Off     (22-00),Tuesday,23
2025-12-17 00:15:00+00:00,2025-12-17 05:00:00+00:00,444.495,-1,20,True,Asia    (00-07),Wednesday,0
2025-12-17 05:15:00+00:00,2025-12-17 08:00:00+00:00,70.39520775035834,1,12,True,Asia    (00-07),Wednesday,5
2025-12-17 08:15:00+00:00,2025-12-17 09:15:00+00:00,213.90139520473815,-1,5,True,London  (07-12),Wednesday,8
2025-12-17 09:30:00+00:00,2025-12-17 15:00:00+00:00,1318.2327481856562,1,23,True,London  (07-12),Wednesday,9
2025-12-17 15:15:00+00:00,2025-12-17 19:15:00+00:00,838.6692839523606,-1,17,True,Overlap (12-16),Wednesday,15
2025-12-17 19:30:00+00:00,2025-12-18 04:00:00+00:00,442.28594656310906,1,35,True,NY      (16-22),Wednesday,19
2025-12-18 04:15:00+00:00,2025-12-18 04:45:00+00:00,-14.563600016455666,-1,3,False,Asia    (00-07),Thursday,4
2025-12-18 05:00:00+00:00,2025-12-18 16:15:00+00:00,741.5684589322564,1,46,True,Asia    (00-07),Thursday,5
2025-12-18 16:30:00+00:00,2025-12-18 20:00:00+00:00,531.090755182938,-1,15,True,NY      (16-22),Thursday,16
2025-12-18 20:15:00+00:00,2025-12-19 04:15:00+00:00,736.4068023430814,1,33,True,NY      (16-22),Thursday,20
2025-12-19 04:30:00+00:00,2025-12-19 05:00:00+00:00,7.467780625736996,-1,3,True,Asia    (00-07),Friday,4
2025-12-19 05:15:00+00:00,2025-12-19 10:45:00+00:00,498.4080028258492,1,23,True,Asia    (00-07),Friday,5
2025-12-19 11:00:00+00:00,2025-12-19 18:00:00+00:00,194.25382389608208,-1,29,True,London  (07-12),Friday,11
2025-12-19 18:15:00+00:00,2025-12-20 05:15:00+00:00,385.7225567061114,1,45,True,NY      (16-22),Friday,18
2025-12-20 05:30:00+00:00,2025-12-20 11:00:00+00:00,116.041875,-1,23,True,Asia    (00-07),Saturday,5
2025-12-20 11:15:00+00:00,2025-12-20 12:00:00+00:00,49.29578125,1,4,True,London  (07-12),Saturday,11
2025-12-20 12:15:00+00:00,2025-12-20 13:15:00+00:00,107.83875,-1,5,True,Overlap (12-16),Saturday,12
2025-12-20 13:30:00+00:00,2025-12-20 13:45:00+00:00,109.78015625,1,2,True,Overlap (12-16),Saturday,13
2025-12-20 14:00:00+00:00,2025-12-20 14:15:00+00:00,68.416875,-1,2,True,Overlap (12-16),Saturday,14
2025-12-20 14:30:00+00:00,2025-12-20 14:45:00+00:00,63.66296875,1,2,True,Overlap (12-16),Saturday,14
2025-12-20 15:00:00+00:00,2025-12-20 18:00:00+00:00,36.63171875,-1,13,True,Overlap (12-16),Saturday,15
2025-12-20 18:15:00+00:00,2025-12-20 19:00:00+00:00,58.13171875,1,4,True,NY      (16-22),Saturday,18
2025-12-20 19:15:00+00:00,2025-12-20 20:30:00+00:00,21.940312499999997,-1,6,True,NY      (16-22),Saturday,19
2025-12-20 20:45:00+00:00,2025-12-20 21:00:00+00:00,22.123906249999997,1,2,True,NY      (16-22),Saturday,20
2025-12-20 21:15:00+00:00,2025-12-20 21:45:00+00:00,32.88171875,-1,3,True,NY      (16-22),Saturday,21
2025-12-20 22:00:00+00:00,2025-12-21 01:00:00+00:00,31.080937500000005,1,13,True,Off     (22-00),Saturday,22
2025-12-21 01:15:00+00:00,2025-12-21 02:00:00+00:00,121.60828125,-1,4,True,Asia    (00-07),Sunday,1
2025-12-21 02:15:00+00:00,2025-12-21 10:15:00+00:00,349.7528125,1,33,True,Asia    (00-07),Sunday,2
2025-12-21 10:30:00+00:00,2025-12-21 10:30:00+00:00,1.0340624999999974,-1,1,True,London  (07-12),Sunday,10
2025-12-21 10:45:00+00:00,2025-12-21 12:00:00+00:00,-0.41124999999999545,1,6,False,London  (07-12),Sunday,10
2025-12-21 12:15:00+00:00,2025-12-21 14:00:00+00:00,418.50671875,-1,8,True,Overlap (12-16),Sunday,12
2025-12-21 14:15:00+00:00,2025-12-21 19:45:00+00:00,279.35801169019874,1,23,True,Overlap (12-16),Sunday,14
2025-12-21 20:00:00+00:00,2025-12-21 20:45:00+00:00,111.6434375,-1,4,True,NY      (16-22),Sunday,20
2025-12-21 21:00:00+00:00,2025-12-22 00:00:00+00:00,609.63953125,1,13,True,NY      (16-22),Sunday,21
2025-12-22 00:15:00+00:00,2025-12-22 01:15:00+00:00,219.18243025716913,-1,5,True,Asia    (00-07),Monday,0
2025-12-22 01:30:00+00:00,2025-12-22 02:45:00+00:00,-194.04549220586222,1,6,False,Asia    (00-07),Monday,1
2025-12-22 03:00:00+00:00,2025-12-22 03:00:00+00:00,-45.62693771017386,-1,1,False,Asia    (00-07),Monday,3
2025-12-22 03:15:00+00:00,2025-12-22 06:45:00+00:00,107.44388758032247,1,15,True,Asia    (00-07),Monday,3
2025-12-22 07:00:00+00:00,2025-12-22 07:45:00+00:00,-145.301875,-1,4,False,London  (07-12),Monday,7
2025-12-22 08:00:00+00:00,2025-12-22 10:30:00+00:00,310.97338703754264,1,11,True,London  (07-12),Monday,8
2025-12-22 10:45:00+00:00,2025-12-22 11:00:00+00:00,1.36771000384078,-1,2,True,London  (07-12),Monday,10
2025-12-22 11:15:00+00:00,2025-12-22 12:15:00+00:00,238.73875158538945,1,5,True,London  (07-12),Monday,11
2025-12-22 12:30:00+00:00,2025-12-22 14:15:00+00:00,158.53796875,-1,8,True,Overlap (12-16),Monday,12
2025-12-22 14:30:00+00:00,2025-12-22 16:00:00+00:00,-75.15194115372454,1,7,False,Overlap (12-16),Monday,14
2025-12-22 16:15:00+00:00,2025-12-22 20:00:00+00:00,603.284765294204,-1,16,True,NY      (16-22),Monday,16
2025-12-22 20:15:00+00:00,2025-12-23 01:15:00+00:00,188.45884386654927,1,21,True,NY      (16-22),Monday,20
2025-12-23 01:30:00+00:00,2025-12-23 05:45:00+00:00,396.13953125,-1,18,True,Asia    (00-07),Tuesday,1
2025-12-23 06:00:00+00:00,2025-12-23 06:45:00+00:00,-197.38,1,4,False,Asia    (00-07),Tuesday,6
2025-12-23 07:00:00+00:00,2025-12-23 07:00:00+00:00,-37.301875,-1,1,False,London  (07-12),Tuesday,7
2025-12-23 07:15:00+00:00,2025-12-23 11:45:00+00:00,191.0184375,1,19,True,London  (07-12),Tuesday,7
2025-12-23 12:00:00+00:00,2025-12-23 15:00:00+00:00,428.97367015764286,-1,13,True,Overlap (12-16),Tuesday,12
2025-12-23 15:15:00+00:00,2025-12-23 17:30:00+00:00,310.32890956230165,1,10,True,Overlap (12-16),Tuesday,15
2025-12-23 17:45:00+00:00,2025-12-23 17:45:00+00:00,182.70796441364044,-1,1,True,NY      (16-22),Tuesday,17
2025-12-23 18:00:00+00:00,2025-12-23 20:15:00+00:00,173.2635009971077,1,10,True,NY      (16-22),Tuesday,18
2025-12-23 20:30:00+00:00,2025-12-23 23:00:00+00:00,174.21766988804046,-1,11,True,NY      (16-22),Tuesday,20
2025-12-23 23:15:00+00:00,2025-12-24 01:00:00+00:00,189.16147586382993,1,8,True,Off     (22-00),Tuesday,23
2025-12-24 01:15:00+00:00,2025-12-24 03:00:00+00:00,339.33875,-1,8,True,Asia    (00-07),Wednesday,1
2025-12-24 03:15:00+00:00,2025-12-24 03:45:00+00:00,134.09265625,1,3,True,Asia    (00-07),Wednesday,3
2025-12-24 04:00:00+00:00,2025-12-24 08:45:00+00:00,255.45203125,-1,20,True,Asia    (00-07),Wednesday,4
2025-12-24 09:00:00+00:00,2025-12-24 13:15:00+00:00,222.33484375,1,18,True,London  (07-12),Wednesday,9
2025-12-24 13:30:00+00:00,2025-12-24 15:00:00+00:00,167.65125,-1,7,True,Overlap (12-16),Wednesday,13
2025-12-24 15:15:00+00:00,2025-12-24 20:15:00+00:00,303.09137033817643,1,21,True,Overlap (12-16),Wednesday,15
2025-12-24 20:30:00+00:00,2025-12-24 21:00:00+00:00,-29.208125000000003,-1,3,False,NY      (16-22),Wednesday,20
2025-12-24 21:15:00+00:00,2025-12-24 23:00:00+00:00,73.9325,1,8,True,NY      (16-22),Wednesday,21
2025-12-24 23:15:00+00:00,2025-12-24 23:15:00+00:00,98.6434375,-1,1,True,Off     (22-00),Wednesday,23
2025-12-24 23:30:00+00:00,2025-12-25 06:45:00+00:00,103.760625,1,30,True,Off     (22-00),Wednesday,23
2025-12-25 07:00:00+00:00,2025-12-25 09:30:00+00:00,153.94421875,-1,11,True,London  (07-12),Thursday,7
2025-12-25 09:45:00+00:00,2025-12-25 11:15:00+00:00,13.893437500000005,1,7,True,London  (07-12),Thursday,9
2025-12-25 11:30:00+00:00,2025-12-25 12:00:00+00:00,19.748906249999997,-1,3,True,London  (07-12),Thursday,11
2025-12-25 12:15:00+00:00,2025-12-25 16:00:00+00:00,393.354375,1,16,True,Overlap (12-16),Thursday,12
2025-12-25 16:15:00+00:00,2025-12-25 17:00:00+00:00,115.9559375,-1,4,True,NY      (16-22),Thursday,16
2025-12-25 17:15:00+00:00,2025-12-25 20:00:00+00:00,21.475468750000005,1,12,True,NY      (16-22),Thursday,17
2025-12-25 20:15:00+00:00,2025-12-26 00:00:00+00:00,444.3309375,-1,16,True,NY      (16-22),Thursday,20
2025-12-26 00:15:00+00:00,2025-12-26 04:45:00+00:00,726.1964899397785,1,19,True,Asia    (00-07),Friday,0
2025-12-26 05:00:00+00:00,2025-12-26 08:00:00+00:00,134.69035141982903,-1,13,True,Asia    (00-07),Friday,5
2025-12-26 08:15:00+00:00,2025-12-26 12:15:00+00:00,5.0926562500000045,1,17,True,London  (07-12),Friday,8
2025-12-26 12:30:00+00:00,2025-12-26 17:00:00+00:00,826.4002202542067,-1,19,True,Overlap (12-16),Friday,12
2025-12-26 17:15:00+00:00,2025-12-26 20:45:00+00:00,237.44445842315065,1,15,True,NY      (16-22),Friday,17
2025-12-26 21:00:00+00:00,2025-12-26 22:15:00+00:00,60.84265625,-1,6,True,NY      (16-22),Friday,21
2025-12-26 22:30:00+00:00,2025-12-26 23:00:00+00:00,11.666874999999997,1,3,True,Off     (22-00),Friday,22
2025-12-26 23:15:00+00:00,2025-12-26 23:30:00+00:00,48.8309375,-1,2,True,Off     (22-00),Friday,23
2025-12-26 23:45:00+00:00,2025-12-27 02:00:00+00:00,45.37390625,1,10,True,Off     (22-00),Friday,23
2025-12-27 02:15:00+00:00,2025-12-27 03:00:00+00:00,31.702031249999997,-1,4,True,Asia    (00-07),Saturday,2
2025-12-27 03:15:00+00:00,2025-12-27 04:00:00+00:00,41.2215625,1,4,True,Asia    (00-07),Saturday,3
2025-12-27 04:15:00+00:00,2025-12-27 05:00:00+00:00,2.2449999999999974,-1,4,True,Asia    (00-07),Saturday,4
2025-12-27 05:15:00+00:00,2025-12-27 06:00:00+00:00,17.561406249999997,1,4,True,Asia    (00-07),Saturday,5
2025-12-27 06:15:00+00:00,2025-12-27 09:15:00+00:00,-29.766718749999995,-1,13,False,Asia    (00-07),Saturday,6
2025-12-27 09:30:00+00:00,2025-12-27 10:00:00+00:00,-23.325312500000003,1,3,False,London  (07-12),Saturday,9
2025-12-27 10:15:00+00:00,2025-12-27 10:30:00+00:00,33.3075,-1,2,True,London  (07-12),Saturday,10
2025-12-27 10:45:00+00:00,2025-12-27 11:00:00+00:00,28.217656249999997,1,2,True,London  (07-12),Saturday,10
2025-12-27 11:15:00+00:00,2025-12-27 12:00:00+00:00,24.452031249999997,-1,4,True,London  (07-12),Saturday,11
2025-12-27 12:15:00+00:00,2025-12-27 18:00:00+00:00,18.014531249999997,1,24,True,Overlap (12-16),Saturday,12
2025-12-27 18:15:00+00:00,2025-12-27 19:00:00+00:00,-34.01671875,-1,4,False,NY      (16-22),Saturday,18
2025-12-27 19:15:00+00:00,2025-12-27 22:00:00+00:00,138.135625,1,12,True,NY      (16-22),Saturday,19
2025-12-27 22:15:00+00:00,2025-12-27 22:30:00+00:00,131.4715625,-1,2,True,Off     (22-00),Saturday,22
2025-12-27 22:45:00+00:00,2025-12-28 01:15:00+00:00,102.06921875,1,11,True,Off     (22-00),Saturday,22
2025-12-28 01:30:00+00:00,2025-12-28 05:15:00+00:00,75.1121875,-1,16,True,Asia    (00-07),Sunday,1
2025-12-28 05:30:00+00:00,2025-12-28 09:15:00+00:00,114.06140625,1,16,True,Asia    (00-07),Sunday,5
2025-12-28 09:30:00+00:00,2025-12-28 09:45:00+00:00,26.823124999999997,-1,2,True,London  (07-12),Sunday,9
2025-12-28 10:00:00+00:00,2025-12-28 14:00:00+00:00,73.20984375,1,17,True,London  (07-12),Sunday,10
2025-12-28 14:15:00+00:00,2025-12-28 20:00:00+00:00,219.28796875,-1,24,True,Overlap (12-16),Sunday,14
2025-12-28 20:15:00+00:00,2025-12-29 01:30:00+00:00,383.21765625,1,22,True,NY      (16-22),Sunday,20
2025-12-29 01:45:00+00:00,2025-12-29 02:15:00+00:00,-400.06667178767606,-1,3,False,Asia    (00-07),Monday,1
2025-12-29 02:30:00+00:00,2025-12-29 04:00:00+00:00,346.8603333378454,1,7,True,Asia    (00-07),Monday,2
2025-12-29 04:15:00+00:00,2025-12-29 07:00:00+00:00,201.494107681399,-1,12,True,Asia    (00-07),Monday,4
2025-12-29 07:15:00+00:00,2025-12-29 08:00:00+00:00,-9.758906249999995,1,4,False,London  (07-12),Monday,7
2025-12-29 08:15:00+00:00,2025-12-29 10:15:00+00:00,797.3409729330857,-1,9,True,London  (07-12),Monday,8
2025-12-29 10:30:00+00:00,2025-12-29 12:45:00+00:00,-304.3222088222764,1,10,False,London  (07-12),Monday,10
2025-12-29 13:00:00+00:00,2025-12-29 13:15:00+00:00,33.51630200196595,-1,2,True,Overlap (12-16),Monday,13
2025-12-29 13:30:00+00:00,2025-12-29 16:15:00+00:00,138.97817191304912,1,12,True,Overlap (12-16),Monday,13
2025-12-29 16:30:00+00:00,2025-12-29 17:15:00+00:00,26.51450734047139,-1,4,True,NY      (16-22),Monday,16
2025-12-29 17:30:00+00:00,2025-12-29 18:00:00+00:00,118.43572692916203,1,3,True,NY      (16-22),Monday,17
2025-12-29 18:15:00+00:00,2025-12-29 19:45:00+00:00,195.52891923134032,-1,7,True,NY      (16-22),Monday,18
2025-12-29 20:00:00+00:00,2025-12-29 20:00:00+00:00,70.36609375,1,1,True,NY      (16-22),Monday,20
2025-12-29 20:15:00+00:00,2025-12-29 21:15:00+00:00,107.1590625,-1,5,True,NY      (16-22),Monday,20
2025-12-29 21:30:00+00:00,2025-12-29 23:00:00+00:00,26.354375000000005,1,7,True,NY      (16-22),Monday,21
2025-12-29 23:15:00+00:00,2025-12-30 00:30:00+00:00,105.27625,-1,6,True,Off     (22-00),Monday,23
2025-12-30 00:45:00+00:00,2025-12-30 02:15:00+00:00,37.721562500000005,1,7,True,Asia    (00-07),Tuesday,0
2025-12-30 02:30:00+00:00,2025-12-30 03:00:00+00:00,141.03015625,-1,3,True,Asia    (00-07),Tuesday,2
2025-12-30 03:15:00+00:00,2025-12-30 04:15:00+00:00,251.0184375,1,5,True,Asia    (00-07),Tuesday,3
2025-12-30 04:30:00+00:00,2025-12-30 05:00:00+00:00,35.397343750000005,-1,3,True,Asia    (00-07),Tuesday,4
2025-12-30 05:15:00+00:00,2025-12-30 10:15:00+00:00,314.42078125,1,21,True,Asia    (00-07),Tuesday,5
2025-12-30 10:30:00+00:00,2025-12-30 12:00:00+00:00,-24.883906249999995,-1,7,False,London  (07-12),Tuesday,10
2025-12-30 12:15:00+00:00,2025-12-30 16:00:00+00:00,421.01767274605515,1,16,True,Overlap (12-16),Tuesday,12
2025-12-30 16:15:00+00:00,2025-12-30 18:00:00+00:00,186.11108982295315,-1,8,True,NY      (16-22),Tuesday,16
2025-12-30 18:15:00+00:00,2025-12-31 00:00:00+00:00,27.05161532569764,1,24,True,NY      (16-22),Tuesday,18
2025-12-31 00:15:00+00:00,2025-12-31 01:00:00+00:00,22.737187499999997,-1,4,True,Asia    (00-07),Wednesday,0
2025-12-31 01:15:00+00:00,2025-12-31 01:15:00+00:00,125.1434375,1,1,True,Asia    (00-07),Wednesday,1
2025-12-31 01:30:00+00:00,2025-12-31 04:15:00+00:00,63.405156250000005,-1,12,True,Asia    (00-07),Wednesday,1
2025-12-31 04:30:00+00:00,2025-12-31 08:00:00+00:00,116.63953125,1,15,True,Asia    (00-07),Wednesday,4
2025-12-31 08:15:00+00:00,2025-12-31 08:30:00+00:00,122.6278125,-1,2,True,London  (07-12),Wednesday,8
2025-12-31 08:45:00+00:00,2025-12-31 12:00:00+00:00,246.1434375,1,14,True,London  (07-12),Wednesday,8
2025-12-31 12:15:00+00:00,2025-12-31 13:30:00+00:00,59.229375000000005,-1,6,True,Overlap (12-16),Wednesday,12
2025-12-31 13:45:00+00:00,2025-12-31 13:45:00+00:00,84.135625,1,1,True,Overlap (12-16),Wednesday,13
2025-12-31 14:00:00+00:00,2025-12-31 16:30:00+00:00,726.6115081591502,-1,11,True,Overlap (12-16),Wednesday,14
2025-12-31 16:45:00+00:00,2025-12-31 16:45:00+00:00,71.6807759050064,1,1,True,NY      (16-22),Wednesday,16
2025-12-31 17:00:00+00:00,2025-12-31 20:00:00+00:00,56.85457126404478,-1,13,True,NY      (16-22),Wednesday,17
2025-12-31 20:15:00+00:00,2025-12-31 22:15:00+00:00,140.2684375,1,9,True,NY      (16-22),Wednesday,20
2025-12-31 22:30:00+00:00,2025-12-31 23:00:00+00:00,67.49890625,-1,3,True,Off     (22-00),Wednesday,22
2025-12-31 23:15:00+00:00,2026-01-01 03:00:00+00:00,132.37,1,16,True,Off     (22-00),Wednesday,23
2026-01-01 03:15:00+00:00,2026-01-01 04:30:00+00:00,202.00671875,-1,6,True,Asia    (00-07),Thursday,3
2026-01-01 04:45:00+00:00,2026-01-02 04:00:00+00:00,616.385625,1,94,True,Asia    (00-07),Thursday,4
2026-01-02 04:15:00+00:00,2026-01-02 05:15:00+00:00,99.8621875,-1,5,True,Asia    (00-07),Friday,4
2026-01-02 05:30:00+00:00,2026-01-02 06:15:00+00:00,154.46765625,1,4,True,Asia    (00-07),Friday,5
2026-01-02 06:30:00+00:00,2026-01-02 09:00:00+00:00,-179.770625,-1,11,False,Asia    (00-07),Friday,6
2026-01-02 09:15:00+00:00,2026-01-02 11:30:00+00:00,123.12,1,10,True,London  (07-12),Friday,9
2026-01-02 11:45:00+00:00,2026-01-02 14:00:00+00:00,182.44421875,-1,10,True,London  (07-12),Friday,11
2026-01-02 14:15:00+00:00,2026-01-02 15:30:00+00:00,221.8255769143749,1,6,True,Overlap (12-16),Friday,14
2026-01-02 15:45:00+00:00,2026-01-02 16:00:00+00:00,-5.901927441662252,-1,2,False,Overlap (12-16),Friday,15
2026-01-02 16:15:00+00:00,2026-01-02 18:15:00+00:00,125.12881977845048,1,9,True,NY      (16-22),Friday,16
2026-01-02 18:30:00+00:00,2026-01-02 19:30:00+00:00,71.74027720405756,-1,5,True,NY      (16-22),Friday,18
2026-01-02 19:45:00+00:00,2026-01-02 23:00:00+00:00,48.702530277304874,1,14,True,NY      (16-22),Friday,19
2026-01-02 23:15:00+00:00,2026-01-03 00:00:00+00:00,6.041874999999997,-1,4,True,Off     (22-00),Friday,23
2026-01-03 00:15:00+00:00,2026-01-03 04:00:00+00:00,88.041875,1,16,True,Asia    (00-07),Saturday,0
2026-01-03 04:15:00+00:00,2026-01-03 08:00:00+00:00,346.12,-1,16,True,Asia    (00-07),Saturday,4
2026-01-03 08:15:00+00:00,2026-01-03 09:30:00+00:00,186.93640625,1,6,True,London  (07-12),Saturday,8
2026-01-03 09:45:00+00:00,2026-01-03 11:00:00+00:00,104.41296875,-1,6,True,London  (07-12),Saturday,9
2026-01-03 11:15:00+00:00,2026-01-03 13:45:00+00:00,140.07703125,1,11,True,London  (07-12),Saturday,11
2026-01-03 14:00:00+00:00,2026-01-03 14:45:00+00:00,-75.41125,-1,4,False,Overlap (12-16),Saturday,14
2026-01-03 15:00:00+00:00,2026-01-03 15:00:00+00:00,-70.03234375,1,1,False,Overlap (12-16),Saturday,15
2026-01-03 15:15:00+00:00,2026-01-03 16:00:00+00:00,-20.376093750000003,-1,4,False,Overlap (12-16),Saturday,15
2026-01-03 16:15:00+00:00,2026-01-04 06:00:00+00:00,806.7684375,1,56,True,NY      (16-22),Saturday,16
2026-01-04 06:15:00+00:00,2026-01-04 06:30:00+00:00,177.010625,-1,2,True,Asia    (00-07),Sunday,6
2026-01-04 06:45:00+00:00,2026-01-04 08:30:00+00:00,42.006718750000005,1,8,True,Asia    (00-07),Sunday,6
2026-01-04 08:45:00+00:00,2026-01-04 13:00:00+00:00,90.916875,-1,18,True,London  (07-12),Sunday,8
2026-01-04 13:15:00+00:00,2026-01-04 16:30:00+00:00,41.573125000000005,1,14,True,Overlap (12-16),Sunday,13
2026-01-04 16:45:00+00:00,2026-01-04 20:00:00+00:00,0.7762500000000045,-1,14,True,NY      (16-22),Sunday,16
2026-01-04 20:15:00+00:00,2026-01-05 03:00:00+00:00,826.9382279873577,1,28,True,NY      (16-22),Sunday,20
2026-01-05 03:15:00+00:00,2026-01-05 03:45:00+00:00,39.216421393989854,-1,3,True,Asia    (00-07),Monday,3
2026-01-05 04:00:00+00:00,2026-01-05 04:00:00+00:00,-63.75124614204509,1,1,False,Asia    (00-07),Monday,4
2026-01-05 04:15:00+00:00,2026-01-05 06:15:00+00:00,213.0538587045133,-1,9,True,Asia    (00-07),Monday,4
2026-01-05 06:30:00+00:00,2026-01-05 12:00:00+00:00,422.96375,1,23,True,Asia    (00-07),Monday,6
2026-01-05 12:15:00+00:00,2026-01-05 12:30:00+00:00,154.45203125,-1,2,True,Overlap (12-16),Monday,12
2026-01-05 12:45:00+00:00,2026-01-05 13:00:00+00:00,44.073125,1,2,True,Overlap (12-16),Monday,12
2026-01-05 13:15:00+00:00,2026-01-05 13:30:00+00:00,148.8075,-1,2,True,Overlap (12-16),Monday,13
2026-01-05 13:45:00+00:00,2026-01-05 16:00:00+00:00,577.7977019579799,1,10,True,Overlap (12-16),Monday,13
2026-01-05 16:15:00+00:00,2026-01-05 17:00:00+00:00,77.95363337824192,-1,4,True,NY      (16-22),Monday,16
2026-01-05 17:15:00+00:00,2026-01-05 19:00:00+00:00,185.1632487289816,1,8,True,NY      (16-22),Monday,17
2026-01-05 19:15:00+00:00,2026-01-06 08:30:00+00:00,480.844971123091,-1,54,True,NY      (16-22),Monday,19
2026-01-06 08:45:00+00:00,2026-01-06 12:15:00+00:00,299.06921875,1,15,True,London  (07-12),Tuesday,8
2026-01-06 12:30:00+00:00,2026-01-06 14:45:00+00:00,-0.44249999999999545,-1,10,False,Overlap (12-16),Tuesday,12
2026-01-06 15:00:00+00:00,2026-01-06 15:15:00+00:00,131.979375,1,2,True,Overlap (12-16),Tuesday,15
2026-01-06 15:30:00+00:00,2026-01-06 20:30:00+00:00,526.0789833730712,-1,21,True,Overlap (12-16),Tuesday,15
2026-01-06 20:45:00+00:00,2026-01-07 00:00:00+00:00,341.0078353995467,1,14,True,NY      (16-22),Tuesday,20
2026-01-07 00:15:00+00:00,2026-01-07 06:45:00+00:00,410.0346619922519,-1,27,True,Asia    (00-07),Wednesday,0
2026-01-07 07:00:00+00:00,2026-01-07 08:00:00+00:00,144.4090625,1,5,True,London  (07-12),Wednesday,7
2026-01-07 08:15:00+00:00,2026-01-07 10:00:00+00:00,532.93640625,-1,8,True,London  (07-12),Wednesday,8
2026-01-07 10:15:00+00:00,2026-01-07 11:30:00+00:00,163.56921875,1,6,True,London  (07-12),Wednesday,10
2026-01-07 11:45:00+00:00,2026-01-07 14:15:00+00:00,306.41296875,-1,11,True,London  (07-12),Wednesday,11
2026-01-07 14:30:00+00:00,2026-01-07 15:00:00+00:00,53.629940990704085,1,3,True,Overlap (12-16),Wednesday,14
2026-01-07 15:15:00+00:00,2026-01-07 19:00:00+00:00,330.8658270316132,-1,16,True,Overlap (12-16),Wednesday,15
2026-01-07 19:15:00+00:00,2026-01-08 02:00:00+00:00,279.1097475134846,1,28,True,NY      (16-22),Wednesday,19
2026-01-08 02:15:00+00:00,2026-01-08 03:30:00+00:00,293.53015625,-1,6,True,Asia    (00-07),Thursday,2
2026-01-08 03:45:00+00:00,2026-01-08 05:00:00+00:00,125.70984375,1,6,True,Asia    (00-07),Thursday,3
2026-01-08 05:15:00+00:00,2026-01-08 07:00:00+00:00,506.198125,-1,8,True,Asia    (00-07),Thursday,5
2026-01-08 07:15:00+00:00,2026-01-08 08:00:00+00:00,274.823125,1,4,True,London  (07-12),Thursday,7
2026-01-08 08:15:00+00:00,2026-01-08 10:00:00+00:00,298.04787529712064,-1,8,True,London  (07-12),Thursday,8
2026-01-08 10:15:00+00:00,2026-01-08 11:15:00+00:00,122.94378913980012,1,5,True,London  (07-12),Thursday,10
2026-01-08 11:30:00+00:00,2026-01-08 11:30:00+00:00,52.38953125,-1,1,True,London  (07-12),Thursday,11
2026-01-08 11:45:00+00:00,2026-01-08 11:45:00+00:00,55.65409625447218,1,1,True,London  (07-12),Thursday,11
2026-01-08 12:00:00+00:00,2026-01-08 12:00:00+00:00,156.20984375,-1,1,True,Overlap (12-16),Thursday,12
2026-01-08 12:15:00+00:00,2026-01-08 16:15:00+00:00,266.9235931851085,1,17,True,Overlap (12-16),Thursday,12
2026-01-08 16:30:00+00:00,2026-01-08 16:30:00+00:00,-24.064686950116606,-1,1,False,NY      (16-22),Thursday,16
2026-01-08 16:45:00+00:00,2026-01-09 01:00:00+00:00,204.2014377277834,1,34,True,NY      (16-22),Thursday,16
2026-01-09 01:15:00+00:00,2026-01-09 02:45:00+00:00,101.2996875,-1,7,True,Asia    (00-07),Friday,1
2026-01-09 03:00:00+00:00,2026-01-09 04:00:00+00:00,-4.855174277560565,1,5,False,Asia    (00-07),Friday,3
2026-01-09 04:15:00+00:00,2026-01-09 09:00:00+00:00,432.83566720249087,-1,20,True,Asia    (00-07),Friday,4
2026-01-09 09:15:00+00:00,2026-01-09 14:15:00+00:00,184.5340625,1,21,True,London  (07-12),Friday,9
2026-01-09 14:30:00+00:00,2026-01-09 15:00:00+00:00,136.9831594882558,-1,3,True,Overlap (12-16),Friday,14
2026-01-09 15:15:00+00:00,2026-01-09 17:15:00+00:00,324.3669851641775,1,9,True,Overlap (12-16),Friday,15
2026-01-09 17:30:00+00:00,2026-01-09 20:30:00+00:00,266.42906567577893,-1,13,True,NY      (16-22),Friday,17
2026-01-09 20:45:00+00:00,2026-01-09 23:30:00+00:00,179.7515468493999,1,12,True,NY      (16-22),Friday,20
2026-01-09 23:45:00+00:00,2026-01-09 23:45:00+00:00,6.588749999999997,-1,1,True,Off     (22-00),Friday,23
2026-01-10 00:00:00+00:00,2026-01-10 11:00:00+00:00,54.182500000000005,1,45,True,Asia    (00-07),Saturday,0
2026-01-10 11:15:00+00:00,2026-01-10 14:30:00+00:00,95.43640625,-1,14,True,London  (07-12),Saturday,11
2026-01-10 14:45:00+00:00,2026-01-10 17:00:00+00:00,66.198125,1,10,True,Overlap (12-16),Saturday,14
2026-01-10 17:15:00+00:00,2026-01-10 18:00:00+00:00,80.4246875,-1,4,True,NY      (16-22),Saturday,17
2026-01-10 18:15:00+00:00,2026-01-10 20:00:00+00:00,49.47546875,1,8,True,NY      (16-22),Saturday,18
2026-01-10 20:15:00+00:00,2026-01-10 23:15:00+00:00,40.436406250000005,-1,13,True,NY      (16-22),Saturday,20
2026-01-10 23:30:00+00:00,2026-01-11 01:00:00+00:00,22.229374999999997,1,7,True,Off     (22-00),Saturday,23
2026-01-11 01:15:00+00:00,2026-01-11 01:15:00+00:00,2.5731249999999974,-1,1,True,Asia    (00-07),Sunday,1
2026-01-11 01:30:00+00:00,2026-01-11 05:15:00+00:00,70.01453125,1,16,True,Asia    (00-07),Sunday,1
2026-01-11 05:30:00+00:00,2026-01-11 08:00:00+00:00,24.994999999999997,-1,11,True,Asia    (00-07),Sunday,5
2026-01-11 08:15:00+00:00,2026-01-11 09:00:00+00:00,30.170781249999997,1,4,True,London  (07-12),Sunday,8
2026-01-11 09:15:00+00:00,2026-01-11 11:00:00+00:00,14.920781249999997,-1,8,True,London  (07-12),Sunday,9
2026-01-11 11:15:00+00:00,2026-01-11 13:00:00+00:00,102.44421875,1,8,True,London  (07-12),Sunday,11
2026-01-11 13:15:00+00:00,2026-01-11 14:00:00+00:00,-11.465937500000003,-1,4,False,Overlap (12-16),Sunday,13
2026-01-11 14:15:00+00:00,2026-01-11 16:30:00+00:00,76.85828125,1,10,True,Overlap (12-16),Sunday,14
2026-01-11 16:45:00+00:00,2026-01-11 20:00:00+00:00,265.4715625,-1,14,True,NY      (16-22),Sunday,16
2026-01-11 20:15:00+00:00,2026-01-11 22:15:00+00:00,48.46765625,1,9,True,NY      (16-22),Sunday,20
2026-01-11 22:30:00+00:00,2026-01-11 23:00:00+00:00,-30.665156249999995,-1,3,False,Off     (22-00),Sunday,22
2026-01-11 23:15:00+00:00,2026-01-12 03:00:00+00:00,721.8699165817468,1,16,True,Off     (22-00),Sunday,23
2026-01-12 03:15:00+00:00,2026-01-12 05:00:00+00:00,94.2143039118521,-1,8,True,Asia    (00-07),Monday,3
2026-01-12 05:15:00+00:00,2026-01-12 05:15:00+00:00,38.53504723257444,1,1,True,Asia    (00-07),Monday,5
2026-01-12 05:30:00+00:00,2026-01-12 06:45:00+00:00,187.8075,-1,6,True,Asia    (00-07),Monday,5
2026-01-12 07:00:00+00:00,2026-01-12 08:00:00+00:00,-159.04015625,1,5,False,London  (07-12),Monday,7
2026-01-12 08:15:00+00:00,2026-01-12 09:45:00+00:00,415.1492576047562,-1,7,True,London  (07-12),Monday,8
2026-01-12 10:00:00+00:00,2026-01-12 20:00:00+00:00,551.3098375942872,1,41,True,London  (07-12),Monday,10
2026-01-12 20:15:00+00:00,2026-01-12 21:45:00+00:00,373.3195144038451,-1,7,True,NY      (16-22),Monday,20
2026-01-12 22:00:00+00:00,2026-01-13 01:00:00+00:00,196.71765625,1,13,True,Off     (22-00),Monday,22
2026-01-13 01:15:00+00:00,2026-01-13 01:30:00+00:00,179.30359375,-1,2,True,Asia    (00-07),Tuesday,1
2026-01-13 01:45:00+00:00,2026-01-13 07:00:00+00:00,455.44421875,1,22,True,Asia    (00-07),Tuesday,1
2026-01-13 07:15:00+00:00,2026-01-13 08:00:00+00:00,11.717656249999997,-1,4,True,London  (07-12),Tuesday,7
2026-01-13 08:15:00+00:00,2026-01-13 09:00:00+00:00,211.38953125,1,4,True,London  (07-12),Tuesday,8
2026-01-13 09:15:00+00:00,2026-01-13 09:30:00+00:00,125.78796875,-1,2,True,London  (07-12),Tuesday,9
2026-01-13 09:45:00+00:00,2026-01-13 11:00:00+00:00,19.967656249999997,1,6,True,London  (07-12),Tuesday,9
2026-01-13 11:15:00+00:00,2026-01-13 12:00:00+00:00,124.09265625,-1,4,True,London  (07-12),Tuesday,11
2026-01-13 12:15:00+00:00,2026-01-14 04:00:00+00:00,1274.1448307950745,1,64,True,Overlap (12-16),Tuesday,12
2026-01-14 04:15:00+00:00,2026-01-14 12:00:00+00:00,185.791875,-1,32,True,Asia    (00-07),Wednesday,4
2026-01-14 12:15:00+00:00,2026-01-14 22:00:00+00:00,921.4252586491034,1,40,True,Overlap (12-16),Wednesday,12
2026-01-14 22:15:00+00:00,2026-01-14 23:45:00+00:00,135.48208759089934,-1,7,True,Off     (22-00),Wednesday,22
2026-01-15 00:00:00+00:00,2026-01-15 00:00:00+00:00,-0.3763527958546735,1,1,False,Asia    (00-07),Thursday,0
2026-01-15 00:15:00+00:00,2026-01-15 03:15:00+00:00,484.38749228091547,-1,13,True,Asia    (00-07),Thursday,0
2026-01-15 03:30:00+00:00,2026-01-15 03:45:00+00:00,17.904329460960703,1,2,True,Asia    (00-07),Thursday,3
2026-01-15 04:00:00+00:00,2026-01-15 04:00:00+00:00,-58.971916902353094,-1,1,False,Asia    (00-07),Thursday,4
2026-01-15 04:15:00+00:00,2026-01-15 06:00:00+00:00,166.79902077811607,1,8,True,Asia    (00-07),Thursday,4
2026-01-15 06:15:00+00:00,2026-01-15 07:00:00+00:00,101.14734375,-1,4,True,Asia    (00-07),Thursday,6
2026-01-15 07:15:00+00:00,2026-01-15 08:45:00+00:00,199.60046875,1,7,True,London  (07-12),Thursday,7
2026-01-15 09:00:00+00:00,2026-01-15 12:00:00+00:00,-30.700312499999995,-1,13,False,London  (07-12),Thursday,9
2026-01-15 12:15:00+00:00,2026-01-15 13:00:00+00:00,80.77625,1,4,True,Overlap (12-16),Thursday,12
2026-01-15 13:15:00+00:00,2026-01-15 15:00:00+00:00,304.81524095357986,-1,8,True,Overlap (12-16),Thursday,13
2026-01-15 15:15:00+00:00,2026-01-15 16:30:00+00:00,98.91217026918129,1,6,True,Overlap (12-16),Thursday,15
2026-01-15 16:45:00+00:00,2026-01-15 20:30:00+00:00,419.21591005162406,-1,16,True,NY      (16-22),Thursday,16
2026-01-15 20:45:00+00:00,2026-01-16 02:15:00+00:00,170.533026526216,1,23,True,NY      (16-22),Thursday,20
2026-01-16 02:30:00+00:00,2026-01-16 04:30:00+00:00,207.135625,-1,9,True,Asia    (00-07),Friday,2
2026-01-16 04:45:00+00:00,2026-01-16 06:30:00+00:00,221.19421875,1,8,True,Asia    (00-07),Friday,4
2026-01-16 06:45:00+00:00,2026-01-16 07:30:00+00:00,92.6903125,-1,4,True,Asia    (00-07),Friday,6
2026-01-16 07:45:00+00:00,2026-01-16 07:45:00+00:00,66.8934375,1,1,True,London  (07-12),Friday,7
2026-01-16 08:00:00+00:00,2026-01-16 11:00:00+00:00,155.854375,-1,13,True,London  (07-12),Friday,8
2026-01-16 11:15:00+00:00,2026-01-16 12:15:00+00:00,113.76453125,1,5,True,London  (07-12),Friday,11
2026-01-16 12:30:00+00:00,2026-01-16 16:45:00+00:00,341.4061961580984,-1,18,True,Overlap (12-16),Friday,12
2026-01-16 17:00:00+00:00,2026-01-17 03:15:00+00:00,174.52225276707034,1,42,True,NY      (16-22),Friday,17
2026-01-17 03:30:00+00:00,2026-01-17 08:00:00+00:00,64.5496875,-1,19,True,Asia    (00-07),Saturday,3
2026-01-17 08:15:00+00:00,2026-01-17 10:00:00+00:00,26.194218749999997,1,8,True,London  (07-12),Saturday,8
2026-01-17 10:15:00+00:00,2026-01-17 10:45:00+00:00,54.00671875,-1,3,True,London  (07-12),Saturday,10
2026-01-17 11:00:00+00:00,2026-01-17 16:00:00+00:00,176.791875,1,21,True,London  (07-12),Saturday,11
2026-01-17 16:15:00+00:00,2026-01-17 17:45:00+00:00,56.409062500000005,-1,7,True,NY      (16-22),Saturday,16
2026-01-17 18:00:00+00:00,2026-01-17 21:15:00+00:00,-9.055781250000003,1,14,False,NY      (16-22),Saturday,18
2026-01-17 21:30:00+00:00,2026-01-18 00:45:00+00:00,113.3309375,-1,14,True,NY      (16-22),Saturday,21
2026-01-18 01:00:00+00:00,2026-01-18 01:30:00+00:00,-76.62609375,1,3,False,Asia    (00-07),Sunday,1
2026-01-18 01:45:00+00:00,2026-01-18 02:30:00+00:00,-2.2354687500000026,-1,4,False,Asia    (00-07),Sunday,1
2026-01-18 02:45:00+00:00,2026-01-18 04:00:00+00:00,87.27625,1,6,True,Asia    (00-07),Sunday,2
2026-01-18 04:15:00+00:00,2026-01-18 08:00:00+00:00,44.991093750000005,-1,16,True,Asia    (00-07),Sunday,4
2026-01-18 08:15:00+00:00,2026-01-18 12:15:00+00:00,31.494999999999997,1,17,True,London  (07-12),Sunday,8
2026-01-18 12:30:00+00:00,2026-01-18 13:00:00+00:00,29.952031249999997,-1,3,True,Overlap (12-16),Sunday,12
2026-01-18 13:15:00+00:00,2026-01-18 14:00:00+00:00,78.19421875,1,4,True,Overlap (12-16),Sunday,13
2026-01-18 14:15:00+00:00,2026-01-18 15:00:00+00:00,99.20984375,-1,4,True,Overlap (12-16),Sunday,14
2026-01-18 15:15:00+00:00,2026-01-18 19:15:00+00:00,205.995,1,17,True,Overlap (12-16),Sunday,15
2026-01-18 19:30:00+00:00,2026-01-18 21:15:00+00:00,59.00671875,-1,8,True,NY      (16-22),Sunday,19
2026-01-18 21:30:00+00:00,2026-01-18 22:45:00+00:00,82.78015625,1,6,True,NY      (16-22),Sunday,21
2026-01-18 23:00:00+00:00,2026-01-19 01:15:00+00:00,1323.0684847241846,-1,10,True,Off     (22-00),Sunday,23
2026-01-19 01:30:00+00:00,2026-01-19 03:00:00+00:00,39.88535325597641,1,7,True,Asia    (00-07),Monday,1
2026-01-19 03:15:00+00:00,2026-01-19 06:15:00+00:00,62.909595070045185,-1,13,True,Asia    (00-07),Monday,3
2026-01-19 06:30:00+00:00,2026-01-19 09:15:00+00:00,252.3621875,1,12,True,Asia    (00-07),Monday,6
2026-01-19 09:30:00+00:00,2026-01-19 09:30:00+00:00,37.09265625,-1,1,True,London  (07-12),Monday,9
2026-01-19 09:45:00+00:00,2026-01-19 10:45:00+00:00,34.53015625,1,5,True,London  (07-12),Monday,9
2026-01-19 11:00:00+00:00,2026-01-19 11:00:00+00:00,18.346562499999997,-1,1,True,London  (07-12),Monday,11
2026-01-19 11:15:00+00:00,2026-01-19 17:15:00+00:00,136.57703125,1,25,True,London  (07-12),Monday,11
2026-01-19 17:30:00+00:00,2026-01-19 17:45:00+00:00,14.295781249999997,-1,2,True,NY      (16-22),Monday,17
2026-01-19 18:00:00+00:00,2026-01-19 21:00:00+00:00,-87.1925,1,13,False,NY      (16-22),Monday,18
2026-01-19 21:15:00+00:00,2026-01-19 22:45:00+00:00,251.41296875,-1,7,True,NY      (16-22),Monday,21
2026-01-19 23:00:00+00:00,2026-01-20 01:00:00+00:00,65.46375,1,9,True,Off     (22-00),Monday,23
2026-01-20 01:15:00+00:00,2026-01-20 07:00:00+00:00,818.9481367059859,-1,24,True,Asia    (00-07),Tuesday,1
2026-01-20 07:15:00+00:00,2026-01-20 08:00:00+00:00,-22.925357133112605,1,4,False,London  (07-12),Tuesday,7
2026-01-20 08:15:00+00:00,2026-01-20 10:00:00+00:00,-91.17362068294419,-1,8,False,London  (07-12),Tuesday,8
2026-01-20 10:15:00+00:00,2026-01-20 11:15:00+00:00,99.5028125,1,5,True,London  (07-12),Tuesday,10
2026-01-20 11:30:00+00:00,2026-01-20 15:00:00+00:00,496.6081708095162,-1,15,True,London  (07-12),Tuesday,11
2026-01-20 15:15:00+00:00,2026-01-20 16:00:00+00:00,149.91571031738707,1,4,True,Overlap (12-16),Tuesday,15
2026-01-20 16:15:00+00:00,2026-01-20 19:00:00+00:00,350.25478277839795,-1,12,True,NY      (16-22),Tuesday,16
2026-01-20 19:15:00+00:00,2026-01-20 20:15:00+00:00,59.13700158623931,1,5,True,NY      (16-22),Tuesday,19
2026-01-20 20:30:00+00:00,2026-01-20 23:00:00+00:00,594.8061074594324,-1,11,True,NY      (16-22),Tuesday,20
2026-01-20 23:15:00+00:00,2026-01-21 06:00:00+00:00,703.390273264504,1,28,True,Off     (22-00),Tuesday,23
2026-01-21 06:15:00+00:00,2026-01-21 10:45:00+00:00,314.635625,-1,19,True,Asia    (00-07),Wednesday,6
2026-01-21 11:00:00+00:00,2026-01-21 11:00:00+00:00,14.842656249999997,1,1,True,London  (07-12),Wednesday,11
2026-01-21 11:15:00+00:00,2026-01-21 12:00:00+00:00,447.323125,-1,4,True,London  (07-12),Wednesday,11
2026-01-21 12:15:00+00:00,2026-01-21 16:00:00+00:00,539.1303261251113,1,16,True,Overlap (12-16),Wednesday,12
2026-01-21 16:15:00+00:00,2026-01-21 17:00:00+00:00,542.198755417192,-1,4,True,NY      (16-22),Wednesday,16
2026-01-21 17:15:00+00:00,2026-01-21 20:30:00+00:00,511.66476880746956,1,14,True,NY      (16-22),Wednesday,17
2026-01-21 20:45:00+00:00,2026-01-21 23:30:00+00:00,169.0780270575434,-1,12,True,NY      (16-22),Wednesday,20
2026-01-21 23:45:00+00:00,2026-01-22 02:15:00+00:00,346.59118469723353,1,11,True,Off     (22-00),Wednesday,23
2026-01-22 02:30:00+00:00,2026-01-22 02:45:00+00:00,161.885625,-1,2,True,Asia    (00-07),Thursday,2
2026-01-22 03:00:00+00:00,2026-01-22 07:00:00+00:00,47.077031250000005,1,17,True,Asia    (00-07),Thursday,3
2026-01-22 07:15:00+00:00,2026-01-22 08:00:00+00:00,131.2215625,-1,4,True,London  (07-12),Thursday,7
2026-01-22 08:15:00+00:00,2026-01-22 10:30:00+00:00,129.36609375,1,10,True,London  (07-12),Thursday,8
2026-01-22 10:45:00+00:00,2026-01-22 15:15:00+00:00,639.2365052972352,-1,19,True,London  (07-12),Thursday,10
2026-01-22 15:30:00+00:00,2026-01-22 20:15:00+00:00,285.5518145953339,1,20,True,Overlap (12-16),Thursday,15
2026-01-22 20:30:00+00:00,2026-01-22 21:30:00+00:00,74.17103962211188,-1,5,True,NY      (16-22),Thursday,20
2026-01-22 21:45:00+00:00,2026-01-23 02:30:00+00:00,178.91525818026616,1,20,True,NY      (16-22),Thursday,21
2026-01-23 02:45:00+00:00,2026-01-23 03:00:00+00:00,-23.247187500000003,-1,2,False,Asia    (00-07),Friday,2
2026-01-23 03:15:00+00:00,2026-01-23 04:00:00+00:00,120.85046875,1,4,True,Asia    (00-07),Friday,3
2026-01-23 04:15:00+00:00,2026-01-23 07:00:00+00:00,248.27234375,-1,12,True,Asia    (00-07),Friday,4
2026-01-23 07:15:00+00:00,2026-01-23 08:00:00+00:00,-14.071406250000003,1,4,False,London  (07-12),Friday,7
2026-01-23 08:15:00+00:00,2026-01-23 09:45:00+00:00,272.36609375,-1,7,True,London  (07-12),Friday,8
2026-01-23 10:00:00+00:00,2026-01-23 14:00:00+00:00,225.90515625,1,17,True,London  (07-12),Friday,10
2026-01-23 14:15:00+00:00,2026-01-23 15:00:00+00:00,303.80359375,-1,4,True,Overlap (12-16),Friday,14
2026-01-23 15:15:00+00:00,2026-01-23 18:45:00+00:00,577.8711472118683,1,15,True,Overlap (12-16),Friday,15
2026-01-23 19:00:00+00:00,2026-01-23 23:15:00+00:00,300.14600997876835,-1,18,True,NY      (16-22),Friday,19
2026-01-23 23:30:00+00:00,2026-01-24 03:00:00+00:00,140.78015625,1,15,True,Off     (22-00),Friday,23
2026-01-24 03:15:00+00:00,2026-01-24 04:15:00+00:00,60.21375,-1,5,True,Asia    (00-07),Saturday,3
2026-01-24 04:30:00+00:00,2026-01-24 05:00:00+00:00,38.104375,1,3,True,Asia    (00-07),Saturday,4
2026-01-24 05:15:00+00:00,2026-01-24 08:00:00+00:00,91.74109375,-1,12,True,Asia    (00-07),Saturday,5
2026-01-24 08:15:00+00:00,2026-01-24 09:00:00+00:00,-2.5831250000000026,1,4,False,London  (07-12),Saturday,8
2026-01-24 09:15:00+00:00,2026-01-24 10:00:00+00:00,-9.243281250000003,-1,4,False,London  (07-12),Saturday,9
2026-01-24 10:15:00+00:00,2026-01-24 11:15:00+00:00,-12.536250000000003,1,5,False,London  (07-12),Saturday,10
2026-01-24 11:30:00+00:00,2026-01-24 16:00:00+00:00,178.1590625,-1,19,True,London  (07-12),Saturday,11
2026-01-24 16:15:00+00:00,2026-01-24 21:45:00+00:00,54.53015625,1,23,True,NY      (16-22),Saturday,16
2026-01-24 22:00:00+00:00,2026-01-24 22:30:00+00:00,25.998906249999997,-1,3,True,Off     (22-00),Saturday,22
2026-01-24 22:45:00+00:00,2026-01-24 23:00:00+00:00,8.588749999999997,1,2,True,Off     (22-00),Saturday,22
2026-01-24 23:15:00+00:00,2026-01-25 00:15:00+00:00,69.26453125,-1,5,True,Off     (22-00),Saturday,23
2026-01-25 00:30:00+00:00,2026-01-25 00:30:00+00:00,29.369999999999997,1,1,True,Asia    (00-07),Sunday,0
2026-01-25 00:45:00+00:00,2026-01-25 05:30:00+00:00,174.88953125,-1,20,True,Asia    (00-07),Sunday,0
2026-01-25 05:45:00+00:00,2026-01-25 06:30:00+00:00,-36.313593749999995,1,4,False,Asia    (00-07),Sunday,5
2026-01-25 06:45:00+00:00,2026-01-25 09:00:00+00:00,229.916875,-1,10,True,Asia    (00-07),Sunday,6
2026-01-25 09:15:00+00:00,2026-01-25 13:45:00+00:00,265.62,1,19,True,London  (07-12),Sunday,9
2026-01-25 14:00:00+00:00,2026-01-25 20:30:00+00:00,1047.684764332969,-1,27,True,Overlap (12-16),Sunday,14
2026-01-25 20:45:00+00:00,2026-01-26 02:15:00+00:00,511.5723311689187,1,23,True,NY      (16-22),Sunday,20
2026-01-26 02:30:00+00:00,2026-01-26 04:00:00+00:00,148.61329674761055,-1,7,True,Asia    (00-07),Monday,2
2026-01-26 04:15:00+00:00,2026-01-26 08:15:00+00:00,326.39799083241115,1,17,True,Asia    (00-07),Monday,4
2026-01-26 08:30:00+00:00,2026-01-26 10:45:00+00:00,136.35046875,-1,10,True,London  (07-12),Monday,8
2026-01-26 11:00:00+00:00,2026-01-26 11:00:00+00:00,22.846562499999997,1,1,True,London  (07-12),Monday,11
2026-01-26 11:15:00+00:00,2026-01-26 14:00:00+00:00,127.60828125,-1,12,True,London  (07-12),Monday,11
2026-01-26 14:15:00+00:00,2026-01-26 15:00:00+00:00,482.2996618125196,1,4,True,Overlap (12-16),Monday,14
2026-01-26 15:15:00+00:00,2026-01-26 16:00:00+00:00,455.48392689206463,-1,4,True,Overlap (12-16),Monday,15
2026-01-26 16:15:00+00:00,2026-01-26 19:00:00+00:00,245.64782987208034,1,12,True,NY      (16-22),Monday,16
2026-01-26 19:15:00+00:00,2026-01-26 20:45:00+00:00,285.51319009938504,-1,7,True,NY      (16-22),Monday,19
2026-01-26 21:00:00+00:00,2026-01-27 03:30:00+00:00,568.1978944416321,1,27,True,NY      (16-22),Monday,21
2026-01-27 03:45:00+00:00,2026-01-27 05:00:00+00:00,162.3153125,-1,6,True,Asia    (00-07),Tuesday,3
2026-01-27 05:15:00+00:00,2026-01-27 06:00:00+00:00,5.971562499999997,1,4,True,Asia    (00-07),Tuesday,5
2026-01-27 06:15:00+00:00,2026-01-27 07:45:00+00:00,74.41296875,-1,7,True,Asia    (00-07),Tuesday,6
2026-01-27 08:00:00+00:00,2026-01-27 08:00:00+00:00,8.377812499999997,1,1,True,London  (07-12),Tuesday,8
2026-01-27 08:15:00+00:00,2026-01-27 10:45:00+00:00,275.3153125,-1,11,True,London  (07-12),Tuesday,8
2026-01-27 11:00:00+00:00,2026-01-27 14:00:00+00:00,240.15125,1,13,True,London  (07-12),Tuesday,11
2026-01-27 14:15:00+00:00,2026-01-27 15:00:00+00:00,142.48328125,-1,4,True,Overlap (12-16),Tuesday,14
2026-01-27 15:15:00+00:00,2026-01-27 17:00:00+00:00,29.42759384997194,1,8,True,Overlap (12-16),Tuesday,15
2026-01-27 17:15:00+00:00,2026-01-27 17:30:00+00:00,186.97342308773673,-1,2,True,NY      (16-22),Tuesday,17
2026-01-27 17:45:00+00:00,2026-01-27 21:00:00+00:00,658.9894490067728,1,14,True,NY      (16-22),Tuesday,17
2026-01-27 21:15:00+00:00,2026-01-27 23:45:00+00:00,45.94057098915384,-1,11,True,NY      (16-22),Tuesday,21
2026-01-28 00:00:00+00:00,2026-01-28 07:00:00+00:00,-28.110468749999995,1,29,False,Asia    (00-07),Wednesday,0
2026-01-28 07:15:00+00:00,2026-01-28 09:00:00+00:00,124.88953125,-1,8,True,London  (07-12),Wednesday,7
2026-01-28 09:15:00+00:00,2026-01-28 10:00:00+00:00,296.74890625,1,4,True,London  (07-12),Wednesday,9
2026-01-28 10:15:00+00:00,2026-01-28 10:45:00+00:00,66.8621875,-1,3,True,London  (07-12),Wednesday,10
2026-01-28 11:00:00+00:00,2026-01-28 12:00:00+00:00,247.66296875,1,5,True,London  (07-12),Wednesday,11
2026-01-28 12:15:00+00:00,2026-01-28 17:15:00+00:00,135.57579656965657,-1,21,True,Overlap (12-16),Wednesday,12
2026-01-28 17:30:00+00:00,2026-01-28 18:00:00+00:00,71.28013186474332,1,3,True,NY      (16-22),Wednesday,17
2026-01-28 18:15:00+00:00,2026-01-28 19:30:00+00:00,241.11779337790358,-1,6,True,NY      (16-22),Wednesday,18
2026-01-28 19:45:00+00:00,2026-01-28 20:00:00+00:00,158.91388761648318,1,2,True,NY      (16-22),Wednesday,19
2026-01-28 20:15:00+00:00,2026-01-28 21:15:00+00:00,101.43506560122118,-1,5,True,NY      (16-22),Wednesday,20
2026-01-28 21:30:00+00:00,2026-01-29 01:00:00+00:00,-70.7102117219855,1,15,False,NY      (16-22),Wednesday,21
2026-01-29 01:15:00+00:00,2026-01-29 03:30:00+00:00,483.12991381079763,-1,10,True,Asia    (00-07),Thursday,1
2026-01-29 03:45:00+00:00,2026-01-29 05:30:00+00:00,76.82397050486978,1,8,True,Asia    (00-07),Thursday,3
2026-01-29 05:45:00+00:00,2026-01-29 11:30:00+00:00,242.74890625,-1,24,True,Asia    (00-07),Thursday,5
2026-01-29 11:45:00+00:00,2026-01-29 12:45:00+00:00,149.4246875,1,5,True,London  (07-12),Thursday,11
2026-01-29 13:00:00+00:00,2026-01-29 19:00:00+00:00,1579.8947535586246,-1,25,True,Overlap (12-16),Thursday,13
2026-01-29 19:15:00+00:00,2026-01-30 00:00:00+00:00,259.32207822174735,1,20,True,NY      (16-22),Thursday,19
2026-01-30 00:15:00+00:00,2026-01-30 01:30:00+00:00,941.7413103418519,-1,6,True,Asia    (00-07),Friday,0
2026-01-30 01:45:00+00:00,2026-01-30 03:45:00+00:00,118.91818846717467,1,9,True,Asia    (00-07),Friday,1
2026-01-30 04:00:00+00:00,2026-01-30 04:45:00+00:00,-59.51496111878106,-1,4,False,Asia    (00-07),Friday,4
2026-01-30 05:00:00+00:00,2026-01-30 12:45:00+00:00,-98.6539855593161,1,32,False,Asia    (00-07),Friday,5
2026-01-30 13:00:00+00:00,2026-01-30 14:00:00+00:00,-79.66384494222511,-1,5,False,Overlap (12-16),Friday,13
2026-01-30 14:15:00+00:00,2026-01-30 14:30:00+00:00,235.07211854364868,1,2,True,Overlap (12-16),Friday,14
2026-01-30 14:45:00+00:00,2026-01-30 15:15:00+00:00,303.09138290841315,-1,3,True,Overlap (12-16),Friday,14
2026-01-30 15:30:00+00:00,2026-01-31 00:00:00+00:00,340.2154187592578,1,35,True,Overlap (12-16),Friday,15
2026-01-31 00:15:00+00:00,2026-01-31 10:15:00+00:00,548.0341393944693,-1,41,True,Asia    (00-07),Saturday,0
2026-01-31 10:30:00+00:00,2026-01-31 10:30:00+00:00,46.79201259211345,1,1,True,London  (07-12),Saturday,10
2026-01-31 10:45:00+00:00,2026-01-31 20:00:00+00:00,1523.0635088585911,-1,38,True,London  (07-12),Saturday,10
2026-01-31 20:15:00+00:00,2026-02-01 00:00:00+00:00,405.31158299397623,1,16,True,NY      (16-22),Saturday,20
2026-02-01 00:15:00+00:00,2026-02-01 01:30:00+00:00,275.8232068602043,-1,6,True,Asia    (00-07),Sunday,0
2026-02-01 01:45:00+00:00,2026-02-01 04:30:00+00:00,210.14647778727002,1,12,True,Asia    (00-07),Sunday,1
2026-02-01 04:45:00+00:00,2026-02-01 07:00:00+00:00,430.10686328315103,-1,10,True,Asia    (00-07),Sunday,4
2026-02-01 07:15:00+00:00,2026-02-01 10:00:00+00:00,486.7356674326388,1,12,True,London  (07-12),Sunday,7
2026-02-01 10:15:00+00:00,2026-02-01 10:45:00+00:00,372.06209270678454,-1,3,True,London  (07-12),Sunday,10
2026-02-01 11:00:00+00:00,2026-02-01 12:15:00+00:00,53.95533929821852,1,6,True,London  (07-12),Sunday,11
2026-02-01 12:30:00+00:00,2026-02-01 14:15:00+00:00,267.10966979139044,-1,8,True,Overlap (12-16),Sunday,12
2026-02-01 14:30:00+00:00,2026-02-01 15:00:00+00:00,-82.83717666967696,1,3,False,Overlap (12-16),Sunday,14
2026-02-01 15:15:00+00:00,2026-02-01 15:15:00+00:00,186.65344946645035,-1,1,True,Overlap (12-16),Sunday,15
2026-02-01 15:30:00+00:00,2026-02-01 16:00:00+00:00,157.34475683317928,1,3,True,Overlap (12-16),Sunday,15
2026-02-01 16:15:00+00:00,2026-02-01 18:00:00+00:00,-161.01395093649072,-1,8,False,NY      (16-22),Sunday,16
2026-02-01 18:15:00+00:00,2026-02-01 19:00:00+00:00,-145.92314326123574,1,4,False,NY      (16-22),Sunday,18
2026-02-01 19:15:00+00:00,2026-02-01 20:15:00+00:00,339.6422407839972,-1,5,True,NY      (16-22),Sunday,19
2026-02-01 20:30:00+00:00,2026-02-01 22:00:00+00:00,180.4709786676819,1,7,True,NY      (16-22),Sunday,20
2026-02-01 22:15:00+00:00,2026-02-01 23:00:00+00:00,162.65782750851415,-1,4,True,Off     (22-00),Sunday,22
2026-02-01 23:15:00+00:00,2026-02-02 00:15:00+00:00,224.02301876619822,1,5,True,Off     (22-00),Sunday,23
2026-02-02 00:30:00+00:00,2026-02-02 01:00:00+00:00,183.95650225893698,-1,3,True,Asia    (00-07),Monday,0
2026-02-02 01:15:00+00:00,2026-02-02 01:15:00+00:00,144.05686462667765,1,1,True,Asia    (00-07),Monday,1
2026-02-02 01:30:00+00:00,2026-02-02 03:00:00+00:00,355.3291311144883,-1,7,True,Asia    (00-07),Monday,1
2026-02-02 03:15:00+00:00,2026-02-02 14:30:00+00:00,636.6173167293604,1,46,True,Asia    (00-07),Monday,3
2026-02-02 14:45:00+00:00,2026-02-02 15:00:00+00:00,65.53054343278272,-1,2,True,Overlap (12-16),Monday,14
2026-02-02 15:15:00+00:00,2026-02-02 16:00:00+00:00,176.26295720830717,1,4,True,Overlap (12-16),Monday,15
2026-02-02 16:15:00+00:00,2026-02-02 16:45:00+00:00,83.8544599742251,-1,3,True,NY      (16-22),Monday,16
2026-02-02 17:00:00+00:00,2026-02-02 19:00:00+00:00,-51.01505104020521,1,9,False,NY      (16-22),Monday,17
2026-02-02 19:15:00+00:00,2026-02-02 20:00:00+00:00,24.806997039252614,-1,4,True,NY      (16-22),Monday,19
2026-02-02 20:15:00+00:00,2026-02-03 01:45:00+00:00,262.1261850809032,1,23,True,NY      (16-22),Monday,20
2026-02-03 02:00:00+00:00,2026-02-03 02:45:00+00:00,510.3707329838511,-1,4,True,Asia    (00-07),Tuesday,2
2026-02-03 03:00:00+00:00,2026-02-03 04:30:00+00:00,426.28846863543856,1,7,True,Asia    (00-07),Tuesday,3
2026-02-03 04:45:00+00:00,2026-02-03 05:30:00+00:00,211.36550209953498,-1,4,True,Asia    (00-07),Tuesday,4
2026-02-03 05:45:00+00:00,2026-02-03 07:30:00+00:00,184.7838506826431,1,8,True,Asia    (00-07),Tuesday,5
2026-02-03 07:45:00+00:00,2026-02-03 11:15:00+00:00,302.60480113038733,-1,15,True,London  (07-12),Tuesday,7
2026-02-03 11:30:00+00:00,2026-02-03 14:00:00+00:00,118.46972580882985,1,11,True,London  (07-12),Tuesday,11
2026-02-03 14:15:00+00:00,2026-02-03 15:00:00+00:00,506.9702495156407,-1,4,True,Overlap (12-16),Tuesday,14
2026-02-03 15:15:00+00:00,2026-02-03 16:00:00+00:00,82.35519199711365,1,4,True,Overlap (12-16),Tuesday,15
2026-02-03 16:15:00+00:00,2026-02-03 19:00:00+00:00,591.7882528883144,-1,12,True,NY      (16-22),Tuesday,16
2026-02-03 19:15:00+00:00,2026-02-03 19:45:00+00:00,55.03711590320511,1,3,True,NY      (16-22),Tuesday,19
2026-02-03 20:00:00+00:00,2026-02-03 20:00:00+00:00,34.40945087375112,-1,1,True,NY      (16-22),Tuesday,20
2026-02-03 20:15:00+00:00,2026-02-03 21:30:00+00:00,260.8979379275872,1,6,True,NY      (16-22),Tuesday,20
2026-02-03 21:45:00+00:00,2026-02-03 21:45:00+00:00,17.71075004713294,-1,1,True,NY      (16-22),Tuesday,21
2026-02-03 22:00:00+00:00,2026-02-04 04:00:00+00:00,187.00917132849895,1,25,True,Off     (22-00),Tuesday,22
2026-02-04 04:15:00+00:00,2026-02-04 06:15:00+00:00,71.01073881506707,-1,9,True,Asia    (00-07),Wednesday,4
2026-02-04 06:30:00+00:00,2026-02-04 09:00:00+00:00,-97.14838171027614,1,11,False,Asia    (00-07),Wednesday,6
2026-02-04 09:15:00+00:00,2026-02-04 18:15:00+00:00,901.3185605772032,-1,37,True,London  (07-12),Wednesday,9
2026-02-04 18:30:00+00:00,2026-02-04 20:00:00+00:00,10.211155395697801,1,7,True,NY      (16-22),Wednesday,18
2026-02-04 20:15:00+00:00,2026-02-05 03:15:00+00:00,452.785719731949,-1,29,True,NY      (16-22),Wednesday,20
2026-02-05 03:30:00+00:00,2026-02-05 07:15:00+00:00,-17.511097177784364,1,16,False,Asia    (00-07),Thursday,3
2026-02-05 07:30:00+00:00,2026-02-05 08:00:00+00:00,72.14500480422528,-1,3,True,London  (07-12),Thursday,7
2026-02-05 08:15:00+00:00,2026-02-05 08:30:00+00:00,34.95562082775749,1,2,True,London  (07-12),Thursday,8
2026-02-05 08:45:00+00:00,2026-02-05 09:30:00+00:00,-67.4437532751555,-1,4,False,London  (07-12),Thursday,8
2026-02-05 09:45:00+00:00,2026-02-05 10:00:00+00:00,-5.716530377213202,1,2,False,London  (07-12),Thursday,9
2026-02-05 10:15:00+00:00,2026-02-05 13:15:00+00:00,611.8283054200944,-1,13,True,London  (07-12),Thursday,10
2026-02-05 13:30:00+00:00,2026-02-05 14:00:00+00:00,99.220492275261,1,3,True,Overlap (12-16),Thursday,13
2026-02-05 14:15:00+00:00,2026-02-05 16:00:00+00:00,465.3827718689214,-1,8,True,Overlap (12-16),Thursday,14
2026-02-05 16:15:00+00:00,2026-02-05 17:00:00+00:00,40.02945566945277,1,4,True,NY      (16-22),Thursday,16
2026-02-05 17:15:00+00:00,2026-02-05 22:00:00+00:00,502.66897113343094,-1,20,True,NY      (16-22),Thursday,17
2026-02-05 22:15:00+00:00,2026-02-05 23:15:00+00:00,103.42901771243618,1,5,True,Off     (22-00),Thursday,22
2026-02-05 23:30:00+00:00,2026-02-05 23:45:00+00:00,172.94212079104048,-1,2,True,Off     (22-00),Thursday,23
2026-02-06 00:00:00+00:00,2026-02-06 02:45:00+00:00,198.78330473445,1,12,True,Asia    (00-07),Friday,0
2026-02-06 03:00:00+00:00,2026-02-06 04:00:00+00:00,48.95938406950289,-1,5,True,Asia    (00-07),Friday,3
2026-02-06 04:15:00+00:00,2026-02-06 18:00:00+00:00,1345.743398546074,1,56,True,Asia    (00-07),Friday,4
2026-02-06 18:15:00+00:00,2026-02-06 18:15:00+00:00,80.21532135653908,-1,1,True,NY      (16-22),Friday,18
2026-02-06 18:30:00+00:00,2026-02-06 23:00:00+00:00,350.1281962051339,1,19,True,NY      (16-22),Friday,18
2026-02-06 23:15:00+00:00,2026-02-07 00:00:00+00:00,222.52418988608838,-1,4,True,Off     (22-00),Friday,23
2026-02-07 00:15:00+00:00,2026-02-07 04:00:00+00:00,313.9598750321303,1,16,True,Asia    (00-07),Saturday,0
2026-02-07 04:15:00+00:00,2026-02-07 07:00:00+00:00,897.3754607360587,-1,12,True,Asia    (00-07),Saturday,4
2026-02-07 07:15:00+00:00,2026-02-07 19:45:00+00:00,432.6578056216095,1,51,True,London  (07-12),Saturday,7
2026-02-07 20:00:00+00:00,2026-02-07 20:00:00+00:00,12.019099989831394,-1,1,True,NY      (16-22),Saturday,20
2026-02-07 20:15:00+00:00,2026-02-07 21:15:00+00:00,61.13067034873444,1,5,True,NY      (16-22),Saturday,20
2026-02-07 21:30:00+00:00,2026-02-07 22:30:00+00:00,35.12390625,-1,5,True,NY      (16-22),Saturday,21
2026-02-07 22:45:00+00:00,2026-02-08 00:00:00+00:00,-36.290156249999995,1,6,False,Off     (22-00),Saturday,22
2026-02-08 00:15:00+00:00,2026-02-08 01:15:00+00:00,84.60616968447601,-1,5,True,Asia    (00-07),Sunday,0
2026-02-08 01:30:00+00:00,2026-02-08 02:15:00+00:00,120.31580347902735,1,4,True,Asia    (00-07),Sunday,1
2026-02-08 02:30:00+00:00,2026-02-08 04:00:00+00:00,168.56412541506654,-1,7,True,Asia    (00-07),Sunday,2
2026-02-08 04:15:00+00:00,2026-02-08 09:00:00+00:00,650.3799581128625,1,20,True,Asia    (00-07),Sunday,4
2026-02-08 09:15:00+00:00,2026-02-08 10:00:00+00:00,20.31475726817679,-1,4,True,London  (07-12),Sunday,9
2026-02-08 10:15:00+00:00,2026-02-08 20:00:00+00:00,214.18488476151236,1,40,True,London  (07-12),Sunday,10
2026-02-08 20:15:00+00:00,2026-02-08 22:15:00+00:00,88.83496739564765,-1,9,True,NY      (16-22),Sunday,20
2026-02-08 22:30:00+00:00,2026-02-08 23:00:00+00:00,194.95683979386675,1,3,True,Off     (22-00),Sunday,22
2026-02-08 23:15:00+00:00,2026-02-09 00:00:00+00:00,232.39831416453893,-1,4,True,Off     (22-00),Sunday,23
2026-02-09 00:15:00+00:00,2026-02-09 04:15:00+00:00,184.27885621320968,1,17,True,Asia    (00-07),Monday,0
2026-02-09 04:30:00+00:00,2026-02-09 11:00:00+00:00,1033.1445985505222,-1,27,True,Asia    (00-07),Monday,4
2026-02-09 11:15:00+00:00,2026-02-09 13:15:00+00:00,215.59287729881402,1,9,True,London  (07-12),Monday,11
2026-02-09 13:30:00+00:00,2026-02-09 13:45:00+00:00,246.97687627586424,-1,2,True,Overlap (12-16),Monday,13
2026-02-09 14:00:00+00:00,2026-02-09 18:45:00+00:00,471.03626199604093,1,20,True,Overlap (12-16),Monday,14
2026-02-09 19:00:00+00:00,2026-02-09 23:45:00+00:00,146.03330312715028,-1,20,True,NY      (16-22),Monday,19
2026-02-10 00:00:00+00:00,2026-02-10 00:00:00+00:00,7.2888590509199815,1,1,True,Asia    (00-07),Tuesday,0
2026-02-10 00:15:00+00:00,2026-02-10 01:00:00+00:00,9.67262386252979,-1,4,True,Asia    (00-07),Tuesday,0
2026-02-10 01:15:00+00:00,2026-02-10 02:00:00+00:00,97.92909905630273,1,4,True,Asia    (00-07),Tuesday,1
2026-02-10 02:15:00+00:00,2026-02-10 03:45:00+00:00,387.1362522013222,-1,7,True,Asia    (00-07),Tuesday,2
2026-02-10 04:00:00+00:00,2026-02-10 05:00:00+00:00,123.80757250734705,1,5,True,Asia    (00-07),Tuesday,4
2026-02-10 05:15:00+00:00,2026-02-10 12:00:00+00:00,548.5073289380296,-1,28,True,Asia    (00-07),Tuesday,5
2026-02-10 12:15:00+00:00,2026-02-10 14:00:00+00:00,231.0214633341895,1,8,True,Overlap (12-16),Tuesday,12
2026-02-10 14:15:00+00:00,2026-02-10 15:00:00+00:00,149.30864323434793,-1,4,True,Overlap (12-16),Tuesday,14
2026-02-10 15:15:00+00:00,2026-02-10 16:15:00+00:00,197.6326380512938,1,5,True,Overlap (12-16),Tuesday,15
2026-02-10 16:30:00+00:00,2026-02-11 03:45:00+00:00,489.84218680534036,-1,46,True,NY      (16-22),Tuesday,16
2026-02-11 04:00:00+00:00,2026-02-11 04:00:00+00:00,-90.31485642590178,1,1,False,Asia    (00-07),Wednesday,4
2026-02-11 04:15:00+00:00,2026-02-11 07:00:00+00:00,511.1155292352082,-1,12,True,Asia    (00-07),Wednesday,4
2026-02-11 07:15:00+00:00,2026-02-11 07:30:00+00:00,147.7452768359044,1,2,True,London  (07-12),Wednesday,7
2026-02-11 07:45:00+00:00,2026-02-11 09:30:00+00:00,128.38574233906223,-1,8,True,London  (07-12),Wednesday,7
2026-02-11 09:45:00+00:00,2026-02-11 10:15:00+00:00,-6.8956249999999955,1,3,False,London  (07-12),Wednesday,9
2026-02-11 10:30:00+00:00,2026-02-11 11:00:00+00:00,84.5575,-1,3,True,London  (07-12),Wednesday,10
2026-02-11 11:15:00+00:00,2026-02-11 13:30:00+00:00,246.47414371901425,1,10,True,London  (07-12),Wednesday,11
2026-02-11 13:45:00+00:00,2026-02-11 15:00:00+00:00,176.32415427312685,-1,6,True,Overlap (12-16),Wednesday,13
2026-02-11 15:15:00+00:00,2026-02-11 15:30:00+00:00,120.48345255681777,1,2,True,Overlap (12-16),Wednesday,15
2026-02-11 15:45:00+00:00,2026-02-11 16:30:00+00:00,99.57779287830535,-1,4,True,Overlap (12-16),Wednesday,15
2026-02-11 16:45:00+00:00,2026-02-11 20:45:00+00:00,314.9457297641454,1,17,True,NY      (16-22),Wednesday,16
2026-02-11 21:00:00+00:00,2026-02-11 23:30:00+00:00,167.49742797344703,-1,11,True,NY      (16-22),Wednesday,21
2026-02-11 23:45:00+00:00,2026-02-12 04:00:00+00:00,173.84287532801227,1,18,True,Off     (22-00),Wednesday,23
2026-02-12 04:15:00+00:00,2026-02-12 05:00:00+00:00,370.83875,-1,4,True,Asia    (00-07),Thursday,4
2026-02-12 05:15:00+00:00,2026-02-12 06:15:00+00:00,227.58484375,1,5,True,Asia    (00-07),Thursday,5
2026-02-12 06:30:00+00:00,2026-02-12 07:00:00+00:00,134.48328125,-1,3,True,Asia    (00-07),Thursday,6
2026-02-12 07:15:00+00:00,2026-02-12 07:45:00+00:00,95.99208444215472,1,3,True,London  (07-12),Thursday,7
2026-02-12 08:00:00+00:00,2026-02-12 08:15:00+00:00,127.979375,-1,2,True,London  (07-12),Thursday,8
2026-02-12 08:30:00+00:00,2026-02-12 11:15:00+00:00,623.4403125,1,12,True,London  (07-12),Thursday,8
2026-02-12 11:30:00+00:00,2026-02-12 13:00:00+00:00,167.291875,-1,7,True,London  (07-12),Thursday,11
2026-02-12 13:15:00+00:00,2026-02-12 13:45:00+00:00,229.8057811019661,1,3,True,Overlap (12-16),Thursday,13
2026-02-12 14:00:00+00:00,2026-02-12 15:45:00+00:00,444.93810216145073,-1,8,True,Overlap (12-16),Thursday,14
2026-02-12 16:00:00+00:00,2026-02-12 17:15:00+00:00,-269.3625309100724,1,6,False,NY      (16-22),Thursday,16
2026-02-12 17:30:00+00:00,2026-02-12 18:15:00+00:00,169.6496049209712,-1,4,True,NY      (16-22),Thursday,17
2026-02-12 18:30:00+00:00,2026-02-12 23:15:00+00:00,383.08701001589003,1,20,True,NY      (16-22),Thursday,18
2026-02-12 23:30:00+00:00,2026-02-13 00:15:00+00:00,173.52006765565176,-1,4,True,Off     (22-00),Thursday,23
2026-02-13 00:30:00+00:00,2026-02-13 05:15:00+00:00,132.02585792747794,1,20,True,Asia    (00-07),Friday,0
2026-02-13 05:30:00+00:00,2026-02-13 06:15:00+00:00,85.59265625,-1,4,True,Asia    (00-07),Friday,5
2026-02-13 06:30:00+00:00,2026-02-13 07:00:00+00:00,187.260625,1,3,True,Asia    (00-07),Friday,6
2026-02-13 07:15:00+00:00,2026-02-13 08:00:00+00:00,119.11609375,-1,4,True,London  (07-12),Friday,7
2026-02-13 08:15:00+00:00,2026-02-13 10:30:00+00:00,369.9559375,1,10,True,London  (07-12),Friday,8
2026-02-13 10:45:00+00:00,2026-02-13 11:00:00+00:00,55.416875,-1,2,True,London  (07-12),Friday,10
2026-02-13 11:15:00+00:00,2026-02-14 01:00:00+00:00,827.5880367993747,1,56,True,London  (07-12),Friday,11
2026-02-14 01:15:00+00:00,2026-02-14 03:15:00+00:00,62.393437500000005,-1,9,True,Asia    (00-07),Saturday,1
2026-02-14 03:30:00+00:00,2026-02-14 12:00:00+00:00,760.35828125,1,35,True,Asia    (00-07),Saturday,3
2026-02-14 12:15:00+00:00,2026-02-14 12:45:00+00:00,409.2528125,-1,3,True,Overlap (12-16),Saturday,12
2026-02-14 13:00:00+00:00,2026-02-14 17:15:00+00:00,57.48449385173653,1,18,True,Overlap (12-16),Saturday,13
2026-02-14 17:30:00+00:00,2026-02-14 19:00:00+00:00,17.198124999999997,-1,7,True,NY      (16-22),Saturday,17
2026-02-14 19:15:00+00:00,2026-02-14 20:45:00+00:00,119.166875,1,7,True,NY      (16-22),Saturday,19
2026-02-14 21:00:00+00:00,2026-02-15 03:00:00+00:00,263.2059375,-1,25,True,NY      (16-22),Saturday,21
2026-02-15 03:15:00+00:00,2026-02-15 04:00:00+00:00,424.62749308340403,1,4,True,Asia    (00-07),Sunday,3
2026-02-15 04:15:00+00:00,2026-02-15 06:00:00+00:00,67.3498100327217,-1,8,True,Asia    (00-07),Sunday,4
2026-02-15 06:15:00+00:00,2026-02-15 08:00:00+00:00,226.88837646556405,1,8,True,Asia    (00-07),Sunday,6
2026-02-15 08:15:00+00:00,2026-02-15 10:00:00+00:00,203.83875,-1,8,True,London  (07-12),Sunday,8
2026-02-15 10:15:00+00:00,2026-02-15 12:00:00+00:00,-54.7003125,1,8,False,London  (07-12),Sunday,10
2026-02-15 12:15:00+00:00,2026-02-15 13:45:00+00:00,623.7373775926617,-1,7,True,Overlap (12-16),Sunday,12
2026-02-15 14:00:00+00:00,2026-02-15 17:00:00+00:00,58.76491128472451,1,13,True,Overlap (12-16),Sunday,14
2026-02-15 17:15:00+00:00,2026-02-15 19:00:00+00:00,414.4787703157038,-1,8,True,NY      (16-22),Sunday,17
2026-02-15 19:15:00+00:00,2026-02-16 00:15:00+00:00,268.48590527656836,1,21,True,NY      (16-22),Sunday,19
2026-02-16 00:30:00+00:00,2026-02-16 02:45:00+00:00,246.50753029900105,-1,10,True,Asia    (00-07),Monday,0
2026-02-16 03:00:00+00:00,2026-02-16 12:45:00+00:00,701.7236481258884,1,40,True,Asia    (00-07),Monday,3
2026-02-16 13:00:00+00:00,2026-02-16 15:30:00+00:00,726.2383282957466,-1,11,True,Overlap (12-16),Monday,13
2026-02-16 15:45:00+00:00,2026-02-16 22:00:00+00:00,537.6799307182928,1,26,True,Overlap (12-16),Monday,15
2026-02-16 22:15:00+00:00,2026-02-16 23:00:00+00:00,-6.2354687499999955,-1,4,False,Off     (22-00),Monday,22
2026-02-16 23:15:00+00:00,2026-02-17 01:00:00+00:00,79.19421875,1,8,True,Off     (22-00),Monday,23
2026-02-17 01:15:00+00:00,2026-02-17 02:45:00+00:00,30.666875000000005,-1,7,True,Asia    (00-07),Tuesday,1
2026-02-17 03:00:00+00:00,2026-02-17 08:00:00+00:00,-240.1221875,1,21,False,Asia    (00-07),Tuesday,3
2026-02-17 08:15:00+00:00,2026-02-17 11:30:00+00:00,308.09265625,-1,14,True,London  (07-12),Tuesday,8
2026-02-17 11:45:00+00:00,2026-02-17 12:00:00+00:00,148.13171875,1,2,True,London  (07-12),Tuesday,11
2026-02-17 12:15:00+00:00,2026-02-17 13:45:00+00:00,-49.016718749999995,-1,7,False,Overlap (12-16),Tuesday,12
2026-02-17 14:00:00+00:00,2026-02-17 14:00:00+00:00,-34.2159375,1,1,False,Overlap (12-16),Tuesday,14
2026-02-17 14:15:00+00:00,2026-02-17 15:00:00+00:00,501.63062650366203,-1,4,True,Overlap (12-16),Tuesday,14
2026-02-17 15:15:00+00:00,2026-02-17 22:15:00+00:00,277.16074712365156,1,29,True,Overlap (12-16),Tuesday,15
2026-02-17 22:30:00+00:00,2026-02-17 23:00:00+00:00,101.59265625,-1,3,True,Off     (22-00),Tuesday,22
2026-02-17 23:15:00+00:00,2026-02-18 00:00:00+00:00,64.28796875,1,4,True,Off     (22-00),Tuesday,23
2026-02-18 00:15:00+00:00,2026-02-18 01:00:00+00:00,247.42078125,-1,4,True,Asia    (00-07),Wednesday,0
2026-02-18 01:15:00+00:00,2026-02-18 05:00:00+00:00,374.73328125,1,16,True,Asia    (00-07),Wednesday,1
2026-02-18 05:15:00+00:00,2026-02-18 06:00:00+00:00,24.295781250000005,-1,4,True,Asia    (00-07),Wednesday,5
2026-02-18 06:15:00+00:00,2026-02-18 08:00:00+00:00,194.8934375,1,8,True,Asia    (00-07),Wednesday,6
2026-02-18 08:15:00+00:00,2026-02-18 12:15:00+00:00,311.0653125,-1,17,True,London  (07-12),Wednesday,8
2026-02-18 12:30:00+00:00,2026-02-18 16:00:00+00:00,-189.83363399553156,1,15,False,Overlap (12-16),Wednesday,12
2026-02-18 16:15:00+00:00,2026-02-18 21:00:00+00:00,288.6315683510308,-1,20,True,NY      (16-22),Wednesday,16
2026-02-18 21:15:00+00:00,2026-02-19 02:15:00+00:00,339.24804879535066,1,21,True,NY      (16-22),Wednesday,21
2026-02-19 02:30:00+00:00,2026-02-19 02:30:00+00:00,123.51453125,-1,1,True,Asia    (00-07),Thursday,2
2026-02-19 02:45:00+00:00,2026-02-19 04:00:00+00:00,146.5496875,1,6,True,Asia    (00-07),Thursday,2
2026-02-19 04:15:00+00:00,2026-02-19 04:15:00+00:00,33.823125,-1,1,True,Asia    (00-07),Thursday,4
2026-02-19 04:30:00+00:00,2026-02-19 08:00:00+00:00,72.4871875,1,15,True,Asia    (00-07),Thursday,4
2026-02-19 08:15:00+00:00,2026-02-19 12:30:00+00:00,212.573125,-1,18,True,London  (07-12),Thursday,8
2026-02-19 12:45:00+00:00,2026-02-19 13:00:00+00:00,-124.88390625,1,2,False,Overlap (12-16),Thursday,12
2026-02-19 13:15:00+00:00,2026-02-19 14:00:00+00:00,159.12,-1,4,True,Overlap (12-16),Thursday,13
2026-02-19 14:15:00+00:00,2026-02-19 15:30:00+00:00,171.9061366014084,1,6,True,Overlap (12-16),Thursday,14
2026-02-19 15:45:00+00:00,2026-02-19 16:15:00+00:00,84.17936358769508,-1,3,True,Overlap (12-16),Thursday,15
2026-02-19 16:30:00+00:00,2026-02-19 21:00:00+00:00,264.4828392516568,1,19,True,NY      (16-22),Thursday,16
2026-02-19 21:15:00+00:00,2026-02-19 21:45:00+00:00,40.8153125,-1,3,True,NY      (16-22),Thursday,21
2026-02-19 22:00:00+00:00,2026-02-20 07:00:00+00:00,438.11609375,1,37,True,Off     (22-00),Thursday,22
2026-02-20 07:15:00+00:00,2026-02-20 11:30:00+00:00,174.5965625,-1,18,True,London  (07-12),Friday,7
2026-02-20 11:45:00+00:00,2026-02-20 16:30:00+00:00,-100.61697684974493,1,20,False,London  (07-12),Friday,11
2026-02-20 16:45:00+00:00,2026-02-20 17:00:00+00:00,98.24429808302473,-1,2,True,NY      (16-22),Friday,16
2026-02-20 17:15:00+00:00,2026-02-20 19:00:00+00:00,143.44315466256245,1,8,True,NY      (16-22),Friday,17
2026-02-20 19:15:00+00:00,2026-02-20 21:30:00+00:00,-43.62598169631768,-1,10,False,NY      (16-22),Friday,19
2026-02-20 21:45:00+00:00,2026-02-21 00:00:00+00:00,111.7996875,1,10,True,NY      (16-22),Friday,21
2026-02-21 00:15:00+00:00,2026-02-21 01:00:00+00:00,29.389531250000005,-1,4,True,Asia    (00-07),Saturday,0
2026-02-21 01:15:00+00:00,2026-02-21 01:30:00+00:00,8.850468749999997,1,2,True,Asia    (00-07),Saturday,1
2026-02-21 01:45:00+00:00,2026-02-21 04:00:00+00:00,142.166875,-1,10,True,Asia    (00-07),Saturday,1
2026-02-21 04:15:00+00:00,2026-02-21 06:00:00+00:00,112.68640625,1,8,True,Asia    (00-07),Saturday,4
2026-02-21 06:15:00+00:00,2026-02-21 07:00:00+00:00,31.053593749999997,-1,4,True,Asia    (00-07),Saturday,6
2026-02-21 07:15:00+00:00,2026-02-21 11:00:00+00:00,207.354375,1,16,True,London  (07-12),Saturday,7
2026-02-21 11:15:00+00:00,2026-02-21 11:30:00+00:00,73.0809375,-1,2,True,London  (07-12),Saturday,11
2026-02-21 11:45:00+00:00,2026-02-21 16:00:00+00:00,116.510625,1,18,True,London  (07-12),Saturday,11
2026-02-21 16:15:00+00:00,2026-02-21 17:00:00+00:00,31.284062499999997,-1,4,True,NY      (16-22),Saturday,16
2026-02-21 17:15:00+00:00,2026-02-21 19:00:00+00:00,148.5653125,1,8,True,NY      (16-22),Saturday,17
2026-02-21 19:15:00+00:00,2026-02-21 21:00:00+00:00,135.27625,-1,8,True,NY      (16-22),Saturday,19
2026-02-21 21:15:00+00:00,2026-02-21 22:00:00+00:00,-34.7471875,1,4,False,NY      (16-22),Saturday,21
2026-02-21 22:15:00+00:00,2026-02-21 23:00:00+00:00,135.53015625,-1,4,True,Off     (22-00),Saturday,22
2026-02-21 23:15:00+00:00,2026-02-22 02:00:00+00:00,117.58484375,1,12,True,Off     (22-00),Saturday,23
2026-02-22 02:15:00+00:00,2026-02-22 03:00:00+00:00,83.823125,-1,4,True,Asia    (00-07),Sunday,2
2026-02-22 03:15:00+00:00,2026-02-22 06:15:00+00:00,34.370000000000005,1,13,True,Asia    (00-07),Sunday,3
2026-02-22 06:30:00+00:00,2026-02-22 08:15:00+00:00,61.74109375,-1,8,True,Asia    (00-07),Sunday,6
2026-02-22 08:30:00+00:00,2026-02-22 12:15:00+00:00,42.065312500000005,1,16,True,London  (07-12),Sunday,8
2026-02-22 12:30:00+00:00,2026-02-22 15:00:00+00:00,316.698125,-1,11,True,Overlap (12-16),Sunday,12
2026-02-22 15:15:00+00:00,2026-02-22 17:00:00+00:00,63.768437500000005,1,8,True,Overlap (12-16),Sunday,15
2026-02-22 17:15:00+00:00,2026-02-22 21:00:00+00:00,46.803593750000005,-1,16,True,NY      (16-22),Sunday,17
2026-02-22 21:15:00+00:00,2026-02-22 22:30:00+00:00,100.79578125,1,6,True,NY      (16-22),Sunday,21
2026-02-22 22:45:00+00:00,2026-02-22 23:30:00+00:00,70.48328125,-1,4,True,Off     (22-00),Sunday,22
2026-02-22 23:45:00+00:00,2026-02-23 00:00:00+00:00,44.62,1,2,True,Off     (22-00),Sunday,23
2026-02-23 00:15:00+00:00,2026-02-23 05:15:00+00:00,1191.324735934833,-1,21,True,Asia    (00-07),Monday,0
2026-02-23 05:30:00+00:00,2026-02-23 08:00:00+00:00,385.614140625,1,11,True,Asia    (00-07),Monday,5
2026-02-23 08:15:00+00:00,2026-02-23 09:00:00+00:00,-0.45421874999999545,-1,4,False,London  (07-12),Monday,8
2026-02-23 09:15:00+00:00,2026-02-23 10:15:00+00:00,258.31140625,1,5,True,London  (07-12),Monday,9
2026-02-23 10:30:00+00:00,2026-02-23 10:45:00+00:00,6.901249999999997,-1,2,True,London  (07-12),Monday,10
2026-02-23 11:00:00+00:00,2026-02-23 12:00:00+00:00,-64.3175,1,5,False,London  (07-12),Monday,11
2026-02-23 12:15:00+00:00,2026-02-23 14:30:00+00:00,179.323125,-1,10,True,Overlap (12-16),Monday,12
2026-02-23 14:45:00+00:00,2026-02-23 15:15:00+00:00,-17.972113445993088,1,3,False,Overlap (12-16),Monday,14
2026-02-23 15:30:00+00:00,2026-02-23 20:00:00+00:00,654.0942413682601,-1,19,True,Overlap (12-16),Monday,15
2026-02-23 20:15:00+00:00,2026-02-24 00:30:00+00:00,365.41074314409207,1,18,True,NY      (16-22),Monday,20
2026-02-24 00:45:00+00:00,2026-02-24 03:00:00+00:00,515.8189570028197,-1,10,True,Asia    (00-07),Tuesday,0
2026-02-24 03:15:00+00:00,2026-02-24 05:00:00+00:00,-66.37894616477439,1,8,False,Asia    (00-07),Tuesday,3
2026-02-24 05:15:00+00:00,2026-02-24 05:15:00+00:00,232.69118541550037,-1,1,True,Asia    (00-07),Tuesday,5
2026-02-24 05:30:00+00:00,2026-02-24 06:00:00+00:00,107.12581890830255,1,3,True,Asia    (00-07),Tuesday,5
2026-02-24 06:15:00+00:00,2026-02-24 08:00:00+00:00,-35.42336794400037,-1,8,False,Asia    (00-07),Tuesday,6
2026-02-24 08:15:00+00:00,2026-02-24 12:00:00+00:00,1.5211526255378658,1,16,True,London  (07-12),Tuesday,8
2026-02-24 12:15:00+00:00,2026-02-24 13:15:00+00:00,157.1746875,-1,5,True,Overlap (12-16),Tuesday,12
2026-02-24 13:30:00+00:00,2026-02-24 17:00:00+00:00,618.5256937391392,1,15,True,Overlap (12-16),Tuesday,13
2026-02-24 17:15:00+00:00,2026-02-24 17:30:00+00:00,95.29947223213489,-1,2,True,NY      (16-22),Tuesday,17
2026-02-24 17:45:00+00:00,2026-02-24 20:30:00+00:00,151.36792704933077,1,12,True,NY      (16-22),Tuesday,17
2026-02-24 20:45:00+00:00,2026-02-25 00:00:00+00:00,275.49890625,-1,14,True,NY      (16-22),Tuesday,20
2026-02-25 00:15:00+00:00,2026-02-25 02:15:00+00:00,963.2714729436437,1,9,True,Asia    (00-07),Wednesday,0
2026-02-25 02:30:00+00:00,2026-02-25 05:30:00+00:00,539.9511383853671,-1,13,True,Asia    (00-07),Wednesday,2
2026-02-25 05:45:00+00:00,2026-02-25 20:30:00+00:00,1695.1650541649792,1,60,True,Asia    (00-07),Wednesday,5
2026-02-25 20:45:00+00:00,2026-02-25 23:30:00+00:00,460.48130590226634,-1,12,True,NY      (16-22),Wednesday,20
2026-02-25 23:45:00+00:00,2026-02-26 04:30:00+00:00,389.52907049123075,1,20,True,Off     (22-00),Wednesday,23
2026-02-26 04:45:00+00:00,2026-02-26 09:00:00+00:00,184.7626180179334,-1,18,True,Asia    (00-07),Thursday,4
2026-02-26 09:15:00+00:00,2026-02-26 10:00:00+00:00,79.635625,1,4,True,London  (07-12),Thursday,9
2026-02-26 10:15:00+00:00,2026-02-26 16:45:00+00:00,765.479423485683,-1,27,True,London  (07-12),Thursday,10
2026-02-26 17:00:00+00:00,2026-02-26 20:15:00+00:00,279.64672417000173,1,14,True,NY      (16-22),Thursday,17
2026-02-26 20:30:00+00:00,2026-02-27 01:00:00+00:00,260.55500747505664,-1,19,True,NY      (16-22),Thursday,20
2026-02-27 01:15:00+00:00,2026-02-27 02:00:00+00:00,148.745,1,4,True,Asia    (00-07),Friday,1
2026-02-27 02:15:00+00:00,2026-02-27 03:00:00+00:00,58.940312500000005,-1,4,True,Asia    (00-07),Friday,2
2026-02-27 03:15:00+00:00,2026-02-27 09:00:00+00:00,382.698125,1,24,True,Asia    (00-07),Friday,3
2026-02-27 09:15:00+00:00,2026-02-27 11:15:00+00:00,691.8539752999709,-1,9,True,London  (07-12),Friday,9
2026-02-27 11:30:00+00:00,2026-02-27 14:00:00+00:00,-81.67135756033326,1,11,False,London  (07-12),Friday,11
2026-02-27 14:15:00+00:00,2026-02-27 15:00:00+00:00,114.33770093341205,-1,4,True,Overlap (12-16),Friday,14
2026-02-27 15:15:00+00:00,2026-02-27 16:00:00+00:00,-70.96065887732502,1,4,False,Overlap (12-16),Friday,15
2026-02-27 16:15:00+00:00,2026-02-27 17:00:00+00:00,166.27590350823,-1,4,True,NY      (16-22),Friday,16
2026-02-27 17:15:00+00:00,2026-02-27 18:00:00+00:00,12.301167992820794,1,4,True,NY      (16-22),Friday,17
2026-02-27 18:15:00+00:00,2026-02-27 19:00:00+00:00,102.10605692101112,-1,4,True,NY      (16-22),Friday,18
2026-02-27 19:15:00+00:00,2026-02-28 00:00:00+00:00,335.54594582363075,1,20,True,NY      (16-22),Friday,19
2026-02-28 00:15:00+00:00,2026-02-28 07:00:00+00:00,1101.1816887441598,-1,28,True,Asia    (00-07),Saturday,0
2026-02-28 07:15:00+00:00,2026-02-28 11:15:00+00:00,188.18819831384866,1,17,True,London  (07-12),Saturday,7
2026-02-28 11:30:00+00:00,2026-02-28 12:45:00+00:00,90.96554747996012,-1,6,True,London  (07-12),Saturday,11
2026-02-28 13:00:00+00:00,2026-02-28 14:15:00+00:00,376.3655960150646,1,6,True,Overlap (12-16),Saturday,13
2026-02-28 14:30:00+00:00,2026-02-28 15:00:00+00:00,190.19711416913864,-1,3,True,Overlap (12-16),Saturday,14
2026-02-28 15:15:00+00:00,2026-03-01 00:15:00+00:00,887.9545276599531,1,37,True,Overlap (12-16),Saturday,15
2026-03-01 00:30:00+00:00,2026-03-01 01:00:00+00:00,169.92748721128268,-1,3,True,Asia    (00-07),Sunday,0
2026-03-01 01:15:00+00:00,2026-03-01 02:00:00+00:00,513.7515399854395,1,4,True,Asia    (00-07),Sunday,1
2026-03-01 02:15:00+00:00,2026-03-01 07:00:00+00:00,314.2925817185259,-1,20,True,Asia    (00-07),Sunday,2
2026-03-01 07:15:00+00:00,2026-03-01 08:00:00+00:00,111.885625,1,4,True,London  (07-12),Sunday,7
2026-03-01 08:15:00+00:00,2026-03-01 09:30:00+00:00,461.5148620287648,-1,6,True,London  (07-12),Sunday,8
2026-03-01 09:45:00+00:00,2026-03-01 14:00:00+00:00,367.96947282675535,1,18,True,London  (07-12),Sunday,9
2026-03-01 14:15:00+00:00,2026-03-01 14:30:00+00:00,104.4357135176264,-1,2,True,Overlap (12-16),Sunday,14
2026-03-01 14:45:00+00:00,2026-03-01 15:15:00+00:00,100.51759606199285,1,3,True,Overlap (12-16),Sunday,14
2026-03-01 15:30:00+00:00,2026-03-01 18:45:00+00:00,244.7336009275961,-1,14,True,Overlap (12-16),Sunday,15
2026-03-01 19:00:00+00:00,2026-03-01 20:30:00+00:00,-419.6666507370413,1,7,False,NY      (16-22),Sunday,19
2026-03-01 20:45:00+00:00,2026-03-01 23:00:00+00:00,-248.08811313774268,-1,10,False,NY      (16-22),Sunday,20
2026-03-01 23:15:00+00:00,2026-03-02 00:00:00+00:00,51.54658786204922,1,4,True,Off     (22-00),Sunday,23
2026-03-02 00:15:00+00:00,2026-03-02 01:45:00+00:00,-175.3417457678808,-1,7,False,Asia    (00-07),Monday,0
2026-03-02 02:00:00+00:00,2026-03-02 04:15:00+00:00,143.23745828666523,1,10,True,Asia    (00-07),Monday,2
2026-03-02 04:30:00+00:00,2026-03-02 07:00:00+00:00,526.1028918447732,-1,11,True,Asia    (00-07),Monday,4
2026-03-02 07:15:00+00:00,2026-03-02 09:15:00+00:00,286.7726825423144,1,9,True,London  (07-12),Monday,7
2026-03-02 09:30:00+00:00,2026-03-02 10:00:00+00:00,100.03985533977558,-1,3,True,London  (07-12),Monday,9
2026-03-02 10:15:00+00:00,2026-03-02 12:00:00+00:00,76.12479184201024,1,8,True,London  (07-12),Monday,10
2026-03-02 12:15:00+00:00,2026-03-02 12:30:00+00:00,161.885625,-1,2,True,Overlap (12-16),Monday,12
2026-03-02 12:45:00+00:00,2026-03-02 16:15:00+00:00,1019.3855301078218,1,15,True,Overlap (12-16),Monday,12
2026-03-02 16:30:00+00:00,2026-03-03 02:45:00+00:00,314.8556204696026,-1,42,True,NY      (16-22),Monday,16
2026-03-03 03:00:00+00:00,2026-03-03 04:00:00+00:00,-80.53454549393103,1,5,False,Asia    (00-07),Tuesday,3
2026-03-03 04:15:00+00:00,2026-03-03 06:00:00+00:00,184.81921875,-1,8,True,Asia    (00-07),Tuesday,4
2026-03-03 06:15:00+00:00,2026-03-03 08:00:00+00:00,5.1942187500000045,1,8,True,Asia    (00-07),Tuesday,6
2026-03-03 08:15:00+00:00,2026-03-03 09:30:00+00:00,685.6009425207825,-1,6,True,London  (07-12),Tuesday,8
2026-03-03 09:45:00+00:00,2026-03-03 11:30:00+00:00,212.63017827161525,1,8,True,London  (07-12),Tuesday,9
2026-03-03 11:45:00+00:00,2026-03-03 12:45:00+00:00,-132.25863450681356,-1,5,False,London  (07-12),Tuesday,11
2026-03-03 13:00:00+00:00,2026-03-03 14:00:00+00:00,-109.3928950011857,1,5,False,Overlap (12-16),Tuesday,13
2026-03-03 14:15:00+00:00,2026-03-03 15:00:00+00:00,98.32149018248528,-1,4,True,Overlap (12-16),Tuesday,14
2026-03-03 15:15:00+00:00,2026-03-03 21:00:00+00:00,269.66815777137583,1,24,True,Overlap (12-16),Tuesday,15
2026-03-03 21:15:00+00:00,2026-03-04 02:15:00+00:00,-17.804645604880967,-1,21,False,NY      (16-22),Tuesday,21
2026-03-04 02:30:00+00:00,2026-03-04 03:00:00+00:00,72.34016973433276,1,3,True,Asia    (00-07),Wednesday,2
2026-03-04 03:15:00+00:00,2026-03-04 04:15:00+00:00,244.56416443727323,-1,5,True,Asia    (00-07),Wednesday,3
2026-03-04 04:30:00+00:00,2026-03-04 10:15:00+00:00,1358.1653556477006,1,24,True,Asia    (00-07),Wednesday,4
2026-03-04 10:30:00+00:00,2026-03-04 12:00:00+00:00,172.53957716393643,-1,7,True,London  (07-12),Wednesday,10
2026-03-04 12:15:00+00:00,2026-03-04 16:15:00+00:00,656.8689455067092,1,17,True,Overlap (12-16),Wednesday,12
2026-03-04 16:30:00+00:00,2026-03-04 17:30:00+00:00,-56.551034359291506,-1,5,False,NY      (16-22),Wednesday,16
2026-03-04 17:45:00+00:00,2026-03-04 19:00:00+00:00,181.00273292842292,1,6,True,NY      (16-22),Wednesday,17
2026-03-04 19:15:00+00:00,2026-03-04 23:15:00+00:00,496.63442681497094,-1,17,True,NY      (16-22),Wednesday,19
2026-03-04 23:30:00+00:00,2026-03-05 01:15:00+00:00,168.26658996341965,1,8,True,Off     (22-00),Wednesday,23
2026-03-05 01:30:00+00:00,2026-03-05 02:30:00+00:00,211.36366739768332,-1,5,True,Asia    (00-07),Thursday,1
2026-03-05 02:45:00+00:00,2026-03-05 05:00:00+00:00,181.60335831591894,1,10,True,Asia    (00-07),Thursday,2
2026-03-05 05:15:00+00:00,2026-03-05 06:00:00+00:00,301.23529923555833,-1,4,True,Asia    (00-07),Thursday,5
2026-03-05 06:15:00+00:00,2026-03-05 07:00:00+00:00,207.6763699500548,1,4,True,Asia    (00-07),Thursday,6
2026-03-05 07:15:00+00:00,2026-03-05 08:00:00+00:00,341.7389961048419,-1,4,True,London  (07-12),Thursday,7
2026-03-05 08:15:00+00:00,2026-03-05 11:00:00+00:00,545.4663347263695,1,12,True,London  (07-12),Thursday,8
2026-03-05 11:15:00+00:00,2026-03-05 11:30:00+00:00,121.14637236419394,-1,2,True,London  (07-12),Thursday,11
2026-03-05 11:45:00+00:00,2026-03-05 12:00:00+00:00,30.94098741582192,1,2,True,London  (07-12),Thursday,11
2026-03-05 12:15:00+00:00,2026-03-05 14:30:00+00:00,367.16430603464266,-1,10,True,Overlap (12-16),Thursday,12
2026-03-05 14:45:00+00:00,2026-03-05 15:45:00+00:00,-91.34773970660956,1,5,False,Overlap (12-16),Thursday,14
2026-03-05 16:00:00+00:00,2026-03-05 18:15:00+00:00,201.45302120778274,-1,10,True,NY      (16-22),Thursday,16
2026-03-05 18:30:00+00:00,2026-03-05 19:15:00+00:00,83.33970370500836,1,4,True,NY      (16-22),Thursday,18
2026-03-05 19:30:00+00:00,2026-03-06 00:30:00+00:00,89.0305214116528,-1,21,True,NY      (16-22),Thursday,19
2026-03-06 00:45:00+00:00,2026-03-06 01:45:00+00:00,164.14734375,1,5,True,Asia    (00-07),Friday,0
2026-03-06 02:00:00+00:00,2026-03-06 07:00:00+00:00,301.38963740228996,-1,21,True,Asia    (00-07),Friday,2
2026-03-06 07:15:00+00:00,2026-03-06 10:15:00+00:00,78.3938063648962,1,13,True,London  (07-12),Friday,7
2026-03-06 10:30:00+00:00,2026-03-06 18:00:00+00:00,943.5632618823637,-1,31,True,London  (07-12),Friday,10
2026-03-06 18:15:00+00:00,2026-03-06 22:30:00+00:00,32.131700977560314,1,18,True,NY      (16-22),Friday,18
2026-03-06 22:45:00+00:00,2026-03-06 22:45:00+00:00,11.268437499999997,-1,1,True,Off     (22-00),Friday,22
2026-03-06 23:00:00+00:00,2026-03-06 23:00:00+00:00,-7.551875000000003,1,1,False,Off     (22-00),Friday,23
2026-03-06 23:15:00+00:00,2026-03-07 01:30:00+00:00,15.744999999999997,-1,10,True,Off     (22-00),Friday,23
2026-03-07 01:45:00+00:00,2026-03-07 03:00:00+00:00,106.0653125,1,6,True,Asia    (00-07),Saturday,1
2026-03-07 03:15:00+00:00,2026-03-07 03:45:00+00:00,194.96375,-1,3,True,Asia    (00-07),Saturday,3
2026-03-07 04:00:00+00:00,2026-03-07 04:15:00+00:00,-48.504999999999995,1,2,False,Asia    (00-07),Saturday,4
2026-03-07 04:30:00+00:00,2026-03-07 05:15:00+00:00,-10.954218749999995,-1,4,False,Asia    (00-07),Saturday,4
2026-03-07 05:30:00+00:00,2026-03-07 06:00:00+00:00,-49.52453125,1,3,False,Asia    (00-07),Saturday,5
2026-03-07 06:15:00+00:00,2026-03-07 07:00:00+00:00,142.58484375,-1,4,True,Asia    (00-07),Saturday,6
2026-03-07 07:15:00+00:00,2026-03-07 15:00:00+00:00,127.11609375,1,32,True,London  (07-12),Saturday,7
2026-03-07 15:15:00+00:00,2026-03-07 20:00:00+00:00,323.87,-1,20,True,Overlap (12-16),Saturday,15
2026-03-07 20:15:00+00:00,2026-03-08 00:00:00+00:00,61.78015625,1,16,True,NY      (16-22),Saturday,20
2026-03-08 00:15:00+00:00,2026-03-08 01:15:00+00:00,73.12,-1,5,True,Asia    (00-07),Sunday,0
2026-03-08 01:30:00+00:00,2026-03-08 02:00:00+00:00,34.12,1,3,True,Asia    (00-07),Sunday,1
2026-03-08 02:15:00+00:00,2026-03-08 03:15:00+00:00,141.5653125,-1,5,True,Asia    (00-07),Sunday,2
2026-03-08 03:30:00+00:00,2026-03-08 04:00:00+00:00,-2.7823437500000026,1,3,False,Asia    (00-07),Sunday,3
2026-03-08 04:15:00+00:00,2026-03-08 04:45:00+00:00,181.08875,-1,3,True,Asia    (00-07),Sunday,4
2026-03-08 05:00:00+00:00,2026-03-08 12:30:00+00:00,362.43166303024054,1,31,True,Asia    (00-07),Sunday,5
2026-03-08 12:45:00+00:00,2026-03-08 13:00:00+00:00,191.0203571198193,-1,2,True,Overlap (12-16),Sunday,12
2026-03-08 13:15:00+00:00,2026-03-08 16:00:00+00:00,34.58437082751692,1,12,True,Overlap (12-16),Sunday,13
2026-03-08 16:15:00+00:00,2026-03-08 17:00:00+00:00,-40.528437499999995,-1,4,False,NY      (16-22),Sunday,16
2026-03-08 17:15:00+00:00,2026-03-08 20:15:00+00:00,-73.98546875,1,13,False,NY      (16-22),Sunday,17
2026-03-08 20:30:00+00:00,2026-03-09 00:45:00+00:00,267.75734660109003,-1,18,True,NY      (16-22),Sunday,20
2026-03-09 01:00:00+00:00,2026-03-09 04:30:00+00:00,366.0774325430645,1,15,True,Asia    (00-07),Monday,1
2026-03-09 04:45:00+00:00,2026-03-09 05:00:00+00:00,114.91195163914954,-1,2,True,Asia    (00-07),Monday,4
2026-03-09 05:15:00+00:00,2026-03-09 06:00:00+00:00,162.82314554312586,1,4,True,Asia    (00-07),Monday,5
2026-03-09 06:15:00+00:00,2026-03-09 07:00:00+00:00,176.21709703176052,-1,4,True,Asia    (00-07),Monday,6
2026-03-09 07:15:00+00:00,2026-03-09 09:15:00+00:00,365.63054226912016,1,9,True,London  (07-12),Monday,7
2026-03-09 09:30:00+00:00,2026-03-09 10:30:00+00:00,125.28715613969236,-1,5,True,London  (07-12),Monday,9
2026-03-09 10:45:00+00:00,2026-03-09 15:00:00+00:00,682.2912754109213,1,18,True,London  (07-12),Monday,10
2026-03-09 15:15:00+00:00,2026-03-09 15:30:00+00:00,125.84855933715528,-1,2,True,Overlap (12-16),Monday,15
2026-03-09 15:45:00+00:00,2026-03-09 20:00:00+00:00,79.20008619050388,1,18,True,Overlap (12-16),Monday,15
2026-03-09 20:15:00+00:00,2026-03-10 00:00:00+00:00,259.5264866969002,-1,16,True,NY      (16-22),Monday,20
2026-03-10 00:15:00+00:00,2026-03-10 03:00:00+00:00,797.7932099680175,1,12,True,Asia    (00-07),Tuesday,0
2026-03-10 03:15:00+00:00,2026-03-10 04:00:00+00:00,150.18101205429463,-1,4,True,Asia    (00-07),Tuesday,3
2026-03-10 04:15:00+00:00,2026-03-10 13:00:00+00:00,422.04886474643854,1,36,True,Asia    (00-07),Tuesday,4
2026-03-10 13:15:00+00:00,2026-03-10 13:45:00+00:00,385.0976052291485,-1,3,True,Overlap (12-16),Tuesday,13
2026-03-10 14:00:00+00:00,2026-03-10 16:00:00+00:00,361.3766482717365,1,9,True,Overlap (12-16),Tuesday,14
2026-03-10 16:15:00+00:00,2026-03-10 19:15:00+00:00,307.844238852191,-1,13,True,NY      (16-22),Tuesday,16
2026-03-10 19:30:00+00:00,2026-03-10 20:45:00+00:00,81.70101897941694,1,6,True,NY      (16-22),Tuesday,19
2026-03-10 21:00:00+00:00,2026-03-11 04:00:00+00:00,245.4353487136014,-1,29,True,NY      (16-22),Tuesday,21
2026-03-11 04:15:00+00:00,2026-03-11 05:00:00+00:00,166.0184375,1,4,True,Asia    (00-07),Wednesday,4
2026-03-11 05:15:00+00:00,2026-03-11 05:45:00+00:00,233.74890625,-1,3,True,Asia    (00-07),Wednesday,5
2026-03-11 06:00:00+00:00,2026-03-11 07:00:00+00:00,175.5340625,1,5,True,Asia    (00-07),Wednesday,6
2026-03-11 07:15:00+00:00,2026-03-11 12:00:00+00:00,354.30359375,-1,20,True,London  (07-12),Wednesday,7
2026-03-11 12:15:00+00:00,2026-03-11 13:15:00+00:00,474.2027341547751,1,5,True,Overlap (12-16),Wednesday,12
2026-03-11 13:30:00+00:00,2026-03-11 14:00:00+00:00,-21.020466948539877,-1,3,False,Overlap (12-16),Wednesday,13
2026-03-11 14:15:00+00:00,2026-03-11 22:00:00+00:00,196.5581767178263,1,32,True,Overlap (12-16),Wednesday,14
2026-03-11 22:15:00+00:00,2026-03-11 23:45:00+00:00,293.7059375,-1,7,True,Off     (22-00),Wednesday,22
2026-03-12 00:00:00+00:00,2026-03-12 01:00:00+00:00,-152.9815625,1,5,False,Asia    (00-07),Thursday,0
2026-03-12 01:15:00+00:00,2026-03-12 03:00:00+00:00,259.2996875,-1,8,True,Asia    (00-07),Thursday,1
2026-03-12 03:15:00+00:00,2026-03-12 07:45:00+00:00,214.5653125,1,19,True,Asia    (00-07),Thursday,3
2026-03-12 08:00:00+00:00,2026-03-12 09:00:00+00:00,3.1395312499999974,-1,5,True,London  (07-12),Thursday,8
2026-03-12 09:15:00+00:00,2026-03-12 09:30:00+00:00,229.245,1,2,True,London  (07-12),Thursday,9
2026-03-12 09:45:00+00:00,2026-03-12 10:00:00+00:00,141.3778125,-1,2,True,London  (07-12),Thursday,9
2026-03-12 10:15:00+00:00,2026-03-12 11:30:00+00:00,326.181538255602,1,6,True,London  (07-12),Thursday,10
2026-03-12 11:45:00+00:00,2026-03-12 15:00:00+00:00,385.4360371718051,-1,14,True,London  (07-12),Thursday,11
2026-03-12 15:15:00+00:00,2026-03-13 02:00:00+00:00,817.221070878413,1,44,True,Overlap (12-16),Thursday,15
2026-03-13 02:15:00+00:00,2026-03-13 02:30:00+00:00,136.61324731325055,-1,2,True,Asia    (00-07),Friday,2
2026-03-13 02:45:00+00:00,2026-03-13 06:00:00+00:00,134.40811585605348,1,14,True,Asia    (00-07),Friday,2
2026-03-13 06:15:00+00:00,2026-03-13 07:15:00+00:00,-38.754999999999995,-1,5,False,Asia    (00-07),Friday,6
2026-03-13 07:30:00+00:00,2026-03-13 11:15:00+00:00,391.38953125,1,16,True,London  (07-12),Friday,7
2026-03-13 11:30:00+00:00,2026-03-13 12:00:00+00:00,-61.63,-1,3,False,London  (07-12),Friday,11
2026-03-13 12:15:00+00:00,2026-03-13 12:45:00+00:00,167.48328125,1,3,True,Overlap (12-16),Friday,12
2026-03-13 13:00:00+00:00,2026-03-13 13:00:00+00:00,-19.235468750000003,-1,1,False,Overlap (12-16),Friday,13
2026-03-13 13:15:00+00:00,2026-03-13 13:15:00+00:00,99.46986029268737,1,1,True,Overlap (12-16),Friday,13
2026-03-13 13:30:00+00:00,2026-03-13 15:30:00+00:00,242.13982136920708,-1,9,True,Overlap (12-16),Friday,13
2026-03-13 15:45:00+00:00,2026-03-13 16:30:00+00:00,-51.01873131551798,1,4,False,Overlap (12-16),Friday,15
2026-03-13 16:45:00+00:00,2026-03-13 18:15:00+00:00,143.0210892892064,-1,7,True,NY      (16-22),Friday,16
2026-03-13 18:30:00+00:00,2026-03-13 21:00:00+00:00,92.62718546446796,1,11,True,NY      (16-22),Friday,18
2026-03-13 21:15:00+00:00,2026-03-14 01:30:00+00:00,285.57703125,-1,18,True,NY      (16-22),Friday,21
2026-03-14 01:45:00+00:00,2026-03-14 04:30:00+00:00,224.0965625,1,12,True,Asia    (00-07),Saturday,1
2026-03-14 04:45:00+00:00,2026-03-14 06:30:00+00:00,398.166875,-1,8,True,Asia    (00-07),Saturday,4
2026-03-14 06:45:00+00:00,2026-03-14 09:15:00+00:00,106.86609375,1,11,True,Asia    (00-07),Saturday,6
2026-03-14 09:30:00+00:00,2026-03-14 09:45:00+00:00,85.95203125,-1,2,True,London  (07-12),Saturday,9
2026-03-14 10:00:00+00:00,2026-03-14 12:45:00+00:00,124.83875,1,12,True,London  (07-12),Saturday,10
2026-03-14 13:00:00+00:00,2026-03-14 16:00:00+00:00,83.40515625,-1,13,True,Overlap (12-16),Saturday,13
2026-03-14 16:15:00+00:00,2026-03-15 03:00:00+00:00,425.0575,1,44,True,NY      (16-22),Saturday,16
2026-03-15 03:15:00+00:00,2026-03-15 03:30:00+00:00,48.94421875,-1,2,True,Asia    (00-07),Sunday,3
2026-03-15 03:45:00+00:00,2026-03-15 05:15:00+00:00,132.135625,1,7,True,Asia    (00-07),Sunday,3
2026-03-15 05:30:00+00:00,2026-03-15 05:45:00+00:00,55.42078125,-1,2,True,Asia    (00-07),Sunday,5
2026-03-15 06:00:00+00:00,2026-03-15 07:00:00+00:00,46.56140625,1,5,True,Asia    (00-07),Sunday,6
2026-03-15 07:15:00+00:00,2026-03-15 07:45:00+00:00,64.604375,-1,3,True,London  (07-12),Sunday,7
2026-03-15 08:00:00+00:00,2026-03-15 10:15:00+00:00,189.55359375,1,10,True,London  (07-12),Sunday,8
2026-03-15 10:30:00+00:00,2026-03-15 10:45:00+00:00,24.803593749999997,-1,2,True,London  (07-12),Sunday,10
2026-03-15 11:00:00+00:00,2026-03-15 12:00:00+00:00,-55.05578125,1,5,False,London  (07-12),Sunday,11
2026-03-15 12:15:00+00:00,2026-03-15 13:30:00+00:00,111.54578125,-1,6,True,Overlap (12-16),Sunday,12
2026-03-15 13:45:00+00:00,2026-03-15 13:45:00+00:00,63.94421875,1,1,True,Overlap (12-16),Sunday,13
2026-03-15 14:00:00+00:00,2026-03-15 17:00:00+00:00,47.830937500000005,-1,13,True,Overlap (12-16),Sunday,14
2026-03-15 17:15:00+00:00,2026-03-15 18:00:00+00:00,103.635625,1,4,True,NY      (16-22),Sunday,17
2026-03-15 18:15:00+00:00,2026-03-15 19:15:00+00:00,82.03015625,-1,5,True,NY      (16-22),Sunday,18
2026-03-15 19:30:00+00:00,2026-03-16 05:15:00+00:00,1066.7696421952123,1,40,True,NY      (16-22),Sunday,19
2026-03-16 05:30:00+00:00,2026-03-16 08:15:00+00:00,207.23344788191724,-1,12,True,Asia    (00-07),Monday,5
2026-03-16 08:30:00+00:00,2026-03-16 11:00:00+00:00,112.64778416300712,1,11,True,London  (07-12),Monday,8
2026-03-16 11:15:00+00:00,2026-03-16 16:00:00+00:00,21.271845948226375,-1,20,True,London  (07-12),Monday,11
2026-03-16 16:15:00+00:00,2026-03-17 01:00:00+00:00,916.8545937812614,1,36,True,NY      (16-22),Monday,16
2026-03-17 01:15:00+00:00,2026-03-17 11:00:00+00:00,644.8106328153654,-1,40,True,Asia    (00-07),Tuesday,1
2026-03-17 11:15:00+00:00,2026-03-17 12:00:00+00:00,48.541414346273356,1,4,True,London  (07-12),Tuesday,11
2026-03-17 12:15:00+00:00,2026-03-17 14:00:00+00:00,153.45984375,-1,8,True,Overlap (12-16),Tuesday,12
2026-03-17 14:15:00+00:00,2026-03-17 15:00:00+00:00,191.5962732927445,1,4,True,Overlap (12-16),Tuesday,14
2026-03-17 15:15:00+00:00,2026-03-17 16:00:00+00:00,44.32252004104626,-1,4,True,Overlap (12-16),Tuesday,15
2026-03-17 16:15:00+00:00,2026-03-17 17:45:00+00:00,188.45020084957287,1,7,True,NY      (16-22),Tuesday,16
2026-03-17 18:00:00+00:00,2026-03-17 18:00:00+00:00,-41.031173193928666,-1,1,False,NY      (16-22),Tuesday,18
2026-03-17 18:15:00+00:00,2026-03-17 19:00:00+00:00,66.30476417341015,1,4,True,NY      (16-22),Tuesday,18
2026-03-17 19:15:00+00:00,2026-03-17 20:00:00+00:00,177.87,-1,4,True,NY      (16-22),Tuesday,19
2026-03-17 20:15:00+00:00,2026-03-17 20:15:00+00:00,131.24890625,1,1,True,NY      (16-22),Tuesday,20
2026-03-17 20:30:00+00:00,2026-03-17 21:15:00+00:00,33.8153125,-1,4,True,NY      (16-22),Tuesday,20
2026-03-17 21:30:00+00:00,2026-03-17 22:00:00+00:00,-2.0284374999999955,1,3,False,NY      (16-22),Tuesday,21
2026-03-17 22:15:00+00:00,2026-03-18 01:00:00+00:00,321.65515625,-1,12,True,Off     (22-00),Tuesday,22
2026-03-18 01:15:00+00:00,2026-03-18 03:15:00+00:00,294.291875,1,9,True,Asia    (00-07),Wednesday,1
2026-03-18 03:30:00+00:00,2026-03-18 07:30:00+00:00,393.03796875,-1,17,True,Asia    (00-07),Wednesday,3
2026-03-18 07:45:00+00:00,2026-03-18 10:00:00+00:00,259.7996875,1,10,True,London  (07-12),Wednesday,7
2026-03-18 10:15:00+00:00,2026-03-18 15:00:00+00:00,1383.8872387577467,-1,20,True,London  (07-12),Wednesday,10
2026-03-18 15:15:00+00:00,2026-03-18 18:15:00+00:00,219.4186417093328,1,13,True,Overlap (12-16),Wednesday,15
2026-03-18 18:30:00+00:00,2026-03-18 19:30:00+00:00,248.9805716493371,-1,5,True,NY      (16-22),Wednesday,18
2026-03-18 19:45:00+00:00,2026-03-19 02:15:00+00:00,65.38324889885035,1,27,True,NY      (16-22),Wednesday,19
2026-03-19 02:30:00+00:00,2026-03-19 05:15:00+00:00,260.44421875,-1,12,True,Asia    (00-07),Thursday,2
2026-03-19 05:30:00+00:00,2026-03-19 06:00:00+00:00,72.66296875,1,3,True,Asia    (00-07),Thursday,5
2026-03-19 06:15:00+00:00,2026-03-19 07:15:00+00:00,513.1008009081656,-1,5,True,Asia    (00-07),Thursday,6
2026-03-19 07:30:00+00:00,2026-03-19 08:00:00+00:00,161.08080624488358,1,3,True,London  (07-12),Thursday,7
2026-03-19 08:15:00+00:00,2026-03-19 09:00:00+00:00,44.9972510203795,-1,4,True,London  (07-12),Thursday,8
2026-03-19 09:15:00+00:00,2026-03-19 10:00:00+00:00,149.97876892375103,1,4,True,London  (07-12),Thursday,9
2026-03-19 10:15:00+00:00,2026-03-19 13:00:00+00:00,647.1417174363005,-1,12,True,London  (07-12),Thursday,10
2026-03-19 13:15:00+00:00,2026-03-19 14:00:00+00:00,211.6976695889175,1,4,True,Overlap (12-16),Thursday,13
2026-03-19 14:15:00+00:00,2026-03-19 15:30:00+00:00,173.89280943222963,-1,6,True,Overlap (12-16),Thursday,14
2026-03-19 15:45:00+00:00,2026-03-19 21:00:00+00:00,588.0430087985621,1,22,True,Overlap (12-16),Thursday,15
2026-03-19 21:15:00+00:00,2026-03-20 00:00:00+00:00,285.7068478995383,-1,12,True,NY      (16-22),Thursday,21
2026-03-20 00:15:00+00:00,2026-03-20 08:00:00+00:00,581.46375,1,32,True,Asia    (00-07),Friday,0
2026-03-20 08:15:00+00:00,2026-03-20 10:15:00+00:00,459.55566365245426,-1,9,True,London  (07-12),Friday,8
2026-03-20 10:30:00+00:00,2026-03-20 11:00:00+00:00,211.41173738461856,1,3,True,London  (07-12),Friday,10
2026-03-20 11:15:00+00:00,2026-03-20 14:00:00+00:00,447.3007309068939,-1,12,True,London  (07-12),Friday,11
2026-03-20 14:15:00+00:00,2026-03-20 18:00:00+00:00,63.45852540186294,1,16,True,Overlap (12-16),Friday,14
2026-03-20 18:15:00+00:00,2026-03-20 18:30:00+00:00,108.50693970674355,-1,2,True,NY      (16-22),Friday,18
2026-03-20 18:45:00+00:00,2026-03-20 18:45:00+00:00,20.79734481740033,1,1,True,NY      (16-22),Friday,18
2026-03-20 19:00:00+00:00,2026-03-20 19:00:00+00:00,-65.8606143334838,-1,1,False,NY      (16-22),Friday,19
2026-03-20 19:15:00+00:00,2026-03-20 20:00:00+00:00,139.83242324580596,1,4,True,NY      (16-22),Friday,19
2026-03-20 20:15:00+00:00,2026-03-20 20:45:00+00:00,56.68071518951547,-1,3,True,NY      (16-22),Friday,20
2026-03-20 21:00:00+00:00,2026-03-21 00:15:00+00:00,285.52948676353435,1,14,True,NY      (16-22),Friday,21
2026-03-21 00:30:00+00:00,2026-03-21 02:00:00+00:00,71.17859375,-1,7,True,Asia    (00-07),Saturday,0
2026-03-21 02:15:00+00:00,2026-03-21 03:15:00+00:00,95.0184375,1,5,True,Asia    (00-07),Saturday,2
2026-03-21 03:30:00+00:00,2026-03-21 04:30:00+00:00,14.776249999999997,-1,5,True,Asia    (00-07),Saturday,3
2026-03-21 04:45:00+00:00,2026-03-21 07:15:00+00:00,100.260625,1,11,True,Asia    (00-07),Saturday,4
2026-03-21 07:30:00+00:00,2026-03-21 15:30:00+00:00,114.9871875,-1,33,True,London  (07-12),Saturday,7
2026-03-21 15:45:00+00:00,2026-03-21 16:00:00+00:00,-39.5596875,1,2,False,Overlap (12-16),Saturday,15
2026-03-21 16:15:00+00:00,2026-03-21 18:15:00+00:00,62.205937500000005,-1,9,True,NY      (16-22),Saturday,16
2026-03-21 18:30:00+00:00,2026-03-21 20:15:00+00:00,6.287968749999997,1,8,True,NY      (16-22),Saturday,18
2026-03-21 20:30:00+00:00,2026-03-22 02:00:00+00:00,694.7694769104489,-1,23,True,NY      (16-22),Saturday,20
2026-03-22 02:15:00+00:00,2026-03-22 05:30:00+00:00,24.745074983274378,1,14,True,Asia    (00-07),Sunday,2
2026-03-22 05:45:00+00:00,2026-03-22 09:15:00+00:00,263.63171875,-1,15,True,Asia    (00-07),Sunday,5
2026-03-22 09:30:00+00:00,2026-03-22 10:00:00+00:00,31.784062500000005,1,3,True,London  (07-12),Sunday,9
2026-03-22 10:15:00+00:00,2026-03-22 12:00:00+00:00,199.0809375,-1,8,True,London  (07-12),Sunday,10
2026-03-22 12:15:00+00:00,2026-03-22 17:00:00+00:00,239.85828125,1,20,True,Overlap (12-16),Sunday,12
2026-03-22 17:15:00+00:00,2026-03-22 18:30:00+00:00,162.104375,-1,6,True,NY      (16-22),Sunday,17
2026-03-22 18:45:00+00:00,2026-03-22 20:00:00+00:00,-81.9425,1,6,False,NY      (16-22),Sunday,18
2026-03-22 20:15:00+00:00,2026-03-22 22:00:00+00:00,199.63093862443895,-1,8,True,NY      (16-22),Sunday,20
2026-03-22 22:15:00+00:00,2026-03-22 23:00:00+00:00,158.1584538566517,1,4,True,Off     (22-00),Sunday,22
2026-03-22 23:15:00+00:00,2026-03-23 00:15:00+00:00,124.98689892534661,-1,5,True,Off     (22-00),Sunday,23
2026-03-23 00:30:00+00:00,2026-03-23 03:30:00+00:00,72.7790183855074,1,13,True,Asia    (00-07),Monday,0
2026-03-23 03:45:00+00:00,2026-03-23 03:45:00+00:00,50.54930176224023,-1,1,True,Asia    (00-07),Monday,3
2026-03-23 04:00:00+00:00,2026-03-23 06:00:00+00:00,253.21765625,1,9,True,Asia    (00-07),Monday,4
2026-03-23 06:15:00+00:00,2026-03-23 06:30:00+00:00,381.38953125,-1,2,True,Asia    (00-07),Monday,6
2026-03-23 06:45:00+00:00,2026-03-23 14:00:00+00:00,1091.4341520580865,1,30,True,Asia    (00-07),Monday,6
2026-03-23 14:15:00+00:00,2026-03-23 16:15:00+00:00,370.800916258235,-1,9,True,Overlap (12-16),Monday,14
2026-03-23 16:30:00+00:00,2026-03-24 00:00:00+00:00,147.9947477949831,1,31,True,NY      (16-22),Monday,16
2026-03-24 00:15:00+00:00,2026-03-24 03:15:00+00:00,108.47822036762916,-1,13,True,Asia    (00-07),Tuesday,0
2026-03-24 03:30:00+00:00,2026-03-24 04:00:00+00:00,32.57703125,1,3,True,Asia    (00-07),Tuesday,3
2026-03-24 04:15:00+00:00,2026-03-24 04:30:00+00:00,133.24109375,-1,2,True,Asia    (00-07),Tuesday,4
2026-03-24 04:45:00+00:00,2026-03-24 08:15:00+00:00,272.16296875,1,15,True,Asia    (00-07),Tuesday,4
2026-03-24 08:30:00+00:00,2026-03-24 15:30:00+00:00,418.7264711247209,-1,29,True,London  (07-12),Tuesday,8
2026-03-24 15:45:00+00:00,2026-03-24 21:45:00+00:00,205.87506537749917,1,25,True,Overlap (12-16),Tuesday,15
2026-03-24 22:00:00+00:00,2026-03-24 23:45:00+00:00,-113.29470204780883,-1,8,False,Off     (22-00),Tuesday,22
2026-03-25 00:00:00+00:00,2026-03-25 06:00:00+00:00,244.760625,1,25,True,Asia    (00-07),Wednesday,0
2026-03-25 06:15:00+00:00,2026-03-25 06:45:00+00:00,27.217656250000005,-1,3,True,Asia    (00-07),Wednesday,6
2026-03-25 07:00:00+00:00,2026-03-25 12:45:00+00:00,344.6865306493352,1,24,True,London  (07-12),Wednesday,7
2026-03-25 13:00:00+00:00,2026-03-25 16:00:00+00:00,333.09711845681375,-1,13,True,Overlap (12-16),Wednesday,13
2026-03-25 16:15:00+00:00,2026-03-25 23:30:00+00:00,153.6070321969633,1,30,True,NY      (16-22),Wednesday,16
2026-03-25 23:45:00+00:00,2026-03-25 23:45:00+00:00,-74.91125,-1,1,False,Off     (22-00),Wednesday,23
2026-03-26 00:00:00+00:00,2026-03-26 00:15:00+00:00,-29.844843750000003,1,2,False,Asia    (00-07),Thursday,0
2026-03-26 00:30:00+00:00,2026-03-26 03:15:00+00:00,281.85046875,-1,12,True,Asia    (00-07),Thursday,0
2026-03-26 03:30:00+00:00,2026-03-26 04:15:00+00:00,62.877812500000005,1,4,True,Asia    (00-07),Thursday,3
2026-03-26 04:30:00+00:00,2026-03-26 06:15:00+00:00,389.698125,-1,8,True,Asia    (00-07),Thursday,4
2026-03-26 06:30:00+00:00,2026-03-26 09:00:00+00:00,-30.176874999999995,1,11,False,Asia    (00-07),Thursday,6
2026-03-26 09:15:00+00:00,2026-03-26 12:00:00+00:00,311.95984375,-1,12,True,London  (07-12),Thursday,9
2026-03-26 12:15:00+00:00,2026-03-26 13:00:00+00:00,39.57703125,1,4,True,Overlap (12-16),Thursday,12
2026-03-26 13:15:00+00:00,2026-03-26 13:15:00+00:00,27.119999999999997,-1,1,True,Overlap (12-16),Thursday,13
2026-03-26 13:30:00+00:00,2026-03-26 14:15:00+00:00,90.5653125,1,4,True,Overlap (12-16),Thursday,13
2026-03-26 14:30:00+00:00,2026-03-26 18:00:00+00:00,550.0965629867588,-1,15,True,Overlap (12-16),Thursday,14
2026-03-26 18:15:00+00:00,2026-03-27 02:00:00+00:00,282.29472064620677,1,32,True,NY      (16-22),Thursday,18
2026-03-27 02:15:00+00:00,2026-03-27 11:00:00+00:00,1093.2089631205974,-1,36,True,Asia    (00-07),Friday,2
2026-03-27 11:15:00+00:00,2026-03-27 12:30:00+00:00,-16.700617712519318,1,6,False,London  (07-12),Friday,11
2026-03-27 12:45:00+00:00,2026-03-27 14:15:00+00:00,355.3107825254666,-1,7,True,Overlap (12-16),Friday,12
2026-03-27 14:30:00+00:00,2026-03-27 15:15:00+00:00,243.70099916504063,1,4,True,Overlap (12-16),Friday,14
2026-03-27 15:30:00+00:00,2026-03-27 18:00:00+00:00,252.11887579732158,-1,11,True,Overlap (12-16),Friday,15
2026-03-27 18:15:00+00:00,2026-03-28 03:30:00+00:00,280.51365696098725,1,38,True,NY      (16-22),Friday,18
2026-03-28 03:45:00+00:00,2026-03-28 04:00:00+00:00,39.1121875,-1,2,True,Asia    (00-07),Saturday,3
2026-03-28 04:15:00+00:00,2026-03-28 08:15:00+00:00,199.4325,1,17,True,Asia    (00-07),Saturday,4
2026-03-28 08:30:00+00:00,2026-03-28 08:45:00+00:00,56.5965625,-1,2,True,London  (07-12),Saturday,8
2026-03-28 09:00:00+00:00,2026-03-28 14:30:00+00:00,224.2059375,1,23,True,London  (07-12),Saturday,9
2026-03-28 14:45:00+00:00,2026-03-28 14:45:00+00:00,57.81921875,-1,1,True,Overlap (12-16),Saturday,14
2026-03-28 15:00:00+00:00,2026-03-28 16:15:00+00:00,151.104375,1,6,True,Overlap (12-16),Saturday,15
2026-03-28 16:30:00+00:00,2026-03-28 16:30:00+00:00,72.45203125,-1,1,True,NY      (16-22),Saturday,16
2026-03-28 16:45:00+00:00,2026-03-28 20:00:00+00:00,35.33875,1,14,True,NY      (16-22),Saturday,16
2026-03-28 20:15:00+00:00,2026-03-28 22:00:00+00:00,182.0809375,-1,8,True,NY      (16-22),Saturday,20
2026-03-28 22:15:00+00:00,2026-03-29 04:00:00+00:00,139.4090625,1,24,True,Off     (22-00),Saturday,22
2026-03-29 04:15:00+00:00,2026-03-29 08:15:00+00:00,102.35828125,-1,17,True,Asia    (00-07),Sunday,4
2026-03-29 08:30:00+00:00,2026-03-29 09:00:00+00:00,-6.770625000000003,1,3,False,London  (07-12),Sunday,8
2026-03-29 09:15:00+00:00,2026-03-29 10:45:00+00:00,81.8465625,-1,7,True,London  (07-12),Sunday,9
2026-03-29 11:00:00+00:00,2026-03-29 13:30:00+00:00,68.69421875,1,11,True,London  (07-12),Sunday,11
2026-03-29 13:45:00+00:00,2026-03-29 15:15:00+00:00,109.71765625,-1,7,True,Overlap (12-16),Sunday,13
2026-03-29 15:30:00+00:00,2026-03-29 16:15:00+00:00,83.34265625,1,4,True,Overlap (12-16),Sunday,15
2026-03-29 16:30:00+00:00,2026-03-30 00:00:00+00:00,362.3257014791352,-1,31,True,NY      (16-22),Sunday,16
2026-03-30 00:15:00+00:00,2026-03-30 03:15:00+00:00,434.46519725081,1,13,True,Asia    (00-07),Monday,0
2026-03-30 03:30:00+00:00,2026-03-30 04:15:00+00:00,-116.17421086771628,-1,4,False,Asia    (00-07),Monday,3
2026-03-30 04:30:00+00:00,2026-03-30 05:00:00+00:00,83.62103865567006,1,3,True,Asia    (00-07),Monday,4
2026-03-30 05:15:00+00:00,2026-03-30 05:30:00+00:00,58.1903125,-1,2,True,Asia    (00-07),Monday,5
2026-03-30 05:45:00+00:00,2026-03-30 08:00:00+00:00,182.07703125,1,10,True,Asia    (00-07),Monday,5
2026-03-30 08:15:00+00:00,2026-03-30 08:45:00+00:00,98.8621875,-1,3,True,London  (07-12),Monday,8
2026-03-30 09:00:00+00:00,2026-03-30 09:00:00+00:00,-57.801875,1,1,False,London  (07-12),Monday,9
2026-03-30 09:15:00+00:00,2026-03-30 10:30:00+00:00,58.75671875,-1,6,True,London  (07-12),Monday,9
2026-03-30 10:45:00+00:00,2026-03-30 13:00:00+00:00,225.96375,1,10,True,London  (07-12),Monday,10
2026-03-30 13:15:00+00:00,2026-03-30 14:15:00+00:00,285.82703125,-1,5,True,Overlap (12-16),Monday,13
2026-03-30 14:30:00+00:00,2026-03-30 15:30:00+00:00,177.0304271463956,1,5,True,Overlap (12-16),Monday,14
2026-03-30 15:45:00+00:00,2026-03-30 19:30:00+00:00,607.0257316871571,-1,16,True,Overlap (12-16),Monday,15
2026-03-30 19:45:00+00:00,2026-03-31 02:30:00+00:00,804.8681017619476,1,28,True,NY      (16-22),Monday,19
2026-03-31 02:45:00+00:00,2026-03-31 02:45:00+00:00,7.799113952160582,-1,1,True,Asia    (00-07),Tuesday,2
2026-03-31 03:00:00+00:00,2026-03-31 03:15:00+00:00,-59.99924430980568,1,2,False,Asia    (00-07),Tuesday,3
2026-03-31 03:30:00+00:00,2026-03-31 05:00:00+00:00,186.0884703729187,-1,7,True,Asia    (00-07),Tuesday,3
2026-03-31 05:15:00+00:00,2026-03-31 05:15:00+00:00,77.99109375,1,1,True,Asia    (00-07),Tuesday,5
2026-03-31 05:30:00+00:00,2026-03-31 10:30:00+00:00,652.6144729745654,-1,21,True,Asia    (00-07),Tuesday,5
2026-03-31 10:45:00+00:00,2026-03-31 11:30:00+00:00,198.1176188230727,1,4,True,London  (07-12),Tuesday,10
2026-03-31 11:45:00+00:00,2026-03-31 13:00:00+00:00,-61.44343697435821,-1,6,False,London  (07-12),Tuesday,11
2026-03-31 13:15:00+00:00,2026-03-31 14:00:00+00:00,239.54641483839222,1,4,True,Overlap (12-16),Tuesday,13
2026-03-31 14:15:00+00:00,2026-03-31 15:45:00+00:00,204.29236105993715,-1,7,True,Overlap (12-16),Tuesday,14
2026-03-31 16:00:00+00:00,2026-03-31 22:30:00+00:00,465.35639786614263,1,27,True,NY      (16-22),Tuesday,16
2026-03-31 22:45:00+00:00,2026-04-01 00:00:00+00:00,54.225468750000005,-1,6,True,Off     (22-00),Tuesday,22
2026-04-01 00:15:00+00:00,2026-04-01 01:00:00+00:00,94.99109375,1,4,True,Asia    (00-07),Wednesday,0
2026-04-01 01:15:00+00:00,2026-04-01 02:15:00+00:00,298.28796875,-1,5,True,Asia    (00-07),Wednesday,1
2026-04-01 02:30:00+00:00,2026-04-01 07:00:00+00:00,755.25671875,1,19,True,Asia    (00-07),Wednesday,2
2026-04-01 07:15:00+00:00,2026-04-01 08:00:00+00:00,310.80359375,-1,4,True,London  (07-12),Wednesday,7
2026-04-01 08:15:00+00:00,2026-04-01 12:00:00+00:00,8.030156250000005,1,16,True,London  (07-12),Wednesday,8
2026-04-01 12:15:00+00:00,2026-04-01 12:45:00+00:00,75.385625,-1,3,True,Overlap (12-16),Wednesday,12
2026-04-01 13:00:00+00:00,2026-04-01 13:15:00+00:00,66.2528125,1,2,True,Overlap (12-16),Wednesday,13
2026-04-01 13:30:00+00:00,2026-04-01 13:30:00+00:00,205.57703125,-1,1,True,Overlap (12-16),Wednesday,13
2026-04-01 13:45:00+00:00,2026-04-01 16:00:00+00:00,225.70365778814823,1,10,True,Overlap (12-16),Wednesday,13
2026-04-01 16:15:00+00:00,2026-04-02 00:00:00+00:00,205.8004045616923,-1,32,True,NY      (16-22),Wednesday,16
2026-04-02 00:15:00+00:00,2026-04-02 00:45:00+00:00,181.135625,1,3,True,Asia    (00-07),Thursday,0
2026-04-02 01:00:00+00:00,2026-04-02 02:30:00+00:00,830.4187420179186,-1,7,True,Asia    (00-07),Thursday,1
2026-04-02 02:45:00+00:00,2026-04-02 08:15:00+00:00,40.00791157921785,1,23,True,Asia    (00-07),Thursday,2
2026-04-02 08:30:00+00:00,2026-04-02 10:00:00+00:00,195.604375,-1,7,True,London  (07-12),Thursday,8
2026-04-02 10:15:00+00:00,2026-04-02 11:00:00+00:00,3.8543750000000045,1,4,True,London  (07-12),Thursday,10
2026-04-02 11:15:00+00:00,2026-04-02 12:00:00+00:00,44.096562500000005,-1,4,True,London  (07-12),Thursday,11
2026-04-02 12:15:00+00:00,2026-04-02 17:00:00+00:00,405.9491176772905,1,20,True,Overlap (12-16),Thursday,12
2026-04-02 17:15:00+00:00,2026-04-02 17:45:00+00:00,191.27856721804824,-1,3,True,NY      (16-22),Thursday,17
2026-04-02 18:00:00+00:00,2026-04-02 22:30:00+00:00,138.43677773072514,1,19,True,NY      (16-22),Thursday,18
2026-04-02 22:45:00+00:00,2026-04-03 01:30:00+00:00,190.57703125,-1,12,True,Off     (22-00),Thursday,22
2026-04-03 01:45:00+00:00,2026-04-03 03:15:00+00:00,15.205937500000005,1,7,True,Asia    (00-07),Friday,1
2026-04-03 03:30:00+00:00,2026-04-03 03:30:00+00:00,-1.1651562500000026,-1,1,False,Asia    (00-07),Friday,3
2026-04-03 03:45:00+00:00,2026-04-03 08:00:00+00:00,266.4559375,1,18,True,Asia    (00-07),Friday,3
2026-04-03 08:15:00+00:00,2026-04-03 09:15:00+00:00,160.3465625,-1,5,True,London  (07-12),Friday,8
2026-04-03 09:30:00+00:00,2026-04-03 12:00:00+00:00,79.47546875,1,11,True,London  (07-12),Friday,9
2026-04-03 12:15:00+00:00,2026-04-03 14:00:00+00:00,96.24109375,-1,8,True,Overlap (12-16),Friday,12
2026-04-03 14:15:00+00:00,2026-04-03 15:00:00+00:00,75.24109375,1,4,True,Overlap (12-16),Friday,14
2026-04-03 15:15:00+00:00,2026-04-03 16:00:00+00:00,14.596562499999997,-1,4,True,Overlap (12-16),Friday,15
2026-04-03 16:15:00+00:00,2026-04-04 00:15:00+00:00,-8.926874999999995,1,33,False,NY      (16-22),Friday,16
2026-04-04 00:30:00+00:00,2026-04-04 01:00:00+00:00,18.483281249999997,-1,3,True,Asia    (00-07),Saturday,0
2026-04-04 01:15:00+00:00,2026-04-04 03:00:00+00:00,9.428593749999997,1,8,True,Asia    (00-07),Saturday,1
2026-04-04 03:15:00+00:00,2026-04-04 04:00:00+00:00,35.53796875,-1,4,True,Asia    (00-07),Saturday,3
2026-04-04 04:15:00+00:00,2026-04-04 07:45:00+00:00,92.5965625,1,15,True,Asia    (00-07),Saturday,4
2026-04-04 08:00:00+00:00,2026-04-04 08:45:00+00:00,22.600468749999997,-1,4,True,London  (07-12),Saturday,8
2026-04-04 09:00:00+00:00,2026-04-04 11:15:00+00:00,77.83875,1,10,True,London  (07-12),Saturday,9
2026-04-04 11:30:00+00:00,2026-04-04 12:30:00+00:00,17.553593749999997,-1,5,True,London  (07-12),Saturday,11
2026-04-04 12:45:00+00:00,2026-04-04 16:30:00+00:00,211.72546875,1,16,True,Overlap (12-16),Saturday,12
2026-04-04 16:45:00+00:00,2026-04-04 17:30:00+00:00,79.00671875,-1,4,True,NY      (16-22),Saturday,16
2026-04-04 17:45:00+00:00,2026-04-04 18:00:00+00:00,-11.547968750000003,1,2,False,NY      (16-22),Saturday,17
2026-04-04 18:15:00+00:00,2026-04-04 20:15:00+00:00,16.452031250000005,-1,9,True,NY      (16-22),Saturday,18
2026-04-04 20:30:00+00:00,2026-04-04 23:00:00+00:00,31.346562500000005,1,11,True,NY      (16-22),Saturday,20
2026-04-04 23:15:00+00:00,2026-04-05 02:00:00+00:00,167.166875,-1,12,True,Off     (22-00),Saturday,23
2026-04-05 02:15:00+00:00,2026-04-05 03:15:00+00:00,63.256718750000005,1,5,True,Asia    (00-07),Sunday,2
2026-04-05 03:30:00+00:00,2026-04-05 07:30:00+00:00,178.92859375,-1,17,True,Asia    (00-07),Sunday,3
2026-04-05 07:45:00+00:00,2026-04-05 19:15:00+00:00,334.21765625,1,47,True,London  (07-12),Sunday,7
2026-04-05 19:30:00+00:00,2026-04-05 19:30:00+00:00,63.33484375,-1,1,True,NY      (16-22),Sunday,19
2026-04-05 19:45:00+00:00,2026-04-06 04:30:00+00:00,924.6394150229694,1,36,True,NY      (16-22),Sunday,19
2026-04-06 04:45:00+00:00,2026-04-06 08:30:00+00:00,-74.11046875,-1,16,False,Asia    (00-07),Monday,4
2026-04-06 08:45:00+00:00,2026-04-06 10:30:00+00:00,281.104375,1,8,True,London  (07-12),Monday,8
2026-04-06 10:45:00+00:00,2026-04-06 12:45:00+00:00,248.995,-1,9,True,London  (07-12),Monday,10
2026-04-06 13:00:00+00:00,2026-04-06 16:00:00+00:00,339.1137430341075,1,13,True,Overlap (12-16),Monday,13
2026-04-06 16:15:00+00:00,2026-04-06 23:15:00+00:00,728.9908792086715,-1,29,True,NY      (16-22),Monday,16
2026-04-06 23:30:00+00:00,2026-04-07 01:00:00+00:00,19.678593750000005,1,7,True,Off     (22-00),Monday,23
2026-04-07 01:15:00+00:00,2026-04-07 02:00:00+00:00,64.24544882069988,-1,4,True,Asia    (00-07),Tuesday,1
2026-04-07 02:15:00+00:00,2026-04-07 02:30:00+00:00,84.56921875,1,2,True,Asia    (00-07),Tuesday,2
2026-04-07 02:45:00+00:00,2026-04-07 11:00:00+00:00,125.8934375,-1,34,True,Asia    (00-07),Tuesday,2
2026-04-07 11:15:00+00:00,2026-04-07 13:00:00+00:00,122.0809375,1,8,True,London  (07-12),Tuesday,11
2026-04-07 13:15:00+00:00,2026-04-07 15:00:00+00:00,348.07322410961433,-1,8,True,Overlap (12-16),Tuesday,13
2026-04-07 15:15:00+00:00,2026-04-07 23:15:00+00:00,1746.1052758839862,1,33,True,Overlap (12-16),Tuesday,15
2026-04-07 23:30:00+00:00,2026-04-07 23:45:00+00:00,185.40826576780907,-1,2,True,Off     (22-00),Tuesday,23
2026-04-08 00:00:00+00:00,2026-04-08 00:30:00+00:00,-27.826456664450482,1,3,False,Asia    (00-07),Wednesday,0
2026-04-08 00:45:00+00:00,2026-04-08 04:30:00+00:00,-1.6005841700547592,-1,16,False,Asia    (00-07),Wednesday,0
2026-04-08 04:45:00+00:00,2026-04-08 07:00:00+00:00,55.291875000000005,1,10,True,Asia    (00-07),Wednesday,4
2026-04-08 07:15:00+00:00,2026-04-08 07:30:00+00:00,37.948125,-1,2,True,London  (07-12),Wednesday,7
2026-04-08 07:45:00+00:00,2026-04-08 12:00:00+00:00,81.12,1,18,True,London  (07-12),Wednesday,7
2026-04-08 12:15:00+00:00,2026-04-09 01:30:00+00:00,472.1185735616923,-1,54,True,Overlap (12-16),Wednesday,12
2026-04-09 01:45:00+00:00,2026-04-09 04:00:00+00:00,56.678593750000005,1,10,True,Asia    (00-07),Thursday,1
2026-04-09 04:15:00+00:00,2026-04-09 06:15:00+00:00,8.120000000000005,-1,9,True,Asia    (00-07),Thursday,4
2026-04-09 06:30:00+00:00,2026-04-09 07:00:00+00:00,100.62390625,1,3,True,Asia    (00-07),Thursday,6
2026-04-09 07:15:00+00:00,2026-04-09 08:00:00+00:00,56.5496875,-1,4,True,London  (07-12),Thursday,7
2026-04-09 08:15:00+00:00,2026-04-09 10:00:00+00:00,197.42078125,1,8,True,London  (07-12),Thursday,8
2026-04-09 10:15:00+00:00,2026-04-09 11:15:00+00:00,133.06921875,-1,5,True,London  (07-12),Thursday,10
2026-04-09 11:30:00+00:00,2026-04-09 18:15:00+00:00,370.48543799951983,1,28,True,London  (07-12),Thursday,11
2026-04-09 18:30:00+00:00,2026-04-09 18:30:00+00:00,8.34392823668692,-1,1,True,NY      (16-22),Thursday,18
2026-04-09 18:45:00+00:00,2026-04-09 21:00:00+00:00,193.19499498649748,1,10,True,NY      (16-22),Thursday,18
2026-04-09 21:15:00+00:00,2026-04-09 23:00:00+00:00,202.85538547653024,-1,8,True,NY      (16-22),Thursday,21
2026-04-09 23:15:00+00:00,2026-04-10 02:00:00+00:00,167.2757134112143,1,12,True,Off     (22-00),Thursday,23
2026-04-10 02:15:00+00:00,2026-04-10 08:00:00+00:00,294.16296875,-1,24,True,Asia    (00-07),Friday,2
2026-04-10 08:15:00+00:00,2026-04-10 15:00:00+00:00,688.7906052470252,1,28,True,London  (07-12),Friday,8
2026-04-10 15:15:00+00:00,2026-04-10 15:45:00+00:00,215.9250073571347,-1,3,True,Overlap (12-16),Friday,15
2026-04-10 16:00:00+00:00,2026-04-10 20:45:00+00:00,380.09798928239974,1,20,True,NY      (16-22),Friday,16
2026-04-10 21:00:00+00:00,2026-04-10 23:00:00+00:00,225.995,-1,9,True,NY      (16-22),Friday,21
2026-04-10 23:15:00+00:00,2026-04-11 00:00:00+00:00,-19.149531250000003,1,4,False,Off     (22-00),Friday,23
2026-04-11 00:15:00+00:00,2026-04-11 09:00:00+00:00,83.87390625,-1,36,True,Asia    (00-07),Saturday,0
2026-04-11 09:15:00+00:00,2026-04-11 11:45:00+00:00,101.70203125,1,11,True,London  (07-12),Saturday,9
2026-04-11 12:00:00+00:00,2026-04-11 15:00:00+00:00,88.28796875,-1,13,True,Overlap (12-16),Saturday,12
2026-04-11 15:15:00+00:00,2026-04-11 15:45:00+00:00,63.85046875,1,3,True,Overlap (12-16),Saturday,15
2026-04-11 16:00:00+00:00,2026-04-11 16:00:00+00:00,-22.063593750000003,-1,1,False,NY      (16-22),Saturday,16
2026-04-11 16:15:00+00:00,2026-04-11 20:00:00+00:00,295.49109375,1,16,True,NY      (16-22),Saturday,16
2026-04-11 20:15:00+00:00,2026-04-11 21:15:00+00:00,60.541875000000005,-1,5,True,NY      (16-22),Saturday,20
2026-04-11 21:30:00+00:00,2026-04-11 21:30:00+00:00,32.43640625,1,1,True,NY      (16-22),Saturday,21
2026-04-11 21:45:00+00:00,2026-04-12 02:30:00+00:00,767.7359317998357,-1,20,True,NY      (16-22),Saturday,21
2026-04-12 02:45:00+00:00,2026-04-12 08:15:00+00:00,-91.77221495439014,1,23,False,Asia    (00-07),Sunday,2
2026-04-12 08:30:00+00:00,2026-04-12 10:45:00+00:00,106.1746875,-1,10,True,London  (07-12),Sunday,8
2026-04-12 11:00:00+00:00,2026-04-12 12:00:00+00:00,-44.3096875,1,5,False,London  (07-12),Sunday,11
2026-04-12 12:15:00+00:00,2026-04-12 13:30:00+00:00,189.7371875,-1,6,True,Overlap (12-16),Sunday,12
2026-04-12 13:45:00+00:00,2026-04-12 14:00:00+00:00,-12.278437500000003,1,2,False,Overlap (12-16),Sunday,13
2026-04-12 14:15:00+00:00,2026-04-12 15:00:00+00:00,61.080937500000005,-1,4,True,Overlap (12-16),Sunday,14
2026-04-12 15:15:00+00:00,2026-04-12 18:00:00+00:00,153.9559375,1,12,True,Overlap (12-16),Sunday,15
2026-04-12 18:15:00+00:00,2026-04-12 20:00:00+00:00,64.3153125,-1,8,True,NY      (16-22),Sunday,18
2026-04-12 20:15:00+00:00,2026-04-12 20:45:00+00:00,144.15515625,1,3,True,NY      (16-22),Sunday,20
2026-04-12 21:00:00+00:00,2026-04-12 22:15:00+00:00,319.323125,-1,6,True,NY      (16-22),Sunday,21
2026-04-12 22:30:00+00:00,2026-04-12 22:45:00+00:00,107.9715625,1,2,True,Off     (22-00),Sunday,22
2026-04-12 23:00:00+00:00,2026-04-12 23:00:00+00:00,125.229375,-1,1,True,Off     (22-00),Sunday,23
2026-04-12 23:15:00+00:00,2026-04-13 02:15:00+00:00,280.69421875,1,13,True,Off     (22-00),Sunday,23
2026-04-13 02:30:00+00:00,2026-04-13 02:30:00+00:00,75.6278125,-1,1,True,Asia    (00-07),Monday,2
2026-04-13 02:45:00+00:00,2026-04-13 07:00:00+00:00,-88.13390625,1,18,False,Asia    (00-07),Monday,2
2026-04-13 07:15:00+00:00,2026-04-13 08:30:00+00:00,133.1825,-1,6,True,London  (07-12),Monday,7
2026-04-13 08:45:00+00:00,2026-04-13 10:30:00+00:00,71.03015625,1,8,True,London  (07-12),Monday,8
2026-04-13 10:45:00+00:00,2026-04-13 10:45:00+00:00,-6.907343750000003,-1,1,False,London  (07-12),Monday,10
2026-04-13 11:00:00+00:00,2026-04-13 15:00:00+00:00,602.7787701313875,1,17,True,London  (07-12),Monday,11
2026-04-13 15:15:00+00:00,2026-04-13 16:45:00+00:00,-105.31682513325367,-1,7,False,Overlap (12-16),Monday,15
2026-04-13 17:00:00+00:00,2026-04-13 23:00:00+00:00,1075.0669744857937,1,25,True,NY      (16-22),Monday,17
2026-04-13 23:15:00+00:00,2026-04-14 01:00:00+00:00,126.3469950575736,-1,8,True,Off     (22-00),Monday,23
2026-04-14 01:15:00+00:00,2026-04-14 07:15:00+00:00,168.7013620356282,1,25,True,Asia    (00-07),Tuesday,1
2026-04-14 07:30:00+00:00,2026-04-14 10:30:00+00:00,140.541875,-1,13,True,London  (07-12),Tuesday,7
2026-04-14 10:45:00+00:00,2026-04-14 14:15:00+00:00,733.21765625,1,15,True,London  (07-12),Tuesday,10
2026-04-14 14:30:00+00:00,2026-04-14 15:00:00+00:00,467.8753098656373,-1,3,True,Overlap (12-16),Tuesday,14
2026-04-14 15:15:00+00:00,2026-04-14 16:00:00+00:00,245.67931348625882,1,4,True,Overlap (12-16),Tuesday,15
2026-04-14 16:15:00+00:00,2026-04-14 19:15:00+00:00,437.4858234061272,-1,13,True,NY      (16-22),Tuesday,16
2026-04-14 19:30:00+00:00,2026-04-14 20:00:00+00:00,86.78978923474344,1,3,True,NY      (16-22),Tuesday,19
2026-04-14 20:15:00+00:00,2026-04-14 21:30:00+00:00,160.06834838535218,-1,6,True,NY      (16-22),Tuesday,20
2026-04-14 21:45:00+00:00,2026-04-14 22:00:00+00:00,123.19358984416785,1,2,True,NY      (16-22),Tuesday,21
2026-04-14 22:15:00+00:00,2026-04-15 00:15:00+00:00,-151.8878125,-1,9,False,Off     (22-00),Tuesday,22
2026-04-15 00:30:00+00:00,2026-04-15 04:15:00+00:00,-148.28625,1,16,False,Asia    (00-07),Wednesday,0
2026-04-15 04:30:00+00:00,2026-04-15 08:00:00+00:00,220.8934375,-1,15,True,Asia    (00-07),Wednesday,4
2026-04-15 08:15:00+00:00,2026-04-15 10:00:00+00:00,116.56921875,1,8,True,London  (07-12),Wednesday,8
2026-04-15 10:15:00+00:00,2026-04-15 11:00:00+00:00,28.116093750000005,-1,4,True,London  (07-12),Wednesday,10
2026-04-15 11:15:00+00:00,2026-04-15 12:45:00+00:00,110.25671875,1,7,True,London  (07-12),Wednesday,11
2026-04-15 13:00:00+00:00,2026-04-15 14:30:00+00:00,140.63171875,-1,7,True,Overlap (12-16),Wednesday,13
2026-04-15 14:45:00+00:00,2026-04-15 15:00:00+00:00,133.45053776424768,1,2,True,Overlap (12-16),Wednesday,14
2026-04-15 15:15:00+00:00,2026-04-15 16:30:00+00:00,149.79597595409638,-1,6,True,Overlap (12-16),Wednesday,15
2026-04-15 16:45:00+00:00,2026-04-15 20:45:00+00:00,442.76298738450055,1,17,True,NY      (16-22),Wednesday,16
2026-04-15 21:00:00+00:00,2026-04-16 00:00:00+00:00,100.49009828481013,-1,13,True,NY      (16-22),Wednesday,21
2026-04-16 00:15:00+00:00,2026-04-16 02:30:00+00:00,280.3153125,1,10,True,Asia    (00-07),Thursday,0
2026-04-16 02:45:00+00:00,2026-04-16 08:45:00+00:00,245.13171875,-1,25,True,Asia    (00-07),Thursday,2
2026-04-16 09:00:00+00:00,2026-04-16 09:00:00+00:00,19.815312499999997,1,1,True,London  (07-12),Thursday,9
2026-04-16 09:15:00+00:00,2026-04-16 11:00:00+00:00,197.49890625,-1,8,True,London  (07-12),Thursday,9
2026-04-16 11:15:00+00:00,2026-04-16 12:00:00+00:00,198.2840625,1,4,True,London  (07-12),Thursday,11
2026-04-16 12:15:00+00:00,2026-04-16 12:45:00+00:00,47.55359375,-1,3,True,Overlap (12-16),Thursday,12
2026-04-16 13:00:00+00:00,2026-04-16 13:00:00+00:00,82.65125,1,1,True,Overlap (12-16),Thursday,13
2026-04-16 13:15:00+00:00,2026-04-16 14:15:00+00:00,482.87042300121857,-1,5,True,Overlap (12-16),Thursday,13
2026-04-16 14:30:00+00:00,2026-04-16 20:00:00+00:00,665.0906061709853,1,23,True,Overlap (12-16),Thursday,14
2026-04-16 20:15:00+00:00,2026-04-17 02:15:00+00:00,373.1225400057424,-1,25,True,NY      (16-22),Thursday,20
2026-04-17 02:30:00+00:00,2026-04-17 03:00:00+00:00,29.323124999999997,1,3,True,Asia    (00-07),Friday,2
2026-04-17 03:15:00+00:00,2026-04-17 04:00:00+00:00,-6.610468750000003,-1,4,False,Asia    (00-07),Friday,3
2026-04-17 04:15:00+00:00,2026-04-17 09:15:00+00:00,791.18640625,1,21,True,Asia    (00-07),Friday,4
2026-04-17 09:30:00+00:00,2026-04-17 09:45:00+00:00,233.97776500295583,-1,2,True,London  (07-12),Friday,9
2026-04-17 10:00:00+00:00,2026-04-17 10:00:00+00:00,-86.16195517417904,1,1,False,London  (07-12),Friday,10
2026-04-17 10:15:00+00:00,2026-04-17 11:00:00+00:00,115.96230590688413,-1,4,True,London  (07-12),Friday,10
2026-04-17 11:15:00+00:00,2026-04-17 16:15:00+00:00,994.9106121768662,1,21,True,London  (07-12),Friday,11
2026-04-17 16:30:00+00:00,2026-04-18 04:15:00+00:00,398.42130264095,-1,48,True,NY      (16-22),Friday,16
2026-04-18 04:30:00+00:00,2026-04-18 05:00:00+00:00,90.573125,1,3,True,Asia    (00-07),Saturday,4
2026-04-18 05:15:00+00:00,2026-04-18 11:30:00+00:00,663.73328125,-1,26,True,Asia    (00-07),Saturday,5
2026-04-18 11:45:00+00:00,2026-04-18 12:30:00+00:00,146.823125,1,4,True,London  (07-12),Saturday,11
2026-04-18 12:45:00+00:00,2026-04-18 13:30:00+00:00,96.52234375,-1,4,True,Overlap (12-16),Saturday,12
2026-04-18 13:45:00+00:00,2026-04-18 16:00:00+00:00,107.25671875,1,10,True,Overlap (12-16),Saturday,13
2026-04-18 16:15:00+00:00,2026-04-18 20:00:00+00:00,233.24890625,-1,16,True,NY      (16-22),Saturday,16
2026-04-18 20:15:00+00:00,2026-04-18 22:45:00+00:00,42.90125,1,11,True,NY      (16-22),Saturday,20
2026-04-18 23:00:00+00:00,2026-04-19 04:30:00+00:00,124.27625,-1,23,True,Off     (22-00),Saturday,23
2026-04-19 04:45:00+00:00,2026-04-19 05:30:00+00:00,17.510624999999997,1,4,True,Asia    (00-07),Sunday,4
2026-04-19 05:45:00+00:00,2026-04-19 06:00:00+00:00,90.4246875,-1,2,True,Asia    (00-07),Sunday,5
2026-04-19 06:15:00+00:00,2026-04-19 16:15:00+00:00,75.42078125,1,41,True,Asia    (00-07),Sunday,6
2026-04-19 16:30:00+00:00,2026-04-19 17:45:00+00:00,359.9997802138561,-1,6,True,NY      (16-22),Sunday,16
2026-04-19 18:00:00+00:00,2026-04-19 20:00:00+00:00,-7.434248700116825,1,9,False,NY      (16-22),Sunday,18
2026-04-19 20:15:00+00:00,2026-04-20 00:00:00+00:00,362.2333241538852,-1,16,True,NY      (16-22),Sunday,20
2026-04-20 00:15:00+00:00,2026-04-20 07:15:00+00:00,568.495,1,29,True,Asia    (00-07),Monday,0
2026-04-20 07:30:00+00:00,2026-04-20 09:15:00+00:00,90.27732322744467,-1,8,True,London  (07-12),Monday,7
2026-04-20 09:30:00+00:00,2026-04-20 14:15:00+00:00,215.04552807437094,1,20,True,London  (07-12),Monday,9
2026-04-20 14:30:00+00:00,2026-04-20 14:45:00+00:00,194.70660694485954,-1,2,True,Overlap (12-16),Monday,14
2026-04-20 15:00:00+00:00,2026-04-20 20:00:00+00:00,471.3787035397256,1,21,True,Overlap (12-16),Monday,15
2026-04-20 20:15:00+00:00,2026-04-20 23:00:00+00:00,275.010625,-1,12,True,NY      (16-22),Monday,20
2026-04-20 23:15:00+00:00,2026-04-21 01:15:00+00:00,174.91296875,1,9,True,Off     (22-00),Monday,23
2026-04-21 01:30:00+00:00,2026-04-21 03:00:00+00:00,267.58875,-1,7,True,Asia    (00-07),Tuesday,1
2026-04-21 03:15:00+00:00,2026-04-21 05:15:00+00:00,147.29578125,1,9,True,Asia    (00-07),Tuesday,3
2026-04-21 05:30:00+00:00,2026-04-21 06:00:00+00:00,37.06140625,-1,3,True,Asia    (00-07),Tuesday,5
2026-04-21 06:15:00+00:00,2026-04-21 11:00:00+00:00,293.5340625,1,20,True,Asia    (00-07),Tuesday,6
2026-04-21 11:15:00+00:00,2026-04-21 15:00:00+00:00,259.2205227065841,-1,16,True,London  (07-12),Tuesday,11
2026-04-21 15:15:00+00:00,2026-04-21 16:15:00+00:00,20.19245690650306,1,5,True,Overlap (12-16),Tuesday,15
2026-04-21 16:30:00+00:00,2026-04-21 20:00:00+00:00,105.38214290848916,-1,15,True,NY      (16-22),Tuesday,16
2026-04-21 20:15:00+00:00,2026-04-22 03:15:00+00:00,948.6469029558147,1,29,True,NY      (16-22),Tuesday,20
2026-04-22 03:30:00+00:00,2026-04-22 04:45:00+00:00,-10.91951164828673,-1,6,False,Asia    (00-07),Wednesday,3
2026-04-22 05:00:00+00:00,2026-04-22 05:15:00+00:00,295.65736923102463,1,2,True,Asia    (00-07),Wednesday,5
2026-04-22 05:30:00+00:00,2026-04-22 06:15:00+00:00,120.09298189081929,-1,4,True,Asia    (00-07),Wednesday,5
2026-04-22 06:30:00+00:00,2026-04-22 12:00:00+00:00,213.62,1,23,True,Asia    (00-07),Wednesday,6
2026-04-22 12:15:00+00:00,2026-04-22 12:45:00+00:00,82.02234375,-1,3,True,Overlap (12-16),Wednesday,12
2026-04-22 13:00:00+00:00,2026-04-22 16:00:00+00:00,444.3854351628092,1,13,True,Overlap (12-16),Wednesday,13
2026-04-22 16:15:00+00:00,2026-04-23 00:00:00+00:00,614.7849703743616,-1,32,True,NY      (16-22),Wednesday,16
2026-04-23 00:15:00+00:00,2026-04-23 00:45:00+00:00,253.260625,1,3,True,Asia    (00-07),Thursday,0
2026-04-23 01:00:00+00:00,2026-04-23 04:00:00+00:00,235.46286611715772,-1,13,True,Asia    (00-07),Thursday,1
2026-04-23 04:15:00+00:00,2026-04-23 08:00:00+00:00,112.33484375,1,16,True,Asia    (00-07),Thursday,4
2026-04-23 08:15:00+00:00,2026-04-23 11:00:00+00:00,340.3465625,-1,12,True,London  (07-12),Thursday,8
2026-04-23 11:15:00+00:00,2026-04-23 15:15:00+00:00,475.746080045412,1,17,True,London  (07-12),Thursday,11
2026-04-23 15:30:00+00:00,2026-04-23 17:30:00+00:00,486.2743170413167,-1,9,True,Overlap (12-16),Thursday,15
2026-04-23 17:45:00+00:00,2026-04-23 17:45:00+00:00,194.38801186450877,1,1,True,NY      (16-22),Thursday,17
2026-04-23 18:00:00+00:00,2026-04-23 20:00:00+00:00,-15.780470350260853,-1,9,False,NY      (16-22),Thursday,18
2026-04-23 20:15:00+00:00,2026-04-24 02:00:00+00:00,276.6568710934358,1,24,True,NY      (16-22),Thursday,20
2026-04-24 02:15:00+00:00,2026-04-24 04:30:00+00:00,354.5340625,-1,10,True,Asia    (00-07),Friday,2
2026-04-24 04:45:00+00:00,2026-04-24 06:00:00+00:00,128.2059375,1,6,True,Asia    (00-07),Friday,4
2026-04-24 06:15:00+00:00,2026-04-24 08:00:00+00:00,107.35046875,-1,8,True,Asia    (00-07),Friday,6
2026-04-24 08:15:00+00:00,2026-04-24 12:15:00+00:00,272.1278125,1,17,True,London  (07-12),Friday,8
2026-04-24 12:30:00+00:00,2026-04-24 14:00:00+00:00,182.0653125,-1,7,True,Overlap (12-16),Friday,12
2026-04-24 14:15:00+00:00,2026-04-24 14:45:00+00:00,66.43640625,1,3,True,Overlap (12-16),Friday,14
2026-04-24 15:00:00+00:00,2026-04-24 23:00:00+00:00,303.1723246294088,-1,33,True,Overlap (12-16),Friday,15
2026-04-24 23:15:00+00:00,2026-04-25 04:00:00+00:00,128.51453125,1,20,True,Off     (22-00),Friday,23
2026-04-25 04:15:00+00:00,2026-04-25 08:00:00+00:00,42.428593750000005,-1,16,True,Asia    (00-07),Saturday,4
2026-04-25 08:15:00+00:00,2026-04-25 11:00:00+00:00,75.37390625,1,12,True,London  (07-12),Saturday,8
2026-04-25 11:15:00+00:00,2026-04-25 11:30:00+00:00,33.33875,-1,2,True,London  (07-12),Saturday,11
2026-04-25 11:45:00+00:00,2026-04-25 12:00:00+00:00,10.280156249999997,1,2,True,London  (07-12),Saturday,11
2026-04-25 12:15:00+00:00,2026-04-25 16:15:00+00:00,135.18640625,-1,17,True,Overlap (12-16),Saturday,12
2026-04-25 16:30:00+00:00,2026-04-26 00:00:00+00:00,62.846562500000005,1,31,True,NY      (16-22),Saturday,16
2026-04-26 00:15:00+00:00,2026-04-26 03:30:00+00:00,70.25671875,-1,14,True,Asia    (00-07),Sunday,0
2026-04-26 03:45:00+00:00,2026-04-26 06:30:00+00:00,301.12390625,1,12,True,Asia    (00-07),Sunday,3
2026-04-26 06:45:00+00:00,2026-04-26 07:15:00+00:00,-7.880000000000003,-1,3,False,Asia    (00-07),Sunday,6
2026-04-26 07:30:00+00:00,2026-04-26 08:00:00+00:00,25.049687499999997,1,3,True,London  (07-12),Sunday,7
2026-04-26 08:15:00+00:00,2026-04-26 13:00:00+00:00,71.4871875,-1,20,True,London  (07-12),Sunday,8
2026-04-26 13:15:00+00:00,2026-04-26 15:00:00+00:00,76.6434375,1,8,True,Overlap (12-16),Sunday,13
2026-04-26 15:15:00+00:00,2026-04-26 16:45:00+00:00,69.495,-1,7,True,Overlap (12-16),Sunday,15
2026-04-26 17:00:00+00:00,2026-04-26 19:00:00+00:00,220.010625,1,9,True,NY      (16-22),Sunday,17
2026-04-26 19:15:00+00:00,2026-04-26 20:00:00+00:00,84.72546875,-1,4,True,NY      (16-22),Sunday,19
2026-04-26 20:15:00+00:00,2026-04-26 22:00:00+00:00,174.88171875,1,8,True,NY      (16-22),Sunday,20
2026-04-26 22:15:00+00:00,2026-04-26 23:00:00+00:00,83.82702654909716,-1,4,True,Off     (22-00),Sunday,22
2026-04-26 23:15:00+00:00,2026-04-27 02:00:00+00:00,276.9588987882968,1,12,True,Off     (22-00),Sunday,23
2026-04-27 02:15:00+00:00,2026-04-27 06:00:00+00:00,709.7481627674997,-1,16,True,Asia    (00-07),Monday,2
2026-04-27 06:15:00+00:00,2026-04-27 10:45:00+00:00,41.389531250000005,1,19,True,Asia    (00-07),Monday,6
2026-04-27 11:00:00+00:00,2026-04-27 17:00:00+00:00,528.1830717373774,-1,25,True,London  (07-12),Monday,11
2026-04-27 17:15:00+00:00,2026-04-27 21:30:00+00:00,84.40763063501866,1,18,True,NY      (16-22),Monday,17
2026-04-27 21:45:00+00:00,2026-04-27 22:00:00+00:00,5.221562499999997,-1,2,True,NY      (16-22),Monday,21
2026-04-27 22:15:00+00:00,2026-04-28 00:00:00+00:00,219.90125,1,8,True,Off     (22-00),Monday,22
2026-04-28 00:15:00+00:00,2026-04-28 02:45:00+00:00,203.0965625,-1,11,True,Asia    (00-07),Tuesday,0
2026-04-28 03:00:00+00:00,2026-04-28 06:00:00+00:00,39.463750000000005,1,13,True,Asia    (00-07),Tuesday,3
2026-04-28 06:15:00+00:00,2026-04-28 07:00:00+00:00,206.104375,-1,4,True,Asia    (00-07),Tuesday,6
2026-04-28 07:15:00+00:00,2026-04-28 08:15:00+00:00,194.6121875,1,5,True,London  (07-12),Tuesday,7
2026-04-28 08:30:00+00:00,2026-04-28 10:15:00+00:00,211.70203125,-1,8,True,London  (07-12),Tuesday,8
2026-04-28 10:30:00+00:00,2026-04-28 11:00:00+00:00,-46.13,1,3,False,London  (07-12),Tuesday,10
2026-04-28 11:15:00+00:00,2026-04-28 12:15:00+00:00,104.86609375,-1,5,True,London  (07-12),Tuesday,11
2026-04-28 12:30:00+00:00,2026-04-28 13:00:00+00:00,-57.72375,1,3,False,Overlap (12-16),Tuesday,12
2026-04-28 13:15:00+00:00,2026-04-28 14:15:00+00:00,138.4559375,-1,5,True,Overlap (12-16),Tuesday,13
2026-04-28 14:30:00+00:00,2026-04-28 14:45:00+00:00,45.5575,1,2,True,Overlap (12-16),Tuesday,14
2026-04-28 15:00:00+00:00,2026-04-28 15:00:00+00:00,-35.00890625,-1,1,False,Overlap (12-16),Tuesday,15
2026-04-28 15:15:00+00:00,2026-04-29 02:00:00+00:00,264.15515625,1,44,True,Overlap (12-16),Tuesday,15
2026-04-29 02:15:00+00:00,2026-04-29 03:00:00+00:00,-52.11046875,-1,4,False,Asia    (00-07),Wednesday,2
2026-04-29 03:15:00+00:00,2026-04-29 04:30:00+00:00,332.78015625,1,6,True,Asia    (00-07),Wednesday,3
2026-04-29 04:45:00+00:00,2026-04-29 06:30:00+00:00,138.56140625,-1,8,True,Asia    (00-07),Wednesday,4
2026-04-29 06:45:00+00:00,2026-04-29 12:15:00+00:00,52.401250000000005,1,23,True,Asia    (00-07),Wednesday,6
2026-04-29 12:30:00+00:00,2026-04-29 17:15:00+00:00,561.5283841645156,-1,20,True,Overlap (12-16),Wednesday,12
2026-04-29 17:30:00+00:00,2026-04-29 18:45:00+00:00,-134.12489526255536,1,6,False,NY      (16-22),Wednesday,17
2026-04-29 19:00:00+00:00,2026-04-29 20:00:00+00:00,-19.0707989909724,-1,5,False,NY      (16-22),Wednesday,19
2026-04-29 20:15:00+00:00,2026-04-30 02:00:00+00:00,360.05461046843806,1,24,True,NY      (16-22),Wednesday,20
2026-04-30 02:15:00+00:00,2026-04-30 02:30:00+00:00,336.416875,-1,2,True,Asia    (00-07),Thursday,2
2026-04-30 02:45:00+00:00,2026-04-30 07:45:00+00:00,258.90125,1,21,True,Asia    (00-07),Thursday,2
2026-04-30 08:00:00+00:00,2026-04-30 12:00:00+00:00,-7.3487499999999955,-1,17,False,London  (07-12),Thursday,8
2026-04-30 12:15:00+00:00,2026-04-30 16:00:00+00:00,148.62,1,16,True,Overlap (12-16),Thursday,12
2026-04-30 16:15:00+00:00,2026-04-30 17:15:00+00:00,150.36609375,-1,5,True,NY      (16-22),Thursday,16
2026-04-30 17:30:00+00:00,2026-04-30 19:30:00+00:00,135.198125,1,9,True,NY      (16-22),Thursday,17
2026-04-30 19:45:00+00:00,2026-04-30 22:45:00+00:00,88.22546875,-1,13,True,NY      (16-22),Thursday,19
2026-04-30 23:00:00+00:00,2026-05-01 02:00:00+00:00,203.99890625,1,13,True,Off     (22-00),Thursday,23
2026-05-01 02:15:00+00:00,2026-05-01 03:00:00+00:00,-26.958125000000003,-1,4,False,Asia    (00-07),Friday,2
2026-05-01 03:15:00+00:00,2026-05-01 04:30:00+00:00,176.56140625,1,6,True,Asia    (00-07),Friday,3
2026-05-01 04:45:00+00:00,2026-05-01 07:00:00+00:00,6.600468749999997,-1,10,True,Asia    (00-07),Friday,4
2026-05-01 07:15:00+00:00,2026-05-01 14:00:00+00:00,806.5794506820149,1,28,True,London  (07-12),Friday,7
2026-05-01 14:15:00+00:00,2026-05-01 15:45:00+00:00,90.06656400111294,-1,7,True,Overlap (12-16),Friday,14
2026-05-01 16:00:00+00:00,2026-05-01 18:15:00+00:00,69.53360121428749,1,10,True,NY      (16-22),Friday,16
2026-05-01 18:30:00+00:00,2026-05-01 20:45:00+00:00,338.2684375,-1,10,True,NY      (16-22),Friday,18
2026-05-01 21:00:00+00:00,2026-05-01 22:00:00+00:00,186.33484375,1,5,True,NY      (16-22),Friday,21
2026-05-01 22:15:00+00:00,2026-05-01 23:15:00+00:00,104.33875,-1,5,True,Off     (22-00),Friday,22
2026-05-01 23:30:00+00:00,2026-05-02 04:00:00+00:00,109.09265625,1,19,True,Off     (22-00),Friday,23
2026-05-02 04:15:00+00:00,2026-05-02 05:00:00+00:00,86.50671875,-1,4,True,Asia    (00-07),Saturday,4
2026-05-02 05:15:00+00:00,2026-05-02 07:00:00+00:00,100.4871875,1,8,True,Asia    (00-07),Saturday,5
2026-05-02 07:15:00+00:00,2026-05-02 12:00:00+00:00,72.94421875,-1,20,True,London  (07-12),Saturday,7
2026-05-02 12:15:00+00:00,2026-05-02 16:00:00+00:00,185.90125,1,16,True,Overlap (12-16),Saturday,12
2026-05-02 16:15:00+00:00,2026-05-02 18:15:00+00:00,62.155156250000005,-1,9,True,NY      (16-22),Saturday,16
2026-05-02 18:30:00+00:00,2026-05-02 23:00:00+00:00,159.22546875,1,19,True,NY      (16-22),Saturday,18
2026-05-02 23:15:00+00:00,2026-05-03 02:30:00+00:00,293.88171875,-1,14,True,Off     (22-00),Saturday,23
2026-05-03 02:45:00+00:00,2026-05-03 02:45:00+00:00,9.741093749999997,1,1,True,Asia    (00-07),Sunday,2
2026-05-03 03:00:00+00:00,2026-05-03 03:15:00+00:00,16.077031249999997,-1,2,True,Asia    (00-07),Sunday,3
2026-05-03 03:30:00+00:00,2026-05-03 08:00:00+00:00,155.4246875,1,19,True,Asia    (00-07),Sunday,3
2026-05-03 08:15:00+00:00,2026-05-03 09:00:00+00:00,8.998906249999997,-1,4,True,London  (07-12),Sunday,8
2026-05-03 09:15:00+00:00,2026-05-03 10:00:00+00:00,29.354374999999997,1,4,True,London  (07-12),Sunday,9
2026-05-03 10:15:00+00:00,2026-05-03 11:00:00+00:00,-32.35265625,-1,4,False,London  (07-12),Sunday,10
2026-05-03 11:15:00+00:00,2026-05-03 12:15:00+00:00,108.6278125,1,5,True,London  (07-12),Sunday,11
2026-05-03 12:30:00+00:00,2026-05-03 13:30:00+00:00,61.729375,-1,5,True,Overlap (12-16),Sunday,12
2026-05-03 13:45:00+00:00,2026-05-03 15:00:00+00:00,47.62390625,1,6,True,Overlap (12-16),Sunday,13
2026-05-03 15:15:00+00:00,2026-05-03 16:15:00+00:00,26.604374999999997,-1,5,True,Overlap (12-16),Sunday,15
2026-05-03 16:30:00+00:00,2026-05-03 19:30:00+00:00,54.70984375,1,13,True,NY      (16-22),Sunday,16
2026-05-03 19:45:00+00:00,2026-05-03 20:00:00+00:00,19.444218749999997,-1,2,True,NY      (16-22),Sunday,19
2026-05-03 20:15:00+00:00,2026-05-03 21:00:00+00:00,124.10828125,1,4,True,NY      (16-22),Sunday,20
2026-05-03 21:15:00+00:00,2026-05-03 22:15:00+00:00,-52.262812499999995,-1,5,False,NY      (16-22),Sunday,21
2026-05-03 22:30:00+00:00,2026-05-03 23:00:00+00:00,-20.036249999999995,1,3,False,Off     (22-00),Sunday,22
2026-05-03 23:15:00+00:00,2026-05-04 00:15:00+00:00,328.87057699994,-1,5,True,Off     (22-00),Sunday,23
2026-05-04 00:30:00+00:00,2026-05-04 03:45:00+00:00,843.2795179307336,1,14,True,Asia    (00-07),Monday,0
2026-05-04 04:00:00+00:00,2026-05-04 11:30:00+00:00,749.8788966546806,-1,31,True,Asia    (00-07),Monday,4
2026-05-04 11:45:00+00:00,2026-05-04 15:30:00+00:00,538.2257559958866,1,16,True,London  (07-12),Monday,11
2026-05-04 15:45:00+00:00,2026-05-04 23:30:00+00:00,123.0835126640702,-1,32,True,Overlap (12-16),Monday,15
2026-05-04 23:45:00+00:00,2026-05-05 05:15:00+00:00,629.4871875,1,23,True,Off     (22-00),Monday,23
2026-05-05 05:30:00+00:00,2026-05-05 06:15:00+00:00,103.42078125,-1,4,True,Asia    (00-07),Tuesday,5
2026-05-05 06:30:00+00:00,2026-05-05 07:00:00+00:00,70.33484375,1,3,True,Asia    (00-07),Tuesday,6
2026-05-05 07:15:00+00:00,2026-05-05 10:00:00+00:00,144.0184375,-1,12,True,London  (07-12),Tuesday,7
2026-05-05 10:15:00+00:00,2026-05-05 16:00:00+00:00,362.4826252818233,1,24,True,London  (07-12),Tuesday,10
2026-05-05 16:15:00+00:00,2026-05-05 18:00:00+00:00,-78.49174711625245,-1,8,False,NY      (16-22),Tuesday,16
2026-05-05 18:15:00+00:00,2026-05-05 20:15:00+00:00,-18.879999999999995,1,9,False,NY      (16-22),Tuesday,18
2026-05-05 20:30:00+00:00,2026-05-06 00:15:00+00:00,301.07703125,-1,16,True,NY      (16-22),Tuesday,20
2026-05-06 00:30:00+00:00,2026-05-06 03:30:00+00:00,294.26840008281874,1,13,True,Asia    (00-07),Wednesday,0
2026-05-06 03:45:00+00:00,2026-05-06 05:30:00+00:00,173.88953125,-1,8,True,Asia    (00-07),Wednesday,3
2026-05-06 05:45:00+00:00,2026-05-06 07:00:00+00:00,131.27234375,1,6,True,Asia    (00-07),Wednesday,5
2026-05-06 07:15:00+00:00,2026-05-06 08:00:00+00:00,-59.458125,-1,4,False,London  (07-12),Wednesday,7
2026-05-06 08:15:00+00:00,2026-05-06 09:45:00+00:00,209.87,1,7,True,London  (07-12),Wednesday,8
2026-05-06 10:00:00+00:00,2026-05-06 10:00:00+00:00,-37.770625,-1,1,False,London  (07-12),Wednesday,10
2026-05-06 10:15:00+00:00,2026-05-06 12:15:00+00:00,157.97546875,1,9,True,London  (07-12),Wednesday,10
2026-05-06 12:30:00+00:00,2026-05-06 13:45:00+00:00,343.5974818092485,-1,6,True,Overlap (12-16),Wednesday,12
2026-05-06 14:00:00+00:00,2026-05-06 17:00:00+00:00,-18.725380236616854,1,13,False,Overlap (12-16),Wednesday,14
2026-05-06 17:15:00+00:00,2026-05-06 19:00:00+00:00,185.02148490662145,-1,8,True,NY      (16-22),Wednesday,17
2026-05-06 19:15:00+00:00,2026-05-06 20:00:00+00:00,179.5575,1,4,True,NY      (16-22),Wednesday,19
2026-05-06 20:15:00+00:00,2026-05-06 21:00:00+00:00,117.416875,-1,4,True,NY      (16-22),Wednesday,20
2026-05-06 21:15:00+00:00,2026-05-07 00:00:00+00:00,11.620000000000005,1,12,True,NY      (16-22),Wednesday,21
2026-05-07 00:15:00+00:00,2026-05-07 02:00:00+00:00,231.59265625,-1,8,True,Asia    (00-07),Thursday,0
2026-05-07 02:15:00+00:00,2026-05-07 02:45:00+00:00,74.97546875,1,3,True,Asia    (00-07),Thursday,2
2026-05-07 03:00:00+00:00,2026-05-07 04:00:00+00:00,106.85828125,-1,5,True,Asia    (00-07),Thursday,3
2026-05-07 04:15:00+00:00,2026-05-07 07:30:00+00:00,344.21765625,1,14,True,Asia    (00-07),Thursday,4
2026-05-07 07:45:00+00:00,2026-05-07 10:15:00+00:00,471.92078125,-1,11,True,London  (07-12),Thursday,7
2026-05-07 10:30:00+00:00,2026-05-07 13:00:00+00:00,143.74890625,1,11,True,London  (07-12),Thursday,10
2026-05-07 13:15:00+00:00,2026-05-07 17:00:00+00:00,499.664984704678,-1,16,True,Overlap (12-16),Thursday,13
2026-05-07 17:15:00+00:00,2026-05-07 19:00:00+00:00,121.15855666373285,1,8,True,NY      (16-22),Thursday,17
2026-05-07 19:15:00+00:00,2026-05-07 19:15:00+00:00,84.99109375,-1,1,True,NY      (16-22),Thursday,19
2026-05-07 19:30:00+00:00,2026-05-07 20:00:00+00:00,71.23328125,1,3,True,NY      (16-22),Thursday,19
2026-05-07 20:15:00+00:00,2026-05-07 22:30:00+00:00,137.99109375,-1,10,True,NY      (16-22),Thursday,20
2026-05-07 22:45:00+00:00,2026-05-08 00:00:00+00:00,108.76453125,1,6,True,Off     (22-00),Thursday,22
2026-05-08 00:15:00+00:00,2026-05-08 03:00:00+00:00,293.33875,-1,12,True,Asia    (00-07),Friday,0
2026-05-08 03:15:00+00:00,2026-05-08 05:30:00+00:00,126.09265625,1,10,True,Asia    (00-07),Friday,3
2026-05-08 05:45:00+00:00,2026-05-08 06:15:00+00:00,87.6903125,-1,3,True,Asia    (00-07),Friday,5
2026-05-08 06:30:00+00:00,2026-05-08 12:00:00+00:00,345.71765625,1,23,True,Asia    (00-07),Friday,6
2026-05-08 12:15:00+00:00,2026-05-08 15:00:00+00:00,164.67693747713224,-1,12,True,Overlap (12-16),Friday,12
2026-05-08 15:15:00+00:00,2026-05-08 17:30:00+00:00,88.82892776336357,1,10,True,Overlap (12-16),Friday,15
2026-05-08 17:45:00+00:00,2026-05-08 19:15:00+00:00,32.971562500000005,-1,7,True,NY      (16-22),Friday,17
2026-05-08 19:30:00+00:00,2026-05-08 20:15:00+00:00,99.86609375,1,4,True,NY      (16-22),Friday,19
2026-05-08 20:30:00+00:00,2026-05-08 21:00:00+00:00,40.63953125,-1,3,True,NY      (16-22),Friday,20
2026-05-08 21:15:00+00:00,2026-05-08 22:00:00+00:00,106.2996875,1,4,True,NY      (16-22),Friday,21
2026-05-08 22:15:00+00:00,2026-05-08 22:45:00+00:00,49.49109375,-1,3,True,Off     (22-00),Friday,22
2026-05-08 23:00:00+00:00,2026-05-08 23:45:00+00:00,-49.294062499999995,1,4,False,Off     (22-00),Friday,23
